company_id,symbol,sector,rank_overall,growth_score,growth_label,stretched,actual_return,excess,max_drawdown
5,20MICRONS,"Metals, Mining & Chemicals",1155.0,39.99,Weak,False,-0.004906771344455385,-0.06381817305405979,-0.3966829798803698
6,21STCENMGM,Financial Services,1706.0,14.44,Weak,False,-0.22411430808377375,-0.28302570979337816,-0.45771710276829725
7,360ONE,Financial Services,695.0,58.56,Neutral,False,0.008200675349734787,-0.05071072635986962,-0.22568952587284385
9,3IINFOLTD,Technology,1488.0,25.8,Weak,False,0.1116774791473587,0.0527660774377543,-0.4254742547425474
10,3MINDIA,Industrials & Infrastructure,367.0,72.42,Positive,False,0.14690235112407768,0.08799094941447327,-0.22253221735087025
11,3PLAND,Financial Services,1516.0,24.45,Weak,False,-0.2876617375231054,-0.3465731392327098,-0.35402609086819614
12,5PAISA,Services & Others,1702.0,14.66,Weak,False,-0.1261454753722795,-0.1850568770818839,-0.35790694677149115
13,63MOONS,Technology,1295.0,34.37,Weak,False,-0.03987802017358666,-0.09878942188319106,-0.48199140874545654
14,A2ZINFRA,Industrials & Infrastructure,1099.0,41.97,Neutral,False,-0.14668218859138527,-0.20559359030098967,-0.3588516746411483
15,AAATECH,Technology,959.0,47.95,Neutral,False,0.13437428766811044,0.07546288595850603,-0.34000318877551017
18,AAREYDRUGS,Healthcare & Pharmaceuticals,320.0,74.84,Positive,True,0.1862932061978546,0.1273818044882502,-0.48866498740554165
20,AARON,Industrials & Infrastructure,538.0,63.95,Positive,False,-0.34616418472125154,-0.40507558643085595,-0.4999542375983892
21,AARTECH,Industrials & Infrastructure,1745.0,11.93,Weak,False,-0.01952526799387444,-0.07843666970347885,-0.44700460829493094
22,AARTIDRUGS,Healthcare & Pharmaceuticals,270.0,76.95,Strong,False,-0.1196598709148653,-0.1785712726244697,-0.3904879908501715
23,AARTIIND,"Metals, Mining & Chemicals",1713.0,13.86,Weak,False,0.2555321390937828,0.1966207373841784,-0.16614694991229784
24,AARTIPHARM,Healthcare & Pharmaceuticals,558.0,63.44,Positive,False,0.1024001929803402,0.043488791270735794,-0.3156251806462802
25,AARTISURF,Consumer & FMCG,1399.0,29.5,Weak,False,0.0750430663221362,0.016131664612531793,-0.3462282398452612
26,AARVI,Services & Others,627.0,61.2,Positive,False,0.10528458594576984,0.04637318423616543,-0.1708386366850515
29,ABAN,Energy,1627.0,19.32,Weak,False,-0.6642806012884752,-0.7231920029980796,-0.6888574126534466
31,ABB,Industrials & Infrastructure,1123.0,41.05,Neutral,False,0.34112329294095023,0.2822118912313458,-0.16897324370633982
33,ABCAPITAL,Financial Services,55.0,90.12,Strong,False,0.27630481907620474,0.21739341736660034,-0.19722565581650875
35,ABDL,Consumer & FMCG,269.0,77.02,Strong,False,0.36474250141482734,0.30583109970522293,-0.4382129277566541
37,ABINFRA,Industrials & Infrastructure,71.0,89.0,Strong,False,-0.3693326541008659,-0.4282440558104703,-0.5816420664206643
39,ABMINTLLTD,Services & Others,1823.0,4.48,Weak,False,0.12075378130424008,0.06184237959463568,-0.3936206896551724
41,ABREL,Real Estate & Construction,1818.0,5.18,Weak,False,-0.2770901589612911,-0.3360015606708955,-0.42081041049513324
42,ABSLAMC,Financial Services,181.0,81.95,Strong,False,0.2350881580592723,0.1761767563496679,-0.1776480400333612
43,ACC,Real Estate & Construction,714.0,57.82,Neutral,False,-0.33615973741794314,-0.39507113912754754,-0.3658880702304437
44,ACCELYA,Technology,244.0,78.15,Strong,False,-0.2596755738035942,-0.3185869755131986,-0.3175702677500999
45,ACCURACY,Services & Others,1719.0,13.32,Weak,False,-0.3883357041251778,-0.4472471058347822,-0.5064011379800853
46,ACE,Industrials & Infrastructure,1347.0,31.94,Weak,False,0.1339753178758416,0.0750639161662372,-0.3294986571172783
49,ACI,"Metals, Mining & Chemicals",357.0,73.25,Positive,False,-0.3034413101507827,-0.3623527118603871,-0.34312098694177906
50,ACL,Real Estate & Construction,435.0,69.14,Positive,False,-0.5150558523555124,-0.5739672540651168,-0.5331385154880188
51,ACMESOLAR,Energy,115.0,85.25,Strong,False,0.518903919528269,0.45999251781866457,-0.3147580506285518
53,ACUTAAS,Healthcare & Pharmaceuticals,83.0,87.71,Strong,False,1.3267462902642055,1.2678348885546011,-0.1752520909872587
54,ADANIENSOL,Energy,425.0,69.55,Positive,False,0.43682713225860437,0.37791573054899996,-0.2605075792374827
55,ADANIENT,Services & Others,971.0,47.45,Neutral,False,0.09195047633740883,0.03303907462780442,-0.3216338180275389
56,ADANIGREEN,Energy,575.0,62.85,Positive,False,0.15995115995115983,0.10103975824155542,-0.3221647223927726
57,ADANIPORTS,Services & Others,239.0,78.38,Strong,False,0.2256273283193928,0.1667159266097884,-0.16978728824353595
58,ADANIPOWER,Energy,292.0,76.07,Strong,False,0.28607960133761723,0.22716819962801282,-0.22209860639419143
60,ADFFOODS,Consumer & FMCG,1313.0,33.19,Weak,False,0.20885100208578966,0.14993960037618526,-0.3208740160867134
61,ADL,Industrials & Infrastructure,1246.0,36.11,Weak,False,-0.1277495769881556,-0.18666097869776,-0.4383488396962891
62,ADOR,Industrials & Infrastructure,874.0,51.29,Neutral,False,0.6353305261021767,0.5764191243925723,-0.28606152040901855
63,ADROITINFO,Technology,1541.0,23.52,Weak,False,0.27212806026365355,0.21321665855404914,-0.30313293818797626
64,ADSL,Technology,1198.0,38.22,Weak,False,-0.36017111830198,-0.4190825200115844,-0.5665771678599841
67,ADVANIHOTR,Services & Others,665.0,59.99,Neutral,False,-0.18492802709568157,-0.24383942880528597,-0.24203411651110396
69,ADVENZYMES,Technology,418.0,69.8,Positive,False,-0.14610977080820275,-0.20502117251780716,-0.27786279010456516
71,AEGISLOG,Services & Others,851.0,52.12,Neutral,False,0.6617123983739834,0.602800996664379,-0.33274697838052525
75,AEROENTER,Industrials & Infrastructure,1256.0,35.68,Weak,False,0.3823429155777751,0.3234315138681707,-0.29938504693062895
76,AEROFLEX,"Metals, Mining & Chemicals",1305.0,33.72,Weak,False,1.9402668804764902,1.8813554787668858,-0.22807699786117053
77,AERONEU,Industrials & Infrastructure,1298.0,33.98,Weak,False,-0.16503776099511325,-0.22394916270471765,-0.37536064627813037
79,AETHER,"Metals, Mining & Chemicals",652.0,60.32,Positive,False,1.3115364167995747,1.2526250150899703,-0.16030351437699686
80,AFCONS,Industrials & Infrastructure,704.0,58.32,Neutral,False,-0.44607087827426806,-0.5049822799838725,-0.45963066351728576
81,AFFLE,Technology,202.0,80.38,Strong,False,-0.21192996742671,-0.2708413691363144,-0.35513876181762727
84,AFSL,Financial Services,1138.0,40.39,Neutral,False,-0.023276155303950552,-0.08218755701355496,-0.07262157423641225
85,AGARIND,Energy,1274.0,35.14,Weak,False,-0.5817492496445684,-0.6406606513541728,-0.618134906008109
87,AGI,Industrials & Infrastructure,459.0,68.12,Positive,False,-0.06932639491182424,-0.12823779662142865,-0.47119237063371133
88,AGIIL,Real Estate & Construction,41.0,90.87,Strong,False,-0.014513788098693747,-0.07342518980829815,-0.3739711320529644
90,AGRITECH,Services & Others,1384.0,30.16,Weak,False,-0.30315836298932386,-0.36206976469892826,-0.4582972082538581
91,AGROPHOS,"Metals, Mining & Chemicals",196.0,80.92,Strong,False,-0.43963500233972863,-0.49854640404933304,-0.5118004045853002
94,AHLADA,Industrials & Infrastructure,1641.0,18.39,Weak,False,-0.36384628071911596,-0.42275768242872036,-0.48834982444940944
95,AHLEAST,Services & Others,962.0,47.83,Neutral,False,-0.08544941555824281,-0.14436081726784722,-0.21467630975480678
96,AHLUCONT,Industrials & Infrastructure,247.0,78.02,Strong,False,-0.41609711312863407,-0.47500851483823847,-0.46132675334535445
98,AIAENG,Industrials & Infrastructure,934.0,49.01,Neutral,False,0.18276987499230235,0.12385847328269795,-0.25103317983232953
100,AIRAN,Technology,1675.0,16.29,Weak,False,-0.3505836575875486,-0.409495059297153,-0.5007782101167315
101,AIROLAM,Real Estate & Construction,875.0,51.27,Neutral,False,-0.18868786549707595,-0.24759926720668035,-0.29487523477327604
102,AJANTPHARM,Healthcare & Pharmaceuticals,836.0,52.99,Neutral,False,0.4699357851722126,0.41102438346260817,-0.13159160121814395
104,AJMERA,Real Estate & Construction,366.0,72.45,Positive,False,-0.40383752803388984,-0.46274892974349424,-0.5336753731343283
105,AJOONI,Healthcare & Pharmaceuticals,1489.0,25.8,Weak,False,-0.40304182509505704,-0.46195322680466144,-0.40304182509505704
106,AKASH,Industrials & Infrastructure,839.0,52.89,Neutral,False,-0.1387263339070568,-0.1976377356166612,-0.3217952478732766
108,AKG,Services & Others,1409.0,29.24,Weak,False,-0.26781695423855967,-0.3267283559481641,-0.4241803278688525
109,AKI,Industrials & Infrastructure,1190.0,38.56,Weak,False,-0.30309734513274333,-0.36200874684234774,-0.5748373101952278
110,AKSHAR,Industrials & Infrastructure,1181.0,39.03,Weak,False,-0.30508474576271183,-0.36399614747231623,-0.4931506849315068
111,AKSHARCHEM,"Metals, Mining & Chemicals",727.0,57.37,Neutral,False,0.4349616320419243,0.3760502303323199,-0.48939687005451027
112,AKSHOPTFBR,Real Estate & Construction,1813.0,5.72,Weak,False,-0.06357615894039725,-0.12248756065000166,-0.5383720930232558
113,AKUMS,Healthcare & Pharmaceuticals,1600.0,20.61,Weak,False,0.7727423822714683,0.7138309805618639,-0.1210995542347697
114,ALANKIT,Services & Others,1448.0,27.51,Weak,False,-0.4052388289676425,-0.4641502306772469,-0.47457627118644063
115,ALBERTDAVD,Healthcare & Pharmaceuticals,1717.0,13.39,Weak,False,0.09065739488764413,0.03174599317803972,-0.33520185719947904
116,ALEMBICLTD,Healthcare & Pharmaceuticals,1276.0,35.01,Weak,False,0.03344610923151281,-0.025465292478091595,-0.3146447559207346
119,ALICON,Automobile & Mobility,1134.0,40.66,Neutral,False,-0.1501985655859166,-0.209109967295521,-0.4042272126816381
120,ALIVUS,Healthcare & Pharmaceuticals,1105.0,41.9,Neutral,False,0.43389993072947197,0.37498852901986757,-0.11012433392539966
121,ALKALI,"Metals, Mining & Chemicals",940.0,48.86,Neutral,False,0.03175469227411609,-0.027156709435488313,-0.5389308541545614
122,ALKEM,Healthcare & Pharmaceuticals,171.0,82.45,Strong,False,-0.052110999175748685,-0.11102240088535309,-0.13624787775891334
123,ALKYLAMINE,"Metals, Mining & Chemicals",616.0,61.7,Positive,False,-0.052487496709660464,-0.11139889841926487,-0.361269577844622
125,ALLDIGI,Technology,436.0,69.02,Positive,False,-0.16882699517943223,-0.22773839688903663,-0.2827051563217219
127,ALMONDZ,Services & Others,1826.0,3.71,Weak,False,0.15182960131075918,0.09291819960115477,-0.4074267782426779
128,ALOKINDS,Industrials & Infrastructure,1645.0,18.26,Weak,False,-0.5860091743119267,-0.6449205760215311,-0.6061452513966481
129,ALPA,Healthcare & Pharmaceuticals,1214.0,37.46,Weak,False,-0.3335209365150833,-0.3924323382246877,-0.49505488533855013
130,ALPHAGEO,Industrials & Infrastructure,1436.0,28.12,Weak,False,0.07548976579020872,0.016578364080604313,-0.37014576820219214
138,AMBER,Consumer & FMCG,113.0,85.63,Strong,False,-0.1518534247406419,-0.2107648264502463,-0.35377939365507527
139,AMBICAAGAR,Consumer & FMCG,1300.0,33.87,Weak,False,-0.02584181675802666,-0.08475321846763106,-0.2554347826086957
140,AMBIKCO,Industrials & Infrastructure,837.0,52.98,Neutral,False,0.09375,0.034838598290395595,-0.2150530133928571
141,AMBUJACEM,Real Estate & Construction,291.0,76.1,Strong,False,-0.344510593591315,-0.4034219953009194,-0.3514379764379765
142,AMDIND,Industrials & Infrastructure,840.0,52.66,Neutral,False,0.006574271499644624,-0.05233713020995978,-0.43166992824527073
143,AMJLAND,Industrials & Infrastructure,872.0,51.38,Neutral,False,-0.29887599041827906,-0.35778739212788346,-0.4427211843496651
144,AMNPLST,"Metals, Mining & Chemicals",1367.0,31.02,Weak,False,-0.22986011726143774,-0.28877151897104214,-0.44115733310198235
145,AMRUTANJAN,Healthcare & Pharmaceuticals,254.0,77.7,Strong,False,-0.2907945397269863,-0.34970594143659073,-0.34153742414025623
146,ANANDRATHI,Financial Services,15.0,94.03,Strong,False,0.48669991687448033,0.4277885151648759,-0.11977681339119661
147,ANANTRAJ,Industrials & Infrastructure,206.0,79.99,Strong,False,-0.1303197196194834,-0.18923112132908781,-0.44847743338771084
148,ANDHRAPAP,Industrials & Infrastructure,1267.0,35.44,Weak,False,-0.08180553799468959,-0.140716939704294,-0.31508615637088266
149,ANDHRSUGAR,"Metals, Mining & Chemicals",967.0,47.53,Neutral,False,0.25766790058170264,0.19875649887209823,-0.25088985088985094
151,ANGELONE,Services & Others,1549.0,23.11,Weak,False,0.28426862925482976,0.22535722754522536,-0.2515981735159818
152,ANIKINDS,Consumer & FMCG,1659.0,17.1,Weak,False,-0.32901917979104933,-0.38793058150065374,-0.5915755467196819
154,ANMOL,"Metals, Mining & Chemicals",1685.0,15.78,Weak,False,-0.1308232291001915,-0.1897346308097959,-0.4779411764705882
158,ANTELOPUS,Energy,1251.0,35.85,Weak,False,1.1282121879588844,1.06930078624928,-0.37521724018074376
159,ANTGRAPHIC,Services & Others,1236.0,36.52,Weak,False,-0.3551401869158879,-0.4140515886254923,-0.38181818181818195
162,ANUP,Industrials & Infrastructure,1329.0,32.74,Weak,False,-0.2975206611570247,-0.3564320628666291,-0.41841524573721156
163,ANURAS,"Metals, Mining & Chemicals",382.0,71.79,Positive,False,0.11433399042523229,0.055422588715627885,-0.15639534883720918
164,APARINDS,Industrials & Infrastructure,346.0,73.63,Positive,False,1.1011441090555016,1.0422327073458972,-0.26379201014584663
165,APCL,Real Estate & Construction,991.0,46.69,Neutral,False,-0.28616684266103487,-0.3450782443706393,-0.3513905182527085
166,APCOTEXIND,Industrials & Infrastructure,329.0,74.46,Positive,False,0.5142118863049097,0.45530048459530525,-0.24029507800217675
167,APEX,Consumer & FMCG,747.0,56.89,Neutral,False,0.49448367166813756,0.43557226995853315,-0.32445641332535413
168,APLAPOLLO,"Metals, Mining & Chemicals",482.0,67.09,Positive,False,0.2691352319334528,0.21022383022384838,-0.22728867064188008
169,APLLTD,Healthcare & Pharmaceuticals,1016.0,46.0,Neutral,False,-0.05523609421652098,-0.11414749592612539,-0.3270011449984386
170,APOLLO,Technology,33.0,91.64,Strong,True,0.23915022761760252,0.1802388259079981,-0.46853391684901535
171,APOLLOHOSP,Healthcare & Pharmaceuticals,408.0,70.25,Positive,False,0.19070017470770062,0.13178877299809622,-0.15208437343984027
172,APOLLOPIPE,Industrials & Infrastructure,1772.0,10.26,Weak,False,0.5186480186480189,0.4597366169384145,-0.2728961280182882
173,APOLLOTYRE,Automobile & Mobility,684.0,58.88,Neutral,False,-0.16689832139420502,-0.22580972310380942,-0.307506053268765
174,APOLSINHOT,Services & Others,733.0,57.26,Neutral,False,-0.12561502907410171,-0.18452643078370612,-0.29458799141186054
176,APTECHT,Services & Others,1506.0,24.7,Weak,False,-0.25482912332838037,-0.3137405250379848,-0.42042265147762925
177,APTUS,Financial Services,332.0,74.34,Positive,False,-0.2684226740603821,-0.3273340757699865,-0.4034340027594666
178,AQYLON,Consumer & FMCG,1208.0,37.8,Weak,False,-0.7970687711386697,-0.8559801728482741,-0.9178620374600274
179,ARCHIDPLY,Industrials & Infrastructure,895.0,50.32,Neutral,False,-0.026893939393939248,-0.08580534110354365,-0.4094963761382644
180,ARCHIES,Consumer & FMCG,1224.0,37.08,Weak,False,-0.40095238095238095,-0.45986378266198535,-0.47238095238095235
183,ARE&M,Automobile & Mobility,919.0,49.55,Neutral,False,-0.21997986914947154,-0.27889127085907595,-0.3384327807565547
184,ARENTERP,"Metals, Mining & Chemicals",1513.0,24.58,Weak,False,-0.2671601615074024,-0.3260715632170068,-0.4736576333950513
186,ARIES,"Metals, Mining & Chemicals",147.0,83.63,Strong,False,0.25149620960234076,0.19258480789273635,-0.27425
188,ARIHANTCAP,Services & Others,84.0,87.71,Strong,False,-0.21032269410006155,-0.26923409580966595,-0.5032015709041237
189,ARIHANTSUP,Industrials & Infrastructure,673.0,59.55,Neutral,False,-0.40333375426190177,-0.46224515597150617,-0.5540384170330943
191,ARKADE,Real Estate & Construction,618.0,61.64,Positive,False,-0.2738951090159104,-0.3328065107255148,-0.4561876361968116
192,ARMANFIN,Financial Services,1045.0,44.63,Neutral,False,0.12477671187562023,0.06586531016601582,-0.232857879360715
193,AROGRANITE,Real Estate & Construction,1186.0,38.75,Weak,False,-0.3803269900830877,-0.4392383917926921,-0.5073738680465718
194,ARROWGREEN,Industrials & Infrastructure,825.0,53.48,Neutral,False,0.5583609994757996,0.49944959776619524,-0.46540929118033547
197,ARTEMISMED,Healthcare & Pharmaceuticals,1028.0,45.43,Neutral,False,0.5585466626911444,0.49963526098154,-0.28667129468934405
198,ARTNIRMAN,Industrials & Infrastructure,1235.0,36.56,Weak,False,-0.2415841584158417,-0.3004955601254461,-0.5427104403298584
199,ARVEE,"Metals, Mining & Chemicals",1291.0,34.51,Weak,False,0.47539952183213785,0.41648812012253345,-0.5396519705619367
200,ARVIND,Industrials & Infrastructure,1410.0,29.24,Weak,False,0.8247734138972811,0.7658620121876767,-0.1868574604056682
201,ARVINDFASN,Consumer & FMCG,166.0,82.69,Strong,False,-0.21992835595776772,-0.2788397576673721,-0.3192771084337349
202,ARVSMART,Industrials & Infrastructure,882.0,50.87,Neutral,False,-0.07133700324259096,-0.13024840495219536,-0.24387301108513681
204,ASAHIINDIA,Real Estate & Construction,361.0,72.87,Positive,False,0.07489925158318944,0.015987849873585036,-0.26444111027756956
205,ASAHISONG,"Metals, Mining & Chemicals",1634.0,18.77,Weak,False,0.4001084794792984,0.341197077769694,-0.41369687249398557
206,ASAL,Automobile & Mobility,849.0,52.25,Neutral,False,-0.276527602191319,-0.3354390039009234,-0.3656076651538074
207,ASALCBR,Consumer & FMCG,1460.0,26.85,Weak,False,-0.32599674318432537,-0.38490814489392977,-0.47777777777777786
208,ASHAPURMIN,"Metals, Mining & Chemicals",39.0,91.06,Strong,False,-0.24996269213550215,-0.30887409384510656,-0.49083051692614554
209,ASHIANA,Industrials & Infrastructure,1199.0,38.21,Weak,False,0.28042153795488245,0.22151013624527804,-0.1961488719643626
211,ASHIMASYN,Industrials & Infrastructure,1734.0,12.27,Weak,False,-0.29898275099513494,-0.35789415270473934,-0.4817421909370875
212,ASHOKA,Industrials & Infrastructure,1396.0,29.64,Weak,False,-0.4100037487281101,-0.4689151504377145,-0.5173212344628764
213,ASHOKAMET,Real Estate & Construction,1206.0,37.84,Weak,False,-0.09321533923303837,-0.15212674094264278,-0.28437682855471036
214,ASHOKLEY,Automobile & Mobility,249.0,77.95,Strong,False,0.09905827373787446,0.04014687202827005,-0.3460739901849753
215,ASIANENE,Energy,286.0,76.28,Strong,False,0.4128426698450536,0.3539312681354492,-0.34135698198198194
216,ASIANHOTNR,Services & Others,698.0,58.48,Neutral,False,0.13674560733384267,0.07783420562423826,-0.2471213463241807
217,ASIANPAINT,"Metals, Mining & Chemicals",598.0,62.23,Positive,False,0.03604760681565189,-0.022863794893952516,-0.2853966649823142
218,ASIANTILES,Real Estate & Construction,842.0,52.48,Neutral,False,-0.13307984790874527,-0.19199124961834968,-0.44247560349255255
220,ASKAUTOLTD,Automobile & Mobility,237.0,78.44,Strong,False,0.22591894439208304,0.16700754268247864,-0.2835061262959472
221,ASMS,Technology,1687.0,15.75,Weak,False,-0.5449317038102085,-0.6038431055198129,-0.5696804894629504
222,ASPINWALL,Services & Others,1145.0,40.29,Neutral,False,-0.061042654028436005,-0.11995405573804041,-0.2541436464088397
225,ASTEC,"Metals, Mining & Chemicals",1355.0,31.64,Weak,False,-0.11296653997133788,-0.17187794168094228,-0.43199999999999994
226,ASTERDM,Healthcare & Pharmaceuticals,610.0,62.0,Positive,False,0.18467147499405567,0.12576007328445127,-0.255895981741476
227,ASTRAL,Industrials & Infrastructure,1087.0,42.57,Neutral,False,-0.0042865446091253645,-0.06319794631872977,-0.24577678520300072
228,ASTRAMICRO,Industrials & Infrastructure,284.0,76.3,Strong,False,0.5845540607872446,0.5256426590776402,-0.263818987396223
229,ASTRAZEN,Healthcare & Pharmaceuticals,126.0,84.7,Strong,False,-0.31901973541531126,-0.37793113712491566,-0.36097685067412877
232,ATAM,Industrials & Infrastructure,1360.0,31.39,Weak,False,-0.37037454873646203,-0.42928595044606643,-0.5519948872455036
233,ATGL,Energy,728.0,57.36,Neutral,False,-0.07276555919513328,-0.13167696090473768,-0.2824809844783872
235,ATL,Services & Others,395.0,71.42,Positive,False,-0.31655665566556646,-0.37546805737517086,-0.5093249277646441
236,ATLANTAA,Industrials & Infrastructure,997.0,46.46,Neutral,False,-0.23846485554118158,-0.297376257250786,-0.5257126065236556
239,ATUL,"Metals, Mining & Chemicals",792.0,55.2,Neutral,False,-0.031601066839085146,-0.09051246854868955,-0.15714687675858197
240,ATULAUTO,Automobile & Mobility,950.0,48.75,Neutral,False,-0.10128518971848222,-0.16019659142808662,-0.2661290322580645
241,AUBANK,Financial Services,500.0,66.35,Positive,False,0.3736802153060521,0.3147688135964477,-0.18156655174088276
242,AURIONPRO,Technology,1376.0,30.55,Weak,False,-0.4414014953921057,-0.5003128971017101,-0.47223591260062436
243,AUROPHARMA,Healthcare & Pharmaceuticals,1067.0,43.7,Neutral,False,0.5630755064456723,0.5041641047360679,-0.09698066852007503
244,AURUM,Technology,1553.0,22.96,Weak,False,0.2726691467100675,0.21375774500046307,-0.21101431555351768
246,AUSOMENT,Services & Others,608.0,62.07,Positive,False,0.4201539676273194,0.361242565917715,-0.4282596835788325
248,AUTOAXLES,Automobile & Mobility,687.0,58.8,Neutral,False,-0.03661457739249463,-0.09552597910209903,-0.26653392120608743
249,AUTOIND,Automobile & Mobility,1689.0,15.69,Weak,False,0.10204631125471186,0.04313490954510746,-0.4007820136852396
250,AVADHSUGAR,Consumer & FMCG,1728.0,12.8,Weak,False,0.8954279015240327,0.8365164998144283,-0.2930153321976149
251,AVALON,Technology,58.0,89.99,Strong,False,1.288913108094719,1.2300017063851145,-0.3663393997445721
253,AVANTEL,Services & Others,290.0,76.11,Strong,False,-0.1648551724137931,-0.2237665741233975,-0.4411320041576112
254,AVANTIFEED,Consumer & FMCG,1140.0,40.33,Neutral,False,0.15814135103475202,0.09922994932514762,-0.5067846215245444
255,AVG,Services & Others,1677.0,16.08,Weak,False,-0.28210806023029233,-0.34101946193989674,-0.4755215864490808
256,AVL,Consumer & FMCG,309.0,75.34,Strong,False,0.05401576197644564,-0.004895639733158763,-0.2543226456269936
257,AVONMORE,Financial Services,1344.0,31.97,Weak,False,-0.3301587301587301,-0.3890701318683345,-0.5281072717895823
259,AVTNPL,Consumer & FMCG,295.0,75.94,Strong,False,0.19709744298548726,0.13818604127588285,-0.26771972458485216
260,AWFIS,Real Estate & Construction,1089.0,42.47,Neutral,False,-0.5632745679874324,-0.6221859696970368,-0.6336562897077509
261,AWHCL,Industrials & Infrastructure,1387.0,30.1,Weak,False,-0.33450991039913125,-0.39342131210873565,-0.41746754341595005
262,AWL,Consumer & FMCG,896.0,50.32,Neutral,False,-0.31321041627067103,-0.37212181798027544,-0.37932276657060526
263,AXISBANK,Financial Services,551.0,63.62,Positive,False,0.04346701164294964,-0.015444390066654767,-0.1722736992159658
264,AXISCADES,Technology,106.0,86.1,Strong,False,0.1566153846153846,0.0977039829057802,-0.3613269922282798
265,AXITA,Industrials & Infrastructure,1364.0,31.16,Weak,False,0.0,-0.058911401709604405,-0.3993371996685998
268,AYMSYNTEX,Industrials & Infrastructure,1735.0,12.27,Weak,False,0.5334983672179499,0.47458696550834545,-0.22108253116616683
269,AZAD,Industrials & Infrastructure,477.0,67.19,Positive,False,0.6903786468032278,0.6314672450936234,-0.21560185982434987
271,BAFNAPH,Healthcare & Pharmaceuticals,66.0,89.29,Strong,True,1.0672186197313573,1.008307218021753,-0.4847225109124922
272,BAGFILMS,Services & Others,1018.0,45.77,Neutral,False,-0.4017094017094016,-0.460620803419006,-0.5310077519379846
273,BAIDFIN,Financial Services,1196.0,38.37,Weak,False,-0.030164533820840944,-0.08907593553044535,-0.2702485966319166
274,BAJAJ-AUTO,Automobile & Mobility,481.0,67.1,Positive,False,0.27792268011360344,0.21901127840399903,-0.1336795252225519
275,BAJAJCON,Consumer & FMCG,199.0,80.66,Strong,False,1.0335931542828094,0.974681752573205,-0.32771353972398354
276,BAJAJELEC,Consumer & FMCG,1599.0,20.71,Weak,False,-0.4256639591128959,-0.4845753608225003,-0.4457116788321168
277,BAJAJFINSV,Financial Services,360.0,73.0,Positive,False,-0.12705530642750373,-0.18596670813710814,-0.25029863089221716
278,BAJAJHCARE,Healthcare & Pharmaceuticals,1285.0,34.63,Weak,False,-0.2990420658059142,-0.3579534675155186,-0.43437564287183705
280,BAJAJHIND,Consumer & FMCG,1776.0,10.04,Weak,False,0.010874938210578389,-0.048036463499026016,-0.3411297440423654
281,BAJAJHLDNG,Financial Services,855.0,51.93,Neutral,False,-0.09969989996665551,-0.15861130167625992,-0.3346013390139987
285,BAJFINANCE,Financial Services,88.0,87.24,Strong,False,-0.0027336235699099154,-0.06164502527951432,-0.2674221998811863
286,BALAJEE,Industrials & Infrastructure,1564.0,22.38,Weak,False,-0.4598930481283422,-0.5188044498379466,-0.6062176165803108
288,BALAMINES,"Metals, Mining & Chemicals",1177.0,39.18,Weak,False,0.5364148655396248,0.4775034638300204,-0.31750244447548526
289,BALAXI,Healthcare & Pharmaceuticals,1741.0,11.99,Weak,False,-0.49719290366045366,-0.5561043053700581,-0.6509244820672755
290,BALKRISHNA,Industrials & Infrastructure,819.0,53.78,Neutral,False,-0.3317073170731707,-0.3906187187827751,-0.47811993517017826
291,BALKRISIND,Automobile & Mobility,1211.0,37.68,Weak,False,-0.06583969465648842,-0.12475109636609283,-0.2732761477009168
292,BALMLAWRIE,Services & Others,486.0,67.0,Positive,False,-0.22738944365192593,-0.28630084536153033,-0.29191602545834516
293,BALPHARMA,Healthcare & Pharmaceuticals,1585.0,21.43,Weak,False,0.25218118800047806,0.19326978629087366,-0.2786532951289399
294,BALRAMCHIN,Consumer & FMCG,1523.0,24.2,Weak,False,0.4896597001860161,0.4307482984764117,-0.1735743222187598
295,BALUFORGE,Industrials & Infrastructure,789.0,55.29,Neutral,False,-0.22098969396585622,-0.2799010956754606,-0.47199170124481316
296,BANARBEADS,Real Estate & Construction,516.0,65.08,Positive,False,-0.155784320783241,-0.2146957224928454,-0.3496956866896004
297,BANARISUG,Consumer & FMCG,799.0,54.92,Neutral,False,-0.07384699603120304,-0.13275839774080744,-0.22956115735609695
298,BANCOINDIA,Automobile & Mobility,36.0,91.47,Strong,True,-0.3089492353317439,-0.3678606370413483,-0.4236329352608422
299,BANDHANBNK,Financial Services,859.0,51.73,Neutral,False,0.10676287146875385,0.047851469759149445,-0.25477530681923044
300,BANG,Industrials & Infrastructure,1141.0,40.33,Neutral,False,-0.39855760106282023,-0.45746900277242464,-0.5406545209176787
301,BANKA,Financial Services,1061.0,43.96,Neutral,False,-0.16181192660550459,-0.220723328315109,-0.5464663929111735
302,BANKBARODA,Financial Services,192.0,81.4,Strong,False,-0.12365177195685673,-0.18256317366646113,-0.2988133764832793
303,BANKINDIA,Financial Services,217.0,79.59,Strong,False,0.043007301612773885,-0.01590410009683052,-0.26642212189616243
304,BANSALWIRE,"Metals, Mining & Chemicals",1253.0,35.76,Weak,False,-0.0579860596173809,-0.11689746132698531,-0.3613003975014196
305,BANSWRAS,Industrials & Infrastructure,1471.0,26.54,Weak,False,-0.13897111768941506,-0.19788251939901946,-0.25017557549746394
306,BASF,"Metals, Mining & Chemicals",1377.0,30.49,Weak,False,-0.2383380177353639,-0.2972494194449683,-0.3251413333333333
307,BASML,Industrials & Infrastructure,1792.0,8.98,Weak,False,-0.0720650910499806,-0.130976492759585,-0.44736
308,BATAINDIA,Consumer & FMCG,1157.0,39.93,Weak,False,-0.4742025082063799,-0.5331139099159843,-0.5021715971482423
311,BBL,Industrials & Infrastructure,519.0,64.94,Positive,False,-0.3614293920246697,-0.42034079373427413,-0.3765556727437095
312,BBOX,Services & Others,917.0,49.69,Neutral,False,0.47139502113668375,0.41248361942707934,-0.33940827304767196
313,BBTC,Consumer & FMCG,1091.0,42.33,Neutral,False,-0.21472154426447743,-0.27363294597408183,-0.3714041177309686
314,BBTCL,Industrials & Infrastructure,446.0,68.65,Positive,False,0.149972274033372,0.09106087232376758,-0.2773128251526803
316,BCLIND,Consumer & FMCG,906.0,50.05,Neutral,False,-0.22200956937799032,-0.28092097108759473,-0.385645933014354
317,BCONCEPTS,Consumer & FMCG,1380.0,30.25,Weak,False,-0.596462622633688,-0.6553740243432924,-0.6081052066559313
319,BDL,Industrials & Infrastructure,778.0,55.73,Neutral,False,-0.27681930211441175,-0.33573070382401615,-0.32048580988970143
320,BEARDSELL,"Metals, Mining & Chemicals",502.0,66.29,Positive,False,-0.2600842865743528,-0.3189956882839572,-0.4442923624418287
321,BECTORFOOD,Consumer & FMCG,1173.0,39.43,Weak,False,-0.14983922829581997,-0.20875063000542438,-0.39566160520607385
322,BEDMUTHA,"Metals, Mining & Chemicals",1633.0,18.84,Weak,False,-0.2165399512265097,-0.2754513529361141,-0.30474168435951876
324,BEL,Industrials & Infrastructure,285.0,76.29,Strong,False,-0.05166051660516602,-0.11057191831477042,-0.18262354573593775
327,BEML,Industrials & Infrastructure,535.0,63.98,Positive,False,-0.07608594980087069,-0.1349973515104751,-0.3874301051218966
330,BEPL,"Metals, Mining & Chemicals",1425.0,28.61,Weak,False,0.24557917742896884,0.18666777571936444,-0.24029484029484038
331,BERGEPAINT,"Metals, Mining & Chemicals",757.0,56.48,Neutral,False,-0.14500141602945338,-0.20391281773905778,-0.31452296220979503
332,BESTAGRO,"Metals, Mining & Chemicals",980.0,47.16,Neutral,False,-0.2779591836734694,-0.3368705853830738,-0.5913621262458472
334,BFINVEST,Financial Services,1481.0,26.12,Weak,False,-0.0653924621496832,-0.1243038638592876,-0.3542682926829269
336,BGRENERGY,Industrials & Infrastructure,591.0,62.55,Positive,True,0.07123462705638062,0.012323225346776212,-0.5268810303146996
337,BHAGCHEM,"Metals, Mining & Chemicals",1595.0,20.9,Weak,False,-0.07712918660287083,-0.13604058831247523,-0.34963019154181685
338,BHAGERIA,"Metals, Mining & Chemicals",585.0,62.7,Positive,False,1.1977609787062153,1.138849576996611,-0.4552004746969569
339,BHAGYANGR,"Metals, Mining & Chemicals",365.0,72.5,Positive,False,3.3473895582329316,3.288478156523327,-0.26210486363389895
340,BHANDARI,Industrials & Infrastructure,1682.0,15.84,Weak,False,-0.3842887473460722,-0.4432001490556766,-0.5857142857142857
342,BHARATFORG,Automobile & Mobility,697.0,58.5,Neutral,False,0.6046244670383734,0.545713065328769,-0.1712873035493554
343,BHARATGEAR,Automobile & Mobility,344.0,73.77,Positive,False,-0.24612944641643386,-0.30504084812603827,-0.36369003690036894
344,BHARATRAS,"Metals, Mining & Chemicals",567.0,63.13,Positive,False,-0.5813525410164065,-0.640263942726011,-0.6443915703602991
346,BHARATWIRE,"Metals, Mining & Chemicals",1566.0,22.33,Weak,False,0.014267422718126976,-0.04464397899147743,-0.34750622948226084
347,BHARTIARTL,Services & Others,278.0,76.51,Strong,False,-0.05150995930606117,-0.11042136101566558,-0.1876820640865584
348,BHARTIHEXA,Services & Others,607.0,62.09,Positive,False,-0.14107658959537572,-0.19998799130498013,-0.25481899388810536
349,BHEL,Industrials & Infrastructure,806.0,54.69,Neutral,False,0.7150351834117501,0.6561237817021457,-0.20112007906440454
351,BIGBLOC,Real Estate & Construction,1807.0,7.15,Weak,False,-0.29317773788150814,-0.35208913959111254,-0.5091002307100743
352,BIKAJI,Consumer & FMCG,632.0,60.98,Positive,False,-0.23794563584209816,-0.29685703755170256,-0.28770820988873524
353,BIL,Industrials & Infrastructure,136.0,84.07,Strong,False,0.21704248465325482,0.15813108294365041,-0.3096635572791113
354,BILVYAPAR,Services & Others,1290.0,34.56,Weak,False,-0.6595744680851063,-0.7184858697947107,-0.7036474164133739
356,BIOCON,Healthcare & Pharmaceuticals,898.0,50.28,Neutral,False,0.08211863183720602,0.02320723012760162,-0.19342979127134718
357,BIOFILCHEM,Healthcare & Pharmaceuticals,1418.0,28.87,Weak,False,-0.24053988912991087,-0.29945129083951527,-0.44346137246439377
358,BIRLACABLE,Real Estate & Construction,1113.0,41.49,Neutral,False,1.1781441765325726,1.1192327748229682,-0.37916666666666676
359,BIRLACORPN,Real Estate & Construction,475.0,67.25,Positive,False,-0.30841506634797655,-0.36732646805758096,-0.35716046339659846
360,BIRLAMONEY,Services & Others,1154.0,40.0,Neutral,False,-0.3366507507334753,-0.3955621524430797,-0.44992891669036106
361,BIRLANU,Real Estate & Construction,1483.0,26.02,Weak,False,-0.259658857377723,-0.3185702590873274,-0.3965950180795501
363,BLACKBUCK,Services & Others,133.0,84.25,Strong,False,-0.05121123648701953,-0.11012263819662393,-0.3180640763462851
366,BLBLIMITED,Services & Others,847.0,52.28,Neutral,False,0.012374779021803173,-0.04653662268780123,-0.31011969532100103
369,BLISSGVS,Healthcare & Pharmaceuticals,258.0,77.66,Strong,False,3.821872140149039,3.7629607384394346,-0.19660804020100486
370,BLKASHYAP,Industrials & Infrastructure,1033.0,45.22,Neutral,False,-0.1534823030500735,-0.2123937047596779,-0.321553090332805
371,BLS,Services & Others,1164.0,39.78,Weak,False,-0.33196436660123807,-0.3908757683108425,-0.3704610130904952
376,BLUEDART,Services & Others,1254.0,35.72,Weak,False,-0.16870569703334204,-0.22761709874294644,-0.30573648043023605
377,BLUEJET,Healthcare & Pharmaceuticals,1193.0,38.5,Weak,False,-0.15771178115317774,-0.21662318286278215,-0.520407415549205
378,BLUESTARCO,Consumer & FMCG,725.0,57.39,Neutral,False,-0.1610395143252742,-0.2199509160348786,-0.28333415976595433
384,BODALCHEM,"Metals, Mining & Chemicals",1262.0,35.5,Weak,False,2.2653622250970247,2.2064508233874203,-0.3083412925819802
386,BOMDYEING,Industrials & Infrastructure,829.0,53.34,Neutral,False,-0.3701835669462201,-0.4290949686558245,-0.4783954090244178
389,BOROLTD,Consumer & FMCG,908.0,49.99,Neutral,False,-0.19737030155781055,-0.25628170326741495,-0.3924193321121602
390,BORORENEW,Energy,603.0,62.17,Positive,False,-0.2220693214070698,-0.2809807231166742,-0.4608894608894608
391,BOROSCI,Industrials & Infrastructure,1459.0,26.88,Weak,False,-0.23232662944777016,-0.29123803115737457,-0.34226602120793004
392,BOSCH-HCIL,Consumer & FMCG,1051.0,44.23,Neutral,False,0.035445510426839855,-0.02346589128276455,-0.4017790956263899
393,BOSCHLTD,Automobile & Mobility,21.0,92.71,Strong,False,0.22703549060542794,0.16812408889582353,-0.2708016235413495
394,BPCL,Energy,384.0,71.76,Positive,False,-0.11024433323520755,-0.16915573494481195,-0.30131341746072626
395,BPL,Technology,1678.0,15.99,Weak,False,-0.42746113989637313,-0.48637254160597754,-0.5291142363681224
398,BRIGADE,Industrials & Infrastructure,1188.0,38.67,Weak,False,-0.13051894870076686,-0.18943035041037126,-0.3905639843800013
401,BRITANNIA,Consumer & FMCG,162.0,82.8,Strong,False,-0.17623397301600607,-0.23514537472561048,-0.20856911883589324
403,BROOKS,Healthcare & Pharmaceuticals,630.0,61.1,Positive,False,-0.5708105646630237,-0.6297219663726281,-0.7258016846460765
404,BSE,Services & Others,614.0,61.83,Positive,False,0.4881810319976938,0.4292696302880894,-0.2965503145368247
405,BSHSL,Services & Others,1283.0,34.67,Weak,False,-0.33068199716490787,-0.3895933988745123,-0.5227612233666168
406,BSL,Industrials & Infrastructure,1542.0,23.48,Weak,False,-0.2609156686626747,-0.3198270703722791,-0.4943676521225835
407,BSOFT,Technology,1582.0,21.44,Weak,False,-0.2256637168141593,-0.2845751185237637,-0.4172932330827067
408,BTML,Services & Others,670.0,59.64,Neutral,False,-0.2090707964601769,-0.2679821981697813,-0.40197152245345025
412,BUTTERFLY,Consumer & FMCG,643.0,60.67,Positive,False,-0.1730078439997068,-0.23191924570931122,-0.27928736221481676
413,BVCL,Real Estate & Construction,674.0,59.54,Neutral,False,-0.16086956521739126,-0.21978096692699567,-0.3815307499518026
414,BYKE,Healthcare & Pharmaceuticals,1591.0,21.06,Weak,False,-0.5535632183908046,-0.612474620100409,-0.6101597352136998
415,CALSOFT,Technology,992.0,46.68,Neutral,False,1.4313863476425048,1.3724749459329004,-0.40104986876640425
416,CAMLINFINE,"Metals, Mining & Chemicals",1279.0,34.82,Weak,False,-0.4988969429561928,-0.5578083446657972,-0.5312269667338214
417,CAMPUS,Consumer & FMCG,375.0,72.25,Positive,False,-0.21880436794373492,-0.27771576965333933,-0.2642256482130342
418,CAMS,Financial Services,663.0,60.03,Positive,False,-0.0955401517133142,-0.1544515534229186,-0.22474778926391814
419,CANBK,Financial Services,74.0,88.96,Strong,False,-0.02512928248222368,-0.08404068419182809,-0.24086075630780857
420,CANFINHOME,Financial Services,352.0,73.51,Positive,False,-0.0579219618110991,-0.1168333635207035,-0.22374237002736264
422,CANTABIL,Industrials & Infrastructure,664.0,60.0,Positive,False,-0.10783214078514802,-0.16674354249475243,-0.32209003215434073
423,CAPACITE,Industrials & Infrastructure,1612.0,20.14,Weak,False,-0.34848966613672505,-0.40740106784632946,-0.41267307379051954
426,CAPLIPOINT,Healthcare & Pharmaceuticals,416.0,69.95,Positive,False,0.38644644158367747,0.32753503987407306,-0.2689822686422152
427,CAPTRUST,Financial Services,1833.0,2.64,Weak,False,-0.49726626571897203,-0.5561776674285764,-0.7548473367506129
428,CARBORUNIV,Industrials & Infrastructure,1473.0,26.49,Weak,False,0.3615581864804407,0.3026467847708363,-0.20180257052957162
429,CARERATING,Services & Others,412.0,70.08,Positive,False,0.06738332459360263,0.008471922883998229,-0.18662904526085444
431,CARTRADE,Automobile & Mobility,9.0,94.95,Strong,False,0.1785334315410425,0.1196220298314381,-0.5032435740514076
432,CARYSIL,Consumer & FMCG,300.0,75.73,Strong,False,0.21247153617095815,0.15356013446135375,-0.2898983573389856
433,CASTROLIND,Energy,678.0,59.35,Neutral,False,4.9743819330316796e-05,-0.05886165789027409,-0.14899460519862673
434,CCAVENUE,Technology,1417.0,28.97,Weak,False,-0.06322188449848021,-0.12213328620808461,-0.3464214711729623
435,CCCL,Industrials & Infrastructure,53.0,90.25,Strong,False,-0.46946867565424266,-0.5283800773638471,-0.4904837430610627
436,CCHHL,Healthcare & Pharmaceuticals,739.0,57.1,Neutral,False,-0.2779966235227912,-0.3369080252323956,-0.40461451885199773
437,CCL,Consumer & FMCG,257.0,77.67,Strong,False,0.20845779886370286,0.14954639715409845,-0.1610962023257706
438,CDSL,Financial Services,677.0,59.37,Neutral,False,-0.12639783124364623,-0.18530923295325064,-0.3237479610946655
439,CEATLTD,Automobile & Mobility,773.0,55.87,Neutral,False,-0.06126017658525407,-0.12017157829485847,-0.2781044460455063
440,CEIGALL,Industrials & Infrastructure,1349.0,31.87,Weak,False,0.43335857629685726,0.37444717458725285,-0.21921959843414585
442,CELEBRITY,Industrials & Infrastructure,1656.0,17.41,Weak,False,-0.4008968609865471,-0.4598082626961515,-0.49522154648132066
443,CELLO,Consumer & FMCG,939.0,48.9,Neutral,False,-0.42106179286335943,-0.47997319457296383,-0.5151377535573721
444,CEMPRO,Industrials & Infrastructure,399.0,70.68,Positive,False,0.5019932536031892,0.44308185189358484,-0.4091804798887215
445,CENTENKA,Industrials & Infrastructure,1168.0,39.68,Weak,False,0.13516009852216748,0.07624869681256308,-0.23532430213464695
446,CENTEXT,"Metals, Mining & Chemicals",564.0,63.2,Positive,False,-0.24855012427506218,-0.3074615259846666,-0.5134020618556703
447,CENTRALBK,Financial Services,1588.0,21.2,Weak,False,-0.18708477278766944,-0.24599617449727385,-0.2675568743818001
448,CENTRUM,Financial Services,283.0,76.33,Strong,False,-0.37349759615384615,-0.43240899786345055,-0.41671436748712076
449,CENTUM,Technology,398.0,70.99,Positive,False,0.6969966959943572,0.6380852942847528,-0.22315031369491778
450,CENTURYPLY,Industrials & Infrastructure,550.0,63.63,Positive,False,-0.15288173652694614,-0.21179313823655055,-0.23489336492891
451,CERA,Real Estate & Construction,913.0,49.79,Neutral,False,-0.1490337373075663,-0.2079451390171707,-0.28122964492811175
453,CESC,Energy,815.0,53.89,Neutral,False,-0.16129826938473857,-0.22020967109434297,-0.31471417069243146
456,CGCL,Financial Services,213.0,79.77,Strong,False,0.318605636787455,0.2596942350778506,-0.27314903386263634
457,CGPOWER,Energy,164.0,82.71,Strong,False,0.169234928359016,0.11032352664941159,-0.3028312421993037
459,CHALET,Services & Others,114.0,85.27,Strong,False,-0.09276466903320102,-0.15167607074280542,-0.28043032786885247
460,CHAMBLFERT,"Metals, Mining & Chemicals",1055.0,44.11,Neutral,False,-0.1804739522130827,-0.23938535392268712,-0.2128150856263229
461,CHEMBOND,Technology,1699.0,14.86,Weak,False,0.05233042608743976,-0.006580975622164642,-0.40714404755291367
463,CHEMCON,"Metals, Mining & Chemicals",169.0,82.51,Strong,False,-0.1580171591992373,-0.21692856090884172,-0.5454151624548735
465,CHEMFAB,"Metals, Mining & Chemicals",1715.0,13.72,Weak,False,-0.4527119325030132,-0.5116233342126176,-0.5292888710325432
466,CHEMPLASTS,"Metals, Mining & Chemicals",1450.0,27.4,Weak,False,-0.49358841778697005,-0.5524998194965745,-0.5954428518926864
467,CHENNPETRO,Technology,588.0,62.65,Positive,False,0.859859992075023,0.8009485903654185,-0.2862158588299666
468,CHEVIOT,Industrials & Infrastructure,528.0,64.45,Positive,False,0.03837412587412592,-0.020537275835478486,-0.22182068490793327
469,CHOICEIN,Services & Others,173.0,82.34,Strong,False,-0.012137823022709604,-0.07104922473231401,-0.3132423850405738
470,CHOLAFIN,Financial Services,250.0,77.92,Strong,False,0.018002865508004895,-0.04090853620159951,-0.24963996898194318
471,CHOLAHLDNG,Financial Services,489.0,66.96,Positive,False,-0.27112602222688187,-0.3300374239364863,-0.3295116140559857
472,CIEINDIA,Automobile & Mobility,1170.0,39.55,Weak,False,-0.07302623624712845,-0.13193763795673286,-0.24585218702865763
475,CINEVISTA,Services & Others,455.0,68.33,Positive,False,-0.24065934065934058,-0.299570742368945,-0.3228305785123967
476,CIPLA,Healthcare & Pharmaceuticals,304.0,75.65,Strong,False,-0.08545935228023793,-0.14437075398984234,-0.28324116374128394
478,CLEAN,"Metals, Mining & Chemicals",1320.0,33.01,Weak,False,-0.28755012759752097,-0.34646152930712537,-0.4017499088589136
480,CLEDUCATE,Services & Others,1136.0,40.43,Neutral,False,-0.4172213871591153,-0.4761327888687197,-0.5913678333691217
481,CLSEL,Consumer & FMCG,1683.0,15.84,Weak,False,0.10285604013894245,0.043944638429338045,-0.2961972362239824
485,CMSINFO,Technology,1381.0,30.22,Weak,False,-0.38731694209324197,-0.44622834380284637,-0.42608135942327496
486,CNL,Technology,1369.0,30.93,Weak,False,0.6349641822892851,0.5760527805796807,-0.32297141392129214
487,COALINDIA,"Metals, Mining & Chemicals",672.0,59.6,Neutral,False,0.08751608751608742,0.02860468580648301,-0.16952143672791442
488,COASTCORP,Consumer & FMCG,1515.0,24.48,Weak,False,0.031650983746792205,-0.0272604179628122,-0.436516764659145
489,COCHINSHIP,Industrials & Infrastructure,505.0,65.86,Positive,False,-0.28609798023205846,-0.34500938194166286,-0.35909969918349804
491,COFFEEDAY,Services & Others,456.0,68.29,Positive,False,-0.2776436504104297,-0.3365550521200341,-0.5211970074812968
492,COFORGE,Technology,547.0,63.75,Positive,False,0.1075712143928036,0.04865981268319919,-0.45705040699732036
493,COHANCE,Healthcare & Pharmaceuticals,1082.0,42.71,Neutral,False,-0.4792647903503733,-0.5381761920599777,-0.6906327714838354
494,COLPAL,Consumer & FMCG,1270.0,35.36,Weak,False,-0.17034473459481325,-0.22925613630441766,-0.2207118895133534
498,COMPUSOFT,Technology,1465.0,26.78,Weak,False,-0.3130571578395386,-0.371968559549143,-0.38191975622143237
499,COMSYN,Industrials & Infrastructure,109.0,85.98,Strong,True,0.8054127024942146,0.7465013007846102,-0.20587777143153863
500,CONCOR,Services & Others,965.0,47.63,Neutral,False,-0.145380305763935,-0.20429170747353942,-0.23490114651981575
501,CONCORDBIO,Healthcare & Pharmaceuticals,1075.0,43.17,Neutral,False,-0.14777872965365313,-0.20669013136325753,-0.37902337535185415
502,CONFIPET,Energy,1639.0,18.49,Weak,False,0.8750000000000002,0.8160885982903958,-0.3806964746345659
503,CONSOFINVT,Financial Services,1097.0,41.98,Neutral,False,0.4955852879042306,0.4366738861946262,-0.19154452616540574
504,CONTROLPR,Technology,310.0,75.32,Strong,False,-0.24151898734177213,-0.30043038905137653,-0.36118384994823693
505,CORALFINAC,Financial Services,830.0,53.27,Neutral,False,-0.2694722157637758,-0.3283836174733802,-0.4262222222222223
507,CORDSCABLE,Real Estate & Construction,853.0,51.95,Neutral,False,0.8916604829042754,0.832749081194671,-0.38166301134738245
508,COROMANDEL,"Metals, Mining & Chemicals",216.0,79.62,Strong,False,-0.1563305197689916,-0.215241921478596,-0.27514326052653426
510,COSMOFIRST,Industrials & Infrastructure,963.0,47.81,Neutral,False,-0.034152770614864436,-0.09306417232446884,-0.3613617492388598
511,COUNCODOS,Industrials & Infrastructure,1231.0,36.81,Weak,False,-0.03731343283582089,-0.0962248345454253,-0.4339080459770116
512,CPCAP,Services & Others,1737.0,12.23,Weak,False,0.1811605598364523,0.12224915812684789,-0.4135034225264468
516,CRAFTSMAN,Automobile & Mobility,287.0,76.24,Strong,False,0.5683763865108316,0.5094649848012271,-0.19368148786796402
519,CREATIVEYE,Services & Others,1337.0,32.3,Weak,False,-0.24736842105263157,-0.306279822762236,-0.3079800498753118
521,CREST,Financial Services,1453.0,27.19,Weak,False,0.004045194587808609,-0.054866207121795796,-0.23408471637354478
522,CRISIL,Services & Others,1004.0,46.36,Neutral,False,0.04474996630273642,-0.014161435406867984,-0.2634309224256156
524,CROMPTON,Consumer & FMCG,1573.0,22.03,Weak,False,-0.253497099965882,-0.3124085016754864,-0.27603907931776783
525,CROWN,Industrials & Infrastructure,1559.0,22.57,Weak,False,-0.26347150259067365,-0.32238290430027805,-0.36608851305474965
527,CSBBANK,Financial Services,220.0,79.21,Strong,False,-0.14936941671045723,-0.20828081842006163,-0.46838281460220643
528,CSLFINANCE,Financial Services,1202.0,38.1,Weak,False,-0.2718626609442061,-0.3307740626538105,-0.34410941871308665
530,CTE,Technology,1788.0,9.3,Weak,False,0.06277334705428372,0.0038619453446793184,-0.6372565622353936
531,CUB,Financial Services,214.0,79.73,Strong,False,0.3580006287331028,0.2990892270234984,-0.23287671232876717
532,CUBEXTUB,"Metals, Mining & Chemicals",1150.0,40.09,Neutral,False,0.772626230549381,0.7137148288397765,-0.4289906556490849
533,CUMMINSIND,Industrials & Infrastructure,19.0,92.84,Strong,False,0.26136658872434393,0.20245518701473952,-0.19452509332227297
536,CYBERMEDIA,Services & Others,1583.0,21.44,Weak,False,0.14644351464435146,0.08753211293474705,-0.38873994638069687
537,CYBERTECH,Technology,137.0,84.04,Strong,False,-0.4151228570194757,-0.4740342587290801,-0.6355716342426815
538,CYIENT,Technology,1354.0,31.67,Weak,False,-0.058378284322255225,-0.11728968603185963,-0.378682842287695
539,CYIENTDLM,Industrials & Infrastructure,1580.0,21.61,Weak,False,1.1278395920259623,1.0689281903163579,-0.44223678820155676
540,DABUR,Consumer & FMCG,510.0,65.49,Positive,False,-0.22078577921422082,-0.27969718092382523,-0.29275720947939476
542,DALBHARAT,Real Estate & Construction,318.0,74.88,Positive,False,-0.2591728716246524,-0.3180842733342568,-0.2855304610196565
545,DAMODARIND,Industrials & Infrastructure,903.0,50.12,Neutral,False,-0.2024124742571345,-0.2613238759667389,-0.4469320066334992
546,DANGEE,Consumer & FMCG,1754.0,11.47,Weak,False,-0.298329355608592,-0.3572407573181964,-0.4372294372294372
547,DATAMATICS,Technology,72.0,89.0,Strong,False,-0.08221663058107553,-0.14112803229067994,-0.3478483344419997
548,DATAPATTNS,Technology,494.0,66.66,Positive,False,0.625603405678665,0.5666920039690606,-0.29922296429488837
549,DAVANGERE,Consumer & FMCG,1393.0,29.74,Weak,False,-0.3830845771144278,-0.4419959788240322,-0.6601941747572816
550,DBCORP,Services & Others,525.0,64.72,Positive,False,-0.33723088344469176,-0.39614228515429617,-0.3377225519287833
551,DBEIL,Industrials & Infrastructure,548.0,63.7,Positive,False,-0.6125592417061612,-0.6714706434157656,-0.6910662824207492
552,DBL,Industrials & Infrastructure,951.0,48.74,Neutral,False,-0.17938892810325713,-0.23830032981286153,-0.2644761904761904
553,DBOL,Consumer & FMCG,1074.0,43.2,Neutral,False,0.5060107948969579,0.4470993931873535,-0.2358497931142166
554,DBREALTY,Industrials & Infrastructure,1261.0,35.53,Weak,False,-0.41008516635010117,-0.4689965680597056,-0.4855094663317199
556,DCAL,Healthcare & Pharmaceuticals,223.0,79.07,Strong,False,-0.4056801736613602,-0.4645915753709646,-0.5632728494623656
557,DCBBANK,Financial Services,823.0,53.6,Neutral,False,0.613344739093242,0.5544333373836376,-0.21381399275038482
558,DCI,Technology,1247.0,36.11,Weak,False,0.2834970530451866,0.22458565133558217,-0.3617252627763684
559,DCM,Industrials & Infrastructure,979.0,47.18,Neutral,False,-0.2271277143151179,-0.2860391160247223,-0.4420596533655784
561,DCMNVL,Industrials & Infrastructure,1557.0,22.77,Weak,False,0.10989292812720408,0.050981526417599676,-0.40768623641551816
562,DCMSHRIRAM,"Metals, Mining & Chemicals",680.0,59.29,Neutral,False,-0.19230440359127832,-0.2512158053008827,-0.2898812208690422
565,DCW,"Metals, Mining & Chemicals",1499.0,25.06,Weak,False,-0.32521262793714867,-0.3841240296467531,-0.47367682156394775
566,DCXINDIA,Technology,1218.0,37.26,Weak,False,-0.34506868470839835,-0.40398008641800276,-0.37858092590354164
568,DECCANCE,Real Estate & Construction,394.0,71.54,Positive,False,-0.5015617822691778,-0.5604731839787822,-0.5015617822691778
570,DEEDEV,Industrials & Infrastructure,911.0,49.89,Neutral,False,1.4192655471489206,1.3603541454393162,-0.33340548340548337
572,DEEPAKFERT,"Metals, Mining & Chemicals",236.0,78.46,Strong,False,-0.12707646564540098,-0.1859878673550054,-0.44537013482574406
573,DEEPAKNTR,"Metals, Mining & Chemicals",1444.0,27.66,Weak,False,-0.15786043985881082,-0.21677184156841522,-0.3051085430392051
574,DEEPINDS,Energy,735.0,57.19,Neutral,False,0.5106215578284816,0.4517101561188772,-0.3530731707317073
575,DELHIVERY,Services & Others,132.0,84.34,Strong,False,-0.062032454827943395,-0.1209438565375478,-0.21934618954315777
576,DELPHIFX,Services & Others,490.0,66.94,Positive,True,-0.5877137428752375,-0.6466251445848419,-0.7059869590989922
577,DELTACORP,Consumer & FMCG,1472.0,26.52,Weak,False,-0.08653846153846156,-0.14544986324806597,-0.39763154681968016
578,DELTAMAGNT,Industrials & Infrastructure,1322.0,32.92,Weak,False,-0.28150720164609067,-0.34041860335569507,-0.43952444498362253
579,DEN,Services & Others,1374.0,30.74,Weak,False,-0.23529411764705888,-0.2942055193566633,-0.3477150156116945
580,DENORA,Industrials & Infrastructure,975.0,47.37,Neutral,False,-0.1285351597095118,-0.1874465614191162,-0.3313508420680721
582,DEVIT,Technology,1606.0,20.37,Weak,False,-0.4536489151873767,-0.5125603168969811,-0.4811519550456568
584,DEVYANI,Consumer & FMCG,869.0,51.51,Neutral,False,-0.2366950040759288,-0.2956064057855332,-0.4492255735413998
585,DGCONTENT,Services & Others,1430.0,28.28,Weak,False,-0.3451947324180442,-0.4041061341276486,-0.42543171114599687
587,DHAMPURSUG,Consumer & FMCG,1397.0,29.64,Weak,False,0.2831733273796233,0.2242619256700189,-0.22881474242635758
588,DHANBANK,Financial Services,1750.0,11.6,Weak,False,0.1224652087475151,0.06355380703791069,-0.2919971160778658
594,DHRUV,Industrials & Infrastructure,1707.0,14.43,Weak,False,-0.5930011411182959,-0.6519125428279003,-0.6096924510717614
595,DHUNINV,Financial Services,1269.0,35.4,Weak,False,-0.3244280133928571,-0.3833394151024615,-0.5346240524482688
596,DIACABS,Energy,556.0,63.5,Positive,False,1.2517589273861676,1.1928475256765632,-0.24251766217084136
597,DIAMINESQ,"Metals, Mining & Chemicals",1770.0,10.39,Weak,False,-0.22609956500724993,-0.28501096671685433,-0.3480583269378358
598,DIAMONDYD,Consumer & FMCG,1203.0,38.05,Weak,False,0.041414338738034795,-0.01749706297156961,-0.2781609195402299
599,DICIND,"Metals, Mining & Chemicals",1711.0,13.95,Weak,False,0.24164474325246021,0.1827333415428558,-0.17772828507795102
600,DIFFNKG,Industrials & Infrastructure,101.0,86.45,Strong,False,0.21452009844134534,0.15560869673174094,-0.3898466692436542
601,DIGIDRIVE,Consumer & FMCG,1365.0,31.08,Weak,False,-0.40416247062772737,-0.46307387233733177,-0.44772205834152734
602,DIGISPICE,Technology,661.0,60.11,Positive,False,-0.41448842419716214,-0.47339982590676655,-0.44436416184971095
604,DIGJAMLMTD,Industrials & Infrastructure,511.0,65.48,Positive,False,-0.0853097345132744,-0.1442211362228788,-0.3468563400070249
606,DISHTV,Services & Others,1835.0,1.44,Weak,False,-0.5434343434343435,-0.6023457451439479,-0.6305220883534137
607,DIVGIITTS,Industrials & Infrastructure,154.0,83.26,Strong,False,0.817991943905714,0.7590805421961095,-0.21202815099168282
608,DIVISLAB,Healthcare & Pharmaceuticals,694.0,58.59,Neutral,False,0.6725043782837128,0.6135929765741084,-0.1543546161109901
609,DIXON,Technology,123.0,84.81,Strong,False,-0.17097185923539782,-0.22988326094500222,-0.4455144740613356
611,DLF,Industrials & Infrastructure,691.0,58.65,Neutral,False,-0.08133739443444554,-0.14024879614404995,-0.3533033996151378
612,DLINKINDIA,Technology,873.0,51.33,Neutral,False,-0.13854863612969637,-0.19746003783930077,-0.23676651620845313
613,DMART,Consumer & FMCG,363.0,72.69,Positive,False,-0.14526169127396116,-0.20417309298356556,-0.2049260019444744
614,DMCC,"Metals, Mining & Chemicals",391.0,71.58,Positive,False,-0.02526959600836942,-0.08418099771797383,-0.3748101265822784
615,DNAMEDIA,Services & Others,1727.0,12.81,Weak,False,-0.4733475479744137,-0.5322589496840181,-0.5074626865671642
616,DODLA,Consumer & FMCG,163.0,82.79,Strong,False,-0.24481545257168524,-0.30372685428128965,-0.2810394610202118
617,DOLATALGO,Services & Others,1692.0,15.48,Weak,False,-0.1961143695014662,-0.2550257712110706,-0.29764065335753165
618,DOLLAR,Industrials & Infrastructure,1031.0,45.38,Neutral,False,-0.276218611521418,-0.33513001323102243,-0.4009389671361502
619,DOLPHIN,Energy,740.0,57.08,Neutral,False,0.6645260724377087,0.6056146707281043,-0.25825023131489677
620,DOMS,Industrials & Infrastructure,787.0,55.36,Neutral,False,-0.18058058058058057,-0.23949198229018498,-0.23463854295224196
621,DONEAR,Industrials & Infrastructure,1760.0,11.19,Weak,False,-0.12748663101604285,-0.18639803272564726,-0.2610532244438186
622,DPABHUSHAN,Consumer & FMCG,568.0,63.11,Positive,False,-0.025756193417081907,-0.08466759512668631,-0.4598295800365185
623,DPSCLTD,Energy,1525.0,24.09,Weak,False,-0.4223140495867769,-0.4812254512963813,-0.4244426094137076
624,DPWIRES,"Metals, Mining & Chemicals",1314.0,33.14,Weak,False,-0.3498194056805122,-0.4087308073901166,-0.4798062715481859
626,DRCSYSTEMS,Technology,817.0,53.85,Neutral,False,-0.38926829268292684,-0.44817969439253125,-0.4102687140115163
627,DREAMFOLKS,Industrials & Infrastructure,1507.0,24.63,Weak,False,-0.3928151918559123,-0.4517265935655167,-0.6196967681872589
628,DREDGECORP,Services & Others,1217.0,37.27,Weak,False,0.5044346783859368,0.4455232766763324,-0.3416848687309949
629,DRREDDY,Healthcare & Pharmaceuticals,454.0,68.37,Positive,False,-0.01904073270667639,-0.0779521344162808,-0.17452933052264297
632,DSSL,Technology,1479.0,26.18,Weak,False,4.9443757725642357e-05,-0.05886195795187876,-0.4707403303255765
634,DUCON,Technology,1642.0,18.36,Weak,False,-0.730072463768116,-0.7889838654777204,-0.7771739130434783
635,DVL,"Metals, Mining & Chemicals",657.0,60.23,Positive,False,-0.22650569351076966,-0.28541709522037406,-0.4928552097428959
636,DWARKESH,Consumer & FMCG,1611.0,20.22,Weak,False,0.04229752463350156,-0.016613877076102845,-0.29297978700282545
637,DYCL,Real Estate & Construction,637.0,60.8,Positive,False,0.08692394155114269,0.028012539841538286,-0.4674477727423455
638,DYNAMATECH,Technology,861.0,51.68,Neutral,False,0.850172498767866,0.7912610970582616,-0.21133280127693532
639,DYNPRO,"Metals, Mining & Chemicals",215.0,79.72,Strong,False,-0.3467073702573048,-0.4056187719669092,-0.4395115569123419
640,E2E,Technology,711.0,57.97,Neutral,False,0.8605826397146255,0.801671238005021,-0.47783119658119666
641,EASEMYTRIP,Consumer & FMCG,1771.0,10.35,Weak,False,-0.2647783251231527,-0.3236897268327571,-0.4018691588785047
646,ECLERX,Technology,56.0,90.03,Strong,False,-0.08586672035433862,-0.14477812206394303,-0.46436223974125723
648,ECOSMOBLTY,Healthcare & Pharmaceuticals,800.0,54.82,Neutral,False,-0.556371220020855,-0.6152826217304594,-0.5738211382113821
649,EDELWEISS,Financial Services,625.0,61.25,Positive,False,0.2464341584613967,0.1875227567517923,-0.21888714733542314
651,EICHERMOT,Automobile & Mobility,75.0,88.94,Strong,False,0.027344584490493595,-0.03156681721911081,-0.19584859584859582
652,EIDPARRY,Consumer & FMCG,155.0,83.2,Strong,False,-0.31743961352657,-0.3763510152361744,-0.36726922371077264
653,EIEL,Industrials & Infrastructure,641.0,60.73,Positive,False,-0.21384928716904272,-0.27276068887864713,-0.46016375373956864
654,EIFFL,Consumer & FMCG,527.0,64.51,Positive,False,0.22696669029057404,0.16805528858096963,-0.2937678801817468
655,EIHAHOTELS,Services & Others,404.0,70.54,Positive,False,-0.2300544271870436,-0.288965828896648,-0.30633983572895285
656,EIHOTEL,Services & Others,580.0,62.78,Positive,False,-0.19294407220019127,-0.2518554739097957,-0.3145828113254824
657,EIMCOELECO,Industrials & Infrastructure,1201.0,38.11,Weak,False,0.2544368883728645,0.19552548666326008,-0.3790525858322469
658,EKC,Industrials & Infrastructure,495.0,66.65,Positive,False,-0.26996794215947073,-0.32887934386907514,-0.40093593461639854
662,ELDEHSG,Real Estate & Construction,790.0,55.24,Neutral,False,-0.07302131830433722,-0.13193272001394163,-0.28169647317414326
663,ELECON,Industrials & Infrastructure,371.0,72.35,Positive,False,-0.18079577404788283,-0.23970717575748723,-0.42749939481965615
664,ELECTCAST,Automobile & Mobility,1779.0,9.81,Weak,False,-0.23641160949868079,-0.2953230112082852,-0.36971322467505674
665,ELECTHERM,"Metals, Mining & Chemicals",1446.0,27.55,Weak,False,-0.22325469427058264,-0.28216609598018705,-0.5217653390742734
666,ELGIEQUIP,Industrials & Infrastructure,843.0,52.48,Neutral,False,0.2425562817719682,0.1836448800623638,-0.1926364872741403
667,ELGIRUBCO,Industrials & Infrastructure,1665.0,16.69,Weak,False,-0.19714197910264286,-0.25605338081224727,-0.5115872321818977
668,ELIN,Consumer & FMCG,266.0,77.29,Strong,False,-0.5876517549246539,-0.6465631566342583,-0.5945191457683897
672,EMAMILTD,Consumer & FMCG,844.0,52.43,Neutral,False,-0.2828152384466377,-0.3417266401562421,-0.34823908952415106
673,EMAMIPAP,Industrials & Infrastructure,1277.0,34.89,Weak,False,0.21758971167807517,0.15867830996847077,-0.45127508969262087
674,EMAMIREAL,Industrials & Infrastructure,1248.0,36.11,Weak,False,-0.38222304011777697,-0.4411344418273814,-0.517203513909224
675,EMBDL,Industrials & Infrastructure,1478.0,26.24,Weak,False,-0.42650972364380757,-0.485421125353412,-0.5961105424769704
676,EMCURE,Healthcare & Pharmaceuticals,153.0,83.34,Strong,False,0.4780341945871349,0.4191227928775305,-0.0985610594677192
677,EMIL,Consumer & FMCG,1166.0,39.7,Weak,False,0.35010849023587864,0.29119708852627424,-0.43918741808650064
678,EMKAY,Financial Services,78.0,88.87,Strong,False,-0.09399027145771222,-0.15290167316731662,-0.471558860670689
679,EMMBI,Industrials & Infrastructure,1323.0,32.92,Weak,False,-0.12911417130579161,-0.18802557301539602,-0.47522951671574565
683,EMSLIMITED,Industrials & Infrastructure,1325.0,32.88,Weak,False,-0.3744521548575602,-0.43336355656716463,-0.5477276715213195
684,EMUDHRA,Technology,1131.0,40.82,Neutral,False,-0.0294491367067794,-0.0883605384163838,-0.446106011252591
685,ENDURANCE,Technology,159.0,82.94,Strong,False,-0.03989191495413491,-0.09880331666373932,-0.2577806251475201
686,ENERGYDEV,Energy,1461.0,26.83,Weak,False,-0.22880915236609467,-0.2877205540756991,-0.5195469492144684
687,ENGINERSIN,Industrials & Infrastructure,719.0,57.55,Neutral,False,0.5565803828225726,0.4976689811129682,-0.20271317829457358
688,ENIL,Services & Others,679.0,59.34,Neutral,False,-0.384551282051282,-0.4434626837608864,-0.38971523010424614
691,ENTERO,Healthcare & Pharmaceuticals,1135.0,40.47,Neutral,False,0.6315165876777249,0.5726051859681205,-0.19669226225634973
692,EPACK,Consumer & FMCG,1550.0,23.09,Weak,False,-0.4912075363973737,-0.5501189381069781,-0.5027284175178397
694,EPIGRAL,"Metals, Mining & Chemicals",865.0,51.62,Neutral,False,-0.4004851565207347,-0.4593965582303391,-0.5378628043565035
695,EPL,Industrials & Infrastructure,907.0,50.0,Neutral,False,0.09895248784137678,0.040041086131772374,-0.19210585333034302
696,EQUIPPP,Technology,658.0,60.18,Positive,False,-0.017977528089887618,-0.07688892979949202,-0.38752688172043015
697,EQUITASBNK,Financial Services,1622.0,19.71,Weak,False,0.1613016710642039,0.1023902693545995,-0.2719211822660099
698,ERIS,Healthcare & Pharmaceuticals,306.0,75.48,Strong,False,-0.23915317865714825,-0.29806458036675265,-0.2733204020454947
699,ESABINDIA,Industrials & Infrastructure,563.0,63.21,Positive,False,0.11572754291259768,0.056816141202993276,-0.22823578770715336
700,ESAFSFB,Financial Services,1563.0,22.45,Weak,False,0.4482990906028965,0.3893876888932921,-0.33799999999999997
701,ESCORTS,Automobile & Mobility,255.0,77.7,Strong,False,-0.24658438024026175,-0.30549578194986615,-0.31230912899724894
702,ESSARSHPNG,Services & Others,1658.0,17.13,Weak,False,-0.4200371057513914,-0.4789485074609958,-0.6224167274495502
703,ESSENTIA,Services & Others,1787.0,9.37,Weak,False,-0.43575418994413406,-0.49466559165373847,-0.47395833333333326
704,ESTER,Industrials & Infrastructure,1332.0,32.56,Weak,False,-0.23436938555515618,-0.2932807872647606,-0.41123052570190777
705,ETERNAL,Consumer & FMCG,297.0,75.83,Strong,False,0.005927051671732464,-0.05298435003787194,-0.3913362494708622
706,ETHOSLTD,Consumer & FMCG,897.0,50.31,Neutral,False,-0.002495543672014322,-0.06140694538161873,-0.36791390314103367
707,EUREKAFORB,Consumer & FMCG,596.0,62.3,Positive,False,-0.3522768017210469,-0.4111882034306513,-0.4465379901960784
710,EUROTEXIND,Industrials & Infrastructure,964.0,47.77,Neutral,False,-0.16591349257585541,-0.22482489428545982,-0.5059372349448685
711,EVEREADY,Automobile & Mobility,209.0,79.95,Strong,False,-0.15617623918174672,-0.21508764089135113,-0.32236842105263175
712,EVERESTIND,Real Estate & Construction,781.0,55.59,Neutral,False,-0.3823809175385966,-0.441292319248201,-0.5938024622271963
713,EXCELINDUS,"Metals, Mining & Chemicals",577.0,62.83,Positive,False,-0.16640141467727676,-0.22531281638688117,-0.2981723237597912
715,EXICOM,Industrials & Infrastructure,1827.0,3.61,Weak,False,0.06365433108430452,0.004742929374700111,-0.4836831415030467
716,EXIDEIND,Automobile & Mobility,705.0,58.24,Neutral,False,0.042273129983546376,-0.01663827172605803,-0.2853419386868563
717,EXPLEOSOL,Technology,1076.0,43.17,Neutral,False,-0.11450808831010273,-0.17341949001970713,-0.42163611980330806
718,EXXARO,Real Estate & Construction,1019.0,45.74,Neutral,False,-0.2426108374384235,-0.3015222391480279,-0.3951612903225806
720,FACT,"Metals, Mining & Chemicals",569.0,63.07,Positive,False,-0.1341869253765018,-0.1930983270861062,-0.27603739544038053
721,FAIRCHEMOR,"Metals, Mining & Chemicals",1808.0,6.8,Weak,False,-0.13433792882334084,-0.19324933053294524,-0.44469381211926895
722,FAZE3Q,Industrials & Infrastructure,969.0,47.49,Neutral,False,-0.10980310449005104,-0.16871450619965545,-0.38172746605594643
723,FCL,"Metals, Mining & Chemicals",1232.0,36.78,Weak,False,1.2959999999999998,1.2370885982903954,-0.39968798751950074
724,FCSSOFT,Technology,1726.0,12.86,Weak,False,-0.38053097345132747,-0.4394423751609319,-0.5338645418326693
725,FDC,Healthcare & Pharmaceuticals,918.0,49.6,Neutral,False,-0.24863328230920623,-0.30754468401881063,-0.31042628583700194
727,FEDERALBNK,Financial Services,1037.0,45.01,Neutral,False,0.6773327828241125,0.6184213811145081,-0.15174253793563452
728,FEDFINA,Financial Services,46.0,90.63,Strong,False,-0.015995299340601843,-0.07490670105020625,-0.31504053517773123
732,FIBERWEB,Industrials & Infrastructure,920.0,49.43,Neutral,False,-0.385903698534543,-0.4448151002441474,-0.4428260869565217
733,FIEMIND,Automobile & Mobility,118.0,85.13,Strong,False,-0.019248395967002674,-0.07815979767660708,-0.2815677085301789
734,FILATEX,Industrials & Infrastructure,775.0,55.81,Neutral,False,1.150485436893204,1.0915740351835996,-0.43117003237243723
735,FILATFASH,Industrials & Infrastructure,1072.0,43.27,Neutral,False,-0.6666666666666667,-0.7255780683762711,-0.7454545454545455
736,FINCABLES,Real Estate & Construction,1638.0,18.52,Weak,False,0.7157304739856218,0.6568190722760174,-0.19853434484182275
737,FINEORG,"Metals, Mining & Chemicals",609.0,62.03,Positive,False,0.13042710907165533,0.07151570736205093,-0.18970001023855843
739,FINOPB,Financial Services,932.0,49.05,Neutral,False,-0.5376816860465117,-0.5965930877561161,-0.665297619047619
740,FINPIPE,Industrials & Infrastructure,1142.0,40.33,Neutral,False,-0.2396690070210632,-0.2985804087306676,-0.27169847977075134
743,FIVESTAR,Financial Services,1797.0,8.39,Weak,False,-0.03292910447761188,-0.09184050618721629,-0.47378787878787876
744,FLAIR,Industrials & Infrastructure,334.0,74.3,Positive,False,-0.2310762185148838,-0.2899876202244882,-0.313020293289883
745,FLEXITUFF,Industrials & Infrastructure,1828.0,3.33,Weak,False,-0.872840053167922,-0.9317514548775264,-0.9096045197740112
747,FLUOROCHEM,"Metals, Mining & Chemicals",748.0,56.84,Neutral,False,0.1964728056004308,0.13756140389082638,-0.2163795150523733
748,FMGOETZE,Automobile & Mobility,131.0,84.35,Strong,False,-0.1020947533281128,-0.1610061550377172,-0.33067507418397635
749,FMNL,Real Estate & Construction,1829.0,3.26,Weak,False,-0.1848049281314168,-0.2437163298410212,-0.45339652448657186
750,FOCUS,Industrials & Infrastructure,1512.0,24.59,Weak,False,-0.35104972375690613,-0.40996112546651053,-0.37564322469982847
751,FOODSIN,Consumer & FMCG,1643.0,18.36,Weak,False,-0.3949146718588936,-0.453826073568498,-0.4750887641736342
752,FORCEMOT,Automobile & Mobility,68.0,89.22,Strong,False,0.014595941616233565,-0.04431546009337084,-0.33682495344506524
753,FORTIS,Healthcare & Pharmaceuticals,30.0,91.88,Strong,False,-0.16056181478300402,-0.21947321649260843,-0.28158302213316333
754,FOSECOIND,"Metals, Mining & Chemicals",182.0,81.85,Strong,False,0.14218353282553498,0.08327213111593057,-0.25806451612903236
758,FSL,Technology,726.0,57.39,Neutral,False,-0.21532567049808427,-0.27423707220768867,-0.44338235294117656
759,FUSION,Financial Services,432.0,69.23,Positive,False,-0.11225280115660652,-0.17116420286621092,-0.32265177127737765
760,GABRIEL,Automobile & Mobility,45.0,90.66,Strong,True,0.08710015309000085,0.02818875138039645,-0.37468662159082267
761,GAEL,Industrials & Infrastructure,927.0,49.26,Neutral,False,0.50492356747632,0.44601216576671554,-0.16732495511669676
762,GAIL,Energy,1111.0,41.64,Neutral,False,-0.012087534372135722,-0.07099893608174013,-0.26929303831624396
763,GALAPREC,Industrials & Infrastructure,1540.0,23.56,Weak,False,0.4913347720881567,0.4324233703785523,-0.19602917341977322
764,GALAXYSURF,Consumer & FMCG,784.0,55.5,Neutral,False,-0.016167422643373563,-0.07507882435297797,-0.3350893366697397
765,GALLANTT,"Metals, Mining & Chemicals",54.0,90.2,Strong,False,-0.19521523923803819,-0.2541266409476426,-0.4378168482364361
766,GANDHAR,Energy,1701.0,14.76,Weak,False,0.8465929109999297,0.7876815092903253,-0.32444470152707083
767,GANDHITUBE,"Metals, Mining & Chemicals",8.0,95.01,Strong,False,-0.008483839067298105,-0.06739524077690251,-0.2806167173722477
768,GANECOS,Industrials & Infrastructure,1718.0,13.37,Weak,False,-0.15510237917599268,-0.21401378088559708,-0.4591004521963825
769,GANESHBE,"Metals, Mining & Chemicals",1592.0,21.06,Weak,False,0.5121682634071136,0.45325686169750923,-0.238637608148067
771,GANESHHOU,Industrials & Infrastructure,1533.0,23.91,Weak,False,-0.14585438335809808,-0.2047657850677025,-0.4144592249855408
772,GANGAFORGE,Automobile & Mobility,1744.0,11.94,Weak,False,-0.6067415730337079,-0.6656529747433123,-0.6517412935323383
773,GANGESSECU,Financial Services,1383.0,30.21,Weak,False,-0.24645911277391763,-0.30537051448352204,-0.35769349367869263
774,GARFIBRES,Industrials & Infrastructure,1148.0,40.17,Neutral,False,0.0008417508417508657,-0.05806965086785354,-0.2438417358008934
775,GARUDA,Industrials & Infrastructure,12.0,94.33,Strong,False,-0.05725734169873986,-0.11616874340834427,-0.4522011800140281
776,GATECH,Technology,867.0,51.56,Neutral,False,0.140625,0.0817135982903956,-0.4736842105263158
777,GATECHDVR,Technology,1233.0,36.68,Weak,False,-0.13207547169811318,-0.19098687340771758,-0.36206896551724144
778,GATEWAY,Services & Others,930.0,49.08,Neutral,False,-0.16511103958802698,-0.22402244129763138,-0.2510427931407385
780,GAYAHWS,Industrials & Infrastructure,469.0,67.61,Positive,True,-0.5544794188861986,-0.613390820595803,-0.6013215859030837
783,GEECEE,Industrials & Infrastructure,1027.0,45.44,Neutral,False,0.020585797181541965,-0.03832560452806244,-0.40291458642558364
784,GEEKAYWIRE,"Metals, Mining & Chemicals",1613.0,20.04,Weak,False,-0.07327711544053506,-0.13218851715013946,-0.4690117252931323
787,GENESYS,Technology,1485.0,25.97,Weak,False,-0.44032929974211465,-0.49924070145171906,-0.7044117647058823
789,GENUSPAPER,Industrials & Infrastructure,1445.0,27.56,Weak,False,-0.4149305555555556,-0.47384195726516,-0.49773755656108587
790,GENUSPOWER,Energy,909.0,49.94,Neutral,False,-0.047765544041450725,-0.10667694575105513,-0.39370856256171527
791,GEOJITFSL,Financial Services,1293.0,34.38,Weak,False,0.0019193857965449368,-0.05699201591305947,-0.3516781836130306
792,GESHIP,Services & Others,765.0,56.15,Neutral,False,0.5417253167102354,0.482813915000631,-0.25860665270993255
794,GHCL,"Metals, Mining & Chemicals",785.0,55.45,Neutral,False,-0.3237256032281972,-0.3826370049378016,-0.3746097022313608
795,GHCLTEXTIL,Industrials & Infrastructure,1404.0,29.35,Weak,False,0.7478610318900702,0.6889496301804658,-0.2147136352743827
796,GICHSGFIN,Financial Services,1109.0,41.71,Neutral,False,-0.22476723596275772,-0.2836786376723621,-0.2702161951870172
799,GILLANDERS,Services & Others,998.0,46.46,Neutral,False,-0.07685694635488305,-0.13576834806448745,-0.395665878644602
800,GILLETTE,Consumer & FMCG,411.0,70.16,Positive,False,-0.2784434257136904,-0.3373548274232948,-0.2784434257136904
801,GINNIFILA,Industrials & Infrastructure,197.0,80.9,Strong,True,-0.10279751332149212,-0.16170891503109652,-0.2924406047516198
802,GIPCL,Energy,1350.0,31.86,Weak,False,0.0012638057036100658,-0.05764759600599434,-0.36624521273805155
806,GKWLIMITED,Industrials & Infrastructure,1556.0,22.79,Weak,False,-0.07528374788698389,-0.1341951495965883,-0.23105501830301034
807,GLAND,Healthcare & Pharmaceuticals,86.0,87.41,Strong,False,0.4614452967299152,0.4025338950203108,-0.19418651594670977
808,GLAXO,Healthcare & Pharmaceuticals,807.0,54.67,Neutral,False,0.0738543674922143,0.014942965782609896,-0.24000867240008672
809,GLENMARK,Healthcare & Pharmaceuticals,542.0,63.86,Positive,False,0.18706614944875444,0.12815474773915003,-0.11634062616319951
811,GLOBAL,Services & Others,325.0,74.68,Positive,False,1.0542742927429276,0.9953628910333232,-0.2033845836342999
812,GLOBALE,Industrials & Infrastructure,1740.0,12.01,Weak,False,-0.18613413715146943,-0.24504553886107383,-0.27112676056338036
813,GLOBALVECT,Services & Others,1725.0,12.9,Weak,False,-0.34102077555587995,-0.39993217726548436,-0.48375421567821
814,GLOBE,Industrials & Infrastructure,1785.0,9.46,Weak,False,-0.013452914798206206,-0.07236431650781061,-0.44126984126984126
816,GLOBUSSPR,Consumer & FMCG,532.0,64.09,Positive,False,-0.22990504841590675,-0.28881645012551116,-0.32745328081790004
817,GLOSTERLTD,Industrials & Infrastructure,1014.0,46.03,Neutral,False,-0.16411277965062832,-0.22302418136023272,-0.27213289745813607
819,GMBREW,Consumer & FMCG,943.0,48.85,Neutral,False,0.32875111691525194,0.26983971520564753,-0.3168011390602753
820,GMDCLTD,"Metals, Mining & Chemicals",119.0,85.0,Strong,True,-0.15847566870770224,-0.21738707041730665,-0.3006360897221292
821,GMMPFAUDLR,Industrials & Infrastructure,1316.0,33.11,Weak,False,0.4054695660431109,0.3465581643335065,-0.43114741465670026
822,GMRAIRPORT,Industrials & Infrastructure,419.0,69.79,Positive,False,0.06055518244907088,0.0016437807394664716,-0.21781264420858326
823,GMRP&UI,Energy,977.0,47.28,Neutral,False,-0.10840843468369932,-0.16731983639330372,-0.3211286784174294
824,GNA,Automobile & Mobility,1292.0,34.45,Weak,False,0.8981806575167572,0.8392692558071528,-0.23709536307961498
825,GNFC,"Metals, Mining & Chemicals",1370.0,30.87,Weak,False,0.2508061265618702,0.19189472485226577,-0.2945423043603812
827,GOACARBON,"Metals, Mining & Chemicals",1762.0,11.16,Weak,False,-0.08429248476641849,-0.1432038864760229,-0.3980985684624633
828,GOCLCORP,"Metals, Mining & Chemicals",462.0,68.05,Positive,False,0.05321661803529243,-0.005694783674311976,-0.38700449530036785
829,GOCOLORS,Consumer & FMCG,1474.0,26.45,Weak,False,-0.5546138671732301,-0.6135252688828345,-0.6609542771812558
831,GODFRYPHLP,Consumer & FMCG,67.0,89.25,Strong,False,-0.42795794461720715,-0.48686934632681156,-0.4665586669752373
833,GODREJAGRO,Consumer & FMCG,894.0,50.33,Neutral,False,-0.0759384438371925,-0.1348498455467969,-0.2621889831727311
834,GODREJCP,Consumer & FMCG,493.0,66.81,Positive,False,-0.2442974055371756,-0.30320880724678,-0.31658692185007975
835,GODREJIND,"Metals, Mining & Chemicals",498.0,66.38,Positive,False,-0.09464916708732962,-0.15356056879693403,-0.3698468786808009
836,GODREJPROP,Industrials & Infrastructure,1306.0,33.6,Weak,False,-0.17760047281323887,-0.23651187452284328,-0.3659009610826187
837,GOKEX,Industrials & Infrastructure,1440.0,27.81,Weak,False,-0.056986455189837915,-0.11589785689944232,-0.42913572444303993
838,GOKUL,Energy,1366.0,31.07,Weak,False,-0.07823446987389071,-0.13714587158349512,-0.2714745062011943
839,GOKULAGRO,Consumer & FMCG,42.0,90.8,Strong,False,0.05392491467576788,-0.004986487033836529,-0.29579282060734524
841,GOLDIAM,Consumer & FMCG,465.0,67.78,Positive,False,0.08995815899581583,0.031046757286211424,-0.34641582873824195
842,GOLDTECH,Technology,1114.0,41.46,Neutral,False,-0.23246988945718527,-0.2913812911667897,-0.5164113785557987
843,GOODLUCK,"Metals, Mining & Chemicals",289.0,76.13,Strong,False,0.19862227324913895,0.13971087153953454,-0.2959816303099885
845,GOPAL,Consumer & FMCG,832.0,53.1,Neutral,False,-0.26315789473684215,-0.32206929644644655,-0.31104048638938786
846,GOYALALUM,Services & Others,1511.0,24.6,Weak,False,-0.17655172413793108,-0.23546312584753548,-0.47388781431334615
847,GPIL,Energy,265.0,77.32,Strong,False,-0.08587414855660058,-0.144785550266205,-0.26284126205656366
848,GPPL,Services & Others,388.0,71.66,Positive,False,0.007943512797881747,-0.05096788891172266,-0.26455245080316114
849,GPTHEALTH,Healthcare & Pharmaceuticals,702.0,58.35,Neutral,False,0.057874762808349134,-0.0010366389012552713,-0.240732205175479
850,GPTINFRA,Industrials & Infrastructure,1060.0,44.03,Neutral,False,0.0253990651732956,-0.03351233653630881,-0.2414955322150808
853,GRANULES,Healthcare & Pharmaceuticals,617.0,61.66,Positive,False,0.5689671058693448,0.5100557041597404,-0.13186369509043938
854,GRAPHITE,Industrials & Infrastructure,586.0,62.69,Positive,False,0.4563018317688874,0.397390430059283,-0.25192071792885273
855,GRASIM,"Metals, Mining & Chemicals",700.0,58.43,Neutral,False,0.12915367243789655,0.07024227072829214,-0.14452293236894587
858,GRAVITA,"Metals, Mining & Chemicals",1200.0,38.19,Weak,False,-0.05356341009686316,-0.11247481180646757,-0.3094273221712701
859,GREAVESCOT,Industrials & Infrastructure,1152.0,40.05,Neutral,False,0.07127911842655887,0.012367716716954469,-0.48180451127819546
860,GREENLAM,Real Estate & Construction,1174.0,39.41,Weak,False,-0.13349533901681143,-0.19240674072641584,-0.2508700481303221
861,GREENPANEL,Industrials & Infrastructure,1129.0,40.94,Neutral,False,-0.4644803229061554,-0.5233917246157598,-0.5124435847840103
862,GREENPLY,Industrials & Infrastructure,826.0,53.39,Neutral,False,-0.05744609164420489,-0.1163574933538093,-0.4131489015459723
863,GREENPOWER,Energy,1007.0,46.2,Neutral,False,-0.33156297420333836,-0.39047437591294276,-0.4393305439330544
864,GRINDWELL,Industrials & Infrastructure,952.0,48.72,Neutral,False,0.17450404114621598,0.11559263943661158,-0.2335558074130044
865,GRINFRA,Industrials & Infrastructure,841.0,52.64,Neutral,False,-0.35058498537536564,-0.40949638708497005,-0.3796664328579221
866,GRMOVER,Consumer & FMCG,340.0,74.03,Positive,False,-0.33766556291390726,-0.39657696462351166,-0.5332515194015895
867,GROBTEA,Consumer & FMCG,876.0,51.24,Neutral,False,-0.15290322580645155,-0.21181462751605595,-0.3302325581395349
869,GRPLTD,Industrials & Infrastructure,1742.0,11.98,Weak,False,-0.11337394308573512,-0.17228534479533952,-0.3138790035587189
870,GRSE,Industrials & Infrastructure,323.0,74.77,Positive,False,-0.15085848271688962,-0.20976988442649402,-0.32463797884358636
871,GRWRHITECH,Industrials & Infrastructure,1412.0,29.1,Weak,False,1.1739201463765276,1.1150087446669232,-0.351267720501811
872,GSFC,"Metals, Mining & Chemicals",788.0,55.33,Neutral,False,-0.22128937057955533,-0.28020077228915974,-0.30191044476758755
873,GSLSU,Real Estate & Construction,1816.0,5.4,Weak,False,-0.6937881873727088,-0.7526995890823132,-0.8186722613517159
875,GSS,Technology,1830.0,3.09,Weak,False,-0.5923718712753279,-0.6512832729849323,-0.6678095238095239
876,GTECJAINX,Services & Others,1530.0,23.95,Weak,False,0.06222922410397791,0.003317822394373504,-0.40604982206405693
877,GTL,Services & Others,1401.0,29.43,Weak,False,-0.27329842931937176,-0.33220983102897617,-0.47132429614181437
878,GTLINFRA,Services & Others,1637.0,18.63,Weak,False,-0.2781456953642384,-0.3370570970738428,-0.35761589403973515
879,GTPL,Services & Others,1475.0,26.4,Weak,False,-0.4919899990739883,-0.5509014007835927,-0.5185490519373455
880,GUFICBIO,Healthcare & Pharmaceuticals,1044.0,44.67,Neutral,False,0.1972091698704257,0.1382977681608213,-0.2577011806215225
881,GUJALKALI,"Metals, Mining & Chemicals",1289.0,34.58,Weak,False,0.09679753935227065,0.03788613764266624,-0.27923773059519663
882,GUJAPOLLO,Industrials & Infrastructure,515.0,65.12,Positive,False,-0.271495626200128,-0.3304070279097324,-0.3293314013661768
883,GUJENERGY,Energy,1128.0,40.96,Neutral,False,-0.4597333946219261,-0.5186447963315305,-0.4775510204081632
884,GUJRAFFIA,Industrials & Infrastructure,1302.0,33.83,Weak,False,0.03427109974424547,-0.024640301965358935,-0.5886516593177071
886,GULFOILLUB,Energy,279.0,76.49,Strong,False,-0.10436325510121791,-0.16327465681082232,-0.31171399193229454
887,GULFPETRO,Energy,1586.0,21.33,Weak,False,0.5171215880893301,0.45821018637972566,-0.4075723830734965
888,GULPOLY,Consumer & FMCG,1532.0,23.94,Weak,False,0.132673942701228,0.0737625409916236,-0.22749476622470322
889,GVKPIL,Energy,1649.0,18.01,Weak,False,-0.24431818181818177,-0.3032295835277862,-0.4289693593314764
890,GVPIL,Energy,574.0,62.86,Positive,False,0.9502994011976047,0.8913879994880003,-0.4161296436694465
891,GVPTECH,Technology,1052.0,44.21,Neutral,False,-0.16884531590413943,-0.22775671761374383,-0.458045409674235
892,GVT&D,Industrials & Infrastructure,4.0,95.5,Strong,False,0.36771884152294176,0.30880743981333736,-0.26807626276316976
894,HAL,Services & Others,193.0,81.38,Strong,False,-0.013615355789648897,-0.0725267574992533,-0.2851901199139081
897,HALEOSLABS,Healthcare & Pharmaceuticals,1294.0,34.38,Weak,False,0.28556867408477027,0.22665727237516586,-0.2165658251616941
899,HAPPSTMNDS,Technology,1327.0,32.79,Weak,False,-0.41584252567516167,-0.4747539273847661,-0.41584252567516167
900,HAPPYFORGE,Automobile & Mobility,693.0,58.61,Neutral,False,1.1626861630111023,1.1037747613014979,-0.17505371013055693
901,HARDWYN,"Metals, Mining & Chemicals",820.0,53.73,Neutral,False,-0.04550155118924504,-0.10441295289884944,-0.5418163160595177
903,HARRMALAYA,Consumer & FMCG,868.0,51.52,Neutral,False,-0.1643024239709322,-0.2232138256805366,-0.2728453876136856
904,HARSHA,Industrials & Infrastructure,901.0,50.18,Neutral,False,0.17370477751166025,0.11479337580205584,-0.22892896577107114
905,HATHWAY,Services & Others,1005.0,46.33,Neutral,False,-0.3321454027084818,-0.3910568044180862,-0.3771067415730338
907,HAVELLS,Industrials & Infrastructure,924.0,49.36,Neutral,False,-0.2694586587664961,-0.3283700604761005,-0.2811713263548431
908,HAVISHA,Healthcare & Pharmaceuticals,1372.0,30.83,Weak,False,-0.3065326633165829,-0.3654440650261873,-0.513157894736842
912,HBLENGINE,Automobile & Mobility,6.0,95.38,Strong,False,-0.05831235766510845,-0.11722375937471285,-0.44048052420822714
914,HBSL,Financial Services,1731.0,12.52,Weak,False,-0.3084644937414798,-0.3673758954510842,-0.5754829715196176
915,HCC,Industrials & Infrastructure,1577.0,21.76,Weak,False,-0.25218340611353707,-0.3110948078231415,-0.5268780151619572
916,HCG,Healthcare & Pharmaceuticals,378.0,72.01,Positive,False,0.06322104291647435,0.004309641206869941,-0.32790158443900563
917,HCL-INSYS,Technology,1452.0,27.32,Weak,False,-0.32505036937541976,-0.38396177108502416,-0.40680100755667503
918,HCLTECH,Technology,1308.0,33.47,Weak,False,-0.09852464915437209,-0.1574360508639765,-0.40205827937095273
920,HDFCAMC,Financial Services,48.0,90.4,Strong,False,-0.17123830093592507,-0.23014970264552947,-0.23625086147484486
921,HDFCBANK,Financial Services,439.0,68.96,Positive,False,-0.25506345506345507,-0.3139748567730595,-0.3193660227835562
925,HEALTHX,Financial Services,364.0,72.62,Positive,False,-0.08341369334619109,-0.1423250950557955,-0.22124564327928464
926,HECPROJECT,Industrials & Infrastructure,369.0,72.39,Positive,False,-0.2402558061258836,-0.299167207835488,-0.36355791569863927
928,HEIDELBERG,Real Estate & Construction,633.0,60.94,Positive,False,-0.35316405865564415,-0.41207546036524856,-0.35316405865564415
930,HERANBA,"Metals, Mining & Chemicals",1375.0,30.56,Weak,False,-0.39809332664325137,-0.45700472835285577,-0.5041863393138181
931,HERITGFOOD,Consumer & FMCG,533.0,64.08,Positive,False,-0.17730714139553916,-0.23621854310514356,-0.411688181727209
932,HEROMOTOCO,Automobile & Mobility,50.0,90.34,Strong,False,-0.007823285780027667,-0.06673468748963207,-0.24801196756160926
933,HESTERBIO,Healthcare & Pharmaceuticals,331.0,74.36,Positive,False,0.14516559116847128,0.08625418945886687,-0.3285158124900005
935,HEXATRADEX,Services & Others,1524.0,24.15,Weak,False,-0.10842680471670973,-0.16733820642631414,-0.13272157564905984
937,HFCL,Services & Others,1712.0,13.89,Weak,False,1.8046853718332878,1.7457739701236834,-0.22158365261813529
938,HGINFRA,Industrials & Infrastructure,1766.0,10.67,Weak,False,-0.5373367331009002,-0.5962481348105046,-0.5509184576156528
939,HGM,Technology,60.0,89.83,Strong,False,-0.43976639956539454,-0.49867780127499894,-0.47725256621467493
940,HGS,Technology,1537.0,23.74,Weak,False,-0.250201369311317,-0.3091127710209214,-0.35449438202247197
941,HIKAL,Healthcare & Pharmaceuticals,1765.0,10.75,Weak,False,-0.18117647058823527,-0.24008787229783968,-0.4258051922701541
943,HILTON,Automobile & Mobility,1821.0,4.9,Weak,False,-0.627193956898467,-0.6861053586080714,-0.6955325005293245
944,HIMATSEIDE,Industrials & Infrastructure,1753.0,11.5,Weak,False,-0.44845704753961646,-0.5073684492492209,-0.5109483363204239
946,HINDALCO,"Metals, Mining & Chemicals",167.0,82.61,Strong,False,0.2479926888178079,0.1890812871082035,-0.18552665912846833
948,HINDCOMPOS,Automobile & Mobility,848.0,52.28,Neutral,False,-0.1603188662533216,-0.219230267962926,-0.2888049801000102
949,HINDCON,"Metals, Mining & Chemicals",1500.0,25.05,Weak,False,-0.04498269896193774,-0.10389410067154214,-0.499102870813397
950,HINDCOPPER,"Metals, Mining & Chemicals",80.0,88.55,Strong,False,0.43036087086191466,0.37144946915231025,-0.40905203605025986
951,HINDOILEXP,Energy,914.0,49.78,Neutral,False,-0.0010395010395011228,-0.05995090274910553,-0.31664356664356663
952,HINDPETRO,Energy,326.0,74.68,Positive,False,-0.211671270718232,-0.2705826724278364,-0.3604849213505661
953,HINDUNILVR,Consumer & FMCG,299.0,75.76,Strong,False,-0.25242488762715865,-0.31133628933676305,-0.2718055075469523
954,HINDWAREAP,Consumer & FMCG,541.0,63.87,Positive,False,-0.48082901554404145,-0.5397404172536459,-0.5528160693186294
955,HINDZINC,"Metals, Mining & Chemicals",445.0,68.67,Positive,False,0.19040199439077599,0.13149059268117158,-0.3294141914191421
957,HISARMETAL,"Metals, Mining & Chemicals",1194.0,38.5,Weak,False,-0.16551345414607355,-0.22442485585567795,-0.3291546126647379
958,HITECH,"Metals, Mining & Chemicals",1021.0,45.66,Neutral,False,-0.3803126320236586,-0.439224033733263,-0.41803413193304884
959,HITECHCORP,Industrials & Infrastructure,1139.0,40.34,Neutral,False,0.8207753426118487,0.7618639409022443,-0.42953388561732697
960,HITECHGEAR,Automobile & Mobility,671.0,59.62,Neutral,False,-0.13411623406952689,-0.1930276357791313,-0.3978654186404885
961,HLEGLAS,Industrials & Infrastructure,218.0,79.53,Strong,False,-0.09339530861528478,-0.15230671032488918,-0.6108527131782946
962,HLVLTD,Services & Others,1698.0,14.94,Weak,False,-0.44512195121951226,-0.5040333529291167,-0.5119453924914676
963,HMAAGRO,Consumer & FMCG,988.0,46.76,Neutral,False,-0.22591040928134065,-0.28482181099094506,-0.3754298218193185
965,HMVL,Services & Others,651.0,60.33,Positive,False,-0.17806912991656743,-0.23698053162617183,-0.3397797989468646
966,HNDFDS,Consumer & FMCG,887.0,50.58,Neutral,False,0.12173994038748148,0.06282853867787708,-0.19235991671947128
967,HOMEFIRST,Financial Services,264.0,77.36,Strong,False,-0.11373946856772532,-0.17265087027732973,-0.283667168078537
968,HONASA,Consumer & FMCG,751.0,56.64,Neutral,False,0.6264177281451753,0.5675063264355709,-0.1423791199598462
969,HONAUT,Consumer & FMCG,752.0,56.62,Neutral,False,-0.058798999165971644,-0.11771040087557605,-0.296028880866426
970,HONDAPOWER,Energy,845.0,52.4,Neutral,False,-0.3201211723055586,-0.379032574015163,-0.32965597329075336
971,HPAL,"Metals, Mining & Chemicals",1593.0,21.03,Weak,False,-0.2777316161196509,-0.3366430178292553,-0.4847905108092597
972,HPIL,"Metals, Mining & Chemicals",1312.0,33.22,Weak,False,-0.1411134266150641,-0.2000248283246685,-0.2386135181975736
973,HPL,Energy,925.0,49.34,Neutral,False,-0.4122559652928417,-0.4711673670024461,-0.45140296596607277
975,HSCL,"Metals, Mining & Chemicals",1022.0,45.62,Neutral,False,0.49459007250418296,0.43567867079457856,-0.20433262579597944
976,HTMEDIA,Services & Others,271.0,76.95,Strong,False,-0.14728682170542629,-0.2061982234150307,-0.35628105039034763
977,HUBTOWN,Industrials & Infrastructure,207.0,79.99,Strong,False,-0.40365896980461813,-0.46257037151422253,-0.4962640660165042
978,HUDCO,Financial Services,484.0,67.06,Positive,False,-0.27448703058459156,-0.33339843229419597,-0.3457959250604681
979,HUHTAMAKI,Industrials & Infrastructure,706.0,58.17,Neutral,False,-0.00038413931452474515,-0.05929554102412915,-0.44487649520423656
980,HYBRIDFIN,Financial Services,708.0,58.14,Neutral,False,0.09457755359394704,0.035666151884342634,-0.5386674598453302
981,HYUNDAI,Technology,234.0,78.53,Strong,False,-0.19174680750433548,-0.2506582092139399,-0.3333596090178148
983,ICDSLTD,Financial Services,336.0,74.18,Positive,False,0.04134615384615392,-0.017565247863450484,-0.3066568320118016
984,ICEMAKE,Technology,1268.0,35.43,Weak,False,-0.13291900561347236,-0.19183040732307677,-0.2677351995033579
986,ICICIBANK,Financial Services,811.0,54.43,Neutral,False,-0.05102040816326525,-0.10993180987286966,-0.16082115518441187
989,ICIL,Industrials & Infrastructure,1457.0,27.04,Weak,False,0.6324865566475062,0.5735751549379018,-0.3124598488788277
990,ICRA,Services & Others,248.0,78.0,Strong,False,-0.3157552186681484,-0.3746666203777528,-0.34000918695452464
991,IDBI,Financial Services,579.0,62.79,Positive,False,-0.08619382782891172,-0.14510522953851612,-0.469873286785622
992,IDEA,Services & Others,1085.0,42.64,Neutral,False,0.580985915492958,0.5220745137833536,-0.2927031509121062
993,IDEAFORGE,Industrials & Infrastructure,1180.0,39.05,Weak,False,0.407603890362511,0.3486924886529066,-0.2721007358275469
994,IDFCFIRSTB,Financial Services,509.0,65.65,Positive,False,0.16705302810779488,0.10814162639819047,-0.3162542116881608
995,IEX,Energy,1112.0,41.61,Neutral,False,-0.21129055106955663,-0.27020195277916104,-0.2815609251841322
996,IFBAGRO,Consumer & FMCG,52.0,90.29,Strong,False,-0.015513822465881177,-0.07442522417548558,-0.6102555327401324
997,IFBIND,Consumer & FMCG,620.0,61.56,Positive,False,-0.2859747133196119,-0.3448861150292163,-0.5428936605316972
998,IFCI,Services & Others,1048.0,44.31,Neutral,False,0.274846404047705,0.2159350023381006,-0.3117744610281924
999,IFGLEXPOR,Industrials & Infrastructure,565.0,63.17,Positive,False,-0.318684815273113,-0.3775962169827174,-0.5940594059405941
1000,IGARASHI,Industrials & Infrastructure,1326.0,32.87,Weak,False,-0.18519968676585752,-0.24411108847546192,-0.4940327504857064
1003,IGL,Energy,597.0,62.3,Positive,False,-0.3137498803942207,-0.3726612821038251,-0.3483554424859169
1004,IGPL,"Metals, Mining & Chemicals",1406.0,29.34,Weak,False,0.371256779061542,0.31234537735193757,-0.23301084042429188
1005,IIFL,Financial Services,241.0,78.32,Strong,False,0.3227554179566563,0.2638440162470519,-0.36954070510411186
1006,IIFLCAPS,Financial Services,1064.0,43.8,Neutral,False,0.19216094346167178,0.13324954175206738,-0.38268015170670033
1007,IITL,Financial Services,1241.0,36.24,Weak,False,-0.349933303690529,-0.4088447054001334,-0.39637369695173164
1008,IKIO,Technology,1480.0,26.16,Weak,False,-0.060257979474625634,-0.11916938118423004,-0.5065967912471843
1012,IMAGICAA,Consumer & FMCG,1747.0,11.79,Weak,False,-0.044523099850968695,-0.1034345015605731,-0.32915472779369626
1013,IMFA,"Metals, Mining & Chemicals",146.0,83.72,Strong,False,0.06292352371732823,0.004012122007723828,-0.2707706704097319
1017,INCREDIBLE,"Metals, Mining & Chemicals",89.0,87.18,Strong,False,-0.29203916560238397,-0.35095056731198837,-0.3916560238399319
1019,INDGN,Healthcare & Pharmaceuticals,626.0,61.25,Positive,False,0.08385614562163113,0.024944743912026723,-0.2695127210004312
1020,INDHOTEL,Services & Others,622.0,61.52,Positive,False,-0.016937435188385752,-0.07584883689799016,-0.2383779096911891
1021,INDIACEM,Real Estate & Construction,517.0,65.06,Positive,False,-0.2014314928425358,-0.2603428945521402,-0.34719465050673914
1023,INDIAMART,Consumer & FMCG,281.0,76.41,Strong,False,-0.31760390178831965,-0.37651530349792406,-0.34861249750449186
1024,INDIANB,Financial Services,26.0,92.3,Strong,False,0.08873210772674867,0.02982070601714426,-0.22101759870909177
1025,INDIANCARD,Industrials & Infrastructure,1596.0,20.85,Weak,False,-0.27000192418703106,-0.32891332589663547,-0.40342857142857147
1026,INDIANHUME,Industrials & Infrastructure,1161.0,39.86,Weak,False,-0.04458685574038712,-0.10349825744999153,-0.33760884914097444
1028,INDIGO,Services & Others,415.0,69.96,Positive,False,-0.13048519443453444,-0.18939659614413884,-0.3354398382204248
1031,INDNIPPON,Automobile & Mobility,77.0,88.88,Strong,False,0.2856502465507793,0.2267388448411749,-0.3710991758496158
1032,INDOAMIN,"Metals, Mining & Chemicals",995.0,46.5,Neutral,False,-0.009724823512462177,-0.06863622522206658,-0.40984549047790153
1033,INDOBORAX,"Metals, Mining & Chemicals",474.0,67.31,Positive,False,0.9715547849062836,0.9126433831966791,-0.23258680912266294
1034,INDOCO,Healthcare & Pharmaceuticals,870.0,51.48,Neutral,False,-0.14161640530759945,-0.20052780701720385,-0.44753242378305547
1035,INDOFARM,Automobile & Mobility,59.0,89.88,Strong,False,-0.43132438270297746,-0.49023578441258187,-0.5740832982106594
1038,INDORAMA,Industrials & Infrastructure,34.0,91.53,Strong,False,0.697541259683395,0.6386298579737906,-0.5927179209528965
1039,INDOSTAR,Financial Services,1773.0,10.16,Weak,False,-0.16755497650913975,-0.22646637821874416,-0.3213727969063732
1040,INDOTECH,Industrials & Infrastructure,1334.0,32.5,Weak,False,0.8181132513344163,0.7592018496248119,-0.41134789557805007
1041,INDOTHAI,Technology,22.0,92.63,Strong,False,-0.896300085251492,-0.9552114869610964,-0.9339487402258906
1042,INDOUS,Services & Others,1304.0,33.74,Weak,False,-0.4337428218361561,-0.4926542235457605,-0.48805732484076425
1043,INDOWIND,Energy,1615.0,19.9,Weak,False,-0.46666666666666656,-0.525578068376271,-0.6062465142219744
1045,INDRAMEDCO,Healthcare & Pharmaceuticals,543.0,63.81,Positive,False,-0.2096597145993414,-0.2685711163089458,-0.43882466281310195
1046,INDSWFTLAB,Healthcare & Pharmaceuticals,795.0,55.17,Neutral,False,3.191229331416247,3.132317929706643,-0.181446745287399
1049,INDUSTOWER,Services & Others,797.0,55.05,Neutral,False,0.02258201959948858,-0.036329382110115827,-0.24646781789638939
1050,INFOBEAN,Technology,40.0,91.0,Strong,False,0.17081475476286978,0.11190335305326538,-0.5082802547770702
1052,INFY,Technology,987.0,46.93,Neutral,False,-0.30612809517222295,-0.36503949688182735,-0.4169132441709078
1053,INGERRAND,Industrials & Infrastructure,261.0,77.56,Strong,False,0.02408295779425318,-0.034828443915351226,-0.247446767511321
1054,INNOVACAP,Healthcare & Pharmaceuticals,753.0,56.58,Neutral,False,0.4572968015590968,0.3983853998494924,-0.2608620887309412
1057,INOXGREEN,Energy,29.0,91.94,Strong,False,-0.17399543268062778,-0.2329068343902322,-0.5040044085231448
1058,INOXINDIA,Industrials & Infrastructure,430.0,69.32,Positive,False,0.7678848474400963,0.7089734457304919,-0.13803467200975705
1059,INOXWIND,Industrials & Infrastructure,1288.0,34.61,Weak,False,-0.49349278930706997,-0.5524041910166744,-0.5580286168521462
1060,INSECTICID,"Metals, Mining & Chemicals",883.0,50.8,Neutral,False,-0.19974588738798982,-0.2586572890975942,-0.29367731586686274
1061,INSPIRISYS,Technology,891.0,50.42,Neutral,False,-0.09623564440663557,-0.15514704611623997,-0.38068913290420303
1062,INTELLECT,Technology,273.0,76.67,Strong,False,-0.35305265314484746,-0.41196405485445187,-0.5003756260434058
1063,INTENTECH,Technology,703.0,58.33,Neutral,False,-0.32325619295958286,-0.38216759466918726,-0.5029770343067763
1064,INTERARCH,Industrials & Infrastructure,337.0,74.17,Positive,False,-0.11536267952506873,-0.17427408123467314,-0.377906533506137
1065,INTLCONV,Industrials & Infrastructure,246.0,78.04,Strong,False,-0.21489633487275217,-0.2738077365823566,-0.45714801770071345
1066,INVENTURE,Services & Others,1271.0,35.35,Weak,False,-0.4161073825503355,-0.47501878425993993,-0.45033112582781454
1068,IOB,Financial Services,1009.0,46.17,Neutral,False,-0.1976744186046513,-0.2565858203142557,-0.22842389968035415
1069,IOC,Energy,581.0,62.78,Positive,False,-0.10941883767535066,-0.16833023938495506,-0.2969008374673281
1070,IOLCP,Healthcare & Pharmaceuticals,350.0,73.53,Positive,False,0.8346574446209927,0.7757460429113883,-0.36246378166183757
1071,IONEXCHANG,Industrials & Infrastructure,1672.0,16.35,Weak,False,0.03957718780727615,-0.019334213902328257,-0.2276323797930614
1072,IPCALAB,Healthcare & Pharmaceuticals,866.0,51.6,Neutral,False,0.44601823250207184,0.38710683079246744,-0.11301694201831003
1073,IPL,"Metals, Mining & Chemicals",228.0,78.83,Strong,False,-0.3740603292416025,-0.4329717309512069,-0.4093200772746548
1075,IRB,Industrials & Infrastructure,1147.0,40.25,Neutral,False,-0.17357762777242036,-0.23248902948202477,-0.24956217162872152
1076,IRCON,Industrials & Infrastructure,1527.0,24.07,Weak,False,-0.405310448105057,-0.4642218498146614,-0.43455640744797364
1077,IRCTC,Consumer & FMCG,798.0,54.93,Neutral,False,-0.357785173121858,-0.4166965748314624,-0.38007253815096154
1079,IRFC,Financial Services,1342.0,32.16,Weak,False,-0.3743030109925124,-0.4332144127021168,-0.41222687818018555
1080,IRIS,Technology,1220.0,37.19,Weak,False,-0.29778397644506427,-0.3566953781546687,-0.4396652497343252
1081,IRISDOREME,Industrials & Infrastructure,316.0,75.04,Strong,False,1.0031908104658585,0.944279408756254,-0.2808785529715764
1082,IRMENERGY,Energy,470.0,67.61,Positive,False,-0.27988061321394664,-0.33879201492355104,-0.5222900556233889
1083,ISFT,Technology,1361.0,31.3,Weak,False,-0.05001973164956586,-0.10893113335917026,-0.46150087942153606
1084,ISGEC,Industrials & Infrastructure,1778.0,9.99,Weak,False,-0.00872239306681577,-0.06763379477642018,-0.33133933056303944
1087,ITC,Consumer & FMCG,582.0,62.78,Positive,False,-0.34615384615384626,-0.40506524786345066,-0.39397533206831126
1089,ITDC,Services & Others,973.0,47.4,Neutral,False,0.13151152860802728,0.07260012689842288,-0.44935721185999855
1090,ITI,Services & Others,1340.0,32.28,Weak,False,-0.1994789122292786,-0.258390313938883,-0.32973503434739937
1093,IVC,Financial Services,1644.0,18.28,Weak,False,-0.031017369727047273,-0.08992877143665168,-0.3326203208556149
1094,IVP,"Metals, Mining & Chemicals",1628.0,19.32,Weak,False,0.47019952524539677,0.41128812353579236,-0.3738035264483628
1096,IXIGO,Consumer & FMCG,20.0,92.77,Strong,False,-0.4529805996472662,-0.5118920013568706,-0.5479660259275816
1097,IZMO,Technology,51.0,90.34,Strong,True,-0.24466061392131433,-0.30357201563091873,-0.5039342844790315
1098,J&KBANK,Financial Services,437.0,69.0,Positive,False,0.3658185309649544,0.30690712925535,-0.261614326498832
1099,JAGRAN,Services & Others,721.0,57.48,Neutral,False,-0.13216783216783223,-0.19107923387743664,-0.22020460358056282
1100,JAGSNPHARM,Healthcare & Pharmaceuticals,403.0,70.55,Positive,False,0.08382048745390769,0.024909085744303283,-0.2888113740727658
1101,JAIBALAJI,Technology,1804.0,7.62,Weak,False,-0.35470432838853894,-0.41361573009814334,-0.4604882909815644
1102,JAICORPLTD,Technology,424.0,69.56,Positive,False,-0.3641443057184245,-0.4230557074280289,-0.4788633161108502
1104,JAIPURKURT,Industrials & Infrastructure,1552.0,23.01,Weak,False,-0.3113513513513514,-0.3702627530609558,-0.4045708728422077
1105,JAMNAAUTO,Automobile & Mobility,260.0,77.58,Strong,False,0.3840665873959572,0.3251551856863528,-0.25517706576728494
1107,JASH,Industrials & Infrastructure,1466.0,26.75,Weak,False,0.23363017286537446,0.17471877115577006,-0.3253227408143
1108,JAYAGROGN,"Metals, Mining & Chemicals",1259.0,35.55,Weak,False,-0.042390491230986704,-0.10130189294059111,-0.37787654731245335
1109,JAYBARMARU,Automobile & Mobility,180.0,82.0,Strong,False,0.1408883508706582,0.0819769491610538,-0.4484888040967969
1111,JAYNECOIND,"Metals, Mining & Chemicals",25.0,92.36,Strong,True,0.2717548424400116,0.21284344073040717,-0.27134675459909763
1112,JAYSREETEA,Consumer & FMCG,1348.0,31.92,Weak,False,-0.08184413661837786,-0.14075553832798227,-0.2758169934640522
1113,JBMA,Automobile & Mobility,802.0,54.77,Neutral,False,-0.16188449401922667,-0.22079589572883107,-0.2879320445225543
1115,JETFREIGHT,Services & Others,1101.0,41.93,Neutral,False,0.6136712749615978,0.5547598732519934,-0.21653225806451615
1116,JGCHEM,"Metals, Mining & Chemicals",433.0,69.23,Positive,False,0.49861194930597463,0.43970054759637023,-0.31600179291797403
1117,JHS,Consumer & FMCG,1803.0,7.84,Weak,False,-0.2063063063063062,-0.2652177080159106,-0.5169616519174043
1118,JINDALPHOT,Financial Services,97.0,86.69,Strong,False,-0.04497955474784188,-0.10389095645744628,-0.3688846030215365
1119,JINDALPOLY,Industrials & Infrastructure,1800.0,8.09,Weak,False,0.2199784598815293,0.1610670581719249,-0.3922687574434299
1120,JINDALSAW,"Metals, Mining & Chemicals",1646.0,18.1,Weak,False,0.35049882629107976,0.29158742458147535,-0.251138014527845
1121,JINDALSTEL,"Metals, Mining & Chemicals",420.0,69.74,Positive,False,0.07004694835680736,0.011135546647202954,-0.20740223463687146
1122,JINDRILL,Energy,1117.0,41.34,Neutral,False,0.05190865425128499,-0.007002747458319414,-0.2507781610162362
1123,JINDWORLD,Industrials & Infrastructure,1655.0,17.42,Weak,False,0.36424768842813116,0.30533628671852675,-0.5301142263759087
1124,JIOFIN,Financial Services,426.0,69.52,Positive,False,-0.2651224795867356,-0.32403388129634003,-0.2997777072086377
1125,JISLDVREQS,Industrials & Infrastructure,880.0,50.93,Neutral,False,-0.40930787589498807,-0.4682192776045925,-0.43560271146478036
1126,JISLJALEQS,Industrials & Infrastructure,1598.0,20.75,Weak,False,-0.44525547445255476,-0.5041668761621592,-0.5027219823540454
1127,JITFINFRA,Services & Others,1801.0,8.08,Weak,False,-0.1661041819515775,-0.2250155836611819,-0.3984812150279776
1128,JKCEMENT,Real Estate & Construction,141.0,83.87,Strong,False,-0.20800951625693898,-0.2669209179665434,-0.3009665427509294
1129,JKIL,Industrials & Infrastructure,955.0,48.15,Neutral,False,-0.2842734114361084,-0.3431848131457128,-0.3509370968965779
1131,JKLAKSHMI,Real Estate & Construction,818.0,53.79,Neutral,False,-0.42982253975570406,-0.48873394146530846,-0.4330564308221141
1132,JKPAPER,Industrials & Infrastructure,804.0,54.74,Neutral,False,0.013362178671417757,-0.04554922303818665,-0.2811730205278593
1133,JKTYRE,Automobile & Mobility,636.0,60.81,Positive,False,-0.07818256242325006,-0.13709396413285446,-0.4415605885270292
1134,JLHL,Healthcare & Pharmaceuticals,427.0,69.48,Positive,False,-0.1207930689770077,-0.1797044706866121,-0.24764890282131669
1135,JMA,Automobile & Mobility,676.0,59.38,Neutral,False,-0.04512831665941708,-0.10403971836902148,-0.24814657911459437
1136,JMFINANCIL,Financial Services,82.0,87.85,Strong,False,-0.23253676470588225,-0.29144816641548665,-0.3615622365833099
1137,JNKINDIA,Industrials & Infrastructure,1769.0,10.41,Weak,False,0.5192620727075421,0.4603506709979377,-0.34904967257626585
1139,JOCIL,"Metals, Mining & Chemicals",1040.0,45.0,Neutral,False,-0.05014215559576107,-0.10905355730536548,-0.4020802756684322
1140,JPOLYINVST,Financial Services,298.0,75.83,Strong,False,-0.04098058814245886,-0.09989198985206327,-0.3561034190449279
1141,JPPOWER,Energy,978.0,47.28,Neutral,False,-0.12612612612612628,-0.1850375278357307,-0.3821626617375231
1143,JSL,"Metals, Mining & Chemicals",211.0,79.86,Strong,False,-0.021904512067156268,-0.08081591377676067,-0.2353722636169352
1146,JSWDULUX,"Metals, Mining & Chemicals",850.0,52.18,Neutral,False,-0.04414691514383917,-0.10305831685344358,-0.2530064118440244
1147,JSWENERGY,Energy,668.0,59.76,Neutral,False,-0.07726721968496608,-0.1361786213945705,-0.19786729857819907
1148,JSWHL,Financial Services,1756.0,11.46,Weak,False,-0.28836969149348135,-0.34728109320308576,-0.5192871644484548
1149,JSWINFRA,Services & Others,208.0,79.98,Strong,False,0.10015772870662465,0.041246326997020244,-0.26085173501577286
1150,JSWSTEEL,"Metals, Mining & Chemicals",379.0,71.86,Positive,False,0.10295785708053407,0.04404645537092966,-0.13353115727002973
1151,JTEKTINDIA,Automobile & Mobility,453.0,68.4,Positive,False,-0.28757969592937715,-0.34649109763898156,-0.30671233699897826
1152,JTLIND,"Metals, Mining & Chemicals",1670.0,16.51,Weak,False,0.2346494309400029,0.1757380292303985,-0.47026746299662425
1154,JUBLFOOD,Consumer & FMCG,1054.0,44.16,Neutral,False,-0.22715531159186308,-0.2860667133014675,-0.34394144323335196
1155,JUBLINGREA,"Metals, Mining & Chemicals",953.0,48.53,Neutral,False,0.007927345493727422,-0.05098405621587698,-0.27898767898767907
1156,JUBLPHARMA,Healthcare & Pharmaceuticals,881.0,50.88,Neutral,False,-0.047214734950583925,-0.10612613666018833,-0.31624619031493406
1157,JUNIPER,Services & Others,912.0,49.87,Neutral,False,-0.24830241512075601,-0.3072138168303604,-0.3365700314355571
1158,JUSTDIAL,Consumer & FMCG,931.0,49.08,Neutral,False,-0.20937068810366544,-0.26828208981326984,-0.4300482025669319
1159,JWL,Industrials & Infrastructure,1722.0,13.04,Weak,False,-0.34309784215193617,-0.4020092438615406,-0.36058121133649834
1161,JYOTICNC,Industrials & Infrastructure,1579.0,21.64,Weak,False,0.19159357557808399,0.13268217386847958,-0.4379649628029758
1163,JYOTISTRUC,Industrials & Infrastructure,1590.0,21.12,Weak,False,-0.41976127320954904,-0.47867267491915344,-0.4801043705153295
1164,KABRAEXTRU,Industrials & Infrastructure,1708.0,14.4,Weak,False,2.356601205522069,2.2976898038124647,-0.32116625862452697
1165,KAJARIACER,Real Estate & Construction,238.0,78.43,Strong,False,-0.0019298540023493516,-0.06084125571195376,-0.29957989854153444
1166,KAKATCEM,Real Estate & Construction,1458.0,26.97,Weak,False,-0.282085741163822,-0.3409971428734264,-0.42830264749361646
1167,KALAMANDIR,Technology,233.0,78.61,Strong,False,-0.49720095231967054,-0.556112354029275,-0.6167207387072622
1170,KALYANIFRG,Automobile & Mobility,720.0,57.55,Neutral,False,0.5025041736227045,0.4435927719131001,-0.32310618066561025
1171,KALYANKJIL,Consumer & FMCG,956.0,48.14,Neutral,False,0.21212121212121215,0.15320981041160775,-0.36701109835438195
1174,KAMATHOTEL,Services & Others,145.0,83.73,Strong,False,-0.2669600754479724,-0.3258714771575768,-0.5609636335737302
1175,KAMDHENU,"Metals, Mining & Chemicals",1223.0,37.09,Weak,False,0.3641133263378804,0.305201924628276,-0.4046143250688705
1176,KAMOPAINTS,"Metals, Mining & Chemicals",1802.0,8.03,Weak,False,-0.5198135198135199,-0.5787249215231243,-0.5858930602957906
1177,KANANIIND,Consumer & FMCG,941.0,48.86,Neutral,False,-0.30051813471502586,-0.35942953642463027,-0.46464646464646464
1180,KANORICHEM,"Metals, Mining & Chemicals",1662.0,17.08,Weak,False,1.5177128651336234,1.458801463424019,-0.319102486355367
1181,KANPRPLA,Industrials & Infrastructure,104.0,86.2,Strong,False,0.249937727295372,0.1910263255857676,-0.2888314280529849
1182,KANSAINER,Technology,572.0,62.93,Positive,False,-0.28785811732605737,-0.3467695190356618,-0.3806891181623516
1183,KAPSTON,Services & Others,612.0,61.92,Positive,False,2.2702949224688354,2.211383520759231,-0.14853840924541117
1184,KARMAENG,Energy,1080.0,42.99,Neutral,False,-0.3157342657342658,-0.3746456674438702,-0.45642563940637826
1187,KAVDEFENCE,Technology,14.0,94.18,Strong,True,-0.46369435396308367,-0.5226057556726881,-0.6485477741585234
1188,KAYA,Healthcare & Pharmaceuticals,754.0,56.54,Neutral,False,-0.30419148218900993,-0.36310288389861434,-0.5136003426858
1189,KAYNES,Technology,144.0,83.8,Strong,False,-0.48889199385217275,-0.5478033955617772,-0.6047675490583432
1190,KCP,Real Estate & Construction,1013.0,46.04,Neutral,False,-0.205255179383527,-0.2641665810931314,-0.38358853553199845
1191,KCPSUGIND,Consumer & FMCG,1759.0,11.26,Weak,False,-0.05974943784131059,-0.118660839550915,-0.3204524033930255
1192,KDDL,Consumer & FMCG,856.0,51.93,Neutral,False,0.5065115406267593,0.4476001389171549,-0.25561230113531985
1193,KEC,Industrials & Infrastructure,948.0,48.77,Neutral,False,-0.5425207918472532,-0.6014321935568576,-0.5470308513106008
1194,KECL,Industrials & Infrastructure,1784.0,9.48,Weak,False,0.042726877985236555,-0.01618452372436785,-0.38759505703422037
1195,KEEPLEARN,Services & Others,1403.0,29.38,Weak,False,-0.30740740740740746,-0.36631880911701187,-0.4866666666666667
1196,KEI,Real Estate & Construction,140.0,83.96,Strong,False,0.1194843827466534,0.060572981037049,-0.23378171292354843
1197,KELLTONTEC,Technology,1020.0,45.67,Neutral,False,-0.45230125523012554,-0.51121265693973,-0.4543559816590246
1199,KERNEX,Technology,732.0,57.3,Neutral,False,0.5983958216750604,0.539484419965456,-0.36523220502185016
1201,KEYFINSERV,Financial Services,1616.0,19.9,Weak,False,-0.10193102894536121,-0.16084243065496562,-0.37861111111111123
1202,KFINTECH,Technology,899.0,50.24,Neutral,False,-0.1817382450944096,-0.24064964680401402,-0.3142662580864829
1203,KHADIM,Consumer & FMCG,1547.0,23.23,Weak,False,-0.5425470052335724,-0.6014584069431768,-0.7070270270270269
1204,KHAICHEM,"Metals, Mining & Chemicals",49.0,90.38,Strong,True,-0.5970865885416667,-0.6559979902512711,-0.6605166051660516
1205,KHAITANLTD,Consumer & FMCG,175.0,82.22,Strong,False,0.12760396648474126,0.06869256477513686,-0.341885311432517
1206,KHANDSE,Services & Others,1038.0,45.01,Neutral,False,-0.24406047516198703,-0.30297187687159144,-0.4680851063829786
1207,KICL,Financial Services,957.0,48.07,Neutral,False,-0.062096727594907364,-0.12100812930451177,-0.3609995396021528
1208,KILITCH,Healthcare & Pharmaceuticals,1073.0,43.24,Neutral,False,0.26118535735037773,0.20227395564077333,-0.37806096951524226
1209,KIMS,Healthcare & Pharmaceuticals,358.0,73.2,Positive,False,0.11418810873673513,0.05527670702713072,-0.2084041612837424
1210,KINGFA,Industrials & Infrastructure,108.0,86.0,Strong,False,0.42806012884753053,0.3691487271379261,-0.21913368650670006
1211,KIOCL,"Metals, Mining & Chemicals",423.0,69.61,Positive,False,-0.24892216927615152,-0.3078335709857559,-0.5269279796048439
1213,KIRIINDUS,"Metals, Mining & Chemicals",1451.0,27.35,Weak,False,-0.04434843942867217,-0.10325984113827658,-0.5335723149041776
1215,KIRLOSBROS,Industrials & Infrastructure,755.0,56.52,Neutral,False,-0.1357513470365197,-0.1946627487461241,-0.33258572567783096
1216,KIRLOSENG,Energy,692.0,58.62,Neutral,False,1.3124358766672062,1.2535244749576018,-0.20841784989858003
1217,KIRLOSIND,Industrials & Infrastructure,683.0,58.89,Neutral,False,-0.13598880871742014,-0.19490021042702455,-0.4057873485868103
1220,KITEX,Industrials & Infrastructure,1554.0,22.9,Weak,False,-0.3833041261749244,-0.4422155278845288,-0.4788618615923167
1222,KKCL,Industrials & Infrastructure,428.0,69.48,Positive,False,-0.145195597891427,-0.2041069996010314,-0.264119009442366
1226,KMSUGAR,Consumer & FMCG,1041.0,44.91,Neutral,False,0.1701289398280803,0.1112175381184759,-0.2119366626065774
1229,KNRCON,Industrials & Infrastructure,1551.0,23.03,Weak,False,-0.4100708578320519,-0.4689822595416563,-0.44911804613297146
1230,KOHINOOR,Consumer & FMCG,1432.0,28.24,Weak,False,-0.07619047619047614,-0.13510187790008055,-0.4145185185185184
1231,KOKUYOCMLN,Industrials & Infrastructure,1575.0,21.84,Weak,False,-0.3240355008150697,-0.3829469025246741,-0.35437420757109217
1232,KOLTEPATIL,Industrials & Infrastructure,545.0,63.76,Positive,False,-0.011841188762479637,-0.07075259047208404,-0.3323555956678701
1233,KOPRAN,Healthcare & Pharmaceuticals,1604.0,20.46,Weak,False,0.5827923926659835,0.5238809909563791,-0.4081621473568886
1234,KOTAKBANK,Financial Services,812.0,54.11,Neutral,False,-0.0270172037799854,-0.0859286054895898,-0.20602111884969676
1235,KOTARISUG,Consumer & FMCG,1664.0,16.89,Weak,False,-0.11365142478462553,-0.17256282649422994,-0.31945863125638396
1236,KOTHARIPET,Energy,1468.0,26.64,Weak,False,-0.06140602582496413,-0.12031742753456853,-0.37429285620313113
1237,KOTHARIPRO,Services & Others,557.0,63.45,Positive,False,-0.28413404186096947,-0.34304544357057387,-0.3979328165374677
1242,KPIGREEN,Energy,762.0,56.29,Neutral,False,-0.19831744251261918,-0.2572288442222236,-0.48710096510764656
1243,KPIL,Industrials & Infrastructure,177.0,82.17,Strong,False,0.10552117656513693,0.046609774855532526,-0.22548497527577027
1244,KPITTECH,Technology,1192.0,38.52,Weak,False,-0.5586194935830733,-0.6175308952926777,-0.5991494723578517
1246,KPRMILL,Industrials & Infrastructure,301.0,75.73,Strong,False,0.04557538928978344,-0.013336012419820964,-0.2770149786019971
1247,KRBL,Consumer & FMCG,396.0,71.29,Positive,False,0.11419842886238007,0.05528702715277567,-0.3502969605217189
1248,KREBSBIO,Healthcare & Pharmaceuticals,1790.0,9.09,Weak,False,-0.1924263674614306,-0.251337769171035,-0.4469949916527546
1250,KRISHANA,"Metals, Mining & Chemicals",90.0,87.17,Strong,False,1.1052512704686617,1.0463398687590573,-0.20884729902169297
1253,KRITI,Industrials & Infrastructure,1088.0,42.51,Neutral,False,-0.5414288975119836,-0.600340299221588,-0.5872896067627746
1254,KRITIKA,"Metals, Mining & Chemicals",1626.0,19.38,Weak,False,-0.42263279445727486,-0.48154419616687927,-0.49276974416017816
1256,KRN,Industrials & Infrastructure,552.0,63.56,Positive,False,0.6710629328515509,0.6121515311419465,-0.30963236567207253
1257,KRONOX,"Metals, Mining & Chemicals",774.0,55.85,Neutral,False,0.34344998451533004,0.28453858280572564,-0.39907091978940845
1258,KROSS,Automobile & Mobility,559.0,63.32,Positive,False,0.28597548922712,0.2270640875175156,-0.2920338149125553
1259,KRSNAA,Healthcare & Pharmaceuticals,606.0,62.1,Positive,False,-0.3087178823377128,-0.3676292840473172,-0.37497747612469223
1260,KRYSTAL,Services & Others,648.0,60.48,Positive,False,0.024810418727332584,-0.03410098298227182,-0.22000922792986777
1261,KSB,Industrials & Infrastructure,302.0,75.66,Strong,False,-0.01481618099102422,-0.07372758270062862,-0.2351882405879706
1262,KSCL,Services & Others,970.0,47.47,Neutral,False,-0.2710997442455243,-0.3300111459551287,-0.35658372938216376
1265,KSHITIJPOL,Industrials & Infrastructure,1679.0,15.99,Weak,False,0.5387205387205387,0.4798091370109343,-0.670375521557719
1266,KSL,"Metals, Mining & Chemicals",1207.0,37.84,Weak,False,0.23601557430240105,0.17710417259279665,-0.3462147787710762
1267,KSOLVES,Technology,1324.0,32.92,Weak,False,-0.21765455704270242,-0.27656595875230683,-0.2971053912445958
1269,KTKBANK,Financial Services,1501.0,24.96,Weak,False,0.8595447192049919,0.8006333174953875,-0.17069437357947959
1270,KUANTUM,Industrials & Infrastructure,1341.0,32.21,Weak,False,-0.29951602593370474,-0.35842742764330915,-0.4032418726795255
1274,LAGNAM,Industrials & Infrastructure,1703.0,14.61,Weak,False,-0.12561369895820873,-0.18452510066781314,-0.2963006597549481
1278,LAL,Industrials & Infrastructure,1539.0,23.58,Weak,False,-0.20928116469517755,-0.26819256640478195,-0.45313921747042774
1279,LALPATHLAB,Healthcare & Pharmaceuticals,102.0,86.29,Strong,False,0.22576369603635427,0.16685229432674986,-0.19650977018557214
1280,LAMBODHARA,Industrials & Infrastructure,1137.0,40.41,Neutral,False,0.02238523784315216,-0.036526163866452244,-0.3978128621089223
1282,LANCORHOL,Industrials & Infrastructure,1493.0,25.46,Weak,False,0.39643942683456346,0.33752802512495905,-0.4350351574442066
1283,LANDMARK,Automobile & Mobility,385.0,71.73,Positive,False,-0.22098543133082338,-0.2798968330404278,-0.4692436208991495
1284,LANDSMILL,Industrials & Infrastructure,243.0,78.2,Strong,True,-0.5621301775147929,-0.6210415792243973,-0.6976744186046512
1285,LAOPALA,Real Estate & Construction,824.0,53.53,Neutral,False,-0.35682455850800465,-0.41573596021760906,-0.37342230082804084
1286,LASA,Healthcare & Pharmaceuticals,1668.0,16.55,Weak,False,-0.4995751911639762,-0.5584865928735806,-0.5290697674418604
1288,LATENTVIEW,Technology,492.0,66.9,Positive,False,-0.4142320281246211,-0.4731434298342255,-0.5188209520015933
1289,LATTEYS,Industrials & Infrastructure,1209.0,37.79,Weak,False,0.03957915831663317,-0.019332243392971238,-0.542426875181002
1290,LAURUSLABS,Healthcare & Pharmaceuticals,44.0,90.72,Strong,False,1.305848623853211,1.2469372221436066,-0.1757199822773594
1291,LAXMICOT,Industrials & Infrastructure,1371.0,30.87,Weak,False,-0.4015356820234869,-0.4604470837330913,-0.5137126483831355
1299,LEMONTREE,Services & Others,103.0,86.27,Strong,False,-0.3756314649987973,-0.4345428667084017,-0.42034172246594315
1301,LEXUS,Real Estate & Construction,1794.0,8.63,Weak,False,-0.558055152394775,-0.6169665541043794,-0.6820673453406422
1302,LFIC,Financial Services,827.0,53.36,Neutral,False,-0.363028629559657,-0.4219400312692614,-0.4830200817977116
1303,LGBBROSLTD,Automobile & Mobility,259.0,77.65,Strong,False,0.25378540896906476,0.19487400725946036,-0.27378224922801087
1306,LIBAS,Industrials & Infrastructure,1608.0,20.28,Weak,False,-0.06060606060606066,-0.11951746231566507,-0.25741029641185653
1307,LIBERTSHOE,Consumer & FMCG,1581.0,21.56,Weak,False,-0.3207207207207208,-0.3796321224303252,-0.38076420165625446
1308,LICHSGFIN,Financial Services,942.0,48.86,Neutral,False,-0.022609147609147673,-0.08152054931875208,-0.22369197067992252
1310,LIKHITHA,Industrials & Infrastructure,1620.0,19.78,Weak,False,-0.01677202941555933,-0.07568343112516374,-0.4429569510103335
1311,LINC,Industrials & Infrastructure,1159.0,39.88,Weak,False,-0.27980398457583544,-0.33871538628543985,-0.3373392529087569
1312,LINCOLN,Healthcare & Pharmaceuticals,1230.0,36.9,Weak,False,0.09380580881661804,0.034894407107013636,-0.24533403680010546
1313,LINDEINDIA,Energy,862.0,51.67,Neutral,False,-0.012048192771084376,-0.07095959448068878,-0.2252309652755654
1316,LLOYDSENT,"Metals, Mining & Chemicals",544.0,63.77,Positive,False,0.17340507302075325,0.11449367131114885,-0.4350853242320818
1317,LLOYDSME,"Metals, Mining & Chemicals",1172.0,39.46,Weak,False,0.4857998219920705,0.4268884202824661,-0.22718111143103947
1318,LMW,Industrials & Infrastructure,1502.0,24.94,Weak,False,0.16910143329658212,0.11019003158697771,-0.25558451228592693
1319,LODHA,Industrials & Infrastructure,863.0,51.66,Neutral,False,-0.019915774697315314,-0.07882717640691972,-0.4518662456481256
1320,LOKESHMACH,Industrials & Infrastructure,1455.0,27.15,Weak,False,0.7036727443707227,0.6447613426611183,-0.2811115585984695
1321,LORDSCHLO,"Metals, Mining & Chemicals",345.0,73.69,Positive,False,-0.15261021213334092,-0.21152161384294532,-0.5160818064859589
1324,LOTUSEYE,Healthcare & Pharmaceuticals,327.0,74.68,Positive,False,-0.06599397835462606,-0.12490538006423046,-0.3052765596265383
1325,LOVABLE,Industrials & Infrastructure,1244.0,36.15,Weak,False,-0.273714699493121,-0.3326261012027254,-0.4354479124442643
1326,LOYALTEX,Industrials & Infrastructure,1002.0,46.43,Neutral,False,-0.2572180319242239,-0.3161294336338283,-0.4314304774611647
1327,LPDC,Industrials & Infrastructure,1239.0,36.29,Weak,False,-0.21829268292682913,-0.27720408463643353,-0.38555555555555554
1328,LT,Industrials & Infrastructure,460.0,68.12,Positive,False,0.026183145791897067,-0.03272825591770734,-0.24347570222493842
1329,LTF,Financial Services,2.0,96.2,Strong,False,0.08612421687678884,0.027212815167184434,-0.25007805182641285
1330,LTFOODS,Consumer & FMCG,623.0,61.49,Positive,False,0.01794168950909536,-0.040969712200509045,-0.21733580877233705
1331,LTM,Technology,347.0,73.57,Positive,False,-0.20136638688268593,-0.26027778859229034,-0.44779147807085995
1332,LTTS,Technology,1012.0,46.09,Neutral,False,-0.2329041966226384,-0.2918155983322428,-0.3510284911204804
1333,LUMAXIND,Automobile & Mobility,151.0,83.42,Strong,True,0.10902696365767883,0.05011556194807443,-0.30568402207966583
1334,LUMAXTECH,Technology,61.0,89.54,Strong,True,0.5416129276989607,0.48270152598935634,-0.23460166468489885
1335,LUPIN,Healthcare & Pharmaceuticals,571.0,62.99,Positive,False,0.04073083329127347,-0.018180568418330934,-0.18681406076029916
1336,LUXIND,Industrials & Infrastructure,1609.0,20.25,Weak,False,-0.1345902270103887,-0.1935016287199931,-0.409060988523511
1337,LXCHEM,"Metals, Mining & Chemicals",933.0,49.02,Neutral,False,-0.150983112471894,-0.2098945141814984,-0.4968117291133348
1338,LYKALABS,Healthcare & Pharmaceuticals,1555.0,22.88,Weak,False,-0.13462922966162705,-0.19354063137123145,-0.5430517434177087
1339,M&M,Automobile & Mobility,293.0,76.04,Strong,False,-0.13524282496968298,-0.1941542266792874,-0.2291447506837787
1340,M&MFIN,Financial Services,466.0,67.75,Positive,False,0.21342355523043177,0.15451215352082737,-0.3182492581602374
1341,MAANALU,"Metals, Mining & Chemicals",1130.0,40.91,Neutral,False,-0.04524801211662255,-0.10415941382622695,-0.4140835185401801
1342,MACPOWER,Energy,1149.0,40.14,Neutral,False,1.625904875860006,1.5669934741504017,-0.2593717107926484
1343,MADHAV,Real Estate & Construction,1447.0,27.53,Weak,False,-0.18535365021605632,-0.24426505192566073,-0.3383827132991758
1345,MADHUCON,Industrials & Infrastructure,1024.0,45.59,Neutral,False,-0.5037313432835819,-0.5626427449931863,-0.5348258706467661
1346,MADRASFERT,"Metals, Mining & Chemicals",1296.0,34.26,Weak,False,-0.3029446407538281,-0.3618560424634325,-0.3824487895716946
1348,MAGADSUGAR,Consumer & FMCG,1650.0,17.86,Weak,False,-0.008427995602784732,-0.06733939731238914,-0.2982279331485681
1349,MAGNUM,Industrials & Infrastructure,1635.0,18.65,Weak,False,-0.2490055688146381,-0.3079169705242425,-0.3462441314553991
1350,MAHABANK,Financial Services,282.0,76.38,Strong,False,0.44504021447721165,0.38612881276760724,-0.18929279576999336
1351,MAHAPEXLTD,Financial Services,1560.0,22.53,Weak,False,-0.48791979949874686,-0.5468312012083513,-0.675294644189169
1352,MAHASTEEL,"Metals, Mining & Chemicals",317.0,74.93,Positive,False,1.6973568281938323,1.6384454264842279,-0.32226273775500147
1353,MAHEPC,Industrials & Infrastructure,356.0,73.28,Positive,False,-0.3666144609762464,-0.4255258626858508,-0.3950013051422606
1354,MAHESHWARI,Services & Others,935.0,49.0,Neutral,False,0.249738219895288,0.1908268181856836,-0.3123700623700625
1355,MAHLIFE,Industrials & Infrastructure,1063.0,43.88,Neutral,False,0.005538631957906492,-0.05337276975169791,-0.3022290728005691
1356,MAHLOG,Services & Others,546.0,63.76,Positive,False,0.21137277426766232,0.15246137255805792,-0.24983058504630673
1358,MAHSEAMLES,"Metals, Mining & Chemicals",1165.0,39.77,Weak,False,0.20423128792987177,0.14531988622026737,-0.15809159670850303
1359,MAITHANALL,"Metals, Mining & Chemicals",438.0,68.98,Positive,False,-0.1636978981118632,-0.2226092998214676,-0.2901329243353783
1362,MALLCOM,Industrials & Infrastructure,601.0,62.19,Positive,False,-0.26766612009057555,-0.32657752180017996,-0.38696558214573806
1363,MALUPAPER,Industrials & Infrastructure,1240.0,36.25,Weak,False,-0.172503242542153,-0.2314146442517574,-0.34570877531340394
1364,MAMATA,Industrials & Infrastructure,203.0,80.31,Strong,False,-0.110618488140102,-0.1695298898497064,-0.3544385718908424
1365,MANAKALUCO,"Metals, Mining & Chemicals",252.0,77.8,Strong,False,0.09001584786053884,0.03110444615093444,-0.6649198520345253
1366,MANAKCOAT,"Metals, Mining & Chemicals",212.0,79.8,Strong,False,-0.07186159988170915,-0.13077300159131355,-0.4635904830569575
1367,MANAKSIA,Industrials & Infrastructure,1175.0,39.39,Weak,False,-0.1110618815536848,-0.1699732832632892,-0.38347826086956516
1368,MANAKSTEEL,"Metals, Mining & Chemicals",892.0,50.42,Neutral,False,0.7989219209408689,0.7400105192312645,-0.40233918128654966
1369,MANALIPETC,"Metals, Mining & Chemicals",1070.0,43.51,Neutral,False,0.26301201108715744,0.20410060937755303,-0.47225944786920393
1370,MANAPPURAM,Financial Services,179.0,82.09,Strong,False,0.09306792386939056,0.03415652215978615,-0.21506720850265704
1374,MANGALAM,Healthcare & Pharmaceuticals,1695.0,15.41,Weak,False,-0.5675902602854743,-0.6265016619950787,-0.6727673042520985
1375,MANGLMCEM,Real Estate & Construction,929.0,49.16,Neutral,False,0.34448699858899423,0.2855755968793898,-0.16816751654551354
1376,MANINDS,"Metals, Mining & Chemicals",685.0,58.83,Neutral,False,1.6026481026481028,1.5437367009384984,-0.35929440891272946
1377,MANINFRA,Industrials & Infrastructure,1578.0,21.76,Weak,False,-0.1441332527369198,-0.2030446544465242,-0.4771363818157579
1379,MANKIND,Healthcare & Pharmaceuticals,689.0,58.72,Neutral,False,-0.001639613051319877,-0.06055101476092428,-0.2230418833393798
1380,MANOMAY,Industrials & Infrastructure,1125.0,41.0,Neutral,False,0.29948834565093807,0.24057694394133367,-0.3622302992807981
1381,MANORAMA,Industrials & Infrastructure,178.0,82.15,Strong,False,0.31345070422535204,0.25453930251574763,-0.30201777720106404
1382,MANORG,"Metals, Mining & Chemicals",442.0,68.8,Positive,False,-0.16828087167070216,-0.22719227338030656,-0.3382313170467862
1383,MANUGRAPH,Industrials & Infrastructure,397.0,71.08,Positive,False,-0.15141955835962162,-0.21033096006922603,-0.5713658322353975
1385,MAPMYINDIA,Technology,638.0,60.78,Positive,False,-0.47085777126099704,-0.5297691729706014,-0.5890108762569259
1386,MARALOVER,Industrials & Infrastructure,1822.0,4.86,Weak,False,0.2867360208062417,0.22782461909663732,-0.33339608433734935
1387,MARATHON,Industrials & Infrastructure,904.0,50.12,Neutral,False,-0.3403862300587741,-0.3992976317683785,-0.47680820574703964
1388,MARICO,Consumer & FMCG,251.0,77.85,Strong,False,0.15888849305308161,0.09997709134347721,-0.10628564974303933
1389,MARINE,Industrials & Infrastructure,497.0,66.47,Positive,False,0.9353672316384181,0.8764558299288137,-0.39944576405384
1391,MARKSANS,Healthcare & Pharmaceuticals,1651.0,17.81,Weak,False,0.9892602147957044,0.9303488130861,-0.20328052000812524
1393,MARUTI,Automobile & Mobility,168.0,82.53,Strong,False,-0.24785468211713124,-0.30676608382673565,-0.3066157760814249
1394,MASFIN,Financial Services,450.0,68.49,Positive,False,-0.0904350659931562,-0.1493464677027606,-0.19660333909038552
1395,MASKINVEST,Financial Services,1456.0,27.14,Weak,False,-0.10059659812135058,-0.15950799983095498,-0.4575362059717505
1396,MASTEK,Technology,889.0,50.51,Neutral,False,-0.2955903658094894,-0.3545017675190938,-0.4255264509501797
1398,MATRIMONY,Technology,915.0,49.78,Neutral,False,-0.009781576448243068,-0.06869297815784747,-0.3339186934761612
1399,MAWANASUG,Consumer & FMCG,1225.0,37.05,Weak,False,0.6327215756490601,0.5738101739394557,-0.19153394803017587
1400,MAXESTATES,Industrials & Infrastructure,461.0,68.11,Positive,False,0.21903645278192285,0.16012505107231845,-0.3797709923664122
1401,MAXHEALTH,Healthcare & Pharmaceuticals,536.0,63.97,Positive,False,-0.10159899389148408,-0.16051039560108848,-0.23071841453344333
1402,MAXIND,Financial Services,810.0,54.45,Neutral,False,-0.28741800834824094,-0.34632941005784534,-0.4385796545105566
1403,MAYURUNIQ,Industrials & Infrastructure,734.0,57.21,Neutral,False,0.4137421135646686,0.3548307118550642,-0.19393527947499434
1404,MAZDA,Industrials & Infrastructure,496.0,66.58,Positive,False,-0.02245457661981487,-0.08136597832941928,-0.4484080794248545
1405,MAZDOCK,Industrials & Infrastructure,619.0,61.59,Positive,False,-0.24760698198198194,-0.30651838369158635,-0.28507633191400983
1406,MBAPL,"Metals, Mining & Chemicals",227.0,78.84,Strong,False,1.1482292337411462,1.0893178320315418,-0.15008156606851553
1408,MBLINFRA,Industrials & Infrastructure,1654.0,17.57,Weak,False,-0.5036984013361965,-0.5626098030458009,-0.5641142857142858
1410,MCL,"Metals, Mining & Chemicals",561.0,63.25,Positive,False,-0.02609273724447403,-0.08500413895407843,-0.4351931330472103
1414,MEDANTA,Healthcare & Pharmaceuticals,120.0,84.97,Strong,False,0.09872757933466203,0.039816177625057625,-0.3115329512893983
1415,MEDIASSIST,Healthcare & Pharmaceuticals,507.0,65.81,Positive,False,-0.42674862624569254,-0.48566002795529695,-0.4804342116781931
1416,MEDICAMEQ,Healthcare & Pharmaceuticals,1746.0,11.85,Weak,False,0.0867541964434102,0.027842794733805798,-0.4713787714869575
1418,MEDICO,Healthcare & Pharmaceuticals,1124.0,41.02,Neutral,False,-0.5381110190555095,-0.5970224207651139,-0.5888643067846608
1419,MEDPLUS,Healthcare & Pharmaceuticals,639.0,60.78,Positive,False,-0.11970881639255859,-0.178620218102163,-0.3193206835098019
1421,MEGASTAR,Energy,986.0,46.97,Neutral,False,0.10331037547211741,0.044398973762513005,-0.3522890309116994
1424,MENONBE,Automobile & Mobility,348.0,73.56,Positive,False,1.2562252734465909,1.1973138717369864,-0.21635239331246658
1428,METROBRAND,Consumer & FMCG,128.0,84.69,Strong,False,-0.2997679628740598,-0.35867936458366423,-0.30927387529597483
1430,METROPOLIS,Healthcare & Pharmaceuticals,70.0,89.04,Strong,False,0.12149715853419552,0.06258575682459111,-0.19941154138192851
1431,MFML,Industrials & Infrastructure,1319.0,33.07,Weak,False,-0.38650714523097374,-0.44541854694057814,-0.40608638743455494
1432,MFSL,Financial Services,93.0,86.92,Strong,False,-0.10968617054072394,-0.16859757225032834,-0.2459893048128342
1433,MGEL,Consumer & FMCG,410.0,70.17,Positive,False,-0.0660818713450293,-0.1249932730546337,-0.45636464702612567
1434,MGL,Energy,860.0,51.69,Neutral,False,-0.17870007830853563,-0.23761148001814003,-0.3084652862362971
1435,MHLXMIRU,Industrials & Infrastructure,506.0,65.82,Positive,False,-0.20608417200365958,-0.264995573713264,-0.5275441908357645
1436,MHRIL,Services & Others,226.0,78.86,Strong,False,-0.4375771494186882,-0.4964885511282926,-0.45433919455473626
1438,MIDHANI,"Metals, Mining & Chemicals",417.0,69.84,Positive,False,0.08644554714024566,0.027534145430641255,-0.3253928660513844
1443,MINDACORP,Automobile & Mobility,508.0,65.74,Positive,False,0.16074508451190073,0.10183368280229632,-0.20860763660302817
1444,MINDTECK,Technology,712.0,57.92,Neutral,False,-0.35345117845117846,-0.41236258016078287,-0.5054013908581461
1445,MIRZAINT,Consumer & FMCG,335.0,74.25,Positive,False,-0.26234567901234573,-0.32125708072195014,-0.3848231827111983
1446,MITCON,Industrials & Infrastructure,1751.0,11.6,Weak,False,0.23022327369510576,0.17131187198550135,-0.3186351706036745
1449,MKPL,Consumer & FMCG,854.0,51.95,Neutral,False,-0.4221251819505094,-0.4810365836601138,-0.4587412587412588
1451,MMFL,Automobile & Mobility,1723.0,13.01,Weak,False,0.9396759184983157,0.8807645167887113,-0.23971761817065684
1452,MMP,"Metals, Mining & Chemicals",1077.0,43.17,Neutral,False,0.6209677419354838,0.5620563402258794,-0.34812133746983787
1453,MMTC,Services & Others,1178.0,39.13,Weak,False,-0.13774652193854153,-0.19665792364814594,-0.27356385945343
1457,MODIRUBBER,Industrials & Infrastructure,791.0,55.22,Neutral,False,0.04916327061475756,-0.009748131094846846,-0.36354384914696203
1459,MODISONLTD,Industrials & Infrastructure,504.0,66.23,Positive,False,1.6151786257683645,1.55626722405876,-0.3025987462722902
1460,MODTHREAD,Industrials & Infrastructure,763.0,56.21,Neutral,False,0.07739169675090252,0.01848029504129811,-0.26444263628966647
1462,MOHITIND,Industrials & Infrastructure,718.0,57.56,Neutral,False,-0.32597173144876324,-0.38488313315836764,-0.44611307420494706
1463,MOIL,Energy,594.0,62.38,Positive,False,-0.34296959826275775,-0.40188099997236215,-0.3974105102817972
1464,MOKSH,Consumer & FMCG,947.0,48.78,Neutral,False,-0.2969870875179339,-0.3558984892275383,-0.4579145728643216
1465,MOL,"Metals, Mining & Chemicals",750.0,56.75,Neutral,False,-0.307308768089505,-0.36622016979910943,-0.5652585492841085
1467,MOLDTECH,Technology,654.0,60.3,Positive,False,0.12185829637211398,0.06294689466250958,-0.5143980297432983
1468,MOLDTKPAC,Industrials & Infrastructure,172.0,82.4,Strong,False,-0.13895518430124643,-0.19786658601085083,-0.4006467156987067
1469,MONARCH,Services & Others,1010.0,46.12,Neutral,False,0.08777380767438236,0.02886240596477796,-0.24654342084822123
1471,MONTECARLO,Industrials & Infrastructure,448.0,68.62,Positive,False,-0.2555394641564085,-0.3144508658660129,-0.44073785710007785
1472,MOREPENLAB,Healthcare & Pharmaceuticals,1780.0,9.8,Weak,False,1.4730587994263469,1.4141473977167425,-0.3243731193580742
1474,MOTHERSON,Automobile & Mobility,644.0,60.67,Positive,False,0.5317924528301887,0.4728810511205843,-0.2234129037026089
1476,MOTISONS,Consumer & FMCG,1464.0,26.79,Weak,False,-0.016357688113413316,-0.07526908982301772,-0.41300813008130066
1477,MOTOGENFIN,Financial Services,1079.0,43.02,Neutral,False,-0.019458222052651686,-0.07836962376225609,-0.3679473866389753
1479,MPHASIS,Technology,662.0,60.11,Positive,False,-0.16852471200297292,-0.22743611371257733,-0.3068120260021667
1480,MPSLTD,Services & Others,1106.0,41.9,Neutral,False,0.20010032377217368,0.14118892206256928,-0.4110574851331551
1481,MRF,Automobile & Mobility,531.0,64.15,Positive,False,-0.17019631571870375,-0.22910771742830816,-0.24461628515974
1482,MRPL,Energy,1158.0,39.92,Weak,False,0.273722901507764,0.2148114997981596,-0.2989311795715046
1484,MSPL,Energy,549.0,63.68,Positive,False,-0.11602357984994638,-0.17493498155955078,-0.32127277392866316
1485,MSTCLTD,Services & Others,1495.0,25.42,Weak,False,0.4430225472273004,0.384111145517696,-0.33854637497740014
1486,MSUMI,"Metals, Mining & Chemicals",322.0,74.83,Positive,False,-0.24083769633507868,-0.2997490980446831,-0.34121037463976944
1487,MTARTECH,Technology,156.0,83.16,Strong,False,2.725113241335721,2.6662018396261167,-0.37978386769359374
1488,MTEDUCARE,Services & Others,1273.0,35.25,Weak,False,-0.15384615384615385,-0.21275755555575826,-0.44796380090497745
1489,MTNL,Services & Others,1738.0,12.23,Weak,False,-0.4675023212627669,-0.5264137229723713,-0.5066636029411766
1490,MUFIN,Financial Services,268.0,77.13,Strong,False,0.4853360721214197,0.4264246704118153,-0.22193211488250653
1492,MUKANDLTD,"Metals, Mining & Chemicals",635.0,60.85,Positive,False,0.24340239912758976,0.18449099741798536,-0.20082701585113727
1494,MUKKA,Consumer & FMCG,1798.0,8.32,Weak,False,0.005981308411215025,-0.05293009329838938,-0.3227106227106228
1495,MUKTAARTS,Services & Others,1786.0,9.41,Weak,False,-0.16795338674435556,-0.22686478845395996,-0.46972711768050024
1496,MUNJALAU,Automobile & Mobility,414.0,69.97,Positive,False,0.03546168006976069,-0.023449721639843712,-0.3564986233741574
1497,MUNJALSHOW,Automobile & Mobility,731.0,57.31,Neutral,False,-0.11772223800056802,-0.17663363971017243,-0.21842496285289748
1498,MURUDCERA,Real Estate & Construction,1026.0,45.55,Neutral,False,-0.33772962788506833,-0.39664102959467273,-0.44331939247193486
1499,MUTHOOTCAP,Financial Services,893.0,50.35,Neutral,False,-0.20471053577849707,-0.2636219374881015,-0.39205028027858013
1500,MUTHOOTFIN,Financial Services,69.0,89.1,Strong,False,-0.12227699157258709,-0.1811883932821915,-0.33467751790209443
1503,MVGJL,Consumer & FMCG,1597.0,20.79,Weak,False,0.1367656348704991,0.07785423316089468,-0.35143503046982494
1506,NACLIND,"Metals, Mining & Chemicals",669.0,59.67,Neutral,False,-0.32707378382374686,-0.38598518553335126,-0.4899018788225459
1507,NAGREEKCAP,Financial Services,1216.0,37.4,Weak,False,-0.055276381909547756,-0.11418778361915216,-0.4808648111332008
1508,NAGREEKEXP,Industrials & Infrastructure,756.0,56.52,Neutral,False,-0.3310344827586208,-0.3899458844682252,-0.465962441314554
1509,NAHARCAP,Financial Services,780.0,55.64,Neutral,False,-0.15217391304347827,-0.21108531475308268,-0.3357094133697134
1510,NAHARINDUS,Industrials & Infrastructure,1068.0,43.53,Neutral,False,0.10612634501909057,0.04721494330948617,-0.3012868410128685
1511,NAHARPOLY,Industrials & Infrastructure,392.0,71.57,Positive,False,-0.24527980949141004,-0.30419121120101444,-0.35389259612329194
1512,NAHARSPING,Industrials & Infrastructure,1663.0,17.0,Weak,False,0.29537194087715046,0.23646053916754606,-0.2829094366531969
1513,NAM-INDIA,Financial Services,31.0,91.88,Strong,False,0.24860175779020666,0.18969035608060225,-0.18618344246484952
1514,NARMADA,Consumer & FMCG,276.0,76.59,Strong,False,0.04066985645933019,-0.018241545250274216,-0.40082644628099184
1516,NATCOPHARM,Healthcare & Pharmaceuticals,1281.0,34.75,Weak,False,0.027276672245986067,-0.03163472946361834,-0.32562189054726376
1517,NATHBIOGEN,Services & Others,1275.0,35.13,Weak,False,-0.12527312454479234,-0.18418452625439674,-0.27263502085917246
1518,NATIONALUM,"Metals, Mining & Chemicals",107.0,86.04,Strong,False,0.627039627039627,0.5681282253300226,-0.247678369195923
1520,NAUKRI,Technology,954.0,48.3,Neutral,False,-0.06327506349917811,-0.12218646520878251,-0.33680704770090253
1521,NAVA,Energy,198.0,80.8,Strong,False,-0.15357833655706,-0.2124897382666644,-0.2648548740416209
1522,NAVINFLUOR,"Metals, Mining & Chemicals",190.0,81.56,Strong,False,0.821234962527807,0.7623235608182026,-0.12452064064967283
1523,NAVKARCORP,Services & Others,631.0,61.07,Positive,False,-0.31297951435577,-0.3718909160653744,-0.4186336371426346
1525,NAVNETEDUL,Services & Others,562.0,63.24,Positive,False,-0.2142903246627509,-0.2732017263723553,-0.2619293033408112
1526,NAZARA,Technology,890.0,50.45,Neutral,False,0.369341749323715,0.3104303476141106,-0.24792674498963374
1527,NBCC,Industrials & Infrastructure,421.0,69.64,Positive,False,-0.26735476799415425,-0.32626616970375866,-0.36806065052580106
1529,NCC,Industrials & Infrastructure,1311.0,33.24,Weak,False,-0.37936455008812464,-0.43827595179772905,-0.39122511914774327
1530,NCLIND,Real Estate & Construction,1278.0,34.88,Weak,False,-0.1162217865580858,-0.1751331882676902,-0.298304603144535
1531,NDGL,Financial Services,1212.0,37.63,Weak,False,-0.35558352167659746,-0.41449492338620186,-0.452866082603254
1532,NDL,Industrials & Infrastructure,1486.0,25.92,Weak,False,-0.20059880239520955,-0.25951020410481396,-0.4556213017751479
1534,NDRAUTO,Automobile & Mobility,225.0,78.9,Strong,False,-0.30814956855225306,-0.36706097026185747,-0.42350165172251064
1535,NDTV,Services & Others,1775.0,10.08,Weak,False,-0.4083554490197757,-0.4672668507293801,-0.492509202979197
1537,NECCLTD,Services & Others,1763.0,11.0,Weak,False,-0.12274024738344425,-0.18165164909304865,-0.5226063829787234
1538,NECLIFE,Healthcare & Pharmaceuticals,1819.0,5.17,Weak,False,-0.24025513819985822,-0.2991665399094626,-0.5820224719101124
1539,NELCAST,Automobile & Mobility,745.0,56.9,Neutral,False,-0.09313534945191626,-0.15204675116152067,-0.3518287354887031
1540,NELCO,Technology,1696.0,15.12,Weak,False,0.06725282403633392,0.00834142232672952,-0.44166804567267914
1541,NEOGEN,"Metals, Mining & Chemicals",1429.0,28.34,Weak,False,0.5852738819793599,0.5263624802697555,-0.35181264884890184
1544,NESTLEIND,Consumer & FMCG,593.0,62.47,Positive,False,0.1539780521262002,0.09506665041659579,-0.12597402597402596
1545,NETWEB,Technology,10.0,94.77,Strong,True,0.12417222618842483,0.06526082447882042,-0.3064149904818697
1546,NETWORK18,Services & Others,1423.0,28.71,Weak,False,-0.5013435700575816,-0.560254971767186,-0.5047709923664123
1548,NEULANDLAB,Healthcare & Pharmaceuticals,457.0,68.26,Positive,False,0.39347458728714413,0.3345631855775397,-0.36206039860873407
1549,NEWGEN,Technology,1438.0,27.87,Weak,False,-0.47277172705045567,-0.5316831287600601,-0.5963072600471627
1551,NFL,"Metals, Mining & Chemicals",1163.0,39.8,Weak,False,-0.29282718571889443,-0.35173858742849884,-0.3283364563814284
1552,NGIL,Consumer & FMCG,1084.0,42.67,Neutral,False,0.1897198960438926,0.1308084943342882,-0.35345076523245744
1553,NGLFINE,Healthcare & Pharmaceuticals,646.0,60.62,Positive,False,0.8989983305509184,0.840086928841314,-0.2533402741627624
1554,NH,Healthcare & Pharmaceuticals,722.0,57.46,Neutral,False,0.05116950620848959,-0.007741895501114815,-0.21432067345340655
1555,NHPC,Energy,655.0,60.28,Positive,False,-0.13743197869630663,-0.19634338040591104,-0.17130055147058842
1558,NIBL,Automobile & Mobility,710.0,58.09,Neutral,False,0.1576444769568397,0.09873307524723529,-0.3147463002114166
1560,NIITLTD,Services & Others,1732.0,12.42,Weak,False,-0.17541030262783408,-0.23432170433743849,-0.5397825888371243
1561,NIITMTS,Technology,1221.0,37.19,Weak,False,-0.38450704225352117,-0.4434184439631256,-0.53
1562,NILAINFRA,Industrials & Infrastructure,966.0,47.59,Neutral,False,-0.324431256181998,-0.3833426578916024,-0.45362718089990817
1563,NILASPACES,Industrials & Infrastructure,219.0,79.42,Strong,False,-0.3405275779376499,-0.3994389796472543,-0.4279771190847633
1565,NILKAMAL,Industrials & Infrastructure,1184.0,38.84,Weak,False,0.22980251346499103,0.17089111175538663,-0.32696069152627927
1567,NINSYS,Technology,743.0,57.03,Neutral,False,0.6072607260726071,0.5483493243630027,-0.3547951373255289
1568,NIPPOBATRY,Automobile & Mobility,1143.0,40.32,Neutral,False,-0.2812986435401379,-0.3402100452497423,-0.432651274756538
1569,NIRAJ,Industrials & Infrastructure,1567.0,22.31,Weak,False,-0.3987068965517242,-0.4576182982613286,-0.5540017211703958
1572,NITCO,Real Estate & Construction,1419.0,28.86,Weak,False,-0.2571553994732222,-0.3160668011828266,-0.43707748309932404
1573,NITINSPIN,Industrials & Infrastructure,1428.0,28.36,Weak,False,0.8329748002458515,0.7740633985362471,-0.11517650090182963
1574,NITIRAJ,Industrials & Infrastructure,1310.0,33.38,Weak,False,0.10256410256410264,0.04365270085449824,-0.22502818489289755
1577,NKIND,Consumer & FMCG,1030.0,45.39,Neutral,False,-0.1776191758685699,-0.2365305775781743,-0.2572691946938228
1578,NLCINDIA,Energy,99.0,86.56,Strong,False,-0.07345244540696638,-0.1323638471165708,-0.3115394985171205
1579,NMDC,"Metals, Mining & Chemicals",362.0,72.83,Positive,False,0.016675420168067445,-0.04223598154153696,-0.1937734277384423
1580,NOCIL,"Metals, Mining & Chemicals",1534.0,23.78,Weak,False,0.0068977409898258735,-0.05201366071977853,-0.31937367303609354
1581,NOIDATOLL,Industrials & Infrastructure,1301.0,33.84,Weak,False,-0.09823677581863988,-0.15714817752824428,-0.500697350069735
1582,NORBTEAEXP,Consumer & FMCG,205.0,80.15,Strong,False,0.2811538461538463,0.2222424444442419,-0.3952692501258177
1584,NOVAAGRI,"Metals, Mining & Chemicals",1169.0,39.58,Weak,False,-0.5272344900105153,-0.5861458917201197,-0.6160100062539087
1587,NRAIL,Industrials & Infrastructure,230.0,78.73,Strong,False,0.514676646006315,0.4557652442967106,-0.23200710830289262
1588,NRBBEARING,Automobile & Mobility,431.0,69.24,Positive,False,0.8950131233595799,0.8361017216499755,-0.29126372725782657
1589,NRL,Industrials & Infrastructure,1183.0,38.89,Weak,False,1.2067957109037737,1.1478843091941693,-0.34988179669030717
1590,NSIL,Financial Services,235.0,78.47,Strong,False,-0.29037134406835363,-0.34928274577795804,-0.43502926071897763
1591,NSLNISP,"Metals, Mining & Chemicals",405.0,70.52,Positive,False,-0.11707523245984786,-0.17598663416945226,-0.30354520662890705
1593,NTPC,Energy,758.0,56.44,Neutral,False,-0.05628214548126376,-0.11519354719086816,-0.21721111652852265
1595,NUCLEUS,Technology,730.0,57.32,Neutral,False,-0.341233879400488,-0.4001452811100924,-0.362532523850824
1596,NURECA,Healthcare & Pharmaceuticals,1571.0,22.12,Weak,False,0.5709766877545714,0.512065286044967,-0.3784198184114004
1597,NUVAMA,Services & Others,1006.0,46.31,Neutral,False,0.26394453004622487,0.20503312833662046,-0.2707813525935654
1598,NUVOCO,Real Estate & Construction,210.0,79.93,Strong,False,-0.2300330812854442,-0.2889444829950486,-0.3505833429594547
1599,NYKAA,Consumer & FMCG,125.0,84.71,Strong,False,0.3491668739119622,0.2902554722023578,-0.16366810360183837
1600,OAL,"Metals, Mining & Chemicals",1561.0,22.5,Weak,False,0.6802855407047388,0.6213741389951344,-0.36292286874154256
1601,OBCL,Services & Others,772.0,55.89,Neutral,False,0.029491586755925336,-0.02941981495367907,-0.15202533755625947
1602,OBEROIRLTY,Industrials & Infrastructure,1407.0,29.33,Weak,False,0.14690398596139387,0.08799258425178946,-0.21908713692946058
1606,OFSS,Technology,767.0,56.05,Neutral,False,0.23796423658872068,0.17905283487911627,-0.32472542191267073
1607,OIL,Energy,838.0,52.97,Neutral,False,0.1378555798687089,0.07894417815910448,-0.21512637468647489
1608,OILCOUNTUB,Energy,1213.0,37.59,Weak,False,-0.012206572769952961,-0.07111797447955737,-0.527788424683787
1610,OLECTRA,Technology,152.0,83.36,Strong,False,-0.24659820282413358,-0.305509604533738,-0.4365841172329943
1611,OMAXAUTO,Automobile & Mobility,76.0,88.91,Strong,False,0.5109621035184211,0.4520507018088167,-0.3675289262289041
1612,OMAXE,Industrials & Infrastructure,1789.0,9.23,Weak,False,0.3463980463980463,0.2874866446884419,-0.24783861671469742
1614,OMINFRAL,Industrials & Infrastructure,1400.0,29.49,Weak,False,-0.37105662487021795,-0.42996802657982236,-0.43144722524483115
1618,ONELIFECAP,Financial Services,1107.0,41.81,Neutral,False,1.7813194959229062,1.7224080942133018,-0.31507622811970637
1619,ONEPOINT,Technology,1491.0,25.5,Weak,False,0.5028138528138528,0.4439024511042484,-0.287362258953168
1621,ONGC,Energy,885.0,50.67,Neutral,False,-0.053653719552337,-0.1125651212619414,-0.23689449236894478
1622,ONIDA,Consumer & FMCG,472.0,67.5,Positive,True,0.26984126984126977,0.21092986813166537,-0.34528143377205267
1624,ONMOBILE,Technology,659.0,60.18,Positive,False,-0.2546547427063479,-0.3135661444159523,-0.45200108166576525
1625,ONWARDTEC,Technology,749.0,56.83,Neutral,False,-0.03340681702560633,-0.09231821873521073,-0.39612068965517244
1626,OPTIEMUS,Services & Others,834.0,53.03,Neutral,False,0.2002815649081211,0.1413701631985167,-0.5704958920187795
1628,ORBTEXP,Industrials & Infrastructure,709.0,58.12,Neutral,False,0.26899441340782126,0.21008301169821686,-0.40809900730310056
1630,ORCHPHARMA,Healthcare & Pharmaceuticals,1733.0,12.29,Weak,False,0.4210928278830799,0.3621814261734755,-0.44669992545444126
1631,ORICONENT,Industrials & Infrastructure,222.0,79.13,Strong,False,-0.01634416682321993,-0.07525556853282434,-0.25839120370370383
1632,ORIENTALTL,Real Estate & Construction,1104.0,41.91,Neutral,False,-0.5272727272727272,-0.5861841289823316,-0.569377990430622
1633,ORIENTBELL,Real Estate & Construction,682.0,59.16,Neutral,False,0.35862660944206004,0.29971520773245564,-0.20469587141506462
1634,ORIENTCEM,Real Estate & Construction,1092.0,42.33,Neutral,False,-0.4645115006949737,-0.5234229024045781,-0.46853862584549655
1635,ORIENTCER,Industrials & Infrastructure,1023.0,45.61,Neutral,False,0.23945945945945946,0.18054805774985505,-0.37425095333212277
1636,ORIENTELEC,Consumer & FMCG,1286.0,34.62,Weak,False,-0.18818813739915774,-0.24709953910876215,-0.27623326780866797
1637,ORIENTHOT,Services & Others,1317.0,33.09,Weak,False,0.07499999999999996,0.01608859829039555,-0.4005116959064329
1638,ORIENTLTD,Industrials & Infrastructure,1565.0,22.35,Weak,False,-0.06385471587580538,-0.12276611758540978,-0.4057057377924992
1639,ORIENTPPR,Industrials & Infrastructure,1576.0,21.77,Weak,False,-0.36796042617960434,-0.42687182788920874,-0.487724441187248
1640,ORIENTTECH,Technology,985.0,46.98,Neutral,False,-0.2741074200558833,-0.3330188217654877,-0.5124605506583959
1642,ORISSAMINE,"Metals, Mining & Chemicals",1795.0,8.61,Weak,False,-0.22717407337168383,-0.28608547508128823,-0.4611206896551724
1644,ORTINGLOBE,Healthcare & Pharmaceuticals,1284.0,34.66,Weak,False,0.2585910652920962,0.19967966358249178,-0.3185929648241205
1645,OSIAHYPER,Consumer & FMCG,1056.0,44.11,Neutral,False,-0.9023037542662116,-0.961215155975816,-0.909541511771995
1646,OSWALAGRO,"Metals, Mining & Chemicals",879.0,50.96,Neutral,False,-0.5419047619047619,-0.6008161636143663,-0.5779573286201237
1647,OSWALGREEN,Financial Services,647.0,60.53,Positive,False,-0.5131840796019901,-0.5720954813115945,-0.5348155387246519
1649,OSWALSEEDS,Services & Others,690.0,58.67,Neutral,False,-0.2065009560229446,-0.265412357732549,-0.49237804878048774
1652,PAGEIND,Industrials & Infrastructure,769.0,55.98,Neutral,False,-0.10947518404179535,-0.16838658575139975,-0.2956268221574343
1653,PAISALO,Financial Services,592.0,62.51,Positive,False,1.0854073880010477,1.0264959862914433,-0.22536268134067028
1654,PAKKA,Industrials & Infrastructure,1730.0,12.6,Weak,False,-0.5282644839493542,-0.5871758856589586,-0.5565344150082394
1656,PALREDTEC,Technology,1338.0,32.3,Weak,False,-0.03640929064657883,-0.09532069235618323,-0.5953782749484839
1657,PANACEABIO,Healthcare & Pharmaceuticals,990.0,46.73,Neutral,False,-0.0861596009975063,-0.1450710027071107,-0.3970382558617853
1658,PANACHE,Technology,96.0,86.75,Strong,False,0.250455262838412,0.1915438611288076,-0.4782515534604671
1659,PANAMAPET,Energy,1441.0,27.78,Weak,False,0.6519971721456348,0.5930857704360304,-0.2550152463489006
1662,PANSARI,Industrials & Infrastructure,121.0,84.97,Strong,False,0.10600841944125516,0.04709701773165076,-0.25788932922354313
1664,PARACABLES,Real Estate & Construction,1570.0,22.16,Weak,False,0.2572512271307452,0.19833982542114081,-0.3657561625582946
1665,PARADEEP,"Metals, Mining & Chemicals",18.0,93.16,Strong,False,-0.20666462855395906,-0.26557603026356347,-0.47421787424844597
1666,PARAGMILK,Consumer & FMCG,353.0,73.51,Positive,False,-0.006504065040650486,-0.06541546675025489,-0.5159849300322927
1667,PARAS,Technology,451.0,68.43,Positive,False,0.9029013819549963,0.8439899802453918,-0.23671497584541057
1670,PARKHOTELS,Services & Others,1144.0,40.31,Neutral,False,-0.29472250595846106,-0.35363390766806546,-0.37788672429363956
1672,PARSVNATH,Industrials & Infrastructure,1837.0,0.0,Weak,False,-0.8456221198156681,-0.9045335215252726,-0.9234636871508379
1674,PASUPTAC,Industrials & Infrastructure,1264.0,35.47,Weak,False,0.570901994796184,0.5119905930865796,-0.3396317829457365
1675,PATANJALI,Consumer & FMCG,624.0,61.44,Positive,False,-0.3273087184783544,-0.3862201201879588,-0.44852760232958744
1676,PATELENG,Industrials & Infrastructure,1482.0,26.06,Weak,False,-0.2862828336428761,-0.3451942353524805,-0.421875
1678,PATINTLOG,Services & Others,1574.0,21.88,Weak,False,-0.08996539792387537,-0.14887679963347977,-0.4311294765840221
1680,PAVNAIND,Automobile & Mobility,1614.0,19.91,Weak,False,-0.5955729166666667,-0.6544843183762711,-0.6461500124595065
1681,PAYTM,Technology,117.0,85.16,Strong,False,0.42416855302106926,0.36525715131146486,-0.2988741044012283
1683,PCBL,"Metals, Mining & Chemicals",1503.0,24.92,Weak,False,-0.13149647427526756,-0.19040787598487197,-0.4019064794538194
1684,PCJEWELLER,Consumer & FMCG,910.0,49.92,Neutral,False,0.06624605678233442,0.007334655072730012,-0.43549589858314686
1685,PDMJEPAPER,Industrials & Infrastructure,649.0,60.48,Positive,False,-0.23563452604124213,-0.29454592775084654,-0.47613691145749637
1686,PDSL,Industrials & Infrastructure,1761.0,11.18,Weak,False,0.0987110971392644,0.03979969542966,-0.37690230731467844
1687,PEARLPOLY,Industrials & Infrastructure,1189.0,38.57,Weak,False,-0.42125984251968507,-0.4801712442292895,-0.5731627296587927
1688,PENIND,"Metals, Mining & Chemicals",253.0,77.79,Strong,False,-0.2388334099360716,-0.297744811645676,-0.5255662257655372
1689,PENINLAND,Industrials & Infrastructure,921.0,49.39,Neutral,False,-0.5535410764872521,-0.6124524781968566,-0.6040192470987829
1691,PERSISTENT,Technology,1126.0,40.98,Neutral,False,0.07529160108164845,0.016380199372044046,-0.3450902719585587
1692,PETRONET,Energy,1185.0,38.8,Weak,False,0.05591985428051016,-0.0029915474290942434,-0.2639146567717995
1693,PFC,Energy,779.0,55.69,Neutral,False,-0.19737322145202474,-0.25628462316162914,-0.3144993768176152
1694,PFIZER,Healthcare & Pharmaceuticals,429.0,69.4,Positive,False,-0.2296641428848767,-0.2885755445944811,-0.28239442987611896
1695,PFOCUS,Services & Others,333.0,74.33,Positive,False,0.817972084438805,0.7590606827292006,-0.39931330472103
1696,PFS,Financial Services,1162.0,39.81,Weak,False,-0.2288882570372477,-0.2877996587468521,-0.3915357323872276
1697,PGEL,Consumer & FMCG,1648.0,18.04,Weak,False,-0.007536458843104721,-0.06644786055270913,-0.3012210593085951
1698,PGHH,Consumer & FMCG,390.0,71.6,Positive,False,-0.511938500779368,-0.5708499024889724,-0.5209666203059805
1699,PGHL,Healthcare & Pharmaceuticals,38.0,91.2,Strong,False,-0.14320850523643291,-0.20211990694603732,-0.24173278324341474
1700,PGIL,Industrials & Infrastructure,1098.0,41.98,Neutral,False,1.0569750833201077,0.9980636816105033,-0.29383540210701986
1701,PHOENIXLTD,Industrials & Infrastructure,770.0,55.93,Neutral,False,0.24836935669522964,0.18945795498562523,-0.24266967397990558
1704,PIDILITIND,"Metals, Mining & Chemicals",458.0,68.14,Positive,False,0.0187067913786092,-0.040204610330995205,-0.17443443313670848
1705,PIGL,Energy,960.0,47.92,Neutral,False,-0.43185180801325673,-0.49076320972286114,-0.4953553441522104
1706,PIIND,"Metals, Mining & Chemicals",982.0,47.07,Neutral,False,-0.3446053402527831,-0.4035167419623875,-0.4097631200104699
1707,PILANIINVS,Financial Services,262.0,77.45,Strong,False,-0.26040703052728953,-0.31931843223689393,-0.3119029176349083
1708,PILITA,Industrials & Infrastructure,1160.0,39.87,Weak,False,-0.44436310395314793,-0.5032745056627523,-0.5375180375180375
1710,PIONEEREMB,Industrials & Infrastructure,1562.0,22.46,Weak,False,-0.39674843126069603,-0.45565983297030044,-0.46908315565031977
1713,PITTIENG,Industrials & Infrastructure,667.0,59.91,Neutral,False,0.13018839787244607,0.07127699616284167,-0.318934234726848
1714,PIXTRANS,Industrials & Infrastructure,1100.0,41.94,Neutral,False,0.20036189018024908,0.14145048847064468,-0.14650881205435207
1715,PKTEA,Technology,402.0,70.58,Positive,False,0.18935724962630784,0.13044584791670344,-0.3024013908508095
1716,PLASTIBLEN,"Metals, Mining & Chemicals",1439.0,27.82,Weak,False,0.07659987071751795,0.017688469007913543,-0.3547582400084921
1717,PLATIND,"Metals, Mining & Chemicals",1029.0,45.42,Neutral,False,-0.30576534052596094,-0.36467674223556534,-0.37538772757923133
1718,PLAZACABLE,Real Estate & Construction,1405.0,29.35,Weak,False,0.07479276563677462,0.01588136392717021,-0.46910324039186135
1720,PNB,Financial Services,170.0,82.46,Strong,False,0.0004442470013326094,-0.058467154708271796,-0.24833786642490197
1721,PNBGILTS,Financial Services,611.0,61.95,Positive,False,-0.2679320679320679,-0.3268434696416723,-0.40899100899100904
1722,PNBHOUSING,Financial Services,1195.0,38.47,Weak,False,0.22974045109373242,0.17082904938412802,-0.2550974847447537
1723,PNC,Services & Others,1035.0,45.05,Neutral,False,-0.48359133126934983,-0.5425027329789542,-0.4993808049535603
1724,PNCINFRA,Industrials & Infrastructure,1036.0,45.02,Neutral,False,-0.554371074520455,-0.6132824762300594,-0.5554276037256562
1725,PNGJL,Consumer & FMCG,553.0,63.55,Positive,False,-0.0358260583099983,-0.0947374600196027,-0.2838988872097816
1727,POCL,"Metals, Mining & Chemicals",149.0,83.61,Strong,False,-0.034449658703071706,-0.09336106041267611,-0.3429174788823911
1728,PODDARMENT,"Metals, Mining & Chemicals",1520.0,24.35,Weak,False,-0.04765422977465816,-0.10656563148426257,-0.2985306828003458
1730,POKARNA,Real Estate & Construction,1538.0,23.66,Weak,False,-0.07775780146397848,-0.1366692031735829,-0.365815966089721
1731,POLICYBZR,Consumer & FMCG,602.0,62.19,Positive,False,-0.31298484306003105,-0.37189624476963545,-0.4117917539467634
1732,POLYCAB,Real Estate & Construction,28.0,92.04,Strong,False,0.1142701673241735,0.055358765614569094,-0.21084722141571333
1733,POLYMED,Healthcare & Pharmaceuticals,1255.0,35.7,Weak,False,-0.1610968733982573,-0.2200082751078617,-0.4227488611030338
1734,POLYPLEX,Industrials & Infrastructure,1587.0,21.32,Weak,False,0.008920945240580735,-0.04999045646902367,-0.29031033500996495
1737,POONAWALLA,Financial Services,92.0,87.0,Strong,False,-0.11368840219014442,-0.17259980389974883,-0.3209216589861751
1738,POWERGRID,Energy,878.0,51.03,Neutral,False,-0.06698735079280227,-0.12589875250240667,-0.1840137114365844
1740,POWERINDIA,Industrials & Infrastructure,130.0,84.41,Strong,False,0.6686886511525312,0.6097772494429268,-0.2874533069655021
1741,POWERMECH,Energy,589.0,62.58,Positive,False,-0.13417804958435553,-0.19308945129395994,-0.38596739900779586
1742,PPAP,Automobile & Mobility,981.0,47.08,Neutral,False,0.11215923026129615,0.053247828551691745,-0.3871929918847745
1743,PPL,Industrials & Infrastructure,1710.0,14.07,Weak,False,-0.17754098360655735,-0.23645238531616175,-0.46635240572171655
1744,PPLPHARMA,Healthcare & Pharmaceuticals,1315.0,33.14,Weak,False,0.03793207395498399,-0.020979327754620414,-0.34713172978004214
1747,PRAENG,Industrials & Infrastructure,530.0,64.24,Positive,False,-0.08340016038492393,-0.14231156209452833,-0.46123680241327303
1748,PRAJIND,Industrials & Infrastructure,1806.0,7.37,Weak,False,-0.06936157517899766,-0.12827297688860206,-0.2720818291215402
1749,PRAKASH,"Metals, Mining & Chemicals",766.0,56.13,Neutral,False,-0.303929237619592,-0.3628406393291964,-0.34561506768687467
1750,PRAKASHSTL,"Metals, Mining & Chemicals",1688.0,15.74,Weak,False,-0.3136882129277566,-0.372599614637361,-0.4066666666666666
1752,PRAXIS,Consumer & FMCG,1739.0,12.23,Weak,False,-0.564748201438849,-0.6236596031484534,-0.7027616279069768
1753,PRECAM,Automobile & Mobility,1333.0,32.51,Weak,False,-0.41434302908726184,-0.47325443079686624,-0.4814467581170433
1754,PRECOT,Industrials & Infrastructure,1617.0,19.89,Weak,False,0.5587233505739875,0.49981194886438307,-0.38768920282542896
1755,PRECWIRE,Real Estate & Construction,245.0,78.07,Strong,False,1.5111018233112166,1.4521904216016122,-0.22481128979323928
1757,PREMEXPLN,"Metals, Mining & Chemicals",157.0,83.05,Strong,False,0.18313674093490606,0.12422533922530166,-0.4285500299580588
1759,PREMIERENE,Energy,476.0,67.25,Positive,False,-0.1099322133804892,-0.1688436150900936,-0.3789999999999999
1760,PREMIERPOL,Industrials & Infrastructure,1408.0,29.25,Weak,False,1.038884007029877,0.9799726053202726,-0.19620253164556956
1761,PRESTIGE,Industrials & Infrastructure,816.0,53.86,Neutral,False,-0.04623565268140839,-0.1051470543910128,-0.3688368444643657
1762,PRICOLLTD,Automobile & Mobility,195.0,81.26,Strong,False,0.4385864374403057,0.37967503573070127,-0.25203133006368494
1763,PRIMESECU,Services & Others,383.0,71.79,Positive,False,0.11817003148731264,0.05925862977770824,-0.19328649492583905
1765,PRINCEPIPE,Industrials & Infrastructure,1386.0,30.11,Weak,False,-0.20765447279434368,-0.2665658745039481,-0.39565918756415885
1767,PRITI,Industrials & Infrastructure,1810.0,6.57,Weak,False,-0.5519164759725401,-0.6108278776821445,-0.6020071138211383
1768,PRITIKAUTO,Industrials & Infrastructure,1335.0,32.45,Weak,False,0.10157618213660258,0.04266478042699817,-0.38470519556333915
1769,PRIVISCL,"Metals, Mining & Chemicals",81.0,88.23,Strong,False,0.5281875211936251,0.4692761194840207,-0.2278335301062573
1772,PROZONER,Industrials & Infrastructure,91.0,87.16,Strong,False,-0.06498254944324422,-0.12389395115284862,-0.43603133159268936
1773,PRSMJOHNSN,"Metals, Mining & Chemicals",738.0,57.12,Neutral,False,-0.2754215957714572,-0.3343329974810616,-0.35520570690609443
1774,PRUDENT,Financial Services,407.0,70.26,Positive,False,0.2007951533510035,0.1418837516413991,-0.2232919031539624
1775,PRUDMOULI,Consumer & FMCG,1815.0,5.43,Weak,False,-0.4867354458364038,-0.5456468475460082,-0.6012747875354107
1776,PSB,Financial Services,1694.0,15.45,Weak,False,-0.28800534580688275,-0.34691674751648716,-0.35153797865662273
1777,PSPPROJECT,Industrials & Infrastructure,764.0,56.2,Neutral,False,0.031101111699311845,-0.02781029001029256,-0.4260210442327831
1778,PTC,Energy,688.0,58.78,Neutral,False,-0.0789176330657152,-0.1378290347753196,-0.33639722051191845
1779,PTCIL,Automobile & Mobility,242.0,78.25,Strong,False,0.38138616384252777,0.32247476213292336,-0.2320609094701711
1780,PTL,Automobile & Mobility,877.0,51.06,Neutral,False,-0.048455937735375376,-0.10736733944497978,-0.15665735567970218
1781,PUNJABCHEM,"Metals, Mining & Chemicals",275.0,76.63,Strong,False,-0.22387400647630262,-0.28278540818590703,-0.4021164021164021
1782,PURVA,Industrials & Infrastructure,1546.0,23.27,Weak,False,-0.2180599515918823,-0.2769713533014867,-0.41909511934449595
1783,PVP,Industrials & Infrastructure,267.0,77.27,Strong,False,0.9169381107491859,0.8580267090395814,-0.4039583861963968
1784,PVRINOX,Services & Others,645.0,60.67,Positive,False,0.1146496815286624,0.05573827981905799,-0.2597904915390814
1785,PVSL,Automobile & Mobility,796.0,55.16,Neutral,False,-0.33027019613221775,-0.38918159784182216,-0.45323370265395524
1787,PYRAMID,Industrials & Infrastructure,1120.0,41.12,Neutral,False,0.0008697272783748655,-0.05804167443122954,-0.23193508879363145
1791,QUESS,Services & Others,1729.0,12.61,Weak,False,0.3363386907095256,0.2774272889999212,-0.33999611121913276
1792,QUICKHEAL,Technology,1805.0,7.56,Weak,False,-0.5235088885196877,-0.5824202902292921,-0.6388145590562508
1794,RACE,Industrials & Infrastructure,1490.0,25.52,Weak,False,-0.46148059648657025,-0.5203919981961747,-0.6308768016472203
1796,RADAAN,Services & Others,1834.0,2.57,Weak,False,-0.12209302325581395,-0.18100442496541835,-0.3523316062176166
1797,RADHIKAJWE,Consumer & FMCG,628.0,61.18,Positive,False,-0.2312465373961219,-0.2901579391057263,-0.44099104081406937
1798,RADIANTCMS,Financial Services,1568.0,22.21,Weak,False,-0.32982917214191854,-0.38874057385152294,-0.42344244984160506
1799,RADICO,Consumer & FMCG,100.0,86.51,Strong,False,0.5367167661793977,0.47780536446979327,-0.24727488151658772
1800,RADIOCITY,Services & Others,1653.0,17.59,Weak,False,-0.28434886499402623,-0.34326026670363063,-0.4564705882352941
1801,RAILTEL,Services & Others,653.0,60.31,Positive,False,-0.3325081433224756,-0.39141954503208,-0.3811140450144599
1802,RAIN,Energy,1476.0,26.26,Weak,False,0.6569253249250171,0.5980139232154127,-0.4007224423211372
1803,RAINBOW,Healthcare & Pharmaceuticals,573.0,62.9,Positive,False,0.02158380470378085,-0.037327597005823554,-0.20618482560230134
1805,RAJMET,"Metals, Mining & Chemicals",1467.0,26.69,Weak,False,-0.326039387308534,-0.3849507890181384,-0.40573770491803274
1808,RAJRATAN,"Metals, Mining & Chemicals",1676.0,16.25,Weak,False,0.44770728643216096,0.38879588472255655,-0.37302794145599694
1809,RAJRILTD,Industrials & Infrastructure,303.0,75.66,Strong,False,-0.2375366568914956,-0.2964480586011,-0.28701677607585696
1810,RAJSREESUG,Consumer & FMCG,1783.0,9.56,Weak,False,-0.23776569451309937,-0.2966770962227038,-0.3681616559881714
1811,RAJTV,Services & Others,1716.0,13.65,Weak,False,-0.7318892900120337,-0.7908006917216381,-0.8198986642100414
1812,RALLIS,"Metals, Mining & Chemicals",204.0,80.27,Strong,False,-0.35504527813712805,-0.41395667984673246,-0.36021815848572347
1813,RAMANEWS,Industrials & Infrastructure,1330.0,32.74,Weak,False,0.01833060556464816,-0.040580796144956244,-0.2912966252220248
1814,RAMAPHO,"Metals, Mining & Chemicals",35.0,91.51,Strong,False,-0.19807538091419397,-0.25698678262379837,-0.505948149201384
1815,RAMASTEEL,"Metals, Mining & Chemicals",1536.0,23.76,Weak,False,-0.571150097465887,-0.6300614991754914,-0.670299727520436
1817,RAMCOCEM,Real Estate & Construction,699.0,58.46,Neutral,False,-0.1451092978744838,-0.2040206995840882,-0.29566769026475237
1818,RAMCOIND,Real Estate & Construction,256.0,77.68,Strong,False,-0.09332166812481779,-0.1522330698344222,-0.35645472061657024
1819,RAMCOSYS,Technology,160.0,82.86,Strong,False,0.11909487892020643,0.06018347721060202,-0.4777229601518026
1820,RAMKY,Industrials & Infrastructure,555.0,63.52,Positive,False,-0.47402318591670245,-0.5329345876263069,-0.5284834488067744
1821,RAMRAT,"Metals, Mining & Chemicals",452.0,68.43,Positive,False,0.8003802281368821,0.7414688264272777,-0.23586910327241817
1822,RANASUG,Consumer & FMCG,1421.0,28.84,Weak,False,-0.025316455696202667,-0.08422785740580707,-0.29396151293961503
1823,RANEHOLDIN,Financial Services,231.0,78.7,Strong,False,-0.025584255842558412,-0.08449565755216282,-0.41353827963346146
1824,RATEGAIN,Technology,191.0,81.55,Strong,False,0.1962468422952004,0.137335440585596,-0.39343808403128677
1825,RATNAMANI,"Metals, Mining & Chemicals",1357.0,31.5,Weak,False,0.13833664678595103,0.07942524507634663,-0.2785765872234258
1826,RATNAVEER,"Metals, Mining & Chemicals",686.0,58.81,Neutral,False,1.038371520078837,0.9794601183692326,-0.21287692584377427
1830,RBA,Financial Services,1050.0,44.29,Neutral,False,0.17418610612663432,0.11527470441702992,-0.2741792369121562
1831,RBLBANK,Financial Services,62.0,89.52,Strong,False,0.4789244186046513,0.4200130168950469,-0.1300556307322207
1832,RBZJEWEL,Consumer & FMCG,1487.0,25.9,Weak,False,0.42478805611823844,0.36587665440863404,-0.38537965917986394
1833,RCF,"Metals, Mining & Chemicals",741.0,57.05,Neutral,False,-0.251633542063708,-0.31054494377331243,-0.30221757048472553
1834,RCOM,Services & Others,1640.0,18.42,Weak,False,-0.3597122302158273,-0.4186236319254317,-0.48299319727891155
1835,RECLTD,Services & Others,1353.0,31.69,Weak,False,-0.19679512647331476,-0.25570652818291917,-0.21346128906756578
1836,REDINGTON,Technology,444.0,68.7,Positive,False,0.4510752688172044,0.3921638671076,-0.3256323777403036
1837,REDTAPE,Consumer & FMCG,1090.0,42.35,Neutral,False,-0.17941176470588227,-0.23832316641548668,-0.24924760601915175
1838,REFEX,Energy,1690.0,15.69,Weak,False,-0.2455204486390371,-0.3044318503486415,-0.4945610049445409
1840,REGENCERAM,Real Estate & Construction,1544.0,23.32,Weak,False,-0.20370822151744328,-0.2626196232270477,-0.37885462555066074
1841,RELAXO,Consumer & FMCG,1032.0,45.35,Neutral,False,-0.34750897666068226,-0.40642037837028666,-0.4661131059245961
1842,RELCHEMQ,Industrials & Infrastructure,1413.0,29.09,Weak,False,-0.2661372299872935,-0.3250486316968979,-0.31598466276950155
1844,RELIANCE,Energy,570.0,63.05,Positive,False,-0.12500913275370795,-0.18392053446331236,-0.24788042454311376
1845,RELIGARE,Financial Services,349.0,73.55,Positive,False,-0.06440407266919546,-0.12331547437879986,-0.24958955223880586
1846,RELINFRA,Energy,1704.0,14.57,Weak,False,-0.8181519642050818,-0.8770633659146863,-0.8225018030290889
1847,RELTD,Energy,79.0,88.66,Strong,False,-0.11111778124624816,-0.17002918295585256,-0.3139501575479807
1848,REMSONSIND,Automobile & Mobility,1249.0,36.01,Weak,False,-0.012063023141309692,-0.0709744248509141,-0.4931780366056572
1849,RENUKA,Consumer & FMCG,1743.0,11.95,Weak,False,-0.23709623709623717,-0.2960076388058416,-0.30181936322287195
1850,REPCOHOME,Financial Services,1422.0,28.77,Weak,False,-0.045028917653539,-0.10394031936314341,-0.25233229675699687
1851,REPL,Industrials & Infrastructure,1714.0,13.78,Weak,False,-0.5917005804256454,-0.6506119821352498,-0.617707709705315
1852,REPRO,Services & Others,1505.0,24.74,Weak,False,-0.2214577259475219,-0.2803691276571263,-0.5002167316861725
1853,RESPONIND,Industrials & Infrastructure,1373.0,30.78,Weak,False,-0.12691123237344004,-0.18582263408304445,-0.4263065179095714
1855,RGL,Consumer & FMCG,1569.0,22.21,Weak,False,0.3624071446456889,0.3034957429360845,-0.4089163237311386
1858,RHIM,Industrials & Infrastructure,1059.0,44.04,Neutral,False,-0.13366946778711475,-0.19258086949671915,-0.32100396301188894
1859,RHL,Services & Others,280.0,76.48,Strong,False,-0.3318385650224215,-0.3907499667320259,-0.35221274062313956
1860,RICOAUTO,Automobile & Mobility,380.0,71.81,Positive,False,0.35778251599147115,0.29887111428186675,-0.2720753350235424
1861,RIIL,Industrials & Infrastructure,1229.0,36.91,Weak,False,-0.21819944124522495,-0.27711084295482935,-0.33126271821784303
1863,RISHABH,Industrials & Infrastructure,158.0,83.03,Strong,False,0.7284399224806202,0.6695285207710158,-0.2892543615957328
1864,RITCO,Services & Others,1331.0,32.58,Weak,False,0.05862134810005726,-0.0002900536095471473,-0.37761796176109463
1865,RITES,Industrials & Infrastructure,944.0,48.81,Neutral,False,-0.22116759332803815,-0.28007899503764255,-0.3156028368794326
1867,RKEC,Industrials & Infrastructure,1427.0,28.37,Weak,False,-0.6915786623341457,-0.7504900640437501,-0.7545356079068508
1868,RKFORGE,Automobile & Mobility,1647.0,18.1,Weak,False,0.3037270535879846,0.24481565187838017,-0.2000345781466113
1869,RKSWAMY,Services & Others,1514.0,24.5,Weak,False,-0.38507504168982765,-0.44398644339943205,-0.5366230278616986
1872,RML,Automobile & Mobility,634.0,60.91,Positive,False,0.6146867198441213,0.5557753181345169,-0.27302573723398027
1874,ROHLTD,Services & Others,185.0,81.73,Strong,False,-0.433992618529384,-0.4929040202389884,-0.4932287288689643
1875,ROLEXRINGS,Automobile & Mobility,1392.0,29.76,Weak,False,0.4892224788298689,0.4303110771202645,-0.2748014440433212
1877,ROML,Energy,1046.0,44.39,Neutral,False,-0.13575025176233635,-0.19466165347194075,-0.4049803407601573
1878,ROSSARI,"Metals, Mining & Chemicals",1257.0,35.68,Weak,False,-0.3077104456496109,-0.3666218473592153,-0.43706787599434993
1879,ROSSELLIND,Industrials & Infrastructure,1219.0,37.26,Weak,False,-0.20527950310559018,-0.2641909048151946,-0.363678516228748
1881,ROTO,Industrials & Infrastructure,1065.0,43.8,Neutral,False,-0.185546875,-0.2444582767096044,-0.37555209145232527
1882,ROUTE,Technology,1674.0,16.3,Weak,False,-0.4317313114856821,-0.4906427131952865,-0.47916536123817277
1884,RPGLIFE,Healthcare & Pharmaceuticals,760.0,56.39,Neutral,False,0.30479512539738596,0.24588372368778155,-0.29180540891740436
1885,RPOWER,Energy,1352.0,31.74,Weak,False,-0.563238512035011,-0.6221499137446154,-0.5891313297653356
1886,RPPINFRA,Industrials & Infrastructure,1652.0,17.66,Weak,False,-0.5953502984605717,-0.6542617001701762,-0.5979397533947245
1887,RPPL,Industrials & Infrastructure,1709.0,14.08,Weak,False,-0.020291363163371545,-0.07920276487297595,-0.3000466635557629
1888,RPSGVENT,Technology,1167.0,39.69,Weak,False,0.008261988864275871,-0.050649412845328534,-0.3442843757320214
1889,RPTECH,Technology,974.0,47.39,Neutral,False,1.7580343213728549,1.6991229196632505,-0.15990962721225066
1892,RRKABEL,Real Estate & Construction,359.0,73.2,Positive,False,0.9385294349436519,0.8796180332340475,-0.18682557027728453
1895,RSSOFTWARE,Technology,1610.0,20.23,Weak,False,-0.5583392984967788,-0.6172507002063832,-0.6960077626836707
1896,RSWM,Industrials & Infrastructure,1509.0,24.62,Weak,False,0.42697994733643907,0.36806854562683466,-0.26994013424442154
1897,RSYSTEMS,Technology,468.0,67.63,Positive,False,-0.3302263324409832,-0.3891377341505876,-0.4901933541739031
1899,RTNPOWER,Energy,1433.0,28.24,Weak,False,-0.4050303555941023,-0.4639417573037067,-0.41166380789022294
1901,RUBFILA,Industrials & Infrastructure,471.0,67.59,Positive,False,-0.24050170482221145,-0.29941310653181585,-0.3111111111111111
1903,RUBYMILLS,Industrials & Infrastructure,857.0,51.81,Neutral,False,1.239375465988334,1.1804640642787296,-0.2848724640121223
1904,RUCHINFRA,Services & Others,1153.0,40.03,Neutral,False,-0.32493368700265257,-0.383845088712257,-0.4565789473684211
1905,RUCHIRA,Industrials & Infrastructure,314.0,75.12,Strong,False,-0.27051920584021283,-0.32943060754981723,-0.3456478767636836
1907,RUPA,Industrials & Infrastructure,1222.0,37.15,Weak,False,-0.3535112496347521,-0.4124226513443565,-0.46714168793028743
1908,RUSHIL,Real Estate & Construction,1011.0,46.12,Neutral,False,-0.4458333333333333,-0.5047447350429377,-0.5634569581490303
1909,RUSTOMJEE,Industrials & Infrastructure,864.0,51.65,Neutral,False,-0.39563392107472717,-0.4545453227843316,-0.4575985892914395
1910,RVHL,Industrials & Infrastructure,1118.0,41.16,Neutral,False,-0.2835433654558933,-0.3424547671654977,-0.5141392425996361
1911,RVNL,Industrials & Infrastructure,1462.0,26.82,Weak,False,-0.4112950058072009,-0.4702064075168053,-0.4909137775486532
1913,S&SPOWER,Energy,539.0,63.95,Positive,False,-0.20363496736208875,-0.26254636907169315,-0.4906959341481666
1916,SADBHAV,Industrials & Infrastructure,1603.0,20.49,Weak,False,-0.409688013136289,-0.4685994148458934,-0.5701198026779423
1917,SADBHIN,Industrials & Infrastructure,1752.0,11.54,Weak,False,-0.33762886597938147,-0.39654026768898587,-0.5034802784222736
1919,SAFARI,Consumer & FMCG,771.0,55.92,Neutral,False,-0.3343715646757053,-0.3932829663853097,-0.45133595442509833
1920,SAGARDEEP,"Metals, Mining & Chemicals",1096.0,42.05,Neutral,False,-0.18452380952380953,-0.24343521123341394,-0.27589608681354816
1921,SAGCEM,Real Estate & Construction,613.0,61.92,Positive,False,-0.4127158555729985,-0.4716272572826029,-0.42602040816326536
1922,SAGILITY,Technology,512.0,65.46,Positive,False,-0.0018378130025269446,-0.06074921471213135,-0.3340051300842798
1924,SAHYADRI,Real Estate & Construction,1093.0,42.17,Neutral,False,0.35245428296438885,0.29354288125478445,-0.2573878146661803
1926,SAIL,"Metals, Mining & Chemicals",338.0,74.13,Positive,False,0.365253483545805,0.3063420818362006,-0.21911093856158392
1929,SAKAR,Healthcare & Pharmaceuticals,187.0,81.67,Strong,False,1.9706924754634678,1.9117810737538634,-0.18835249042145585
1930,SAKHTISUG,Consumer & FMCG,1774.0,10.12,Weak,False,-0.13195098963242213,-0.19086239134202654,-0.36384544618215264
1931,SAKSOFT,Technology,272.0,76.93,Strong,False,-0.284510595358224,-0.3434219970678284,-0.4999544128373451
1932,SAKUMA,Consumer & FMCG,1781.0,9.79,Weak,False,-0.34817813765182193,-0.40708953936142633,-0.6262626262626263
1933,SALASAR,Industrials & Infrastructure,1494.0,25.44,Weak,False,-0.49777282850779514,-0.5566842302173995,-0.5820203892493049
1934,SALONA,Industrials & Infrastructure,976.0,47.32,Neutral,False,0.08962075848303397,0.030709356773429564,-0.2533706017757317
1935,SALSTEEL,"Metals, Mining & Chemicals",521.0,64.88,Positive,False,2.330827067669173,2.2719156659595687,-0.2833333333333333
1936,SALZERELEC,Industrials & Infrastructure,1666.0,16.66,Weak,False,-0.30668651692666205,-0.36559791863626645,-0.4643908823208637
1938,SAMBHAAV,Services & Others,1368.0,30.96,Weak,False,-0.07496012759170645,-0.13387152930131085,-0.5272232304900182
1940,SAMHI,Services & Others,341.0,73.87,Positive,False,-0.25375211211609183,-0.31266351382569624,-0.38046893884457333
1941,SAMMAANCAP,Financial Services,174.0,82.32,Strong,False,-0.18138931477768616,-0.24030071648729057,-0.3155373032169747
1942,SAMPANN,Energy,759.0,56.4,Neutral,False,-0.11672727272727279,-0.1756386744368772,-0.4410939691444601
1943,SANATHAN,Industrials & Infrastructure,604.0,62.17,Positive,False,0.03344648562300301,-0.025464916086601397,-0.2693690095846646
1944,SANDESH,Services & Others,937.0,48.92,Neutral,False,-0.12860291624279407,-0.18751431795239848,-0.3126463700234192
1945,SANDHAR,Technology,1025.0,45.58,Neutral,False,0.26575192096597133,0.20684051925636693,-0.25318294454413404
1946,SANDUMA,"Metals, Mining & Chemicals",224.0,79.0,Strong,False,0.07695502551323119,0.018043623803626785,-0.351781194514752
1947,SANGAMIND,Industrials & Infrastructure,1043.0,44.87,Neutral,False,0.4953071165498395,0.4363957148402351,-0.16718546038758908
1948,SANGHVIMOV,Industrials & Infrastructure,124.0,84.77,Strong,False,0.15718192472978254,0.09827052302017814,-0.4436801375752365
1951,SANOFICONR,Healthcare & Pharmaceuticals,587.0,62.69,Positive,False,-0.16271136473709702,-0.22162276644670142,-0.2151468130818811
1952,SANSERA,Automobile & Mobility,381.0,71.81,Positive,False,2.178492476645511,2.1195810749359065,-0.1699668564629896
1953,SANSTAR,Consumer & FMCG,1411.0,29.16,Weak,False,0.12101510067114107,0.06210369896153667,-0.25735005880047046
1955,SAPPHIRE,Consumer & FMCG,1265.0,35.47,Weak,False,-0.2689608636977058,-0.3278722654073102,-0.50092899800929
1957,SARDAEN,"Metals, Mining & Chemicals",110.0,85.97,Strong,False,-0.08978665456196089,-0.1486980562715653,-0.20828696173272843
1958,SAREGAMA,Services & Others,1000.0,46.45,Neutral,False,0.03520456707897246,-0.023706834630631946,-0.34221376466856956
1959,SARLAPOLY,Industrials & Infrastructure,768.0,55.99,Neutral,False,0.022180372462858422,-0.03673102924674598,-0.3107814045499504
1960,SARVESHWAR,Consumer & FMCG,1416.0,29.0,Weak,False,-0.43066884176182707,-0.4895802434714315,-0.6003184713375798
1961,SASKEN,Technology,1435.0,28.22,Weak,False,0.17912252008817475,0.12021111837857035,-0.37376789153668943
1962,SATIA,Industrials & Infrastructure,1237.0,36.51,Weak,False,-0.16277354315220072,-0.22168494486180512,-0.3845043310875842
1963,SATIN,Financial Services,1119.0,41.15,Neutral,False,0.6166632181529761,0.5577518164433717,-0.2008033622196601
1964,SAURASHCEM,Real Estate & Construction,518.0,65.05,Positive,False,-0.5101459921035718,-0.5690573938131762,-0.5660937640601098
1967,SBC,Industrials & Infrastructure,368.0,72.4,Positive,False,1.4171557562076749,1.3582443544980705,-0.1256520753005217
1968,SBCL,"Metals, Mining & Chemicals",480.0,67.13,Positive,False,1.1925545571245184,1.133643155414914,-0.30341563022090223
1970,SBGLP,Industrials & Infrastructure,1686.0,15.77,Weak,False,-0.2801094890510949,-0.3390208907606993,-0.5305140541909344
1971,SBICARD,Financial Services,716.0,57.68,Neutral,False,-0.32511133949982873,-0.38402274120943314,-0.3941574710805481
1974,SBIN,Financial Services,134.0,84.23,Strong,False,0.11329707209813678,0.05438567038853237,-0.23489167616875706
1976,SCHAEFFLER,Automobile & Mobility,116.0,85.2,Strong,False,-0.05427375971309023,-0.11318516142269464,-0.16865755214409017
1977,SCHAND,Services & Others,1243.0,36.21,Weak,False,-0.23651430381083083,-0.29542570552043523,-0.31549604001667364
1978,SCHNEIDER,Industrials & Infrastructure,305.0,75.57,Strong,False,0.43511081587052347,0.37619941416091907,-0.3491769200516883
1979,SCI,Services & Others,355.0,73.34,Positive,False,0.21733488455342775,0.15842348284382335,-0.2646351242983158
1980,SCILAL,Services & Others,972.0,47.45,Neutral,False,-0.262,-0.3209114017096044,-0.3321858864027539
1982,SCPL,Consumer & FMCG,1736.0,12.26,Weak,False,1.6387606012259637,1.5798491995163593,-0.21493285876071833
1983,SDBL,Consumer & FMCG,1263.0,35.49,Weak,False,-0.35291756962838106,-0.41182897133798546,-0.5320666866927005
1984,SEAMECLTD,Services & Others,723.0,57.4,Neutral,False,0.8437876299945264,0.784876228284922,-0.1957037668106857
1985,SECMARK,Technology,675.0,59.43,Neutral,False,0.20752136752136763,0.14860996581176322,-0.29100029078220413
1986,SECURKLOUD,Technology,1431.0,28.28,Weak,False,-0.25639913232104117,-0.3153105340306456,-0.46879021879021876
1989,SEJALLTD,Real Estate & Construction,43.0,90.75,Strong,True,-0.17522958550508805,-0.23414098721469245,-0.5938117182356815
1992,SEMAC,Industrials & Infrastructure,342.0,73.87,Positive,False,-0.5058800079728921,-0.5647914096824965,-0.5853938136179464
1993,SENCO,Consumer & FMCG,1053.0,44.2,Neutral,False,-0.07645437400261124,-0.13536577571221564,-0.25341365461847387
1995,SEPC,Industrials & Infrastructure,1631.0,19.0,Weak,False,-0.5880398671096345,-0.6469512688192389,-0.6175986842105263
1996,SERVOTECH,Energy,1309.0,33.47,Weak,False,-0.41988773055332795,-0.47879913226293236,-0.5566272323110542
1997,SESHAPAPER,Industrials & Infrastructure,1632.0,18.89,Weak,False,-0.061487795428128766,-0.12039919713773317,-0.23443708609271519
2001,SEYAIND,"Metals, Mining & Chemicals",1454.0,27.18,Weak,False,-0.15527950310559013,-0.21419090481519454,-0.6369320550229262
2002,SFL,Consumer & FMCG,1477.0,26.25,Weak,False,-0.06186642814549792,-0.12077782985510233,-0.3593911426406776
2004,SGIL,Automobile & Mobility,478.0,67.18,Positive,False,0.20755242159955478,0.14864101988995038,-0.1954214542583983
2005,SGL,Industrials & Infrastructure,926.0,49.28,Neutral,False,-0.40196721311475414,-0.46087861482435855,-0.4504504504504504
2010,SHAH,"Metals, Mining & Chemicals",1017.0,45.81,Neutral,False,-0.1519999999999999,-0.21091140170960432,-0.45328719723183397
2012,SHAILY,Industrials & Infrastructure,32.0,91.65,Strong,False,0.3799299458672609,0.3210185441576565,-0.3373349339735895
2013,SHAKTIPUMP,Industrials & Infrastructure,1339.0,32.29,Weak,False,-0.4351891202719932,-0.4941005219815976,-0.4415032481330824
2014,SHALBY,Healthcare & Pharmaceuticals,522.0,64.82,Positive,False,-0.45769449176604193,-0.5166058934756463,-0.5237558685446009
2015,SHALPAINTS,"Metals, Mining & Chemicals",1700.0,14.8,Weak,False,-0.12532330119915347,-0.18423470290875787,-0.5758288267105574
2017,SHANTI,Industrials & Infrastructure,1667.0,16.59,Weak,False,-0.46509433962264146,-0.5240057413322459,-0.563189143341815
2018,SHANTIGEAR,Automobile & Mobility,229.0,78.83,Strong,False,0.20755076747068335,0.14863936576107895,-0.28464384828862177
2020,SHARDACROP,"Metals, Mining & Chemicals",94.0,86.87,Strong,False,-0.10627604805099278,-0.16518744976059718,-0.41950636942675157
2021,SHARDAMOTR,Automobile & Mobility,161.0,82.86,Strong,False,-0.1062884160756501,-0.1651998177852545,-0.39713896457765674
2023,SHAREINDIA,Services & Others,1831.0,2.92,Weak,False,0.5294990723562152,0.4705876706466108,-0.43113308132208983
2025,SHEKHAWATI,Industrials & Infrastructure,1589.0,21.18,Weak,False,0.36839600190385524,0.30948460019425084,-0.5909886264216972
2026,SHEMAROO,Services & Others,1531.0,23.95,Weak,False,0.09210880689469447,0.03319740518509007,-0.3700339558573854
2030,SHILPAMED,Healthcare & Pharmaceuticals,540.0,63.89,Positive,False,1.6328967642526968,1.5739853625430924,-0.3323330832708177
2035,SHIVALIK,"Metals, Mining & Chemicals",1720.0,13.19,Weak,False,-0.07030537830446681,-0.12921678001407122,-0.5468800692116362
2036,SHIVAMAUTO,Automobile & Mobility,1351.0,31.78,Weak,False,-0.45661091827074796,-0.5155223199803524,-0.5795776867317997
2037,SHIVAMILLS,Industrials & Infrastructure,1390.0,29.79,Weak,False,-0.15350202712148753,-0.21241342883109193,-0.3710331329512092
2038,SHIVATEX,Industrials & Infrastructure,1057.0,44.1,Neutral,False,-0.10284972692370087,-0.16176112863330527,-0.343714492304514
2040,SHK,"Metals, Mining & Chemicals",313.0,75.13,Strong,False,-0.41717428087986463,-0.47608568258946904,-0.5322869395062242
2041,SHOPERSTOP,Consumer & FMCG,905.0,50.12,Neutral,False,-0.18993662377568665,-0.24884802548529106,-0.460700535261527
2043,SHRADHA,Industrials & Infrastructure,1764.0,10.91,Weak,False,-0.3632829373650107,-0.4221943390746151,-0.4586752051230738
2044,SHREDIGCEM,Real Estate & Construction,422.0,69.63,Positive,False,-0.2731340026189437,-0.3320454043285481,-0.39832989914326
2045,SHREECEM,Real Estate & Construction,701.0,58.36,Neutral,False,-0.24321556579621095,-0.30212696750581536,-0.27374208597134286
2047,SHREEPUSHK,"Metals, Mining & Chemicals",37.0,91.23,Strong,False,0.11576465304289241,0.056853251333288,-0.38086683134965194
2048,SHREERAMA,Industrials & Infrastructure,23.0,92.61,Strong,False,-0.2731993299832496,-0.332110731692854,-0.45240502672251925
2050,SHREYANIND,Industrials & Infrastructure,523.0,64.79,Positive,False,-0.42027682904907426,-0.47918823075867867,-0.4644309387433869
2053,SHRIPISTON,Technology,127.0,84.7,Strong,False,0.6969752319719442,0.6380638302623398,-0.21266002844950205
2054,SHRIRAMFIN,Financial Services,803.0,54.76,Neutral,False,0.50501002004008,0.4460986183304756,-0.21048343291689298
2055,SHRIRAMPPS,Industrials & Infrastructure,1102.0,41.92,Neutral,False,-0.225524861878453,-0.2844362635880574,-0.35922431865828086
2058,SHYAMCENT,"Metals, Mining & Chemicals",1755.0,11.47,Weak,False,-0.2914285714285715,-0.3503399731381759,-0.4757834757834758
2059,SHYAMMETL,"Metals, Mining & Chemicals",354.0,73.45,Positive,False,0.1561637907718938,0.09725238906228939,-0.21564688916357644
2064,SIEMENS,Industrials & Infrastructure,1424.0,28.7,Weak,False,0.21271824443376586,0.15380684272416145,-0.1528327137546469
2065,SIGACHI,"Metals, Mining & Chemicals",1630.0,19.16,Weak,False,-0.27311773623041935,-0.33202913794002376,-0.5782652043868395
2066,SIGIND,Industrials & Infrastructure,1442.0,27.74,Weak,False,0.321845682557917,0.2629342808483126,-0.30502512562814077
2067,SIGMA,Technology,5.0,95.45,Strong,True,-0.2279551337359793,-0.2868665354455837,-0.42351634401777216
2069,SIGNATURE,Industrials & Infrastructure,1066.0,43.8,Neutral,False,-0.25418140112778354,-0.31309280283738794,-0.3770606192760576
2070,SIGNPOST,Services & Others,434.0,69.17,Positive,False,-0.01673484566753436,-0.07564624737713876,-0.26154704351059865
2073,SIL,"Metals, Mining & Chemicals",1266.0,35.45,Weak,False,-0.11021936864633508,-0.16913077035593949,-0.38477580813347223
2074,SILGO,Consumer & FMCG,150.0,83.49,Strong,False,-0.015564202334630295,-0.0744756040442347,-0.19322073934097084
2075,SILINV,Financial Services,566.0,63.16,Positive,False,-0.28076985282225453,-0.33968125453185893,-0.46755512140664246
2077,SILVERTUC,Technology,520.0,64.91,Positive,False,1.0622347949080622,1.0033233931984578,-0.3773245350929815
2079,SIMPLEXINF,Industrials & Infrastructure,1116.0,41.37,Neutral,False,-0.1476047374933711,-0.2065161392029755,-0.5476382395615025
2081,SINCLAIR,Services & Others,600.0,62.21,Positive,False,-0.2015669515669516,-0.260478353276556,-0.288797015226379
2082,SINDHUTRAD,Services & Others,776.0,55.81,Neutral,False,-0.17647058823529416,-0.23538198994489856,-0.36498936924167247
2084,SINTERCOM,Automobile & Mobility,1434.0,28.24,Weak,False,-0.3802566793122931,-0.4391680810218975,-0.4376462991363306
2085,SIRCA,"Metals, Mining & Chemicals",7.0,95.25,Strong,False,-0.1563440190891171,-0.2152554207987215,-0.26861204638982417
2086,SIS,Services & Others,746.0,56.9,Neutral,False,0.12918934402749915,0.07027794231789475,-0.24793270601653827
2088,SIYSIL,Industrials & Infrastructure,1127.0,40.97,Neutral,False,-0.18128789623148367,-0.24019929794108807,-0.47262056029527444
2089,SJS,Automobile & Mobility,13.0,94.23,Strong,False,0.4995027514420207,0.4405913497324163,-0.20220646178092982
2090,SJVN,Energy,1227.0,36.98,Weak,False,-0.3286421110500275,-0.3875535127596319,-0.3324587296381326
2091,SKFINDIA,Automobile & Mobility,406.0,70.46,Positive,False,-0.6828081070874071,-0.7417195087970115,-0.7177342065330244
2093,SKIPPER,Industrials & Infrastructure,296.0,75.85,Strong,False,0.017475543736347188,-0.04143585797325722,-0.3724000379903125
2094,SKMEGGPROD,Consumer & FMCG,142.0,83.86,Strong,False,0.3759765625,0.3170651607903956,-0.41438071487946804
2095,SKYGOLD,Consumer & FMCG,1508.0,24.63,Weak,False,1.8801951572099749,1.8212837555003705,-0.19196304849884516
2096,SMARTLINK,Technology,1389.0,29.93,Weak,False,0.4451143451143451,0.3862029434047407,-0.30606825122825654
2098,SMCGLOBAL,Services & Others,503.0,66.27,Positive,False,0.4006050129645635,0.3416936112549591,-0.396154681729307
2099,SMLMAH,Automobile & Mobility,135.0,84.18,Strong,False,1.076454840971381,1.0175434392617766,-0.317670893966844
2100,SMLT,"Metals, Mining & Chemicals",1721.0,13.09,Weak,False,-0.4434033692977475,-0.5023147710073519,-0.48506592519508474
2101,SMSPHARMA,Healthcare & Pharmaceuticals,463.0,67.93,Positive,False,0.7914873822537503,0.7325759805441459,-0.19313255760894377
2102,SNOWMAN,Services & Others,1402.0,29.4,Weak,False,-0.3471627906976743,-0.4060741924072787,-0.43731671554252205
2103,SOBHA,Industrials & Infrastructure,308.0,75.38,Strong,False,-0.19552445705987198,-0.2544358587694764,-0.32000940512579357
2104,SOFTTECH,Technology,888.0,50.54,Neutral,False,0.3541239228559705,0.2952125211463661,-0.42866475045727714
2105,SOLARA,Energy,777.0,55.76,Neutral,False,0.21632113653258433,0.15740973482297993,-0.32655483462573187
2106,SOLARINDS,Energy,514.0,65.28,Positive,False,0.43188275758935246,0.37297135587974806,-0.20300950369588178
2109,SOMANYCERA,Real Estate & Construction,1545.0,23.28,Weak,False,0.3539687738836117,0.2950573721740073,-0.26929303831624385
2110,SOMATEX,Industrials & Infrastructure,65.0,89.32,Strong,False,0.10279989020038416,0.04388848849077975,-0.49759083213960165
2111,SOMICONVEY,Industrials & Infrastructure,1535.0,23.77,Weak,False,-0.33916265283438296,-0.39807405454398737,-0.4788962057071181
2112,SONACOMS,Automobile & Mobility,1363.0,31.26,Weak,False,0.9526283987915407,0.8937169970819363,-0.13150952613580846
2114,SONAMLTD,Consumer & FMCG,1015.0,46.02,Neutral,False,0.5491200712853643,0.4902086695757599,-0.1809442426831872
2115,SONATSOFTW,Technology,1238.0,36.5,Weak,False,-0.21317829457364346,-0.27208969628324786,-0.46639511201629336
2116,SOTL,Technology,936.0,48.98,Neutral,False,0.7317979197622584,0.672886518052654,-0.290481467799532
2117,SOUTHBANK,Financial Services,288.0,76.15,Strong,False,0.6561116785835888,0.5972002768739844,-0.2689295039164491
2118,SOUTHWEST,Industrials & Infrastructure,315.0,75.05,Strong,False,0.4394571233603761,0.3805457216507717,-0.30624605209378364
2119,SPAL,Industrials & Infrastructure,1146.0,40.29,Neutral,False,0.3137119113573408,0.2548005096477364,-0.2629380788087887
2120,SPANDANA,Financial Services,1619.0,19.86,Weak,False,-0.09974374137591169,-0.1586551430855161,-0.3484875287457987
2121,SPARC,Healthcare & Pharmaceuticals,1836.0,0.48,Weak,False,0.534998108210367,0.47608670650076257,-0.3313758691501243
2122,SPCENET,Technology,1133.0,40.69,Neutral,False,-0.5671052631578948,-0.6260166648674992,-0.7244525547445255
2123,SPECIALITY,Financial Services,761.0,56.39,Neutral,False,0.06900460503010963,0.010093203320505229,-0.4332748616920792
2126,SPENCERS,Consumer & FMCG,1832.0,2.8,Weak,False,-0.5105357142857143,-0.5694471159953187,-0.5840243696056864
2127,SPIC,"Metals, Mining & Chemicals",852.0,52.06,Neutral,False,-0.31874932146346757,-0.377660723173072,-0.42426760856014967
2128,SPLIL,Industrials & Infrastructure,1228.0,36.96,Weak,False,-0.22796588265701723,-0.28687728436662163,-0.512361079609889
2130,SPMLINFRA,Industrials & Infrastructure,696.0,58.52,Neutral,False,-0.3253082549634274,-0.3842196566730318,-0.37876828578356103
2131,SPORTKING,Industrials & Infrastructure,871.0,51.45,Neutral,False,1.043345483203625,0.9844340814940207,-0.24277841125047506
2132,SRD,"Metals, Mining & Chemicals",1121.0,41.12,Neutral,False,-0.40466748017083587,-0.4635788818804403,-0.5034557528120343
2133,SREEL,Consumer & FMCG,1210.0,37.77,Weak,False,0.2966498795708341,0.2377384778612297,-0.29084495069704175
2134,SRF,"Metals, Mining & Chemicals",729.0,57.33,Neutral,False,-0.14296033848164835,-0.20187174019125276,-0.25031347962382444
2135,SRGHFL,Financial Services,1069.0,43.53,Neutral,False,-0.5422958272446826,-0.601207228954287,-0.605
2136,SRHHYPOLTD,"Metals, Mining & Chemicals",993.0,46.68,Neutral,False,-0.006449363778978645,-0.06536076548858305,-0.3392411597694227
2138,SRM,Industrials & Infrastructure,87.0,87.34,Strong,False,-0.24641568772546474,-0.30532708943506914,-0.410660779056931
2140,SSDL,Consumer & FMCG,1260.0,35.55,Weak,False,-0.0808433870785884,-0.1397547887881928,-0.4683801149814001
2141,SSWL,Automobile & Mobility,681.0,59.25,Neutral,False,0.6976063597449111,0.6386949580353067,-0.26803813777701435
2143,STANLEY,Consumer & FMCG,1176.0,39.35,Weak,False,-0.5355335157318741,-0.5944449174414785,-0.5886949293433084
2144,STAR,Healthcare & Pharmaceuticals,599.0,62.23,Positive,False,0.4056033693462737,0.3466919676366693,-0.20116151839070773
2145,STARCEMENT,Real Estate & Construction,183.0,81.82,Strong,False,-0.2784018987341773,-0.3373133004437817,-0.31716264271008787
2147,STARPAPER,Industrials & Infrastructure,1215.0,37.45,Weak,False,-0.10316661734240884,-0.16207801905201324,-0.3106979405034326
2148,STARTECK,Financial Services,240.0,78.33,Strong,False,0.010946555054732743,-0.04796484665487166,-0.32594788578561407
2149,STCINDIA,Services & Others,1529.0,23.98,Weak,False,-0.19495481927710856,-0.25386622098671296,-0.2912107818274039
2150,STEELCAS,Automobile & Mobility,200.0,80.55,Strong,False,0.7303743115840569,0.6714629098744525,-0.2064749140594404
2151,STEELCITY,Services & Others,715.0,57.81,Neutral,False,-0.19607265586647027,-0.2549840575760747,-0.2943251984710379
2152,STEELXIND,"Metals, Mining & Chemicals",387.0,71.7,Positive,False,0.08081791626095414,0.02190651455134973,-0.3466542750929368
2153,STEL,Financial Services,324.0,74.73,Positive,False,0.38419556566230817,0.32528416395270376,-0.365392452522618
2154,STERTOOLS,Automobile & Mobility,1705.0,14.46,Weak,False,-0.29061560373476814,-0.34952700544437254,-0.4978491271820449
2157,STLTECH,Technology,524.0,64.74,Positive,False,5.789092703792054,5.73018130208245,-0.30011361791916913
2158,STOVEKRAFT,Consumer & FMCG,809.0,54.52,Neutral,False,0.20615826902708423,0.14724686731747982,-0.424528900450479
2161,STYLAMIND,Real Estate & Construction,822.0,53.65,Neutral,False,0.9681501919385798,0.9092387902289754,-0.14674553045712457
2163,STYRENIX,"Metals, Mining & Chemicals",1449.0,27.43,Weak,False,-0.14444164355936462,-0.20335304526896902,-0.30019849764527307
2164,SUBEXLTD,Technology,1671.0,16.36,Weak,False,0.6303127506014432,0.5714013488918388,-0.5285815102328864
2165,SUBROS,Automobile & Mobility,143.0,83.86,Strong,False,-0.3579352709269278,-0.4168466726365322,-0.45425257731958757
2166,SUDARCOLOR,"Metals, Mining & Chemicals",590.0,62.57,Positive,False,-0.27195945945945943,-0.33087086116906383,-0.4968582517094807
2167,SUDARSCHEM,"Metals, Mining & Chemicals",376.0,72.24,Positive,False,-0.10870049780815827,-0.16761189951776267,-0.4445352552195557
2169,SUKHJITS,Consumer & FMCG,1680.0,15.86,Weak,False,-0.038202522346026724,-0.09711392405563113,-0.3508423724901917
2170,SULA,Consumer & FMCG,1749.0,11.67,Weak,False,-0.49450965543354797,-0.5534210571431524,-0.49450965543354797
2173,SUMICHEM,"Metals, Mining & Chemicals",277.0,76.57,Strong,False,-0.20273871886775108,-0.2616501205773555,-0.33011671721349134
2174,SUMIT,Industrials & Infrastructure,1205.0,37.93,Weak,False,-0.4765880985096712,-0.5354995002192756,-0.6770594680745095
2175,SUMMITSEC,Financial Services,560.0,63.3,Positive,False,-0.3989483618713765,-0.4578597635809809,-0.4565011333195961
2177,SUNDARAM,Industrials & Infrastructure,1359.0,31.45,Weak,False,-0.4083769633507853,-0.46728836506038973,-0.49514563106796117
2178,SUNDARMFIN,Financial Services,1081.0,42.92,Neutral,False,0.015552312323269035,-0.04335908938633537,-0.27096658604317836
2179,SUNDRMBRAK,Automobile & Mobility,1496.0,25.18,Weak,False,-0.07006454188568778,-0.1289759435952922,-0.42369415701096713
2180,SUNDRMFAST,Automobile & Mobility,983.0,47.02,Neutral,False,0.1545922406967537,0.0956808389871493,-0.26961142801423643
2181,SUNDROP,Consumer & FMCG,1058.0,44.05,Neutral,False,-0.0666414475758148,-0.1255528492854192,-0.3073788206236492
2182,SUNFLAG,"Metals, Mining & Chemicals",744.0,57.0,Neutral,False,0.6893569010906357,0.6304454993810313,-0.2928961748633879
2184,SUNPHARMA,Healthcare & Pharmaceuticals,583.0,62.74,Positive,False,0.12333455567779006,0.06442315396818565,-0.1322887093251801
2187,SUNTECK,Industrials & Infrastructure,900.0,50.22,Neutral,False,-0.36539784453107094,-0.42430924624067534,-0.40987147640133925
2188,SUNTV,Services & Others,1470.0,26.58,Weak,False,-0.1376679382982252,-0.19657934000782962,-0.3113648555444861
2189,SUPERHOUSE,Consumer & FMCG,989.0,46.75,Neutral,False,-0.09292484766418418,-0.1518362493737886,-0.2685059805912886
2190,SUPERSPIN,Industrials & Infrastructure,1660.0,17.1,Weak,False,-0.1557465091299678,-0.2146579108395722,-0.5997931747673215
2191,SUPRAJIT,Automobile & Mobility,526.0,64.71,Positive,False,0.04246604871739601,-0.016445352992208395,-0.16649181703734806
2194,SUPREMEIND,Industrials & Infrastructure,737.0,57.14,Neutral,False,-0.16476540499260173,-0.22367680670220613,-0.2594625017588291
2195,SUPREMEINF,Industrials & Infrastructure,1391.0,29.77,Weak,False,-0.25068145502396844,-0.30959285673357284,-0.471997821548516
2196,SUPRIYA,Healthcare & Pharmaceuticals,467.0,67.64,Positive,False,0.34281039067293917,0.28389898896333476,-0.31059615025228926
2198,SURAJEST,Industrials & Infrastructure,1636.0,18.64,Weak,False,-0.22830758302255372,-0.2872189847321581,-0.44151630524747554
2199,SURAJLTD,"Metals, Mining & Chemicals",1799.0,8.31,Weak,False,-0.3969763092269327,-0.4558877109365371,-0.43943784410315856
2200,SURAKSHA,Healthcare & Pharmaceuticals,629.0,61.15,Positive,False,0.16655462184873948,0.10764322013913508,-0.29818349753694595
2202,SURANAT&P,Energy,370.0,72.39,Positive,False,-0.2857791912766924,-0.3446905929862968,-0.32590051457975977
2204,SURYALAXMI,Industrials & Infrastructure,1382.0,30.22,Weak,False,-0.10459587955625993,-0.16350728126586433,-0.31992427827733094
2205,SURYAROSNI,"Metals, Mining & Chemicals",1047.0,44.37,Neutral,False,-0.23256624825662486,-0.29147764996622927,-0.38425274185627756
2206,SURYODAY,Financial Services,578.0,62.82,Positive,False,-0.06812777170769324,-0.12703917341729765,-0.26092326694457313
2207,SUTLEJTEX,Industrials & Infrastructure,1811.0,6.31,Weak,False,0.08504398826979465,0.02613258656019024,-0.3257110987172336
2208,SUVEN,Healthcare & Pharmaceuticals,783.0,55.55,Neutral,False,0.5534894952909923,0.49457809358138793,-0.3952055775750919
2209,SUVIDHAA,Technology,1385.0,30.15,Weak,False,-0.46489104116222757,-0.523802442871832,-0.5012106537530265
2211,SUZLON,Industrials & Infrastructure,945.0,48.81,Neutral,False,-0.28126132656759706,-0.34017272827720146,-0.34055675945991004
2213,SVLL,Services & Others,139.0,84.02,Strong,False,0.062136298978404225,0.00322489726879982,-0.4038509316770187
2214,SVPGLOB,Industrials & Infrastructure,615.0,61.75,Positive,False,-0.10227272727272718,-0.1611841289823316,-0.6748911465892597
2215,SWANCORP,Industrials & Infrastructure,1108.0,41.79,Neutral,False,-0.3751752399439232,-0.4340866416535276,-0.4236935248802831
2218,SWARAJENG,Industrials & Infrastructure,188.0,81.64,Strong,False,-0.13976802189020987,-0.19867942359981428,-0.24126940450803702
2220,SWELECTES,Technology,274.0,76.64,Strong,False,-0.34044573535161704,-0.39935713706122145,-0.4686111854428686
2223,SWSOLAR,Energy,1548.0,23.15,Weak,False,-0.3029597877117779,-0.3618711894213823,-0.40445617824712987
2224,SYMPHONY,Consumer & FMCG,1681.0,15.85,Weak,False,-0.35786301369863005,-0.41677441540823446,-0.4072043852779952
2225,SYNCOMF,Healthcare & Pharmaceuticals,1071.0,43.29,Neutral,False,0.3528336380255941,0.2939222363159897,-0.39766081871345027
2226,SYNGENE,Healthcare & Pharmaceuticals,821.0,53.71,Neutral,False,-0.40468651044965165,-0.46359791215925605,-0.4440762220381109
2227,SYRMA,Technology,194.0,81.3,Strong,False,1.1718691705011817,1.1129577687915773,-0.2911637692392869
2230,TAINWALCHM,Industrials & Infrastructure,1039.0,45.01,Neutral,False,-0.029684339276473626,-0.08859574098607803,-0.25582161170437967
2231,TAJGVK,Services & Others,473.0,67.47,Positive,False,-0.2437327575866619,-0.3026441592962663,-0.3428274907749078
2233,TALBROAUTO,Automobile & Mobility,707.0,58.17,Neutral,False,0.45998666222074047,0.40107526051113607,-0.26492782152230965
2236,TANLA,Technology,319.0,74.88,Positive,False,-0.27969293163383546,-0.33860433334343987,-0.4788761562888306
2237,TARACHAND,Services & Others,343.0,73.85,Positive,False,-0.3104651162790698,-0.3693765179886742,-0.5149820637265246
2238,TARAPUR,Industrials & Infrastructure,1572.0,22.1,Weak,False,-0.5666301569916028,-0.6255415587012072,-0.690643732082356
2239,TARC,Industrials & Infrastructure,1062.0,43.92,Neutral,False,-0.20301083396321484,-0.26192223567281925,-0.388782384838692
2240,TARIL,Industrials & Infrastructure,449.0,68.52,Positive,False,-0.44862385321100917,-0.5075352549206136,-0.5381148777788954
2241,TARMAT,Industrials & Infrastructure,1437.0,27.95,Weak,False,0.10149138098005017,0.04257997927044577,-0.32724205791397243
2242,TARSONS,Industrials & Infrastructure,1684.0,15.79,Weak,False,0.09385113268608425,0.034939730976479844,-0.46129449838187697
2243,TASTYBITE,Consumer & FMCG,958.0,47.97,Neutral,False,0.08175182481751819,0.022840423107913788,-0.2965445825158055
2245,TATACHEM,"Metals, Mining & Chemicals",736.0,57.17,Neutral,False,-0.30091003215083634,-0.35982143386044074,-0.3706501213919612
2246,TATACOMM,Services & Others,835.0,53.0,Neutral,False,0.02609719811554667,-0.032814203594057734,-0.3162380155227513
2247,TATACONSUM,Consumer & FMCG,372.0,72.32,Positive,False,-0.16142557651991607,-0.22033697822952047,-0.2446892210857593
2248,TATAELXSI,Technology,1234.0,36.66,Weak,False,-0.38939915805587444,-0.44831055976547884,-0.45603963779258494
2249,TATAINVEST,Financial Services,3.0,95.6,Strong,False,-0.39087901701323247,-0.44979041872283687,-0.48851606805293013
2250,TATAPOWER,Energy,717.0,57.65,Neutral,False,-0.07477949635689629,-0.1336908980665007,-0.24859246427024684
2251,TATASTEEL,"Metals, Mining & Chemicals",401.0,70.63,Positive,False,0.11217240761745573,0.05326100590785132,-0.17410572966128512
2252,TATATECH,Technology,922.0,49.38,Neutral,False,0.024116454229432094,-0.03479494748017231,-0.2904124860646601
2253,TATVA,Healthcare & Pharmaceuticals,374.0,72.29,Positive,False,0.712090263593036,0.6531788618834315,-0.3375715994209102
2254,TBOTEK,Consumer & FMCG,321.0,74.84,Positive,False,0.08703934835446359,0.02812794664485918,-0.41179869416998904
2255,TBZ,Consumer & FMCG,1171.0,39.54,Weak,False,2.4048582995951415,2.345946897885537,-0.43011192313589197
2257,TCI,Services & Others,307.0,75.47,Strong,False,-0.277485380116959,-0.3363967818265634,-0.34241609644835447
2258,TCIEXP,Services & Others,831.0,53.23,Neutral,False,-0.3361562628056277,-0.3950676645152321,-0.37030460319628467
2260,TCPLPACK,Industrials & Infrastructure,1388.0,30.08,Weak,False,0.17043820257697173,0.11152680086736733,-0.3755006487279292
2261,TCS,Technology,1394.0,29.74,Weak,False,-0.28944478759179193,-0.34835618930139634,-0.4037113898162351
2263,TEAMGTY,Financial Services,63.0,89.47,Strong,False,-0.08199218750000004,-0.14090358920960444,-0.30987179487179495
2264,TEAMLEASE,Services & Others,1343.0,32.08,Weak,False,-0.3499429874572406,-0.408854389166845,-0.39320658216588833
2265,TECHM,Technology,938.0,48.92,Neutral,False,0.08912429378531073,0.03021289207570632,-0.2469463922189551
2267,TECHNOE,Industrials & Infrastructure,409.0,70.24,Positive,False,-0.26645498692566305,-0.32536638863526746,-0.34892872759073024
2270,TEGA,Industrials & Infrastructure,294.0,76.04,Strong,False,0.04738349388180163,-0.011527907827802775,-0.26189048760991196
2271,TEJASNET,Technology,1814.0,5.48,Weak,False,-0.15669271056924527,-0.21560411227884968,-0.5076884714487573
2272,TEMBO,Industrials & Infrastructure,660.0,60.16,Positive,False,-0.017021276595744705,-0.07593267830534911,-0.42532267977873384
2275,TERASOFT,Technology,11.0,94.38,Strong,True,-0.5494046375600585,-0.6083160392696629,-0.6276862000517822
2276,TEXINFRA,Industrials & Infrastructure,1250.0,35.93,Weak,False,0.22385552288954225,0.16494412117993784,-0.20818404676598157
2277,TEXMOPIPES,Industrials & Infrastructure,1469.0,26.62,Weak,False,-0.00018021265092815764,-0.05909161436053256,-0.40918021075192
2278,TEXRAIL,Industrials & Infrastructure,1594.0,20.91,Weak,False,-0.1194221967963387,-0.1783335985059431,-0.44639595335113114
2279,TFCILTD,Financial Services,1.0,97.27,Strong,True,0.8967952199891365,0.8378838182795321,-0.27056648620097723
2280,TFL,Financial Services,1526.0,24.08,Weak,False,-0.15434782608695652,-0.21325922779656092,-0.39791787160208203
2281,TGBHOTELS,Services & Others,386.0,71.73,Positive,False,-0.22960470984020187,-0.2885161115498063,-0.38884397736459175
2285,THANGAMAYL,Consumer & FMCG,742.0,57.04,Neutral,False,1.4706665352001576,1.4117551334905531,-0.3546070182639032
2286,THEINVEST,Financial Services,801.0,54.78,Neutral,False,-0.3594313453536754,-0.4183427470632798,-0.38482823783491926
2287,THEJO,Industrials & Infrastructure,642.0,60.73,Positive,False,0.197355943548837,0.1384445418392326,-0.22606340608570974
2289,THEMISMED,Healthcare & Pharmaceuticals,1669.0,16.54,Weak,False,-0.12720346579025998,-0.1861148674998644,-0.5202236584126063
2290,THERMAX,Industrials & Infrastructure,1094.0,42.08,Neutral,False,0.0697586250473905,0.010847223337786094,-0.3437348580288787
2291,THOMASCOOK,Consumer & FMCG,483.0,67.08,Positive,False,-0.3570349861565567,-0.4159463878661611,-0.4742471319311664
2292,THOMASCOTT,Consumer & FMCG,999.0,46.46,Neutral,False,-0.3088299260548065,-0.36774132776441093,-0.4837712519319938
2293,THYROCARE,Technology,16.0,93.65,Strong,False,0.4319665709062419,0.3730551691966375,-0.34121748963437626
2294,TI,Consumer & FMCG,17.0,93.37,Strong,False,0.2410783338857585,0.1821669321761541,-0.2637758000378716
2295,TICL,Industrials & Infrastructure,1303.0,33.78,Weak,False,-0.7417624521072796,-0.800673853816884,-0.8336823212683219
2297,TIIL,"Metals, Mining & Chemicals",1543.0,23.4,Weak,False,0.29539223489873523,0.23648083318913082,-0.24654286843145
2298,TIINDIA,Automobile & Mobility,640.0,60.78,Positive,False,-0.20268473784896723,-0.26159613955857164,-0.31975515784240605
2300,TIL,Industrials & Infrastructure,1049.0,44.31,Neutral,False,-0.20541646984726825,-0.26432787155687265,-0.5086812856713727
2301,TIMETECHNO,Industrials & Infrastructure,413.0,70.07,Positive,False,-0.17261287267150782,-0.23152427438111223,-0.30549715972626024
2303,TIMKEN,Automobile & Mobility,447.0,68.63,Positive,False,0.03639859228362874,-0.022512809425975666,-0.1842265934007592
2305,TIPSFILMS,Services & Others,1724.0,12.92,Weak,False,-0.23671497584541057,-0.295626377555015,-0.3766334440753045
2306,TIPSMUSIC,Services & Others,1151.0,40.08,Neutral,False,0.13649723374827127,0.07758583203866687,-0.16251728907330565
2307,TIRUMALCHM,Technology,923.0,49.37,Neutral,False,-0.46016713091922,-0.5190785326288244,-0.4994622723330443
2308,TIRUPATIFL,Automobile & Mobility,1623.0,19.62,Weak,False,1.146013986013986,1.0871025843043816,-0.30694383016364435
2309,TITAGARH,Industrials & Infrastructure,1095.0,42.08,Neutral,False,-0.07308650362318847,-0.13199790533279288,-0.38004853060124033
2310,TITAN,Consumer & FMCG,529.0,64.34,Positive,False,0.41404805914972265,0.35513665744011824,-0.11272049002901485
2311,TMB,Financial Services,996.0,46.5,Neutral,False,1.0286016949152543,0.9696902932056499,-0.18963928849833456
2313,TMPV,Automobile & Mobility,928.0,49.21,Neutral,False,-0.6077817220018097,-0.6666931237114141,-0.6077817220018097
2314,TNPETRO,Energy,138.0,84.04,Strong,False,0.16453927140594415,0.10562786969633975,-0.3581298200514139
2315,TNPL,Industrials & Infrastructure,1083.0,42.71,Neutral,False,-0.0705112062452784,-0.1294226079548828,-0.24255161330201502
2318,TOLINS,Automobile & Mobility,373.0,72.31,Positive,False,-0.5089553082095034,-0.5678667099191078,-0.5609565895502988
2319,TORNTPHARM,Healthcare & Pharmaceuticals,129.0,84.58,Strong,False,0.3649743489108801,0.3060629472012757,-0.10319388214125069
2320,TORNTPOWER,Energy,1605.0,20.39,Weak,False,0.017434210526315885,-0.04147719118328852,-0.3144710860366714
2321,TOTAL,Services & Others,916.0,49.77,Neutral,False,0.004857142857142893,-0.05405425885246151,-0.4455549099360837
2322,TOUCHWOOD,Services & Others,814.0,53.98,Neutral,False,-0.4150778210116731,-0.4739892227212775,-0.45829838784829
2324,TPHQ,Industrials & Infrastructure,1673.0,16.34,Weak,False,-0.24242424242424243,-0.30133564413384684,-0.5294117647058822
2325,TPLPLASTEH,Industrials & Infrastructure,1358.0,31.5,Weak,False,-0.10135696482968692,-0.16026836653929133,-0.30348931566134696
2326,TRACXN,Technology,1517.0,24.44,Weak,False,-0.35404595404595407,-0.4129573557555585,-0.5298480463096961
2329,TRANSRAILL,Industrials & Infrastructure,73.0,88.97,Strong,False,-0.38993284037717924,-0.44884424208678364,-0.467166732464798
2330,TRANSWORLD,Services & Others,1504.0,24.79,Weak,False,-0.3572359328726554,-0.41614733458225983,-0.545705824284304
2332,TREEHOUSE,Services & Others,1521.0,24.35,Weak,False,-0.22529644268774707,-0.2842078443973515,-0.42235410484668634
2333,TREJHARA,Technology,1498.0,25.1,Weak,False,-0.22439917855358815,-0.28331058026319256,-0.5263215061549602
2334,TREL,Services & Others,1252.0,35.78,Weak,False,-0.06655896607431333,-0.12547036778391774,-0.27269789983844905
2335,TRENT,Consumer & FMCG,1336.0,32.39,Weak,False,-0.18485177712245848,-0.2437631788320629,-0.31792643178643487
2336,TRF,Industrials & Infrastructure,1328.0,32.75,Weak,False,-0.4026478630018707,-0.4615592647114751,-0.45474845658741614
2337,TRIDENT,Industrials & Infrastructure,886.0,50.62,Neutral,False,-0.19003885552808197,-0.24895025723768638,-0.24632729757430827
2338,TRIGYN,Technology,1122.0,41.09,Neutral,False,-0.37076522151149016,-0.42967662322109457,-0.5421701018715944
2340,TRITURBINE,Industrials & Infrastructure,1395.0,29.7,Weak,False,0.05357142857142838,-0.005339973138176024,-0.2706675657451114
2341,TRIVENI,Consumer & FMCG,1584.0,21.44,Weak,False,-0.28548268238761976,-0.34439408409722416,-0.5357853924342451
2342,TRU,Financial Services,1346.0,31.96,Weak,False,-0.6089438629876308,-0.6678552646972352,-0.627669452181987
2344,TSFINV,Financial Services,112.0,85.77,Strong,True,-0.295347706273302,-0.3542591079829064,-0.5109356894553881
2345,TTKHLTCARE,Healthcare & Pharmaceuticals,1345.0,31.97,Weak,False,-0.12537751315903012,-0.18428891486863452,-0.37984236122756987
2346,TTKPRESTIG,Consumer & FMCG,968.0,47.5,Neutral,False,-0.19339141354681721,-0.2523028152564216,-0.4013823919569922
2347,TTL,Industrials & Infrastructure,1809.0,6.66,Weak,False,-0.29519230769230775,-0.35410370940191216,-0.44807692307692304
2348,TTML,Services & Others,1757.0,11.45,Weak,False,-0.34367065651070006,-0.40258205822030446,-0.46557600545330613
2351,TVSELECT,Technology,487.0,66.98,Positive,False,-0.3950015969338869,-0.4539129986434913,-0.490979573579842
2353,TVSMOTOR,Automobile & Mobility,85.0,87.66,Strong,False,0.18427902134305052,0.12536761963344611,-0.16964240554347276
2354,TVSSCS,Services & Others,1321.0,32.99,Weak,False,0.017257758074730845,-0.04165364363487356,-0.30626096240372147
2355,TVSSRICHAK,Automobile & Mobility,666.0,59.99,Neutral,False,0.21328794142282037,0.15437653971321597,-0.32212512664640325
2356,TVTODAY,Services & Others,1518.0,24.44,Weak,False,-0.2967400763103286,-0.355651478019933,-0.3646364901583935
2357,TVVISION,Services & Others,1602.0,20.57,Weak,False,-0.5535444947209653,-0.6124558964305697,-0.7878275570583263
2358,UBL,Consumer & FMCG,1258.0,35.57,Weak,False,-0.32321547698465636,-0.38212687869426076,-0.33967287942183333
2359,UCAL,Automobile & Mobility,1657.0,17.21,Weak,False,0.02314814814814814,-0.035763253561456265,-0.41637731481481477
2362,UDS,Services & Others,1484.0,25.98,Weak,False,-0.17392686804451507,-0.23283826975411948,-0.5075145848626511
2363,UEL,Industrials & Infrastructure,1378.0,30.46,Weak,False,-0.34682239780144286,-0.40573379951104727,-0.6878416588124412
2364,UFBL,Services & Others,1758.0,11.3,Weak,False,1.895310097385956,1.8363986956763516,-0.26123714844081913
2365,UFLEX,Industrials & Infrastructure,902.0,50.15,Neutral,False,0.1659099164547766,0.10699851474517219,-0.40917123166637204
2366,UFO,Services & Others,984.0,46.99,Neutral,False,-0.20894920720236498,-0.2678606089119694,-0.3660025336865139
2367,UGARSUGAR,Consumer & FMCG,1782.0,9.79,Weak,False,0.46289337717238155,0.40398197546277714,-0.2216596962359676
2368,UGROCAP,Financial Services,1034.0,45.1,Neutral,False,-0.5614964500273074,-0.6204078517369118,-0.5773098183732561
2370,ULTRACEMCO,Real Estate & Construction,501.0,66.34,Positive,False,-0.08846630839189751,-0.1473777101015019,-0.20609868219429983
2372,UMAEXPORTS,Consumer & FMCG,1825.0,4.03,Weak,False,-0.5226119567615266,-0.581523358471131,-0.6363814756671899
2373,UMESLTD,Services & Others,805.0,54.73,Neutral,False,-0.20173913043478264,-0.26065053214438705,-0.40955137481910275
2374,UMIYA-MRO,Technology,111.0,85.93,Strong,False,-0.036451644769337155,-0.09536304647894156,-0.34225299401197595
2375,UNICHEMLAB,Healthcare & Pharmaceuticals,1748.0,11.72,Weak,False,0.11194029850746268,0.05302889679785827,-0.422955815134586
2376,UNIDT,Industrials & Infrastructure,1528.0,24.05,Weak,False,0.15289089994972338,0.09397949824011897,-0.30295402735562305
2378,UNIENTER,"Metals, Mining & Chemicals",813.0,54.06,Neutral,False,-0.40261569416499,-0.4615270958745944,-0.43095405457217717
2379,UNIINFO,Services & Others,1414.0,29.08,Weak,False,-0.3711741791875347,-0.4300855808971391,-0.4457429048414022
2381,UNIONBANK,Financial Services,441.0,68.87,Positive,False,0.23783783783783785,0.17892643612823345,-0.23671330399960466
2382,UNIPARTS,Industrials & Infrastructure,377.0,72.14,Positive,False,1.013711811402454,0.9548004096928495,-0.23980726464047453
2383,UNITDSPR,Consumer & FMCG,846.0,52.29,Neutral,False,0.05101358877255513,-0.007897812937049276,-0.164919492977047
2384,UNITECH,Industrials & Infrastructure,1426.0,28.41,Weak,False,-0.45138888888888884,-0.5103002905984932,-0.5820105820105819
2385,UNITEDPOLY,Industrials & Infrastructure,64.0,89.34,Strong,True,-0.03680068070623266,-0.09571208241583706,-0.5464794724526696
2386,UNITEDTEA,Consumer & FMCG,221.0,79.16,Strong,False,-0.07658049098414077,-0.13549189269374518,-0.2489619224313102
2387,UNIVASTU,Industrials & Infrastructure,782.0,55.59,Neutral,False,0.6926704907584447,0.6337590890488403,-0.3208428246013666
2388,UNIVCABLES,Real Estate & Construction,488.0,66.98,Positive,False,0.9705882352941173,0.9116768335845129,-0.4020560556464813
2389,UNIVPHOTO,Industrials & Infrastructure,534.0,64.03,Positive,False,1.036907536907537,0.9779961351979325,-0.36575273338940284
2390,UNOMINDA,Automobile & Mobility,95.0,86.77,Strong,False,-0.1143159166414981,-0.1732273183511025,-0.25843518992900516
2392,UPL,"Metals, Mining & Chemicals",656.0,60.24,Positive,False,-0.16924937637009607,-0.22816077807970048,-0.3176879617557583
2393,URAVIDEF,Automobile & Mobility,1793.0,8.96,Weak,False,-0.5642006802721089,-0.6231120819817133,-0.6023741174645045
2395,URJA,Energy,1287.0,34.62,Weak,False,-0.3386243386243386,-0.397535740333943,-0.39909977494373594
2396,USHAMART,"Metals, Mining & Chemicals",184.0,81.78,Strong,False,0.12203202650469347,0.06312062479508906,-0.19570182724252494
2397,USK,Industrials & Infrastructure,1820.0,5.08,Weak,False,-0.3804940648059032,-0.4394054665155076,-0.3804940648059032
2398,UTIAMC,Financial Services,122.0,84.97,Strong,False,-0.3171644641356657,-0.3760758658452701,-0.378977029533457
2399,UTKARSHBNK,Financial Services,1691.0,15.63,Weak,False,-0.3757464400551217,-0.4346578417647261,-0.5594827586206896
2401,UTTAMSUGAR,Consumer & FMCG,1242.0,36.23,Weak,False,0.16455946266297916,0.10564806095337476,-0.30220087141101537
2403,V2RETAIL,Consumer & FMCG,105.0,86.11,Strong,False,-0.025738007380073813,-0.08464940908967822,-0.27443910256410264
2404,VADILALIND,Consumer & FMCG,576.0,62.84,Positive,False,0.3594597078011579,0.3005483060915535,-0.27602653756499906
2406,VAIBHAVGBL,Consumer & FMCG,828.0,53.36,Neutral,False,-0.12036996256331212,-0.17928136427291652,-0.3764977777777777
2407,VAISHALI,Healthcare & Pharmaceuticals,1497.0,25.18,Weak,False,-0.256993006993007,-0.3159044087026114,-0.5734265734265734
2408,VAKRANGEE,Technology,1601.0,20.59,Weak,False,-0.36285362853628544,-0.42176503024588985,-0.48796498905908103
2409,VALIANTLAB,Healthcare & Pharmaceuticals,1420.0,28.86,Weak,False,0.4275257979361651,0.36861439622656067,-0.4239339441239679
2410,VALIANTORG,"Metals, Mining & Chemicals",1204.0,37.95,Weak,False,0.19086826347305386,0.13195686176344945,-0.41517976031957393
2412,VARDHACRLC,Industrials & Infrastructure,1110.0,41.68,Neutral,False,-0.009497964721845387,-0.06840936643144979,-0.3868498086016663
2413,VARDMNPOLY,Industrials & Infrastructure,1817.0,5.39,Weak,False,-0.3160377358490567,-0.3749491375586611,-0.4020156774916014
2414,VARROC,Automobile & Mobility,312.0,75.14,Strong,False,0.39039580431041565,0.33148440260081125,-0.3023359952235243
2415,VASCONEQ,Industrials & Infrastructure,165.0,82.71,Strong,False,-0.4819205690574986,-0.540831970767103,-0.6203703703703705
2417,VASWANI,"Metals, Mining & Chemicals",339.0,74.06,Positive,False,-0.1579543310058502,-0.21686573271545462,-0.3427140120819213
2418,VBL,Consumer & FMCG,1008.0,46.2,Neutral,False,-0.029235805395642855,-0.08814720710524726,-0.2639463284624576
2419,VCL,Industrials & Infrastructure,328.0,74.55,Positive,False,0.32000000000000006,0.26108859829039566,-0.6141732283464567
2423,VEEDOL,Energy,400.0,70.67,Positive,False,-0.24022501949426323,-0.29913642120386763,-0.35399927427297695
2425,VENKEYS,Consumer & FMCG,1558.0,22.68,Weak,False,0.09173575822412405,0.03282435651451965,-0.2735620773096731
2427,VENUSPIPES,"Metals, Mining & Chemicals",858.0,51.75,Neutral,False,0.6345520042921744,0.57564060258257,-0.32897995946858827
2428,VENUSREM,Healthcare & Pharmaceuticals,189.0,81.58,Strong,False,2.5889415133825313,2.530030111672927,-0.21832253419726422
2429,VERANDA,Services & Others,833.0,53.07,Neutral,False,0.055146732866388826,-0.0037646688432155795,-0.49801859472641363
2431,VESUVIUS,Industrials & Infrastructure,464.0,67.79,Positive,False,-0.24148789608344823,-0.30039929779305263,-0.30751954002335824
2432,VETO,Industrials & Infrastructure,949.0,48.76,Neutral,False,0.2697730398899587,0.2108616381803543,-0.3289337679891866
2434,VGL,Industrials & Infrastructure,393.0,71.55,Positive,False,-0.23663578047042055,-0.29554718218002496,-0.441672606319791
2435,VGUARD,Industrials & Infrastructure,621.0,61.54,Positive,False,-0.16981896784652806,-0.22873036955613246,-0.23983792968239448
2436,VHL,Financial Services,884.0,50.77,Neutral,False,-0.12745046650592295,-0.18636186821552736,-0.2969226045676767
2438,VIDHIING,"Metals, Mining & Chemicals",1415.0,29.08,Weak,False,-0.0011286681715575453,-0.06004006988116195,-0.29725040042712225
2440,VIJAYA,Healthcare & Pharmaceuticals,351.0,73.52,Positive,False,0.4958652983959351,0.43695389668633067,-0.20240740740740748
2443,VIKASECO,"Metals, Mining & Chemicals",1621.0,19.73,Weak,False,-0.4744897959183674,-0.5334011976279718,-0.5099009900990099
2444,VIKASLIFE,Energy,1768.0,10.43,Weak,False,-0.4409090909090909,-0.4998204926186953,-0.5181818181818182
2448,VINATIORGA,"Metals, Mining & Chemicals",605.0,62.16,Positive,False,-0.3117596070499855,-0.3706710087595899,-0.3117596070499855
2449,VINCOFE,Consumer & FMCG,27.0,92.15,Strong,False,0.22879967226546483,0.16988827055586042,-0.2981701370963118
2450,VINDHYATEL,Services & Others,1625.0,19.45,Weak,False,0.8374938123187896,0.7785824106091852,-0.39635958395245163
2451,VINEETLAB,Healthcare & Pharmaceuticals,1001.0,46.44,Neutral,False,-0.16299455105425265,-0.22190595276385705,-0.3939837058700647
2452,VINNY,Industrials & Infrastructure,1398.0,29.63,Weak,False,-0.2777777777777778,-0.3366891794873822,-0.35460992907801425
2453,VINYLINDIA,"Metals, Mining & Chemicals",1182.0,38.99,Weak,False,-0.2300457907713983,-0.2889571924810027,-0.4376001363558889
2454,VIPCLOTHNG,Industrials & Infrastructure,1297.0,34.2,Weak,False,-0.3793407886992348,-0.4382521904088392,-0.5891666666666666
2455,VIPIND,Consumer & FMCG,724.0,57.4,Neutral,False,-0.28786057692307687,-0.3467719786326813,-0.3379993171730966
2456,VIPULLTD,Industrials & Infrastructure,1812.0,5.74,Weak,False,0.11716341212744075,0.05825201041783634,-0.4183043234138125
2458,VIRINCHI,Technology,479.0,67.18,Positive,False,-0.5119174670935609,-0.5708288688031653,-0.5191026989134244
2460,VISACHROME,"Metals, Mining & Chemicals",485.0,67.01,Positive,False,-0.22634508348794058,-0.285256485197545,-0.603875748076375
2461,VISAKAIND,Real Estate & Construction,994.0,46.56,Neutral,False,0.1116634799235181,0.0527520782139137,-0.4046242774566474
2463,VISHNU,"Metals, Mining & Chemicals",961.0,47.89,Neutral,False,0.44835164835164854,0.38944024664204413,-0.1500664010624171
2464,VISHWARAJ,Consumer & FMCG,1777.0,10.01,Weak,False,-0.33085501858736055,-0.38976642029696495,-0.4969915764139592
2471,VIYASH,Healthcare & Pharmaceuticals,311.0,75.31,Strong,False,0.2365315546434068,0.1776201529338024,-0.28615079365079366
2472,VLEGOV,Services & Others,1519.0,24.4,Weak,False,-0.6140350877192982,-0.6729464894289026,-0.7037164487267722
2473,VLSFINANCE,Financial Services,1796.0,8.48,Weak,False,0.0832762947752681,0.024364893065663695,-0.3768181136602189
2474,VMART,Consumer & FMCG,1156.0,39.97,Weak,False,0.05476812990229796,-0.004143271807306448,-0.4585578941396721
2480,VOLTAMP,Industrials & Infrastructure,1362.0,31.3,Weak,False,0.4634927263868587,0.4045813246772543,-0.27707667731629393
2481,VOLTAS,Consumer & FMCG,1003.0,46.4,Neutral,False,-0.16106390838566675,-0.21997531009527116,-0.2949465189265357
2482,VPRPL,Industrials & Infrastructure,1824.0,4.44,Weak,False,-0.6782572699989651,-0.7371686717085695,-0.7442899198050958
2483,VRAJ,"Metals, Mining & Chemicals",1661.0,17.1,Weak,False,-0.16014282826921789,-0.2190542299788223,-0.38051302185577796
2484,VRLLOG,Services & Others,1307.0,33.56,Weak,False,0.04801898849735253,-0.010892413212251872,-0.2461083743842365
2486,VSTIND,Consumer & FMCG,1356.0,31.54,Weak,False,-0.21689059500959695,-0.27580199671920136,-0.24687034277198217
2487,VSTL,"Metals, Mining & Chemicals",1318.0,33.08,Weak,False,-0.2746184948480501,-0.3335298965576545,-0.34756253190403275
2488,VSTTILLERS,Automobile & Mobility,57.0,90.03,Strong,False,-0.18096596311085755,-0.23987736482046196,-0.36183632734530935
2489,VTL,Industrials & Infrastructure,1282.0,34.7,Weak,False,0.32018561484918795,0.26127421313958354,-0.18866791744840528
2491,WAAREEENER,Industrials & Infrastructure,47.0,90.41,Strong,False,-0.2632052821128451,-0.3221166838224495,-0.3331311683299334
2494,WABAG,Industrials & Infrastructure,440.0,68.94,Positive,False,0.3811120424699639,0.3222006407603595,-0.2690217391304349
2496,WALCHANNAG,Industrials & Infrastructure,1629.0,19.31,Weak,False,0.04053915539155395,-0.018372246318050456,-0.3684345457458741
2497,WANBURY,Healthcare & Pharmaceuticals,794.0,55.18,Neutral,False,-0.10903988775305673,-0.16795128946266114,-0.38640120210368145
2500,WCIL,Services & Others,499.0,66.37,Positive,False,-0.2752773870917331,-0.3341887888013375,-0.42843511450381666
2501,WEALTH,Financial Services,491.0,66.92,Positive,False,-0.29845842810209755,-0.35736982981170196,-0.33804914370811623
2502,WEBELSOLAR,Industrials & Infrastructure,808.0,54.56,Neutral,False,-0.41236691236691236,-0.47127831407651677,-0.6164818920916482
2503,WEIZMANIND,Industrials & Infrastructure,1191.0,38.54,Weak,False,-0.3352272727272727,-0.3941386744368771,-0.3999278108644648
2505,WELCORP,"Metals, Mining & Chemicals",584.0,62.73,Positive,False,2.203016309113228,2.144104907403624,-0.25254983173699186
2506,WELENT,Industrials & Infrastructure,1179.0,39.13,Weak,False,0.46845611285266475,0.40954471114306035,-0.27099772049798343
2507,WELINV,Financial Services,595.0,62.37,Positive,False,1.3578643578643579,1.2989529561547535,-0.18578790344453489
2509,WELSPUNLIV,Industrials & Infrastructure,1697.0,15.08,Weak,False,0.9506246791032003,0.8917132773935958,-0.27214084128477356
2510,WENDT,Industrials & Infrastructure,1443.0,27.72,Weak,False,-0.04767801857585141,-0.10658942028545582,-0.35159242639816135
2511,WESTLIFE,Financial Services,1272.0,35.27,Weak,False,-0.150216164724848,-0.2091275664344524,-0.39061472114611495
2512,WEWIN,Technology,1132.0,40.74,Neutral,False,0.007046632124352303,-0.0518647695852521,-0.5004725259889293
2515,WHEELS,Automobile & Mobility,148.0,83.63,Strong,False,1.6510752381495641,1.5921638364399597,-0.2563528431576757
2516,WHIRLPOOL,Consumer & FMCG,1197.0,38.24,Weak,False,-0.21775844421699087,-0.27666984592659527,-0.49489760011260475
2518,WINDLAS,Healthcare & Pharmaceuticals,513.0,65.3,Positive,False,0.17199043316502793,0.11307903145542353,-0.2636548594084198
2519,WINDMACHIN,Industrials & Infrastructure,1492.0,25.48,Weak,False,0.0010001666944490228,-0.05791123501515538,-0.33446656953213527
2520,WIPL,Real Estate & Construction,1042.0,44.9,Neutral,False,0.03861965865204953,-0.02029174305755488,-0.18619462933210917
2521,WIPRO,Technology,1086.0,42.61,Neutral,False,-0.3298212137553408,-0.3887326154649452,-0.4074889060035941
2522,WOCKPHARMA,Healthcare & Pharmaceuticals,1187.0,38.69,Weak,False,0.46543408360128624,0.40652268189168184,-0.27228835978835986
2523,WONDERLA,,1607.0,20.31,Weak,False,-0.14073255715135546,-0.19964395886095987,-0.22250294761664147
2524,WORTHPERI,,650.0,60.47,Positive,False,-0.04207161959428596,-0.10098302130389036,-0.29007494059586925
2526,WSI,,1693.0,15.48,Weak,False,-0.25871706148522755,-0.31762846319483196,-0.3988127361036158
2527,WSTCSTPAPR,,1115.0,41.44,Neutral,False,0.4913802002684009,0.4324687985587965,-0.24028690974297662
2528,XCHANGING,,1103.0,41.92,Neutral,False,-0.299416569428238,-0.3583279711378424,-0.4993714644877435
2529,XELPMOC,,1280.0,34.77,Weak,False,-0.12903539478802029,-0.1879467964976247,-0.5056634304207119
2530,XPROINDIA,,1226.0,37.0,Weak,False,0.00945647370746805,-0.049454928002136356,-0.2896382016493749
2531,XTGLOBAL,Technology,263.0,77.4,Strong,False,-0.2851137487636004,-0.3440251504732048,-0.3728281853281853
2533,YASHO,,1624.0,19.47,Weak,False,1.4964534707487114,1.437542069039107,-0.33312356979405033
2534,YATHARTH,Healthcare & Pharmaceuticals,24.0,92.57,Strong,False,0.4672978198546569,0.4083864181450525,-0.3378613932800385
2535,YATRA,,98.0,86.65,Strong,False,-0.293369474562135,-0.35228087627173943,-0.5276471203093969
2536,YESBANK,Financial Services,176.0,82.18,Strong,False,-0.026654411764705954,-0.08556581347431036,-0.28214731585518105
2538,YUKEN,,713.0,57.85,Neutral,False,0.15011747880273774,0.09120607709313333,-0.3993224110032363
2539,ZAGGLE,,1245.0,36.12,Weak,False,-0.4839041599294428,-0.5428155616390472,-0.6001494954528468
2540,ZEEL,,946.0,48.81,Neutral,False,-0.330181245074862,-0.3890926467844664,-0.4011907888976447
2542,ZEEMEDIA,,1767.0,10.47,Weak,False,-0.36992221261884184,-0.42883361432844624,-0.42523768366465
2543,ZENITHEXPO,,786.0,55.4,Neutral,False,-0.20724801812004523,-0.26615941982964963,-0.3086639113136853
2544,ZENITHSTL,,1379.0,30.44,Weak,False,-0.26142857142857145,-0.32033997313817586,-0.534412955465587
2545,ZENSARTECH,Technology,443.0,68.77,Positive,False,-0.4319349593495935,-0.4908463610591979,-0.4770097159477691
2546,ZENTEC,Technology,1522.0,24.26,Weak,False,0.11983640081799596,0.06092499910839155,-0.19108662994491743
2547,ZFCVINDIA,,537.0,63.97,Positive,False,0.07107438016528933,0.012162978455684925,-0.17423957942170487
2549,ZIMLAB,,1791.0,9.07,Weak,False,0.9197487787857641,0.8608373770761597,-0.2705483597627406
2551,ZODIACLOTH,,1463.0,26.81,Weak,False,-0.30366333636088405,-0.36257473807048846,-0.4075621890547264
2552,ZOTA,,201.0,80.47,Strong,False,-0.08103975535168184,-0.13995115706128625,-0.39057498518079437
2554,ZUARI,,186.0,81.68,Strong,False,-0.20946659384671396,-0.26837799555631836,-0.46296131614050684
2555,ZUARIIND,,554.0,63.53,Positive,False,-0.24399235390496987,-0.3029037556145743,-0.4175314036045876
2556,ZYDUSLIFE,,232.0,78.64,Strong,False,0.22584876153962563,0.16693735983002123,-0.15115648271440552
2557,ZYDUSWELL,,330.0,74.41,Positive,False,0.1403718603892572,0.08146045867965279,-0.24377404332860908
