symbol,company,security_type,issue_start,issue_end,listing_date,price_range,issue_price,board,isin,nse_industry,meta_listing_date,delisted_flag,issue_size_text,issue_type,face_value,lead_managers,rhp_url,ratios_url,sub_source,sub_qib,sub_nii,sub_retail,sub_total,sub_employee,bhav_series,bhav_isin,list_open,list_high,list_low,list_close,list_prev_close,list_volume,is_fpo,company_id,isin_any,co_symbol,co_industry,co_sector,co_listing_date,co_series,list_gain_close,list_gain_open,issue_price_check,issue_size_cr,fin_basis,fin_period_end,fin_filing_date,fin_months,fin_block,fin_statement,revenue_ann,net_profit_ann,fin_format,xbrl_shares_post,xbrl_shares_period,xbrl_shares_pre,equity,equity_period_end,equity_filing_date,shares_post,shares_source,db_first_date,adj_factor,ret_1m,bench_1m,exc_1m,ret_3m,bench_3m,exc_3m,ret_6m,bench_6m,exc_6m,ret_12m,bench_12m,exc_12m,pit_ret_3m,pit_bench_3m,pit_exc_3m,pit_ret_6m,pit_bench_6m,pit_exc_6m,pit_ret_12m,pit_bench_12m,pit_exc_12m,pit_break_3m,pit_break_6m,pit_break_12m,break_6m,break_12m,break_1m,break_3m,ipos_prior_90d,prior_90d_median_list_gain,sc250_drawdown,sc250_ret_3m,mcap_cr,loss_making,n_peers,ipo_pe,peer_median_pe,peer_n_pe,rel_pe,pct_in_peers_pe,ipo_pb,peer_median_pb,peer_n_pb,rel_pb,pct_in_peers_pb,ipo_ps,peer_median_ps,peer_n_ps,rel_ps,pct_in_peers_ps,rel_median,verdict,peer_level,peer_symbols,listing_year
PRECAM,Precision Camshafts Limited,EQ,2016-01-27,2016-01-29,2016-02-08,Rs 180 to Rs 186,186.0,mainboard,INE484I01029,Auto Components & Equipments,2016-02-08,False,"Public Issue of [.] Equity shares consisting of a fresh issue aggregating upto Rs 2,400 million & an offer for sale of 9,150,000 equity shares",100% Book Building,10.0,,,https://archives.nseindia.com/content/ipo/RATIOS_PRECAM.zip,consolidated,2.62,0.73,2.01,1.91,,EQ,INE484I01029,165.0,185.0,154.5,177.45,186.0,11220947.0,False,1753.0,INE484I01029,PRECAM,Auto Components,Automobile & Mobility,2016-02-08,EQ,-0.04596774193548392,-0.11290322580645162,1.0,,post_listing,2018-03-31,2018-06-22 14:46:21,12.0,ytd,standalone,407.8724,34.7563,non_financial,9.4743,2018-03-31,,,,,9.4743,xbrl_post_quarter,2016-02-08,1.0,-0.10932657086503228,-0.021932126628975923,-0.08739444423605636,-0.18878557340095803,0.06656619128313568,-0.2553517646840937,-0.2248520710059171,0.17617183789971458,-0.40102390890563167,-0.09749225133840511,0.2954626116601433,-0.3929548629985484,-0.376566757493188,-0.07911758204114405,-0.29744917545204397,-0.296457765667575,-0.10639741207798192,-0.19006035358959306,-0.373841961852861,-0.1247454011903496,-0.2490965606625114,,,,,,,,0,,,,,,,,,,,,,,,,,,,,,,,,,,2016.0
TEAMLEASE,TeamLease Services Limited,EQ,2016-02-02,2016-02-04,2016-02-12,Rs 785 to Rs 850,850.0,mainboard,INE985S01024,Diversified Commercial Services,2016-02-12,False,"Public Issue of [.] Equity shares consisting of a fresh issue aggregating upto Rs 1,500 million & an offer for sale upto 32,19,733 equity shares (including Anchor Portion 22,38,498 equity shares)",100% Book Building,10.0,,,https://archives.nseindia.com/content/ipo/RATIOS_TEAMLEASE.zip,consolidated,26.97,185.24,10.62,66.02,1.38,EQ,INE985S01024,860.0,1032.0,806.65,1022.85,850.0,5498099.0,False,2264.0,INE985S01024,TEAMLEASE,Other Services,Services & Others,2016-02-12,EQ,0.20335294117647051,0.0117647058823529,1.0,,post_listing,2018-03-31,2018-05-25 15:26:45,12.0,ytd,consolidated,3624.1154,73.4559,non_financial,1.7095568090249798,2018-03-31,,,,,1.7095568090249798,xbrl_post_quarter,2016-02-12,1.0,-0.053086962897785694,0.07505653133116463,-0.12814349422895033,-0.10255658209903695,0.17110608610389644,-0.2736626682029334,0.03710221440093853,0.3236924805755317,-0.28659026617459316,-0.1536882240797771,0.4430100833716637,-0.5966983074514408,-0.020602218700475294,-0.04740260148494624,0.026800382784470944,0.03302548408838368,-0.19438838699131789,0.22741387107970157,0.07627010583456295,-0.16295744453455563,0.23922755036911858,,,,,,,,0,,,,,,,,,,,,,,,,,,,,,,,,,,2016.0
QUICKHEAL,Quick Heal Technologies Limited,EQ,2016-02-08,2016-02-10,2016-02-18,Rs 311 to Rs 321,321.0,mainboard,INE306L01010,Software Products,2016-02-18,False,,,,,,,consolidated,,,,0.0,,EQ,INE306L01010,305.0,330.0,245.6,253.85,321.0,22072111.0,False,1792.0,INE306L01010,QUICKHEAL,,Technology,2016-02-18,BE,-0.209190031152648,-0.049844236760124616,1.0,,post_listing,2018-03-31,2018-06-18 19:00:44,12.0,ytd,consolidated,318.315,78.878,non_financial,7.0269736842105255,2018-03-31,,,,,7.0269736842105255,xbrl_post_quarter,2016-02-18,1.0,-0.16860350600748464,0.07499133674088188,-0.2435948427483665,-0.1008469568642899,0.13217967599410896,-0.23302663285839886,-0.05475674610990744,0.3177087845447457,-0.37246553065465315,-0.023636005515067948,0.4210858312397121,-0.44472183675478005,-0.09361851332398319,-0.029940846503492935,-0.06367766682049025,-0.2568373071528752,-0.1349491093724542,-0.12188819778042104,-0.4118162692847125,-0.14569083902202207,-0.2661254302626904,,,,,,,,0,,,,,,,,,,,,,,,,,,,,,,,,,,2016.0
HITECH,Hi-Tech Pipes Limited,SME,2016-02-15,2016-02-19,2018-05-07,Rs.50,380.0,sme,INE106T01025,Iron & Steel Products,2018-05-07,False,,,,,,,consolidated,,,,0.0,,,,,,,,,,False,958.0,INE106T01025,HITECH,Metals & Mining,"Metals, Mining & Chemicals",2018-05-07,EQ,,,,,pre_listing,2018-03-31,2018-07-30 19:58:08,12.0,ytd,consolidated,1040.2468,21.0081,non_financial,1.0694668820678512,2018-09-30,1.0303138793526239,,,,1.0694668820678512,xbrl_post_quarter,2018-05-07,,-0.21791767554479424,-0.10871408570132723,-0.10920358984346701,-0.22397094430992737,-0.0983582684988692,-0.12561267581105817,-0.4176755447941888,-0.20992107614339484,-0.20775446865079394,-0.32687651331719125,-0.23623003960603295,-0.0906464737111583,-0.2311396468699839,-0.13266319144138838,-0.09847645542859551,-0.4365971107544141,-0.17441805681286626,-0.26217905394154783,-0.4221508828250401,-0.23499331989459915,-0.18715756293044095,,,,,,,,2,,,,,,,,,,,,,,,,,,,,,,,,,,2018.0
HECPROJECT,HEC Infra Projects Limited,SME,2016-03-10,2016-03-18,2021-12-30,Rs.100,38.0,sme,INE558R01013,Civil Construction,2021-12-30,False,,,,,,,consolidated,,,,0.0,,,,,,,,,,False,926.0,INE558R01013,HECPROJECT,Engineering,Industrials & Infrastructure,2021-12-30,EQ,,,,,post_listing,2021-12-31,2022-02-15 10:50:16,9.0,ytd,standalone,33.696,0.24039999999999997,non_financial,1.0088235294117647,2022-03-31,,29.6414,2022-09-30,2022-11-10 13:20:14,1.0088235294117647,xbrl_post_quarter,2021-12-30,,0.0860058309037901,0.008893138403964329,0.07711269249982577,-0.027696793002915276,-0.010944214833549348,-0.016752578169365928,-0.33673469387755095,-0.1625336705529168,-0.17420102332463416,0.5903790087463556,-0.025260625501203005,0.6156396342475586,-0.19433198380566796,-0.08968519616981596,-0.104646787635852,-0.22807017543859642,-0.05089611049911025,-0.17717406493948618,-0.1875843454790822,-0.03596623167528168,-0.15161811380380052,,,,,,,,3,-0.04596774193548392,,,,,,,,,,,,,,,,,,,,,,,,,2021.0
WEALTH,Wealth First Portfolio Managers Limited,SME,2016-03-10,2016-03-18,2021-01-20,Rs.50,92.1,sme,INE658T01017,Other Financial Services,2021-01-20,False,,,,,,,consolidated,,,,0.0,,,,,,,,,,False,2501.0,INE658T01017,WEALTH,Asset Management,Financial Services,2021-01-20,EQ,,,,,pre_listing,2020-12-31,2021-02-13 14:02:03,9.0,ytd,consolidated,25.429866666666662,20.636,non_financial,1.064733727810651,2021-06-30,1.0647948164146868,46.2299,2021-03-31,2021-06-16 17:42:15,1.064733727810651,xbrl_post_quarter,2021-01-21,,0.39089968976215084,0.0639186864242165,0.32698100333793434,0.26059979317476745,0.1529148728682539,0.10768492030651355,1.0718717683557393,0.4280538179165776,0.6438179504391617,1.8304033092037226,0.5412315962229148,1.2891717129808078,-0.11464285714285716,0.16357236216730042,-0.2782152193101576,0.5357142857142858,0.26525368346007605,0.27046060225420976,0.7857142857142858,0.3446040280418252,0.4411102576724606,,,,,,,,3,-0.04596774193548392,,,,,,,,,,,,,,,,,,,,,,,,,2021.0
HCG,HealthCare Global Enterprises Limited,EQ,2016-03-16,2016-03-18,2016-03-30,Rs 205 to Rs 218,218.0,mainboard,INE075I01017,Hospital,2016-03-30,False,"Public Issue of upto 29,800,000 Equity shares (including Anchor Portion 13,410,000 equity shares)",100% Book Building,10.0,,,https://archives.nseindia.com/content/ipo/RATIOS_HCG.zip,consolidated,2.36,0.43,0.83,1.56,,EQ,INE075I01017,210.2,211.9,169.1,171.0,218.0,11075297.0,False,916.0,INE075I01017,HCG,,Healthcare & Pharmaceuticals,2016-03-30,EQ,-0.2155963302752294,-0.0357798165137615,1.0,,post_listing,2018-03-31,2018-06-22 16:46:33,12.0,ytd,consolidated,830.69,20.52,non_financial,8.633333333333333,2018-03-31,,,,,8.633333333333333,xbrl_post_quarter,2016-03-30,1.0,0.0812865497076023,0.05772216846321765,0.023564381244384647,0.07397660818713447,0.14686209940164985,-0.07288549121451537,0.2883040935672516,0.26700722370997143,0.021296869857280187,0.40906432748538,0.4305671199925989,-0.02150279250721887,-0.21444893654420816,-0.07911758204114405,-0.1353313545030641,-0.3125329583406573,-0.10639741207798192,-0.20613554626267538,-0.4812796625065916,-0.1247454011903496,-0.356534261316242,,,,,,,,3,-0.04596774193548392,,,,,,,,,,,,,,,,,,,,,,,,,2016.0
BHARATWIRE,Bharat Wire Ropes Limited,EQ,2016-03-18,2016-03-22,2016-04-01,Rs 40 to Rs 45,45.0,mainboard,INE316L01019,Iron & Steel Products,2016-04-01,False,,,,,,,consolidated,,,,0.0,,BE,INE316L01019,47.25,47.25,44.9,45.55,45.0,4470641.0,False,346.0,INE316L01019,BHARATWIRE,Metals & Mining,"Metals, Mining & Chemicals",2016-04-01,EQ,0.012222222222222134,0.050000000000000044,1.0,,post_listing,2018-03-31,2018-06-26 19:55:19,3.0,inc,standalone,236.336,0.5184,non_financial,4.514655172413794,2018-06-30,,,,,4.514655172413794,xbrl_post_quarter,2016-04-01,1.0032930845225028,-0.11159737417943105,0.031379131593888276,-0.14297650577331933,-0.03391684901531733,0.1540297696921824,-0.18794661870749974,-0.10284463894967177,0.26828022018710973,-0.3711248591367815,1.137855579868709,0.4109723285033695,0.7268832513653396,-0.22091836734693882,-0.10920257756215135,-0.11171578978478747,-0.2688775510204081,-0.08399997916279589,-0.18487757185761222,-0.6627551020408163,-0.130168277787714,-0.5325868242531023,,,,,,,,3,-0.04596774193548392,,,,,,,,,,,,,,,,,,,,,,,,,2016.0
INFIBEAM,Infibeam Incorporation Limited,EQ,2016-03-21,2016-03-23,2016-04-04,Rs 360 to Rs 432,432.0,mainboard,,,,,"Public Issue of [.] Equity shares aggregating upto Rs 4,500 Millions",100% Book Building,10.0,,,https://archives.nseindia.com/content/ipo/RATIOS_INFIBEAM.zip,consolidated,0.86,2.23,1.31,1.11,,EQ,INE483S01012,453.0,467.0,440.25,445.75,432.0,7342816.0,False,434.0,INE483S01012,CCAVENUE,,Technology,2016-04-04,EQ,0.03182870370370372,0.04861111111111116,1.0,,post_listing,2018-03-31,2018-07-05 15:26:03,12.0,ytd,consolidated,839.32,88.22,non_financial,67.06060606060605,2018-03-31,,,,,67.06060606060605,xbrl_post_quarter,2016-04-04,0.024677509814918678,0.1454545454545455,0.023713876546836543,0.12174066890770896,0.5636363636363635,0.14686593471156328,0.4167704289248002,1.0090909090909093,0.24981211520336855,0.7592787938875407,1.2136363636363638,0.41637229341852433,0.7972640702178395,,,,,,,,,,True,True,True,,,,,3,-0.04596774193548392,,,,,,,,,,,,,,,,,,,,,,,,,2016.0
EQUITAS,Equitas Holdings Limited,EQ,2016-04-05,2016-04-07,2016-04-21,Rs 109 to Rs 110,110.0,mainboard,INE988K01017,Investment Company,2016-04-21,False,"Public Issue of [.] Equity shares consisting of a fresh issue aggregating upto Rs 7,200 million & an offer for sale upto 132,425,884 equity shares (including Anchor Portion 59,289,127 equity shares)",100% Book Building,10.0,,,https://archives.nseindia.com/content/ipo/RATIOS_EQUITAS.zip,nse_only,6.254654583339025,14.357286484719506,0.4684841169230242,5.090568875600877,0.21168,EQ,INE988K01017,145.1,147.0,134.3,135.2,110.0,136250158.0,False,,INE988K01017,,,,,,0.229090909090909,0.3190909090909091,1.0,,,,,,,,,,,,,,,,,,,,,,,,,,,,,,,,,,,,,,,,,,,,,,,,,6,-0.016872759856630892,,,,,,,,,,,,,,,,,,,,,,,,,2016.0
THYROCARE,Thyrocare Technologies Limited,EQ,2016-04-27,2016-04-29,2016-05-09,Rs 420 to Rs 446,446.0,mainboard,INE594H01019,Healthcare Service Provider,2016-05-09,False,"Public offer of upto 10,744,708 Equity shares (including Anchor Portion 32,23,411 equity shares)",100% Book Building,10.0,,https://archives.nseindia.com/content/ipo/RHP_THYROCARE.zip,https://archives.nseindia.com/content/ipo/RATIOS_THYROCARE.zip,consolidated,73.18,225.3,8.73,73.55,,EQ,INE594H01019,665.0,665.0,605.8,618.8,446.0,12860078.0,False,2293.0,INE594H01019,THYROCARE,,Technology,2016-05-09,EQ,0.38744394618834077,0.4910313901345291,1.0,,post_listing,2018-09-30,2018-11-19 17:00:45,6.0,ytd,consolidated,402.06,97.32,non_financial,5.3744680851063835,2018-09-30,,,,,5.3744680851063835,xbrl_post_quarter,2016-05-09,0.33322559793148027,-0.013579049466537207,0.018987267028666155,-0.03256631649520336,-0.11008729388942773,0.12388134788575034,-0.23396864177517807,0.021338506304558802,0.14963544163877662,-0.12829693533421782,0.17992240543161997,0.4453682074876766,-0.2654458020560566,-0.0076796489303346815,-0.08361144822006472,0.07593179928973004,-0.1492046077893583,0.06285590926064222,-0.2120605170500005,-0.00438837081733412,-0.06727462969878018,0.06288625888144606,,,,,,,,7,0.012222222222222134,,0.0678942379545715,,,,,,,,,,,,,,,,,,,,,,,2016.0
UJJIVAN,Ujjivan Financial Services Limited,EQ,2016-04-28,2016-05-02,2016-05-10,Rs 207 to Rs 210,210.0,mainboard,INE334L01012,Non Banking Financial Company (NBFC),2016-05-10,False,"Public Issue of [.] Equity shares consisting of a fresh issue aggregating upto Rs 3,581.61 million & an offer for sale upto 24,968,332 equity shares (including Anchor Portion 12,607,081 equity shares)",100% Book Building,10.0,,https://archives.nseindia.com/content/ipo/RHP_UJJIVAN.zip,https://archives.nseindia.com/content/ipo/RATIOS_UJJIVAN.zip,consolidated,33.84,135.45,4.02,40.68,,EQ,INE334L01012,231.9,244.65,216.65,231.55,210.0,48259329.0,False,,INE334L01012,,,,,,0.10261904761904761,0.10428571428571431,1.0,,,,,,,,,,,,,,,,,,,,,,,,,,,,,,,,,,,,,,,,,,,,,,,,,7,0.012222222222222134,,0.0952747244294363,,,,,,,,,,,,,,,,,,,,,,,2016.0
PARAGMILK,Parag Milk Foods Limited,EQ,2016-05-04,2016-05-11,2016-05-19,Rs 215 to Rs 227,215.0,mainboard,INE883N01014,Dairy Products,2016-05-19,False,,,,,,,consolidated,,,,0.0,,EQ,INE883N01014,217.5,249.7,217.5,247.0,215.0,19256465.0,False,1666.0,INE883N01014,PARAGMILK,Food & Beverages,Consumer & FMCG,2016-05-19,EQ,0.14883720930232558,0.011627906976744207,1.0,,post_listing,2018-03-31,2018-06-18 17:48:04,12.0,ytd,consolidated,1954.506,87.056,non_financial,8.381410256410255,2018-03-31,,,,,8.381410256410255,xbrl_post_quarter,2016-05-19,1.0040485829959513,0.014919354838709653,0.04444763250916628,-0.029528277670456626,0.28245967741935485,0.13029254674891866,0.1521671306704362,0.0532258064516129,0.04007789330592648,0.013147913145686418,-0.030645161290322576,0.3650307974891638,-0.39567595877948636,-0.18986384266263234,-0.029940846503492935,-0.1599229961591394,-0.234947049924357,-0.1349491093724542,-0.09999794055190281,-0.22541603630862328,-0.14569083902202207,-0.07972519728660121,,,,,,,,7,0.012222222222222134,,0.036681779193726394,,,,,,,,,,,,,,,,,,,,,,,2016.0
SAGARDEEP,Sagardeep Alloys Limited,SME,2016-05-04,2016-05-09,2019-01-25,Rs.20,95.0,sme,INE976T01013,Aluminium Copper & Zinc Products,2019-01-25,False,,,,,,,consolidated,,,,0.0,,,,,,,,,,False,1920.0,INE976T01013,SAGARDEEP,Metals & Mining,"Metals, Mining & Chemicals",2019-01-25,EQ,,,,,post_listing,2019-09-30,2020-01-17 14:16:03,6.0,ytd,consolidated,35.048,0.4086,non_financial,1.0680281690140845,2020-06-30,,,,,1.0680281690140845,xbrl_post_quarter,2019-01-25,,-0.060079051383399196,-0.03409495337746471,-0.025984098005934486,-0.4426877470355731,0.05195308483798744,-0.49464083187356056,-0.40474308300395256,-0.09412295062519271,-0.31062013237875985,-0.0861660079051384,0.019833361014227835,-0.10599936891936623,0.1278928136419002,-0.31677286034096785,0.44466567398286805,1.1863580998781975,-0.17371754396035444,1.360075643838552,-0.17174177831912296,0.2118611637295984,-0.38360294204872136,,,,,,,,7,0.012222222222222134,,0.036681779193726394,,,,,,,,,,,,,,,,,,,,,,,2019.0
UNITEDPOLY,United Polyfab Gujarat Limited,SME,2016-05-25,2016-05-30,2021-12-31,Rs.45,17.0,sme,INE368U01029,Other Textile Products,2021-12-31,False,,,,,,,consolidated,,,,0.0,,,,,,,,,,False,2385.0,INE368U01029,UNITEDPOLY,Manufacturing,Industrials & Infrastructure,2021-12-31,BE,,,,,post_listing,2021-12-31,2022-02-15 16:10:08,9.0,ytd,standalone,651.0841333333333,10.007066666666667,non_financial,2.087142857142857,2022-03-31,,55.1124,2022-03-31,2022-05-27 19:28:13,2.087142857142857,xbrl_post_quarter,2021-12-31,,1.7471264367816093,0.004735772357723711,1.7423906644238856,2.5402298850574714,-0.0074339430894309055,2.547663828146902,1.8160919540229887,-0.17004065040650407,1.9861326044294927,6.609195402298851,-0.036636178861788604,6.645831581160639,0.16167664670658688,-0.08968519616981596,0.25136184287640284,0.10179640718562877,-0.05089611049911025,0.15269251768473902,1.9221556886227544,-0.03596623167528168,1.9581219202980362,,,,,,,,7,0.10261904761904761,,0.12738695926401178,,,,,,,,,,,,,,,,,,,,,,,2021.0
MGL,Mahanagar Gas Limited,EQ,2016-06-21,2016-06-23,2016-07-01,Rs 380 to Rs 421,421.0,mainboard,INE002S01010,LPG/CNG/PNG/LNG Supplier,2016-07-01,False,"Public offer of upto 24,694,500 Equity shares (including Anchor Portion of 7,348,350 equity shares)",100% Book Building,10.0,,https://archives.nseindia.com/content/ipo/RHP_MGL.zip,https://archives.nseindia.com/content/ipo/RATIOS_MGL.zip,nse_only,55.753901896344075,55.99672307388734,2.322072301945335,28.75489056649458,0.023975,EQ,INE002S01010,540.0,548.95,518.0,520.3,421.0,20001438.0,False,1434.0,INE002S01010,MGL,,Energy,2016-07-01,EQ,0.23586698337292145,0.28266033254156775,1.0,,post_listing,2018-03-31,2018-05-26 12:32:34,12.0,ytd,standalone,2452.92,477.87,non_financial,9.873704052780397,2018-03-31,,,,,9.873704052780397,xbrl_post_quarter,2016-07-01,1.0,-0.0017297712857966552,0.02295721864965672,-0.024686989935453374,0.3877570632327503,0.10327286417808401,0.28448419905466626,0.6149336921007114,0.027431820738958335,0.587501871361753,0.8802613876609648,0.33757713712015636,0.5426842505408085,0.004896984174380448,-0.04740260148494624,0.052299585659326686,-0.005912212600776456,-0.19438838699131789,0.18847617439054143,0.04419229620782317,-0.16295744453455563,0.2071497407423788,,,,,,,,7,0.10261904761904761,,0.14146736927442238,,,,,,,,,,,,,,,,,,,,,,,2016.0
QUESS,Quess Corp Limited,EQ,2016-06-29,2016-07-01,2016-07-12,Rs 310 to Rs 317,317.0,mainboard,INE615P01015,Diversified Commercial Services,2016-07-12,False,"Public Issue upto [.] Equity shares Aggregating to Rs 4000 million (including anchor portion of 56,78,234 Equity Shares)",100% Book Building,10.0,,https://archives.nseindia.com/content/ipo/RHP_QUESS.zip,https://archives.nseindia.com/content/ipo/RATIOS_QUESS.zip,consolidated,59.03,392.21,34.08,144.5,,EQ,INE615P01015,500.0,509.3,480.0,503.1,317.0,16364151.0,False,1791.0,INE615P01015,QUESS,Other Services,Services & Others,2016-07-12,EQ,0.5870662460567824,0.5772870662460567,1.0,,post_listing,2018-03-31,2018-06-21 19:34:36,12.0,ytd,consolidated,6167.2607,310.9872,non_financial,14.547680608365019,2018-03-31,,,,,14.547680608365019,xbrl_post_quarter,2016-07-12,0.9978135559530908,0.09621513944223103,-0.0002057779041201302,0.09642091734635116,0.1774900398406376,0.07505165661819935,0.10243838322243826,0.35119521912350593,0.03417822487918509,0.31701699424432084,0.8643426294820717,0.3035987797582429,0.5607438497238288,-0.17677159957965916,-0.08589445912940408,-0.09087714045025508,-0.41970119248869187,-0.12047321468927497,-0.2992279777994169,-0.5260657011011103,-0.13443462161071773,-0.39163107949039255,,,,,,,,6,0.1257281284606866,-0.034216674598710695,0.1368377361181139,,,,,,,,,,,,,,,,,,,,,,,2016.0
KKVAPOW,KKV Agro Powers Limited,SME,2016-06-30,2016-07-07,2016-07-15,Rs.320,320.0,sme,INE239T01016,Gems Jewellery And Watches,2016-07-15,False,,,,,,,consolidated,,,,0.0,,SM,INE239T01016,325.0,342.0,325.0,342.0,320.0,1600.0,False,3117.0,INE239T01016,KKVAPOW,,Energy,2016-07-15,SM,0.06875000000000009,0.015625,1.0,,,,,,,,,,,,,,,,,,,,,,,,,,,,,,,,,,,,,,,,,,,,,,,,,6,0.1257281284606866,-0.018242980141046194,0.1571404166783532,,,,,,,,,,,,,,,,,,,,,,,2016.0
LTI,Larsen & Toubro Infotech Limited,EQ,2016-07-11,2016-07-13,2016-07-21,Rs 705 to Rs 710,710.0,mainboard,,,,,"Public offer of upto17,500,000 Equity shares (Including Anchor portion of 5,250,000 Equity Shares)",100% Book Building,1.0,,https://archives.nseindia.com/content/ipo/RHP_LTI.zip,https://archives.nseindia.com/content/ipo/RATIOS_LTI.zip,consolidated,19.91,10.76,7.39,11.69,,EQ,INE214T01019,667.0,710.0,666.0,697.6,710.0,11824029.0,False,1331.0,INE214T01019,LTM,Software,Technology,2016-07-21,EQ,-0.01746478873239432,-0.06056338028169017,1.0,,post_listing,2018-03-31,2018-06-22 17:36:03,12.0,ytd,consolidated,7306.5,1112.0,non_financial,17.19121140142518,2018-03-31,,,,,17.19121140142518,xbrl_post_quarter,2016-07-21,0.9990682339449541,-0.05868426716407216,0.02888626592068322,-0.08757053308475538,-0.0684410646387833,0.1085717085891793,-0.1770127732279626,-0.045555635267953254,0.04780785668935028,-0.09336349195730353,0.10101155032642217,0.3251100439323502,-0.22409849360592804,0.12646271395481734,-0.07911758204114405,0.2055802959959614,0.041542580392864625,-0.10639741207798192,0.14793999247084655,-0.003820353157055756,-0.1247454011903496,0.12092504803329385,,,,,,,,5,0.229090909090909,-0.004886587256070385,0.1490457996474679,,,,,,,,,,,,,,,,,,,,,,,2016.0
ADVENZYMES,Advanced Enzyme Technologies Limited,EQ,2016-07-20,2016-07-22,2016-08-01,Rs 880 to Rs 896,896.0,mainboard,INE837H01020,Biotechnology,2016-08-01,False,"Public Offer of Upto [.] Equity Shares aggregating upto Rs. 500 million and Offer for Sale of upto 4,034,470 Equity Shares (Including Anchor portion of 13,71,053 Equity Shares)",100% Book Building,10.0,,https://archives.nseindia.com/content/ipo/RHP_ADVENZYMES.zip,https://archives.nseindia.com/content/ipo/RATIOS_ADVENZYMES.zip,consolidated,94.03,393.1,11.67,116.02,1.73,EQ,INE837H01012,1210.0,1244.0,1168.0,1178.1,896.0,4996197.0,False,69.0,INE837H01012,ADVENZYMES,,Technology,2016-08-01,EQ,0.31484374999999987,0.3504464285714286,1.0,,post_listing,2018-03-31,2018-05-26 14:30:40,12.0,ytd,consolidated,395.699,90.055,non_financial,11.165163934426229,2018-03-31,,,,,11.165163934426229,xbrl_post_quarter,2016-08-01,0.19896443425855193,0.16595563139931735,0.026581700222963578,0.13937393117635377,0.7006825938566552,0.0569856330991938,0.6436969607574614,0.552005119453925,0.07237514878208251,0.47962997067184254,0.32380546075085337,0.30192913781830977,0.0218763229325436,-0.054639873560623164,-0.04740260148494624,-0.007237272075676926,-0.1655001128923006,-0.19438838699131789,0.028888274099017286,-0.027319936780311527,-0.16295744453455563,0.1356375077542441,,,,,,,,6,0.23247894623191523,-0.012828236971288542,0.08765315519570671,,,,,,,,,,,,,,,,,,,,,,,2016.0
DBL,Dilip Buildcon Limited,EQ,2016-08-01,2016-08-03,2016-08-11,Rs 214 to Rs 219,219.0,mainboard,INE917M01012,Civil Construction,2016-08-11,False,"Public Offer of Upto [.] Equity Shares aggregating upto Rs. 4300 million and Offer for Sale of upto 10,227,273 Equity Shares (Including Anchor portion of 8,958,592 Equity Shares)",100% Book Building,10.0,,https://archives.nseindia.com/content/ipo/RHP_DBL.zip,https://archives.nseindia.com/content/ipo/RATIOS_DBL.zip,consolidated,9.76,79.64,2.35,20.95,,EQ,INE917M01012,240.0,254.8,240.0,251.75,219.0,26935252.0,False,552.0,INE917M01012,DBL,Construction,Industrials & Infrastructure,2016-08-11,EQ,0.14954337899543368,0.09589041095890405,1.0,,post_listing,2018-03-31,2018-07-24 10:28:03,12.0,ytd,standalone,7745.8769,620.301,non_financial,13.6790245437382,2018-03-31,,,,,13.6790245437382,xbrl_post_quarter,2016-08-11,1.0093346573982125,-0.09464777646595823,0.04665479489315416,-0.1413025713591124,-0.19657615112160565,-0.03240654165887491,-0.16416960946273074,0.04919323101141293,0.10142291280621518,-0.05222968179480225,1.2479338842975207,0.2741189670707036,0.9738149172268171,-0.421864859017812,-0.14251726020248767,-0.27934759881532434,-0.5273671305978223,-0.14275929785049968,-0.3846078327473226,-0.43657604384509996,-0.24376109339220053,-0.19281495045289943,,,,,,,,6,0.1923520963376235,-0.00042674521009877786,0.1290282946423298,,,,,,,,,,,,,,,,,,,,,,,2016.0
SPAL,S.P. Apparels Limited,EQ,2016-08-02,2016-08-04,2016-08-12,Rs 258 to Rs 268,268.0,mainboard,INE212I01016,Garments & Apparels,2016-08-12,False,"Public Offer of Upto [.] Equity Shares aggregating upto Rs. 2,150 million and Offer for Sale of upto 9,00,000 Equity Shares (Including Anchor portion of 26,76,685 Equity Shares)",100% Book Building,10.0,,https://archives.nseindia.com/content/ipo/RHP_SPAL.zip,https://archives.nseindia.com/content/ipo/RATIOS_SPAL.zip,consolidated,2.21,5.1,1.9,2.66,,BE,INE212I01016,275.0,288.75,275.0,288.75,268.0,2003330.0,False,2119.0,INE212I01016,SPAL,Manufacturing,Industrials & Infrastructure,2016-08-12,EQ,0.0774253731343284,0.026119402985074647,1.0,,post_listing,2018-03-31,2018-07-30 18:46:02,12.0,ytd,consolidated,662.415,47.813,non_financial,2.514828897338403,2018-03-31,,,,,2.514828897338403,xbrl_post_quarter,2016-08-12,1.0,0.15982683982683965,0.05071716628436218,0.10910967354247747,0.036363636363636376,-0.03804478382969134,0.07440842019332772,0.369004329004329,0.08286900527856478,0.2861353237257642,0.37264069264069266,0.2586305493491612,0.11401014329153147,-0.12714087332201818,-0.13266319144138838,0.0055223181193702064,-0.30751427248881347,-0.17441805681286626,-0.1330962156759472,-0.2828267242709458,-0.23499331989459915,-0.047833404376346644,,,,,,,,7,0.23586698337292145,-0.001734175388097614,0.1281032958408388,,,,,,,,,,,,,,,,,,,,,,,2016.0
RBLBANK,RBL Bank Limited,EQ,2016-08-19,2016-08-23,2016-08-31,Rs 224 to Rs 225,225.0,mainboard,INE976G01028,Private Sector Bank,2016-08-31,False,"Public Offer of Upto [.] Equity Shares aggregating upto Rs. 8,325 million and Offer for Sale of upto 16,909,628 Equity Shares (Including Anchor portion of 1,61,72,887 Equity Shares)",100% Book Building,10.0,,https://archives.nseindia.com/content/ipo/RHP_RBLBANK.zip,https://archives.nseindia.com/content/ipo/RATIOS_RBLBANK.zip,consolidated,85.08,198.06,5.7,69.62,,EQ,INE976G01028,274.2,305.5,274.2,299.4,225.0,79264509.0,False,1831.0,INE976G01028,RBLBANK,,Financial Services,2016-08-31,EQ,0.33066666666666666,0.21866666666666656,1.0,,,,,,,,,,,,,,,,,,,2016-08-31,1.0018370073480294,-0.007834639106517605,0.034344234353215874,-0.04217887345973348,0.1681946991165193,-0.05633066812548859,0.2245253672420079,0.5744290715119187,0.08290585903452374,0.49152321247739494,0.7774629104850808,0.27938753972806296,0.4980753707570178,,,,,,,,,,,,,,,,,6,0.19270518118417757,0.0,0.13029254674891866,,,,,,,,,,,,,,,,,,,,,,,2016.0
MBAPL,Madhya Bharat Agro Products Limited,SME,2016-08-29,2016-09-02,2019-08-22,Rs.24,67.0,sme,INE900L01028,Fertilizers,2019-08-22,False,,,,,,,consolidated,,,,0.0,,,,,,,,,,False,1406.0,INE900L01028,MBAPL,Chemicals,"Metals, Mining & Chemicals",2019-08-22,EQ,,,,,post_listing,2019-09-30,2019-11-09 13:32:02,6.0,ytd,standalone,135.1908,17.6118,non_financial,2.1929056603773587,2019-12-31,,130.3578,2020-03-31,2020-07-21 17:16:03,2.1929056603773587,xbrl_post_quarter,2019-08-22,,-0.012820512820512775,0.11685528617266527,-0.12967579899317805,-0.11538461538461531,0.1045187596288617,-0.219903375013477,-0.1282051282051282,0.1820709147563393,-0.3102760429614675,-0.11538461538461531,0.17257236849726065,-0.28795698388187596,0.014285714285714235,0.10064143480490118,-0.08635572051918694,-0.11428571428571421,-0.27566000816181324,0.16137429387609903,0.0,0.06123452656251627,-0.06123452656251627,,,,,,,,6,0.19270518118417757,-0.006062909621350698,0.14109854962390234,,,,,,,,,,,,,,,,,,,,,,,2019.0
CROWN,Crown Lifters Limited,SME,2016-09-09,2016-09-19,2022-02-08,Rs.121,30.0,sme,INE491V01019,Industrial Products,2022-02-08,False,,,,,,,consolidated,,,,0.0,,,,,,,,,,False,525.0,INE491V01019,CROWN,Capital Goods,Industrials & Infrastructure,2022-02-08,EQ,,,,,pre_listing,2021-12-31,2022-02-12 19:52:02,9.0,ytd,standalone,13.7324,3.090133333333333,non_financial,1.04875,2022-06-30,1.0381632653061226,18.6641,2022-09-30,2022-11-05 17:10:03,1.04875,xbrl_post_quarter,2022-02-08,,-0.21225071225071235,-0.07269159243390977,-0.13955911981680258,-0.06267806267806275,-0.14864017918605954,0.08596211650799679,0.16809116809116809,-0.07807025655251776,0.24616142464368584,0.009971509971510084,-0.06156438471575776,0.07153589468726784,-0.03001579778830965,-0.07771343985371593,0.047697642065406276,0.26066350710900466,-0.0052298750489792045,0.26589338215798386,0.10584518167456558,-0.0027428272889548078,0.10858800896352039,,,,,,,,7,0.23586698337292145,0.0,0.15103712741851139,,,,,,,,,,,,,,,,,,,,,,,2022.0
HUSYS,Husys Consulting Limited,SME,2016-09-09,2016-09-19,2015-08-21,Rs.69,50.0,sme,INE336T01010,,2015-08-21,False,,,,,,,consolidated,,,,0.0,,,,,,,,,,False,,INE336T01010,,,,,,,,,,,,,,,,,,,,,,,,,,,,,,,,,,,,,,,,,,,,,,,,,,,,,,,,,7,0.23586698337292145,0.0,0.15103712741851139,,,,,,,,,,,,,,,,,,,,,,,2015.0
LTTS,L&T Technology Services Limited,EQ,2016-09-12,2016-09-15,2016-09-23,Rs 850 to Rs 860,860.0,mainboard,INE010V01017,IT Enabled Services,2016-09-23,False,"Public Offer of 10,4,00,000 Equity Shares (Including Anchor portion of 31,20,000 Equity Shares)",100% Book Building,2.0,,https://archives.nseindia.com/content/ipo/RHP_LTTS.zip,https://archives.nseindia.com/content/ipo/RATIOS_LTTS.zip,consolidated,5.01,1.03,1.75,2.53,,EQ,INE010V01017,920.0,931.45,860.1,869.0,860.0,8014800.0,False,1332.0,INE010V01017,LTTS,,Technology,2016-09-23,EQ,0.010465116279069875,0.06976744186046502,1.0,,post_listing,2018-03-31,2018-05-25 17:37:04,12.0,ytd,consolidated,3747.1,506.0,non_financial,10.231958762886599,2018-03-31,,,,,10.231958762886599,xbrl_post_quarter,2016-09-23,0.9902761795166858,-0.019696705595258823,0.02791207566840548,-0.0476087812636643,-0.09389344024170587,-0.12280994958357705,0.028916509341871177,-0.10348033234559284,0.08981842925187111,-0.19329876159746395,-0.101098134913718,0.19503038116725757,-0.29612851608097557,0.220143448066487,-0.04740260148494624,0.26754604955143324,0.17574285605859363,-0.19438838699131789,0.3701312430499115,0.25923114872300856,-0.16295744453455563,0.4221885932575642,,,,,,,,7,0.23586698337292145,-0.005194613701665296,0.14394026184704356,,,,,,,,,,,,,,,,,,,,,,,2016.0
GNA,GNA Axles Limited,EQ,2016-09-14,2016-09-16,2016-09-26,Rs 205 to Rs 207,207.0,mainboard,INE934S01014,Auto Components & Equipments,2016-09-26,False,"Public Issue of upto 6,300,000 Equity Shares (Including Anchor portion of 1,830,000 Equity Shares)",100% Book Building,10.0,,https://archives.nseindia.com/content/ipo/RHP_GNA.zip,https://archives.nseindia.com/content/ipo/RATIOS_GNA.zip,consolidated,17.18,217.47,11.84,54.88,0.31,BE,INE934S01014,252.0,261.8,242.2,245.05,207.0,1520649.0,False,824.0,INE934S01014,GNA,Auto Components,Automobile & Mobility,2016-09-26,EQ,0.183816425120773,0.21739130434782616,1.0,,post_listing,2018-06-30,2018-08-02 19:42:03,3.0,inc,standalone,850.3252,56.016,non_financial,2.1478527607361966,2018-06-30,,,,,2.1478527607361966,xbrl_post_quarter,2016-09-26,0.5060191797592328,-0.0008064516129031585,0.026011092141631886,-0.026817543754535045,-0.27620967741935487,-0.1049910634405653,-0.17121861397878957,-0.11774193548387091,0.10215298028753117,-0.21989491577140208,0.26693548387096766,0.2196672357510412,0.04726824811992647,-0.08474178403755872,-0.13014709785291556,0.04540531381535684,-0.27370892018779347,-0.18796776719127373,-0.08574115299651974,-0.47840375586854467,-0.2531897741447491,-0.2252139817237956,,,,,,,,7,0.23586698337292145,-0.033116409559523774,0.11125716798270524,,,,,,,,,,,,,,,,,,,,,,,2016.0
AVSL,AVSL Industries Limited,SME,2016-09-15,2016-09-28,2016-10-06,Rs.36,36.0,sme,INE522V01011,Plastic Products - Industrial,2016-10-06,False,,,,,,,consolidated,,,,0.0,,SM,INE522V01011,38.0,38.0,36.0,36.0,36.0,15000.0,False,3116.0,INE522V01011,AVSL,Chemicals,"Metals, Mining & Chemicals",2016-10-06,ST,0.0,0.05555555555555558,1.0,,,,,,,,,,,,,,,,,,,,,,,,,,,,,,,,,,,,,,,,,,,,,,,,,7,0.23586698337292145,-0.018584642115624384,0.13015873744303752,,,,,,,,,,,,,,,,,,,,,,,2016.0
HPL,HPL Electric and Power Limited,EQ,2016-09-22,2016-09-26,2016-10-04,Rs 175 to Rs 202,202.0,mainboard,INE495S01016,Industrial Products,2016-10-04,False,"Public issue of [.] Equity Shares aggregating upto Rs 3,610 million (Including Anchor portion of 53,61,385 Equity Shares)",100% Book Building,10.0,"SBI Capital Markets Limited, ICICI Securities Limited and IDFC Bank Limited",https://archives.nseindia.com/content/ipo/RHP_HPLI.zip,https://archives.nseindia.com/content/ipo/RATIOS_HPL.zip,consolidated,5.77,22.2,3.31,8.06,,EQ,INE495S01016,190.0,198.0,184.25,189.3,202.0,14845911.0,False,973.0,INE495S01016,HPL,,Energy,2016-10-04,EQ,-0.06287128712871282,-0.05940594059405946,1.0,,post_listing,2018-03-31,2018-05-26 12:04:49,12.0,ytd,consolidated,1061.3562,27.4287,non_financial,6.423571428571428,2018-03-31,,,,,6.423571428571428,xbrl_post_quarter,2016-10-04,1.0036978341257263,-0.13921052631578945,-0.03292847715108871,-0.10628204916470074,-0.47131578947368424,-0.06874187329498549,-0.40257391617869875,-0.2936842105263159,0.1131060830409516,-0.4067902935672675,-0.21526315789473682,0.25043097277271875,-0.4656941306674556,-0.17024620220010478,-0.04740260148494624,-0.12284360071515854,-0.3273965426925092,-0.19438838699131789,-0.1330081557011913,-0.3352540597171294,-0.16295744453455563,-0.17229661518257378,,,,,,,,7,0.23586698337292145,-0.00733661973514832,0.11969577100115081,,,,,,,,,,,,,,,,,,,,,,,2016.0
JETKNIT,Jet Knitwears Limited,SME,2016-09-27,2016-09-29,2016-10-07,Rs. 39,39.0,sme,INE564T01017,Garments & Apparels,2016-10-07,False,,,,,,,consolidated,,,,0.0,,SM,INE564T01017,46.8,46.8,46.8,46.8,39.0,357000.0,False,3115.0,INE564T01017,JETKNIT,Manufacturing,Industrials & Infrastructure,2016-10-07,ST,0.19999999999999996,0.19999999999999996,1.0,,,,,,,,,,,,,,,,,,,,,,,,,,,,,,,,,,,,,,,,,,,,,,,,,9,0.183816425120773,-0.008011229619511284,0.12799759785793952,,,,,,,,,,,,,,,,,,,,,,,2016.0
JAIPURKURT,Nandani Creation Limited,SME,2016-09-28,2016-10-03,2021-09-02,Rs. 28,59.0,sme,INE696V01013,Garments & Apparels,2021-09-02,False,,,,,,,consolidated,,,,0.0,,,,,,,,,,False,1104.0,INE696V01013,JAIPURKURT,Manufacturing,Industrials & Infrastructure,2021-09-02,EQ,,,,,post_listing,2021-09-30,2021-11-15 23:24:03,6.0,ytd,consolidated,62.1162,4.4802,non_financial,1.0057894736842103,2021-12-31,,16.4594,2022-09-30,2022-10-26 15:30:07,1.0057894736842103,xbrl_post_quarter,2021-09-02,,-0.18844566712517197,0.0633668782058796,-0.2518125453310516,0.10316368638239348,0.04940752275860527,0.05375616362378821,-0.09697386519944973,-0.040052912710771715,-0.05692095248867801,-0.21114167812929852,0.07172797954934906,-0.2828696576786476,0.25972927241962784,-0.04234802338416255,0.3020772958037904,0.013536379018612488,-0.11547463308940764,0.12901101210802013,0.7436548223350252,-0.04385041494624087,0.7875052372812661,,,,,,,,9,0.183816425120773,-0.009033728567230837,0.14776709745665273,,,,,,,,,,,,,,,,,,,,,,,2021.0
ARTNIRMAN,Art Nirman Limited,SME,2016-09-30,2016-10-07,2021-10-18,Rs. 25,30.0,sme,INE738V01013,Residential Commercial Projects,2021-10-18,False,,,,,,,consolidated,,,,0.0,,,,,,,,,,False,198.0,INE738V01013,ARTNIRMAN,Construction,Industrials & Infrastructure,2021-10-18,EQ,,,,,post_listing,2021-12-31,2022-02-14 15:20:32,9.0,ytd,standalone,40.51266666666666,-9.556266666666666,non_financial,2.503267973856209,2022-03-31,,34.003,2022-03-31,2022-05-31 15:48:18,2.503267973856209,xbrl_post_quarter,2021-10-20,,1.7522935779816513,-0.027494585737508292,1.7797881637191595,2.663608562691131,0.06791069193495614,2.595697870756175,1.5703363914373085,-0.010522106290931643,1.58085849772824,1.2935779816513762,-0.028055487751042607,1.3216334694024188,-0.4747550866616428,-0.07636031824803502,-0.39839476841360777,-0.42765636774679716,-0.035037166290467936,-0.3926192014563292,-0.4284099472494348,-0.025282682589740646,-0.4031272646596942,,,,,,,,8,0.16667990205810335,-0.04570923790868053,0.07921727969752013,,,,,,,,,,,,,,,,,,,,,,,2021.0
AURDIS,Aurangabad Distillery Limited,SME,2016-09-30,2016-10-06,2016-10-17,Rs.35,35.0,sme,INE448V01019,Breweries & Distilleries,2016-10-17,False,,,,,,,consolidated,,,,0.0,,SM,INE448V01019,42.0,42.0,42.0,42.0,35.0,36000.0,False,3113.0,INE448V01019,ALCODIS,Food & Beverages,Consumer & FMCG,2016-10-17,SM,0.19999999999999996,0.19999999999999996,1.0,,,,,,,,,,,,,,,,,,,,,,,,,,,,,,,,,,,,,,,,,,,,,,,,,8,0.16667990205810335,-0.04570923790868053,0.07921727969752013,,,,,,,,,,,,,,,,,,,,,,,2016.0
DRL,Dhanuka Realty Limited,SME,2016-09-30,2016-10-06,2016-10-18,Rs. 40,40.0,sme,,,,,,,,,,,consolidated,,,,0.0,,SM,INE704V01015,43.0,43.0,38.8,41.25,40.0,186000.0,False,3112.0,INE704V01015,DIRL,Construction,Industrials & Infrastructure,2016-10-18,SM,0.03125,0.07499999999999996,1.0,,,,,,,,,,,,,,,,,,,,,,,,,,,,,,,,,,,,,,,,,,,,,,,,,8,0.16667990205810335,-0.04570923790868053,0.07921727969752013,,,,,,,,,,,,,,,,,,,,,,,2016.0
GICL,Globe International Carriers Limited,SME,2016-09-30,2016-10-07,2026-02-18,Rs. 24,45.0,sme,INE947T01022,Logistics Solution Provider,2026-02-18,False,,,,,,,consolidated,,,,0.0,,,,,,,,,,False,797.0,INE947T01022,GICL,Logistics,Services & Others,2026-02-18,EQ,,,,,post_listing,2026-03-31,2026-05-29 18:39:24,12.0,ytd,consolidated,174.9279,11.6458,non_financial,12.355333333333334,2026-06-30,,98.0733,2026-03-31,2026-05-29 18:39:24,12.355333333333334,xbrl_post_quarter,2026-02-18,,-0.1329268292682928,-0.08583603457173139,-0.04709079469656141,-0.17784552845528456,0.051214862012811446,-0.229060390468096,-0.5172764227642277,0.13388048217491666,-0.6511569049391444,,,,-0.4325681492109039,0.09723202686108534,-0.5298001760719893,,,,,,,,,,,,,,8,0.16667990205810335,-0.04570923790868053,0.07921727969752013,,,,,,,,,,,,,,,,,,,,,,,2026.0
GRETEX,Gretex Industries Limited,SME,2016-09-30,2016-10-05,2016-10-14,Rs 19 to Rs 21,20.0,sme,INE985P01012,Media & Entertainment,2016-10-14,False,,,,,,,consolidated,,,,0.0,,SM,INE985P01012,24.0,24.0,22.25,24.0,20.0,264000.0,False,3114.0,INE985P01012,GRETEX,Manufacturing,Industrials & Infrastructure,2016-10-14,SM,0.19999999999999996,0.19999999999999996,1.0,,,,,,,,,,,,,,,,,,,,,,,,,,,,,,,,,,,,,,,,,,,,,,,,,8,0.16667990205810335,-0.04570923790868053,0.07921727969752013,,,,,,,,,,,,,,,,,,,,,,,2016.0
PANSARI,Pansari Developers Limited,SME,2016-09-30,2016-10-06,2021-10-18,Rs. 22,55.0,sme,INE697V01011,Residential Commercial Projects,2021-10-18,False,,,,,,,consolidated,,,,0.0,,,,,,,,,,False,1662.0,INE697V01011,PANSARI,Construction,Industrials & Infrastructure,2021-10-18,EQ,,,,,pre_listing,2021-09-30,2021-11-14 13:28:02,6.0,ytd,consolidated,43.8124,4.8546,non_financial,0.8711961722488039,2022-03-31,1.7446534653465346,119.3518,2022-03-31,2022-05-31 17:56:06,0.8711961722488039,xbrl_post_quarter,2021-10-19,,1.07012987012987,-0.021197692519000166,1.0913275626488703,1.2606060606060607,0.043636622612906795,1.216969437993154,1.0432900432900434,-0.011049049232365826,1.0543390925224092,0.5463203463203463,-0.046251360782997075,0.5925717071033434,0.1451378809869377,-0.058285714285714274,0.20342359527265197,0.03531688437348812,-0.1314695707879564,0.16678645516144452,-0.14658925979680693,-0.04024087123638698,-0.10634838856041995,,,,,,,,8,0.16667990205810335,-0.04570923790868053,0.07921727969752013,,,,,,,,,,,,,,,,,,,,,,,2021.0
SAKAR,Sakar Healthcare Limited,SME,2016-09-30,2016-10-05,2019-04-11,Rs 42 to Rs 50,56.0,sme,INE732S01012,Pharmaceuticals,2019-04-11,False,,,,,,,consolidated,,,,0.0,,,,,,,,,,False,1929.0,INE732S01012,SAKAR,,Healthcare & Pharmaceuticals,2019-04-11,EQ,,,,,post_listing,2019-09-30,2019-11-14 17:06:08,6.0,ytd,standalone,84.9122,9.103,non_financial,1.4995918367346939,2019-09-30,,81.3197,2020-03-31,2020-06-25 16:30:14,1.4995918367346939,xbrl_post_quarter,2019-04-11,,0.03300330033003296,-0.07421495644511333,0.10721825677514629,-0.030528052805280592,-0.0865314889437595,0.05600343613847891,-0.16666666666666674,-0.14049548846644566,-0.02617117820022108,-0.1410891089108911,-0.356672755477635,0.2155836465667439,0.20194174757281558,0.10221732113130688,0.0997244264415087,-0.013592233009708798,-0.283004199727905,0.2694119667181962,0.554368932038835,0.10394960326514036,0.4504193287736946,,,,,,,,8,0.16667990205810335,-0.04570923790868053,0.07921727969752013,,,,,,,,,,,,,,,,,,,,,,,2019.0
ENDURANCE,Endurance Technologies Limited,EQ,2016-10-05,2016-10-07,2016-10-19,Rs 467 to Rs 472,472.0,mainboard,INE913H01037,Auto Components & Equipments,2016-10-19,False,"Public offer of 24,613,024 Equity Shares (including anchor portion of 73,83,906 Equity Shares)",100% Book Building,10.0,Axis Capital Limited and Citigroup Global Markets India Private Limited,https://archives.nseindia.com/content/ipo/RHP_ENDURANCE.zip,https://archives.nseindia.com/content/ipo/RATIOS_ENDURANCE.zip,consolidated,53.43,127.07,2.69,43.84,,EQ,INE913H01037,572.0,654.4,572.0,646.9,472.0,36506028.0,False,685.0,INE913H01037,ENDURANCE,,Technology,2016-10-19,EQ,0.3705508474576271,0.21186440677966112,1.0,,post_listing,2018-03-31,2018-05-26 11:52:46,12.0,ytd,consolidated,6666.047,390.757,non_financial,14.070495767835551,2018-03-31,,,,,14.070495767835551,xbrl_post_quarter,2016-10-19,1.0115937548307312,-0.17114914425427874,-0.11328300959609061,-0.05786613465818813,-0.10872555012224938,-0.03930672584353356,-0.06941882427871582,0.2641350855745721,0.15559862951992254,0.10853645605464957,0.6339394865525674,0.2724657916238473,0.36147369492872006,0.22761060539810019,-0.04740260148494624,0.2750132068830464,-0.11054577254839604,-0.19438838699131789,0.08384261444292185,-0.03796160114481062,-0.16295744453455563,0.12499584338974501,,,,,,,,9,0.14954337899543368,0.0,0.10327286417808401,,,,,,,,,,,,,,,,,,,,,,,2016.0
VBL,Varun Beverages Limited,EQ,2016-10-26,2016-10-28,2016-11-08,Rs 440 to Rs 445,445.0,mainboard,INE200M01039,Other Beverages,2016-11-08,False,"Public offer of upto 25,000,000 Equity Shares (including anchor portion of 73,50,000 Equity Shares)",100% Book Building,10.0,"Kotak Mahindra Capital Company Limited,Axis Capital Limited,CLSA India Private Limited and YES Securities (India) Limited",https://archives.nseindia.com/content/ipo/RHP_VBL.zip,https://archives.nseindia.com/content/ipo/RATIOS_VBL.zip,consolidated,4.94,0.42,0.82,1.86,0.05,EQ,INE200M01013,430.0,471.75,416.85,459.5,445.0,18118170.0,False,2418.0,INE200M01013,VBL,Food & Beverages,Consumer & FMCG,2016-11-08,EQ,0.03258426966292127,-0.0337078651685393,1.0,,post_listing,2018-06-30,2018-08-28 12:04:14,6.0,ytd,consolidated,6439.038,644.15,non_financial,18.459025270758122,2018-06-30,,,,,18.459025270758122,xbrl_post_quarter,2016-11-08,0.058977149075081614,-0.07564575645756455,-0.06462342979138525,-0.011022326666179305,-0.11623616236162371,0.04664848916146247,-0.16288465152308618,0.06642066420664205,0.21352038572559406,-0.147099721518952,0.08302583025830268,0.33285224246979506,-0.24982641221149238,-0.04958677685950408,-0.15159966755035204,0.10201289069084796,0.004132231404958775,-0.14468951108220252,0.1488217424871613,0.09297520661157033,-0.24306109912058527,0.3360363057321556,,,,,,,,8,0.16667990205810335,-0.0006261488198248122,0.1085717085891793,,,,,,,,,,,,,,,,,,,,,,,2016.0
AGROPHOS,Agro Phos India limited,SME,2016-10-27,2016-11-07,2019-03-08,Rs 19 to Rs 22,57.0,sme,INE740V01019,Fertilizers,2019-03-08,False,,,,,,,consolidated,,,,0.0,,,,,,,,,,False,91.0,INE740V01019,AGROPHOS,Chemicals,"Metals, Mining & Chemicals",2019-03-08,EQ,,,,,post_listing,2019-03-31,2019-05-31 14:15:59,3.0,inc,standalone,101.9632,4.5984,non_financial,2.0384615384615383,2019-09-30,,,,,2.0384615384615383,xbrl_post_quarter,2019-03-08,,0.20102214650766603,0.034251398987399595,0.16677074752026644,0.4795570698466778,-0.0016940119532530273,0.4812510817999308,0.48126064735945473,-0.11223495374776349,0.5934956011072182,-0.8603066439522998,-0.3278864821652899,-0.5324201617870099,0.09882964889466828,-0.18277574683357334,0.2816053957282416,0.8224967490247073,-0.132345555924818,0.9548423049495253,-0.8042912873862158,-0.28523688194675223,-0.5190544054394636,,,,,,,,8,0.16667990205810335,-0.007682807605211228,0.09637585202916643,,,,,,,,,,,,,,,,,,,,,,,2019.0
GSBPL,GreenSignal Bio Pharma Limited,EQ,2016-11-09,2016-11-22,,Rs 68 to Rs 76,,mainboard,,,,,"Initial Public Offer upto 1,45,79,560 Equity Shares",100% Book Building,10.0,Indian Overseas Bank (Merchant Banking Division),https://archives.nseindia.com/content/ipo/RHP_GSBPL.zip,https://archives.nseindia.com/content/ipo/RATIOS_GSBPL.zip,consolidated,0.21,0.13,8.47,1.02,,,,,,,,,,False,,,,,,,,,,,,,,,,,,,,,,,,,,,,,,,,,,,,,,,,,,,,,,,,,,,,,,,,,,,8,0.11348437606488104,-0.039165032469465566,0.06718150012799717,,,,,,,,,,,,,,,,,,,,,,,
JETFREIGHT,Jet Freight Logistics Limited,SME,2016-11-24,2016-11-28,2021-12-21,Rs 28,48.0,sme,INE982V01025,Logistics Solution Provider,2021-12-21,False,,,,,,,consolidated,,,,0.0,,,,,,,,,,False,1115.0,INE982V01025,JETFREIGHT,Logistics,Services & Others,2021-12-21,EQ,,,,,post_listing,2021-12-31,2022-02-15 12:56:13,9.0,ytd,consolidated,470.05933333333337,3.337733333333333,non_financial,1.18015625,2022-03-31,,26.5704,2022-03-31,2022-05-17 14:18:12,1.18015625,xbrl_post_quarter,2021-12-21,,0.7004830917874398,0.10554160640454202,0.5949414853828978,0.39855072463768115,0.0018065196002001738,0.396744205037481,-0.09903381642512077,-0.15051641728452148,0.05148260085940071,-0.2125603864734299,-0.003973267811154035,-0.20858711866227586,-0.08374384236453203,-0.08968519616981596,0.005941353805283933,-0.4072249589490968,-0.05089611049911025,-0.3563288484499866,-0.5451559934318555,-0.03596623167528168,-0.5091897617565738,,,,,,,,6,0.10820034739184714,-0.13522509665932314,-0.06832196599731821,,,,,,,,,,,,,,,,,,,,,,,2021.0
SFL,Sheela Foam Limited,EQ,2016-11-29,2016-12-01,2016-12-09,Rs. 680 to Rs. 730,730.0,mainboard,INE916U01025,Furniture Home Furnishing,2016-12-09,False,"Public offer of Equity Shares aggregating upto Rs. 5100 million (including anchor portion of 2,095,889 Equity Shares)",100% Book Building,5.0,Edelweiss Financial Services Limited and ICICI Securities Limited,https://archives.nseindia.com/content/ipo/RHP_SFL.zip,https://archives.nseindia.com/content/ipo/RATIOS_SFL.zip,consolidated,14.51,3.35,0.44,5.09,,EQ,INE916U01025,860.0,1032.0,850.1,1032.0,730.0,4839221.0,False,2002.0,INE916U01025,SFL,FMCG,Consumer & FMCG,2016-12-09,EQ,0.41369863013698627,0.17808219178082196,1.0,,post_listing,2018-03-31,2018-06-22 11:48:59,12.0,ytd,consolidated,2004.45,133.71,non_financial,4.880121396054628,2018-03-31,,,,,4.880121396054628,xbrl_post_quarter,2016-12-09,0.5,-0.07877906976744187,0.020360976459812496,-0.09914004622725436,0.04777131782945743,0.1207101371353525,-0.07293881930589508,0.30629844961240305,0.2845308857375408,0.021767563874862228,0.6712209302325582,0.4366952356462661,0.23452569458629213,0.15535159940612764,-0.07911758204114405,0.2344691814472717,-0.0033742745309758293,-0.10639741207798192,0.1030231375470061,-0.10365771359157772,-0.1247454011903496,0.021087687598771887,,,,,,,,6,0.10820034739184714,-0.1124878275517005,-0.050650257843157354,,,,,,,,,,,,,,,,,,,,,,,2016.0
LAURUSLABS,Laurus Labs Limited,EQ,2016-12-06,2016-12-08,2016-12-19,Rs 426 to Rs 428,428.0,mainboard,INE947Q01028,Pharmaceuticals,2016-12-19,False,"Initial Public offer of [.] Equity Shares aggregating upto Rs 3,000 million and an offer of share upto 24,107,440 Equity Shares (including anchor portion of 9,238,385 Equity Shares)",100% Book Building,10.0,"Kotak Mahindra Capital Company Limited, Citigroup Global Markets India Private Limited, Jefferies India Private Limited and SBI Capital Markets Limited",https://archives.nseindia.com/content/ipo/RHP_LAURUSLABS.zip,https://archives.nseindia.com/content/ipo/RATIOS_LAURUSLABS.zip,consolidated,10.54,3.58,1.67,4.57,1.71,EQ,INE947Q01010,489.9,498.0,475.0,480.4,428.0,17548335.0,False,1290.0,INE947Q01010,LAURUSLABS,Pharmaceuticals,Healthcare & Pharmaceuticals,2016-12-19,EQ,0.12242990654205599,0.14462616822429908,1.0,,post_listing,2018-03-31,2018-09-06 15:32:15,12.0,ytd,consolidated,2069.003,167.61,non_financial,10.582159624413146,2018-03-31,,,,,10.582159624413146,xbrl_post_quarter,2016-12-19,0.19983347210657787,-0.006249999999999978,0.06893012820930089,-0.07518012820930087,0.07916666666666661,0.17895275848526881,-0.09978609181860221,0.2802083333333334,0.3295211190595526,-0.04931278572621922,0.17395833333333344,0.5429855908281207,-0.36902725749478726,-0.10162601626016265,-0.146981289995189,0.04535527373502635,-0.12195121951219512,-0.11225508610292811,-0.009696133409267005,-0.19686411149825767,-0.2307495864555118,0.033885474957254136,,,,,,,,5,0.03258426966292127,-0.11206527313341386,-0.05633066812548859,,,,,,,,,,,,,,,,,,,,,,,2016.0
RHFL,Reliance Home Finance Limited,BE,2016-12-22,2016-12-23,2017-09-22,Rs 1000,10.0,mainboard,INE217K01011,Housing Finance Company,2017-09-22,False,,,,,,,consolidated,,,,0.0,,,,,,,,,,False,1857.0,INE217K01011,RHFL,,Financial Services,2017-09-22,BZ,,,,,,,,,,,,,,,,,,,,,,,,,,,,,,,,,,,,,,,,,,,,,,,,,,,,7,0.12242990654205599,-0.12135762893191693,-0.08039015054809628,,,,,,,,,,,,,,,,,,,,,,,2017.0
LIBAS,Libas Designs Limited,SME,2016-12-27,2016-12-30,2019-07-23,Rs 68,48.95,sme,INE908V01012,Garments & Apparels,2019-07-23,False,,,,,,,consolidated,,,,0.0,,,,,,,,,,False,1306.0,INE908V01012,LIBAS,Manufacturing,Industrials & Infrastructure,2019-07-23,EQ,,,,,post_listing,2020-09-30,2020-11-19 18:54:08,6.0,ytd,consolidated,34.6274,-9.1292,non_financial,1.2284269662921348,2020-09-30,,,,,1.2284269662921348,xbrl_post_quarter,2019-07-23,,-0.094855305466238,-0.09458051068264717,-0.000274794783590826,0.1286173633440515,-0.01473684210526316,0.14335420544931465,0.02733118971061077,0.09722772277227709,-0.06989653306166632,-0.059485530546623866,-0.09944762897342374,0.039962098426799875,0.5660377358490565,0.2568583925744845,0.30917934327457197,1.0053908355795147,0.49332658967658527,0.5120642459029294,0.4932614555256063,0.7488924480410615,-0.2556309925154552,,,,,,,,5,0.12242990654205599,-0.15318558013840577,-0.12280994958357705,,,,,,,,,,,,,,,,,,,,,,,2019.0
PROLIFE,Prolife Industries Limited,SME,2016-12-27,2016-12-30,2017-01-09,Rs 38,38.0,sme,INE994V01012,Dyes And Pigments,2017-01-09,False,,,,,,,consolidated,,,,0.0,,SM,INE994V01012,42.0,42.0,35.5,37.1,38.0,207000.0,False,3111.0,INE994V01012,PROLIFE,Chemicals,"Metals, Mining & Chemicals",2017-01-09,SM,-0.023684210526315752,0.10526315789473695,1.0,,,,,,,,,,,,,,,,,,,,,,,,,,,,,,,,,,,,,,,,,,,,,,,,,5,0.12242990654205599,-0.15318558013840577,-0.12280994958357705,,,,,,,,,,,,,,,,,,,,,,,2017.0
MAHESHWARI,Maheshwari Logistics Limited,SME,2016-12-30,2017-01-06,2017-01-16,Rs 68,68.0,sme,INE263W01010,Trading & Distributors,2019-04-15,False,,,,,,,consolidated,,,,0.0,,SM,INE263W01010,71.8,78.9,70.4,76.35,68.0,2176000.0,False,1354.0,INE263W01010,MAHESHWARI,Logistics,Services & Others,2019-04-15,BE,0.12279411764705883,0.055882352941176494,1.0,,post_listing,2019-09-30,2019-11-16 16:22:02,6.0,ytd,consolidated,808.098,23.7376,non_financial,1.4800217864923748,2019-09-30,,,,,1.4800217864923748,xbrl_post_quarter,2017-01-16,1.0,-0.04977079240340532,0.03633881504660086,-0.08610960745000618,0.22462344466273754,0.19842201528748982,0.02620142937524772,0.7550753110674526,0.26506928606160973,0.4900060250058429,1.1611001964636545,0.4922189240162518,0.6688812724474027,0.057356608478803084,0.09881070366699696,-0.041454095188193874,-0.34788029925187025,-0.27960061573498096,-0.06827968351688929,-0.30922693266832924,0.1074478628513591,-0.41667479551968833,,,,,,,,5,0.12242990654205599,-0.12606334859010881,-0.09879042241135139,,,,,,,,,,,,,,,,,,,,,,,2017.0
BSE,BSE Limited,EQ,2017-01-23,2017-01-25,2017-02-03,Rs 805 to Rs 806,806.0,mainboard,INE118H01025,Exchange and Data Platform,2017-02-03,False,"Public Offer of 15,427,197 Equity Shares (including anchor portion of 4,628,158 Equity Shares)",100% Book Building,2.0,"Motilal Oswal Investment Advisors Private Limited, SBI Capital Markets Limited and SMC Capitals Limited",https://archives.nseindia.com/content/ipo/RHP_BSE.zip,https://archives.nseindia.com/content/ipo/RATIOS_BSE.zip,consolidated,48.64,159.03,6.48,51.22,,EQ,INE118H01025,1085.0,1200.0,1065.1,1069.2,806.0,15771762.0,False,404.0,INE118H01025,BSE,Other Services,Services & Others,2017-02-03,EQ,0.3265508684863525,0.34615384615384626,1.0,,post_listing,2018-03-31,2018-05-25 19:10:32,12.0,ytd,consolidated,476.98,711.28,non_financial,5.4408413672217355,2018-03-31,,,,,5.4408413672217355,xbrl_post_quarter,2017-02-03,0.1112981668537224,-0.12184873949579833,0.02365415200732568,-0.145502891503124,-0.0672268907563025,0.1799681912381319,-0.2471950819944344,-0.004201680672268893,0.17828329076100058,-0.18248497143326947,-0.2226890756302521,0.31165260976432596,-0.534341685394578,-0.0972972972972973,-0.04740260148494624,-0.049894695812351064,-0.27567567567567564,-0.19438838699131789,-0.08128728868435775,-0.2594594594594595,-0.16295744453455563,-0.09650201492490385,,,,,,,,3,0.12242990654205599,-0.06117435555649453,-0.06117435555649453,,,,,,,,,,,,,,,,,,,,,,,2017.0
MCL,Madhav Copper Limited,SME,2017-01-23,2017-01-27,2020-08-19,Rs 81,70.0,sme,INE813V01022,Aluminium Copper & Zinc Products,2020-08-19,False,,,,,,,consolidated,,,,0.0,,,,,,,,,,False,1410.0,INE813V01022,MCL,Metals & Mining,"Metals, Mining & Chemicals",2020-08-19,EQ,,,,,post_listing,2020-09-30,2020-11-13 17:08:09,6.0,ytd,standalone,264.6818,3.4636,non_financial,2.7065060240963854,2020-12-31,,,,,2.7065060240963854,xbrl_post_quarter,2020-08-19,,-0.09563543003851094,0.07097891581884008,-0.16661434585735102,-0.22528883183568682,0.08933553197888489,-0.3146243638145717,0.2130937098844672,0.40503821702290943,-0.19194450713844224,-0.546854942233633,0.7677732491210607,-1.3146281913546938,0.570364238410596,0.2913389593738638,0.27902527903673224,0.4346026490066226,0.5107066995809175,-0.07610405057429492,-0.4759933774834437,0.8348068201389287,-1.3108001976223724,,,,,,,,3,0.12242990654205599,-0.06117435555649453,-0.06117435555649453,,,,,,,,,,,,,,,,,,,,,,,2020.0
STEELCITY,Steel City Securities Limited,SME,2017-02-06,2017-02-09,2019-06-27,Rs 55,56.2,sme,INE395H01011,Stockbroking & Allied,2019-06-27,False,,,,,,,consolidated,,,,0.0,,,,,,,,,,False,2151.0,INE395H01011,STEELCITY,Other Services,Services & Others,2019-06-27,EQ,,,,,post_listing,2019-09-30,2019-11-15 11:26:05,6.0,ytd,consolidated,49.5164,5.8668,non_financial,1.2133720930232559,2019-09-30,,87.9859,2020-03-31,2020-06-30 13:10:22,1.2133720930232559,xbrl_post_quarter,2019-06-27,,-0.45335515548281513,-0.08069864918747027,-0.37265650629534486,-0.46153846153846156,-0.09024089003860858,-0.371297571499853,-0.49345335515548283,-0.03302634522061332,-0.4604270099348695,-0.5008183306055647,-0.17599463176014085,-0.32482369884542384,-0.03161397670549082,0.09881070366699696,-0.13042468037248778,-0.3826955074875208,-0.27960061573498096,-0.10309489175253983,0.11314475873544105,0.1074478628513591,0.005696895884081954,,,,,,,,4,0.22449038751420425,-0.003683906246698898,0.05196074653774163,,,,,,,,,,,,,,,,,,,,,,,2019.0
KRISHANA,Krishana Phoschem Limited,SME,2017-02-13,2017-02-16,2019-08-22,Rs 30,50.5,sme,INE506W01020,Fertilizers,2019-08-22,False,,,,,,,consolidated,,,,0.0,,,,,,,,,,False,1250.0,INE506W01020,KRISHANA,Chemicals,"Metals, Mining & Chemicals",2019-08-22,EQ,,,,,post_listing,2019-09-30,2019-11-13 13:02:06,6.0,ytd,standalone,183.9136,14.4828,non_financial,2.487791666666667,2019-12-31,,124.7659,2020-03-31,2020-07-13 18:06:04,2.487791666666667,xbrl_post_quarter,2019-08-22,,0.14423076923076916,0.11685528617266527,0.02737548305810389,0.03846153846153855,0.1045187596288617,-0.06605722116732315,-0.019230769230769384,0.1820709147563393,-0.20130168398710868,0.09615384615384626,0.17257236849726065,-0.0764185223434144,-0.037735849056603765,0.10315223124802197,-0.14088808030462574,-0.2264150943396227,-0.292646903681823,0.0662318093422003,0.39622641509433976,0.0925625065935225,0.30366390850081726,,,,,,,,3,0.3265508684863525,-7.40137665606877e-05,0.10254097726031453,,,,,,,,,,,,,,,,,,,,,,,2019.0
GLOBAL,Global Education limited,SME,2017-02-16,2017-02-21,2020-12-07,Rs 140 to Rs 150,196.0,sme,INE291W01037,Education,2020-12-07,False,,,,,,,consolidated,,,,0.0,,,,,,,,,,False,811.0,INE291W01037,GLOBAL,Education,Services & Others,2020-12-07,EQ,,,,,post_listing,2020-12-31,2021-02-11 17:42:10,9.0,ytd,standalone,22.8172,5.886399999999999,non_financial,1.0340983606557377,2021-03-31,,10.1806,2021-03-31,2021-06-18 10:50:15,1.0340983606557377,xbrl_post_quarter,2020-12-07,,0.29940119760479034,0.06925051334702248,0.23015068425776786,-0.0059880239520956335,0.22742128678986995,-0.23340931074196558,0.05988023952095811,0.4378678986995208,-0.3779876591785627,-0.13972055888223556,0.6885181382614649,-0.8282386971437005,0.03143418467583503,0.15810718222169262,-0.1266729975458576,-0.10805500982318272,0.2996142274121958,-0.4076692372353785,0.5147347740667976,0.3842458816169678,0.13048889244982975,,,,,,,,3,0.3265508684863525,-0.03331568389669204,0.125695860967034,,,,,,,,,,,,,,,,,,,,,,,2020.0
NITIRAJ,Nitiraj Engineers Limited,SME,2017-02-20,2017-03-01,2021-04-22,Rs 100,45.45,sme,INE439T01012,Other Electrical Equipment,2021-04-22,False,,,,,,,consolidated,,,,0.0,,,,,,,,,,False,1574.0,INE439T01012,NITIRAJ,Engineering,Industrials & Infrastructure,2021-04-22,EQ,,,,,post_listing,2021-06-30,2021-08-15 17:46:02,3.0,inc,consolidated,19.9564,-1.644,non_financial,1.0261056105610562,2022-03-31,,,,,1.0261056105610562,xbrl_post_quarter,2021-04-22,,0.21874999999999978,0.12984364377974167,0.08890635622025811,0.1782407407407407,0.294708218540914,-0.1164674778001733,0.11226851851851838,0.35345092847686854,-0.24118240995835016,1.009259259259259,0.36943003327489343,0.6398292259843656,0.04143947655398028,0.11270643402647362,-0.07126695747249334,0.38058887677208286,0.07451542777796738,0.3060734489941155,0.7491821155943292,0.019826771832781143,0.7293553437615481,,,,,,,,3,0.3265508684863525,-0.015402454600145332,0.18355880004562564,,,,,,,,,,,,,,,,,,,,,,,2021.0
AKASH,Akash Infra Projects Limited,SME,2017-02-28,2017-03-06,2019-10-11,Rs 125,58.0,sme,INE737W01013,Civil Construction,2019-10-11,False,,,,,,,consolidated,,,,0.0,,,,,,,,,,False,106.0,INE737W01013,AKASH,Engineering,Industrials & Infrastructure,2019-10-11,EQ,,,,,post_listing,2019-12-31,2020-02-15 16:10:03,9.0,ytd,consolidated,67.9284,1.2394666666666665,non_financial,1.55925,2020-03-31,,78.784,2020-03-31,2020-08-01 17:06:02,1.55925,xbrl_post_quarter,2019-10-11,,0.025619834710743694,0.05165248455129423,-0.026032649840550537,0.3942148760330577,0.13596858115979016,0.25824629487326756,0.3429752066115703,-0.2224613643675739,0.5654365709791442,3.1421487603305787,0.10951107758190304,3.0326376827486756,-0.11458333333333337,-0.33409080739081976,0.21950747405748638,1.178125,-0.043569025796271976,1.221694025796272,1.4776041666666666,0.3182480558922465,1.1593561107744201,,,,,,,,3,0.3265508684863525,-0.0038221468167438655,0.13599032195932703,,,,,,,,,,,,,,,,,,,,,,,2019.0
SANGINITA,Sanginita Chemicals Limited,SME,2017-03-01,2017-03-03,2019-07-15,Rs 22,81.3,sme,,,,,,,,,,,consolidated,,,,0.0,,,,,,,,,,False,1949.0,,SANGINITA,Chemicals,"Metals, Mining & Chemicals",2019-07-15,BE,,,,,,,,,,,,,,,,,,,,,,2019-07-15,,-0.01945795691452401,-0.09649905542827286,0.07704109851374885,0.4961779013203613,-0.06684352264962423,0.5630214239699856,1.0604586518415564,0.05034366333051965,1.0101149885110368,0.023627519110493544,-0.13211945817757964,0.15574697728807319,,,,,,,,,,,,,,,,,3,0.3265508684863525,0.0,0.13739680301600643,,,,,,,,,,,,,,,,,,,,,,,2019.0
DMART,Avenue Supermarts Limited,EQ,2017-03-08,2017-03-10,2017-03-21,Rs 295 to Rs 299,299.0,mainboard,INE192R01011,Diversified Retail,2017-03-21,False,"Initial Public offer of [.] Equity Shares aggregating Upto Rs 18,700 million (including anchor portion of 18,762,541 Equity Shares)",100% Book Building,10.0,"Axis Capital Limited, Edelweiss Financial Services Limited, HDFC Bank Limited, ICICI Securities Limited, Inga Capital Private Limited, JM Financial Institutional Securities Limited, Motilal Oswal Investment Advisors Private Limited and SBI Capital Markets Limited",https://archives.nseindia.com/content/ipo/RHP_DMART.zip,https://archives.nseindia.com/content/ipo/RATIOS_DMART.zip,consolidated,144.62,277.74,7.51,104.59,,EQ,INE192R01011,600.0,648.9,558.3,641.6,299.0,85728445.0,False,613.0,INE192R01011,DMART,Retail,Consumer & FMCG,2017-03-21,EQ,1.1458193979933111,1.0066889632107023,1.0,,post_listing,2018-03-31,2018-06-15 19:18:03,12.0,ytd,consolidated,15033.199,806.2525,non_financial,62.350223880597014,2018-03-31,,4669.0556,2018-03-31,2018-06-15 19:18:03,62.350223880597014,xbrl_post_quarter,2017-03-21,1.0096633416458851,0.1472676752083979,0.09062433285974048,0.05664334234865742,0.26242667489966043,0.12771365051788486,0.13471302438177557,0.650277863538129,0.17060018698331136,0.47967767655481763,1.0707780179067616,0.1526251279068911,0.9181528899998705,0.007252321727430733,-0.03482383890468832,0.04207616063211905,0.08167886325599705,-0.13851467708446097,0.22019354034045802,-0.08735602008335253,-0.15677697851165928,0.06942095842830676,,,,,,,,3,0.3265508684863525,-0.00315202168681028,0.14203525072318812,,,,,,,,,,,,,,,,,,,,,,,2017.0
AIRAN,Airan Limited,SME,2017-03-14,2017-03-16,2019-05-03,Rs 45,38.0,sme,INE645W01026,IT Enabled Services,2019-05-03,False,,,,,,,consolidated,,,,0.0,,,,,,,,,,False,100.0,INE645W01026,AIRAN,Software,Technology,2019-05-03,EQ,,,,,post_listing,2019-09-30,2019-11-15 17:38:05,6.0,ytd,consolidated,51.3442,5.6454,non_financial,12.35,2019-09-30,,,,,12.35,xbrl_post_quarter,2019-05-03,,-0.22744599745870397,0.019692747947887446,-0.24713874540659142,-0.4599745870393901,-0.1483639581293772,-0.3116106289100129,-0.7064803049555273,-0.09699713833873036,-0.6094831666167969,-0.749682337992376,-0.3427968973567287,-0.40688544063564736,0.1636363636363638,0.09881070366699696,0.06482565996936684,-0.15909090909090906,-0.27960061573498096,0.1205097066440719,0.24090909090909096,0.1074478628513591,0.13346122805773186,,,,,,,,2,,-0.009979837574201067,0.1207101371353525,,,,,,,,,,,,,,,,,,,,,,,2019.0
LAXMICOT,Laxmi Cotspin Limited,SME,2017-03-17,2017-03-22,2021-11-12,Rs 20,23.0,sme,INE801V01019,Other Textile Products,2021-11-12,False,,,,,,,consolidated,,,,0.0,,,,,,,,,,False,1291.0,INE801V01019,LAXMICOT,Manufacturing,Industrials & Infrastructure,2021-11-12,EQ,,,,,post_listing,2022-03-31,2022-05-14 18:52:02,12.0,ytd,standalone,215.9431,5.4491,non_financial,0.8967241379310346,2022-03-31,,54.0116,2022-09-30,2022-11-16 01:32:02,0.8967241379310346,xbrl_post_quarter,2021-11-12,,-0.1309297912713473,0.00911173378602248,-0.14004152505736978,-0.005692599620493399,-0.018658090115149517,0.012965490494656118,-0.07020872865275152,-0.113656351624977,0.043447622972225486,-0.11385199240986721,-0.04347248072321197,-0.07037951168665524,0.008639308855291628,0.07096155678353666,-0.062322247928245034,-0.002159827213822796,0.12037919207317094,-0.12253901928699373,-0.11231101511879038,0.1568156916920731,-0.2691267068108635,,,,,,,,2,,0.0,0.17420788607799764,,,,,,,,,,,,,,,,,,,,,,,2021.0
CLEDUCATE,CL Educate Limited,BE,2017-03-20,2017-03-22,2017-03-31,Rs 500 to Rs 502,502.0,mainboard,INE201M01029,Education,2017-03-31,False,"Initial Public offer of Upto 4,760,000 Equity Shares (including anchor portion of 1,428,000 Equity Shares)",100% Book Building,10.0,Kotak Mahindra Capital Company Limited,https://archives.nseindia.com/content/ipo/RHP_CLEDUCATE.zip,https://archives.nseindia.com/content/ipo/RATIOS_CLEDUCATE.zip,consolidated,3.65,0.21,1.63,1.9,,BE,INE201M01011,402.0,422.1,402.0,422.1,502.0,138262.0,False,480.0,INE201M01011,CLEDUCATE,Education,Services & Others,2017-03-31,BE,-0.1591633466135458,-0.19920318725099606,1.0,,post_listing,2018-03-31,2018-05-25 12:04:04,12.0,ytd,consolidated,288.8897,5.694,non_financial,1.4559090909090908,2018-03-31,,,,,1.4559090909090908,xbrl_post_quarter,2017-03-31,0.24994077232883202,0.04739336492891,0.08082818605598541,-0.03343482112707541,0.006161137440758413,0.08069775461378881,-0.0745366171730304,-0.1995260663507109,0.10150067627809412,-0.301026742628805,-0.5251184834123223,0.1778441648010205,-0.7029626482133428,-0.2710280373831775,-0.04740260148494624,-0.22362543589823125,-0.38940809968847356,-0.19438838699131789,-0.19501971269715568,-0.4299065420560748,-0.16295744453455563,-0.2669490975215192,,,,,,,,1,,-0.0020947564937450203,0.168367698185949,,,,,,,,,,,,,,,,,,,,,,,2017.0
EIFFL,Euro India Fresh Foods Limited,SME,2017-03-21,2017-03-24,2021-10-12,Rs 78,130.0,sme,INE546V01010,Packaged Foods,2021-10-12,False,,,,,,,consolidated,,,,0.0,,,,,,,,,,False,654.0,INE546V01010,EIFFL,Food & Beverages,Consumer & FMCG,2021-10-12,BE,,,,,post_listing,2021-12-31,2022-02-15 11:56:16,9.0,ytd,standalone,116.5412,1.8906666666666665,non_financial,2.4821428571428568,2022-03-31,,63.95,2022-09-30,2022-11-15 19:06:03,2.4821428571428568,xbrl_post_quarter,2021-10-12,,-0.0018497965223824853,-0.007384774675552097,0.005534978153169612,-0.021827598964114125,0.044765438239429134,-0.06659303720354326,-0.13059563448020717,-0.008176544331487623,-0.12241909014871954,0.17129115797262306,-0.05458135179442414,0.2258725097670472,0.07811038353601485,-0.08968519616981596,0.1677955797058308,0.04303086997193639,-0.05089611049911025,0.09392698047104664,0.46024321796071077,-0.03596623167528168,0.49620944963599245,,,,,,,,1,,-0.000608214385464545,0.17312163788603652,,,,,,,,,,,,,,,,,,,,,,,2021.0
SHANKARA,Shankara Building Products Limited,EQ,2017-03-22,2017-03-24,2017-04-05,Rs 440 to Rs 460,460.0,mainboard,INE274V01019,Speciality Retail,2017-04-05,False,"Initial Public offer of Fresh issue of Upto Rs 450 Million and offer for sale Upto 6,521,740 Equity Shares (including anchor portion of 2,250,000 Equity Shares)",100% Book Building,10.0,"IDFC Bank Limited, Equirus Capital Private Limited and HDFC Bank Limited",https://archives.nseindia.com/content/ipo/RHP_SHANKARA.zip,https://archives.nseindia.com/content/ipo/RATIOS_SHANKARA.zip,consolidated,51.62,90.68,15.35,41.88,,EQ,INE274V01019,555.05,636.2,555.0,632.45,460.0,20556468.0,False,2016.0,INE274V01019,SHANKARA,Metals & Mining,"Metals, Mining & Chemicals",2017-04-05,EQ,0.37489130434782614,0.20663043478260867,1.0,,post_listing,2018-03-31,2018-06-18 18:18:04,3.0,inc,consolidated,3043.2392,86.84,non_financial,2.287671232876712,2018-03-31,,,,,2.287671232876712,xbrl_post_quarter,2017-04-05,1.0024507866234484,0.11041009463722395,0.051185004171507176,0.05922509046571678,0.5135646687697162,0.06930101561833246,0.4442636531513837,1.3868296529968456,0.09549006937416937,1.2913395836226762,1.8503943217665615,0.14813640741779355,1.702257914348768,-0.23991947782590128,-0.029940846503492935,-0.20997863132240835,-0.6707741109009944,-0.1349491093724542,-0.5358250015285402,-0.7314707497102422,-0.14569083902202207,-0.5857799106882201,,,,,,,,2,,-0.0015655548532199637,0.17895275848526881,,,,,,,,,,,,,,,,,,,,,,,2017.0
BOHRAIND,Bohra Industries Limited,SME,2017-03-23,2017-03-27,2022-10-27,Rs 51 to Rs Rs 55,6.0,sme,INE802W01023,Fertilizers,2022-10-27,False,,,,,,,consolidated,,,,0.0,,,,,,,,,,False,385.0,INE802W01023,BOHRAIND,Chemicals,"Metals, Mining & Chemicals",2022-10-27,EQ,,,,,post_listing,2022-12-31,2023-02-13 15:18:04,9.0,ytd,standalone,0.0,-2.9310666666666667,non_financial,1.4395384615384614,2023-03-31,,59.4311,2023-03-31,2023-05-29 18:06:03,1.4395384615384614,xbrl_post_quarter,2022-10-27,,1.6132556445739255,0.025775857021965054,1.5874797875519604,0.8900218499635832,-0.019431685729340287,0.9094535356929235,0.39839766933721776,0.007589587469197134,0.39080808186802063,-0.2716678805535325,0.2912198159551649,-0.5628876965086974,-0.2996794871794871,0.06913251407470167,-0.3688120012541888,-0.5993589743589743,0.2583471374560422,-0.8577061118150165,-0.8181089743589743,0.6501274015046032,-1.4682363758635777,,,,,,,,2,,-0.010701633175062786,0.17896230505445998,,,,,,,,,,,,,,,,,,,,,,,2022.0
CREATIVE,Creative Peripherals and Distribution Limited,SME,2017-03-29,2017-04-03,2019-08-05,Rs 71 to Rs 75,66.75,sme,,,,,,,,,,,consolidated,,,,0.0,,,,,,,,,,False,,,,,,,,,,,,,,,,,,,,,,,,,,,,,,,,,,,,,,,,,,,,,,,,,,,,,,,,,,,2,,0.0,0.24239716209105255,,,,,,,,,,,,,,,,,,,,,,,2019.0
FOCUS,Focus Lighting And Fixtures Limited,SME,2017-03-30,2017-04-05,2021-11-24,Rs 45,78.0,sme,INE593W01028,Consumer Electronics,2021-11-24,False,,,,,,,consolidated,,,,0.0,,,,,,,,,,False,750.0,INE593W01028,FOCUS,Capital Goods,Industrials & Infrastructure,2021-11-24,BE,,,,,post_listing,2021-12-31,2022-02-10 19:30:33,9.0,ytd,consolidated,93.7792,1.6183999999999998,non_financial,1.2452836879432625,2022-03-31,,41.6544,2022-09-30,2022-10-21 20:34:03,1.2452836879432625,xbrl_post_quarter,2021-11-24,,-0.06158357771261003,-0.006257724378529783,-0.055325853334080244,0.35190615835777117,-0.07411231572305399,0.42601847408082516,0.014662756598240456,-0.12419496983255363,0.13885772643079408,2.656891495601173,0.0014653504586392696,2.655426145142534,-0.19362745098039214,-0.09680444761701301,-0.09682300336337912,-0.04166666666666652,-0.05013468943274124,0.008468022766074723,3.186274509803922,-0.041870958665714775,3.2281454684696365,,,,,,,,2,,0.0,0.23144354795427313,,,,,,,,,,,,,,,,,,,,,,,2021.0
ASLIND,ASL Industries Limited,SME,2017-03-31,2017-04-07,2017-04-18,Rs 35,35.0,sme,,,,,,,,,,,consolidated,,,,0.0,,SM,INE617I01024,33.1,36.0,32.0,35.05,35.0,884000.0,False,3110.0,INE617I01024,AVATAR,Auto Components,Automobile & Mobility,2017-04-18,ST,0.0014285714285713347,-0.05428571428571427,1.0,,,,,,,,,,,,,,,,,,,,,,,,,,,,,,,,,,,,,,,,,,,,,,,,,2,,0.0,0.23142723901312423,,,,,,,,,,,,,,,,,,,,,,,2017.0
DEVIT,Dev Information Technology Limited,SME,2017-03-31,2017-04-06,2022-02-15,Rs 42,129.0,sme,INE060X01034,IT Enabled Services,2022-02-15,False,,,,,,,consolidated,,,,0.0,,,,,,,,,,False,582.0,INE060X01034,DEVIT,IT Services,Technology,2022-02-15,EQ,,,,,post_listing,2022-03-31,2022-05-26 16:46:10,12.0,ytd,consolidated,99.8232,-0.0709,non_financial,1.0569934640522876,2022-06-30,,35.0922,2022-09-30,2022-11-12 13:12:02,1.0569934640522876,xbrl_post_quarter,2022-02-15,,-0.018031555221637907,-0.009935912828640037,-0.00809564239299787,1.770848985725019,-0.07636031824803502,1.847209303973054,0.4515401953418483,-0.035037166290467936,0.48657736163231624,0.688204357625845,-0.025282682589740646,0.7134870402155856,-0.40175786787638224,0.0988049801425448,-0.500562848018927,-0.2438332860788206,0.1434797882665364,-0.387313074345357,-0.1896796144031756,0.19602612729015712,-0.3857057416933327,,,,,,,,2,,0.0,0.23142723901312423,,,,,,,,,,,,,,,,,,,,,,,2022.0
MKPL,M K Proteins Limited,SME,2017-03-31,2017-04-07,2023-06-13,Rs 70,712.0,sme,INE964W01021,Edible Oil,2023-06-13,False,,,,,,,consolidated,,,,0.0,,,,,,,,,,False,1449.0,INE964W01021,MKPL,FMCG,Consumer & FMCG,2023-06-13,EQ,,,,,post_listing,2023-09-30,2023-11-14 18:36:05,6.0,ytd,standalone,179.6712,5.805,non_financial,1.2510775862068966,2023-09-30,,53.1743,2023-09-30,2023-11-14 18:36:05,1.2510775862068966,xbrl_post_quarter,2023-06-13,,0.026128266033254244,0.05001989344874769,-0.023891627415493444,0.2565320665083135,0.1647856844801987,0.0917463820281148,0.3800475059382422,0.3316723112305797,0.048375194707662494,-0.4085510688836105,0.6441498704499802,-1.0527009393335907,-0.4540441176470589,0.16493632551638449,-0.6189804431634434,-0.4926470588235293,0.2321594968162759,-0.7248065556398052,-0.7213235294117647,0.30050085416990213,-1.021824383581667,,,,,,,,2,,0.0,0.23142723901312423,,,,,,,,,,,,,,,,,,,,,,,2023.0
SIKKO,Sikko Industries Limited,SME,2017-04-05,2017-04-07,2021-10-22,Rs 32,36.0,sme,INE112X01025,Pesticides & Agrochemicals,2021-10-22,False,,,,,,,consolidated,,,,0.0,,,,,,,,,,False,2072.0,INE112X01025,SIKKO,Chemicals,"Metals, Mining & Chemicals",2021-10-22,BE,,,,,pre_listing,2021-09-30,2021-11-13 18:20:03,6.0,ytd,standalone,46.0702,3.6862,non_financial,1.1266153846153846,2022-03-31,1.1195726495726497,21.1697,2022-03-31,2022-05-30 15:26:14,1.1266153846153846,xbrl_post_quarter,2021-10-22,,0.5193798449612403,0.013878755194619785,0.5055010897666206,0.7984496124031006,0.0655553088221299,0.7328943035809707,0.6124031007751938,0.01180619441888986,0.6005969063563039,2.8914728682170536,-0.012678573316837416,2.904151441533891,-0.26249999999999996,-0.058285714285714274,-0.20421428571428568,-0.2833333333333333,-0.1314695707879564,-0.15186376254537692,1.3833333333333333,-0.04024087123638698,1.4235742045697202,,,,,,,,3,0.3265508684863525,0.0,0.23290947156053443,,,,,,,,,,,,,,,,,,,,,,,2021.0
PANACHE,Panache Digilife Limited,SME,2017-04-11,2017-04-17,2020-01-06,Rs 75 to Rs 81,52.0,sme,INE895W01019,IT Enabled Services,2020-01-06,False,,,,,,,consolidated,,,,0.0,,,,,,,,,,False,1658.0,INE895W01019,PANACHE,Hardware,Technology,2020-01-06,BE,,,,,pre_listing,2019-12-31,2020-02-12 15:52:05,9.0,ytd,consolidated,51.236133333333335,-4.3496,non_financial,1.1959793814432989,2020-06-30,1.188653846153846,29.1746,2020-03-31,2020-07-30 21:44:06,1.1959793814432989,xbrl_post_quarter,2020-01-06,,0.13748854262144827,0.036449265429459254,0.10103927719198902,-0.20714940421631522,-0.3362166497200224,0.12906724550370718,-0.1356553620531622,-0.12843783309362522,-0.0072175289595369785,-0.25847846012832254,0.2784043830773604,-0.5368828432056829,-0.2441968430826369,-0.3443826294548532,0.10018578637221631,0.04178272980501396,-0.07479336543277648,0.11657609523779044,-0.16620241411327763,0.2999506802100984,-0.46615309432337604,,,,,,,,4,0.3507210864170893,-0.004413611480266755,0.19247587297481106,,,,,,,,,,,,,,,,,,,,,,,2020.0
INFOBEAN,InfoBeans Technologies Limited,SME,2017-04-18,2017-04-21,2019-07-15,Rs 58,60.0,sme,INE344S01016,Computers - Software & Consulting,2019-07-15,False,,,,,,,consolidated,,,,0.0,,,,,,,,,,False,1050.0,INE344S01016,INFOBEAN,,Technology,2019-07-15,EQ,,,,,post_listing,2019-09-30,2019-10-21 19:40:13,6.0,ytd,consolidated,122.845,23.607,non_financial,2.3982608695652172,2019-12-31,,144.4366,2020-03-31,2020-06-05 13:46:15,2.3982608695652172,xbrl_post_quarter,2019-07-15,,-0.05214723926380371,-0.09649905542827286,0.04435181616446915,0.021472392638036686,-0.06684352264962423,0.08831591528766092,-0.0030674846625767804,0.05034366333051965,-0.05341114799309643,0.389570552147239,-0.13211945817757964,0.5216900103248187,-0.006079027355622935,0.11628950094513923,-0.12236852830076217,0.3890577507598785,-0.2515138246633275,0.640571575423206,1.4376899696048633,0.08251011886326975,1.3551798507415935,,,,,,,,4,0.3507210864170893,0.0,0.1868134565080899,,,,,,,,,,,,,,,,,,,,,,,2019.0
CKPPRODUCT,CKP Products Limited,SME,2017-04-26,2017-04-28,2017-05-09,Rs 50,50.0,sme,INE977V01017,CONSUMER FOOD,2017-05-09,False,,,,,,,consolidated,,,,0.0,,SM,INE977V01017,50.0,53.1,50.0,50.15,50.0,627000.0,False,,INE977V01017,,,,,,0.0029999999999998916,0.0,1.0,,,,,,,,,,,,,,,,,,,,,,,,,,,,,,,,,,,,,,,,,,,,,,,,,4,0.3507210864170893,0.0,0.21241608100563725,,,,,,,,,,,,,,,,,,,,,,,2017.0
SCHAND,S Chand and Company Limited,EQ,2017-04-26,2017-04-28,2017-05-09,Rs 660 to Rs 670,670.0,mainboard,INE807K01035,Printing & Publication,2017-05-09,False,"Initial Public offer of Fresh issue of Upto Rs 3,250 Million and offer for sale Upto 6,023,236 Equity Shares (including anchor portion of 3,262,194 Equity Shares)",100% Book Building,5.0,"JM Financial Institutional Securities Limited, Axis Capital Limited and Credit Suisse Securities (India) Private Limited",https://archives.nseindia.com/content/ipo/RHP_SCHAND.zip,https://archives.nseindia.com/content/ipo/RATIOS_SCHAND.zip,consolidated,44.27,204.65,6.07,59.49,,EQ,INE807K01035,700.0,700.0,658.2,676.0,670.0,12830023.0,False,1977.0,INE807K01035,SCHAND,Media & Entertainment,Services & Others,2017-05-09,EQ,0.008955223880596996,0.04477611940298498,1.0,,post_listing,2018-03-31,2018-06-28 12:28:04,3.0,inc,standalone,1004.584,298.48,non_financial,3.432382704691813,2018-03-31,,,,,3.432382704691813,xbrl_post_quarter,2017-05-09,1.0059171597633136,-0.18580882352941175,-0.010409649349643946,-0.1753991741797678,-0.2733823529411764,0.023326179444566053,-0.29670853238574246,-0.30551470588235297,0.09968062800492139,-0.40519533388727436,-0.45382352941176474,0.05649046578239547,-0.5103139951941602,-0.27658668181172796,-0.10847508593292299,-0.16811159587880498,-0.38421127360499785,-0.09219233075664168,-0.29201894284835617,-0.778503478631265,-0.13954746314259592,-0.6389560154886691,,,,,,,,4,0.3507210864170893,0.0,0.21241608100563725,,,,,,,,,,,,,,,,,,,,,,,2017.0
ZOTA,Zota Health Care Limited,SME,2017-04-27,2017-05-02,2019-08-19,Rs 121 to Rs 125,198.25,sme,INE358U01012,Pharmaceuticals,2019-08-19,False,,,,,,,consolidated,,,,0.0,,,,,,,,,,False,2552.0,INE358U01012,ZOTA,,,2019-08-19,EQ,,,,,post_listing,2019-09-30,2019-11-15 14:56:06,6.0,ytd,consolidated,93.9388,3.3046,non_financial,2.448674698795181,2019-12-31,,68.829,2020-03-31,2020-06-24 13:24:14,2.448674698795181,xbrl_post_quarter,2019-08-19,,-0.06063569682151593,-0.0029628483998187516,-0.057672848421697176,-0.0951100244498777,0.048231901989593595,-0.1433419264394713,-0.12273838630806844,0.1451928281835153,-0.26793121449158375,-0.23276283618581906,0.10677080456468668,-0.33953364075050574,-0.020188425302826385,0.09881070366699696,-0.11899912896982334,-0.25410497981157465,-0.27960061573498096,0.025495635923406312,-0.25248990578734865,0.1074478628513591,-0.35993776863870774,,,,,,,,4,0.3507210864170893,-0.010225149445770687,0.21811277984750177,,,,,,,,,,,,,,,,,,,,,,,2019.0
HUDCO,Housing and Urban Development Corporation Limited,EQ,2017-05-08,2017-05-11,2017-05-19,Rs 56 to Rs 60,60.0,mainboard,INE031A01017,Financial Institution,2017-05-19,False,"Initial Public offer of 204,058,747 Equity Shares",100% Book Building,10.0,"IDBI Capital Markets & Securities Limited, ICICI Securities Limited, Nomura Financial Advisory and Securities (India) Private Limited and SBI Capital Markets Limited",https://archives.nseindia.com/content/ipo/RHP_HUDCO.zip,https://archives.nseindia.com/content/ipo/RATIOS_HUDCO.zip,consolidated,55.45,330.36,10.79,79.53,0.74,EQ,INE031A01017,73.0,77.85,71.0,72.55,60.0,210956446.0,False,978.0,INE031A01017,HUDCO,NBFC,Financial Services,2017-05-19,EQ,0.20916666666666672,0.21666666666666656,1.0,,post_listing,2018-12-31,2019-01-22 12:00:36,9.0,ytd,standalone,5430.4,1258.3733333333332,non_financial,200.15853658536585,2018-12-31,,,,,200.15853658536585,xbrl_post_quarter,2017-05-19,0.9944865609924192,-0.05890505890505893,0.02308888443017665,-0.08199394333523558,0.11088011088011096,0.0025080256821830016,0.10837208519792796,0.1365211365211365,0.12506520866773663,0.011455927853399883,-0.2072072072072072,0.03445358480470828,-0.24166079201191548,-0.04831460674157295,0.04646331281672911,-0.09477791955830206,-0.22247191011235956,-0.09170339591868437,-0.1307685141936752,-0.12471910112359541,-0.015601032949536964,-0.10911806817405845,,,,,,,,3,0.37489130434782614,-0.011155212516055779,0.20389766172498613,,,,,,,,,,,,,,,,,,,,,,,2017.0
PSPPROJECT,PSP Projects Limited,BE,2017-05-17,2017-05-19,2017-05-29,Rs 205 to Rs 210,210.0,mainboard,INE488V01015,Civil Construction,2017-05-29,False,"Public issue upto 10,080,000 equity shares comprising of Fresh Issue of 72,00,000 equity shares and an Offer for Sale of 28,80,000 equity shares (including anchor portion of 45,36,000 Equity Shares)",100% Book Building,10.0,Karvy Investor Services Limited and Motilal Oswal Investment Advisory Limited,https://archives.nseindia.com/content/ipo/RHP_PSPPROJECT.zip,https://archives.nseindia.com/content/ipo/RATIOS_PSPPROJECT.zip,consolidated,8.38,10.39,6.47,8.58,,BE,INE488V01015,190.0,199.5,190.0,199.5,210.0,425256.0,False,1777.0,INE488V01015,PSPPROJECT,Construction,Industrials & Infrastructure,2017-05-29,EQ,-0.050000000000000044,-0.09523809523809523,1.0,,post_listing,2018-06-30,2018-08-28 12:00:43,3.0,inc,standalone,938.876,84.338,non_financial,3.5980375426621154,2018-06-30,,,,,3.5980375426621154,xbrl_post_quarter,2017-05-29,1.0,0.2807017543859649,0.015641185357510246,0.26506056902845465,0.656390977443609,0.03186224744389654,0.6245287299997124,1.2548872180451127,0.1876598102409328,1.06722740780418,1.4889724310776944,0.0653281895801141,1.4236442414975803,-0.20752565564424175,-0.15159966755035204,-0.05592598809388971,-0.09039079506582359,-0.14468951108220252,0.05429871601637892,0.07349435057530829,-0.24306109912058527,0.31655544969589355,,,,,,,,4,0.19192326411421157,0.0,0.17043282871126864,,,,,,,,,,,,,,,,,,,,,,,2017.0
JALAN,Jalan Transolutions (India) Limited,SME,2017-05-18,2017-05-23,2017-05-31,46,46.0,sme,INE349X01015,Logistics Solution Provider,2017-05-31,False,,,,,,,consolidated,,,,0.0,,SM,INE349X01015,42.25,43.0,40.55,41.95,46.0,339000.0,False,3109.0,INE349X01015,JALAN,Logistics,Services & Others,2017-05-31,ST,-0.08804347826086956,-0.08152173913043481,1.0,,,,,,,,,,,,,,,,,,,,,,,,,,,,,,,,,,,,,,,,,,,,,,,,,4,0.19192326411421157,-0.0015582057123401105,0.16869555315151175,,,,,,,,,,,,,,,,,,,,,,,2017.0
VSCL,Vadivarhe Speciality Chemicals Limited,SME,2017-05-22,2017-05-25,2017-06-02,42,42.0,sme,INE551Q01028,Specialty Chemicals,2017-06-02,False,,,,,,,consolidated,,,,0.0,,SM,INE551Q01028,50.4,50.4,50.4,50.4,42.0,87000.0,False,3108.0,INE551Q01028,VSCL,Chemicals,"Metals, Mining & Chemicals",2017-06-02,SM,0.19999999999999996,0.19999999999999996,1.0,,,,,,,,,,,,,,,,,,,,,,,,,,,,,,,,,,,,,,,,,,,,,,,,,5,0.20916666666666672,-0.03024799954599633,0.1538995817191191,,,,,,,,,,,,,,,,,,,,,,,2017.0
SRIRAM,Shri Ram Switchgears Limited,SME,2017-05-25,2017-05-30,2017-06-07,19,19.0,sme,INE634W01012,Industrial Products,2017-06-07,False,,,,,,,consolidated,,,,0.0,,SM,INE634W01012,22.8,22.8,22.8,22.8,19.0,66000.0,False,,INE634W01012,,,,,,0.19999999999999996,0.19999999999999996,1.0,,,,,,,,,,,,,,,,,,,,,,,,,,,,,,,,,,,,,,,,,,,,,,,,,5,0.20916666666666672,-0.08037001305260771,0.09320313870315511,,,,,,,,,,,,,,,,,,,,,,,2017.0
GLOBE,Globe Textiles (India) Limited,SME,2017-06-12,2017-06-15,2020-10-07,51,46.0,sme,INE581X01021,Other Textile Products,2020-10-07,False,,,,,,,consolidated,,,,0.0,,,,,,,,,,False,814.0,INE581X01021,GLOBE,Manufacturing,Industrials & Infrastructure,2020-10-07,EQ,,,,,post_listing,2020-12-31,2021-02-13 20:06:02,9.0,ytd,standalone,240.4769333333333,-0.7101333333333333,non_financial,1.004871794871795,2021-03-31,,42.7558,2021-03-31,2021-07-01 16:32:11,1.004871794871795,xbrl_post_quarter,2020-10-07,,-0.02777777777777779,-0.012143871833319997,-0.015633905944457793,0.1444444444444446,0.23287427985162967,-0.08842983540718508,,,,,,,-0.20895522388059706,0.16357236216730042,-0.3725275860478975,1.582089552238806,0.26525368346007605,1.31683586877873,1.716417910447761,0.3446040280418252,1.3718138824059358,,,,True,True,,,6,0.10906094527363186,-0.0179315265065223,0.1463233679811644,,,,,,,,,,,,,,,,,,,,,,,2020.0
TEJASNET,Tejas Networks Limited,EQ,2017-06-14,2017-06-16,2017-06-27,Rs 250 to Rs 257,257.0,mainboard,INE010J01012,Telecom - Equipment & Accessories,2017-06-27,False,"Proposed Initial Public Offering consisting of a fresh issue of up to [.] Equity Shares aggregating up to Rs. 4,500 million and an Offer for Sale of up to 12,711,605 Equity Shares (including anchor portion of 13,599,600 Equity Shares)",100% Book Building,10.0,"Axis Capital Limited, Citigroup Global Markets India Private Limited, Edelweiss Financial Services Limited and Nomura Financial Advisory and Securities (India) Private Limited",https://archives.nseindia.com/content/ipo/RHP_TEJASNET.zip,https://archives.nseindia.com/content/ipo/RATIOS_TEJASNET.zip,consolidated,2.16,0.48,3.1,1.88,,EQ,INE010J01012,257.0,271.4,257.0,263.5,257.0,13384596.0,False,2271.0,INE010J01012,TEJASNET,Hardware,Technology,2017-06-27,EQ,0.02529182879377423,0.0,1.0,,post_listing,2018-09-30,2018-10-25 14:02:19,6.0,ytd,consolidated,885.72,157.02,non_financial,9.122615803814714,2018-09-30,,,,,9.122615803814714,xbrl_post_quarter,2017-06-27,0.9965844402277041,0.2530464584920029,0.06378844218461754,0.18925801630738537,0.2256283320639756,0.032966809169270306,0.19266152289470528,0.47029702970297027,0.21672897973453442,0.25356804996843585,0.11690784463061688,-0.0179556674909076,0.13486351212152448,-0.2422647863607662,0.027607076253733487,-0.2698718626144997,-0.19174910545148394,0.09939830731241872,-0.29114741276390266,-0.6724900021048201,-0.007240182391329952,-0.6652498197134902,,,,,,,,6,0.10906094527363186,-0.019927521544909954,0.1461758425964903,,,,,,,,,,,,,,,,,,,,,,,2017.0
ERIS,Eris Lifesciences Limited,EQ,2017-06-16,2017-06-20,2017-06-29,Rs 600 to Rs 603,603.0,mainboard,INE406M01024,Pharmaceuticals,2017-06-29,False,"Initial Public Offering of up to 28,875,000 Equity Shares (including anchor portion of 12,926,250Equity Shares)",100% Book Building,,"Axis Capital Limited, Citigroup Global Markets India Private Limited and Credit Suisse Securities (India) Private Limited",https://archives.nseindia.com/content/ipo/RHP_ERIS.zip,https://archives.nseindia.com/content/ipo/RATIOS_ERIS.zip,consolidated,4.68,0.45,3.51,3.29,0.86,EQ,INE406M01024,611.0,628.0,593.25,601.5,603.0,7123148.0,False,698.0,INE406M01024,ERIS,Pharmaceuticals,Healthcare & Pharmaceuticals,2017-06-29,EQ,-0.0024875621890547706,0.013266998341625147,1.0,,post_listing,2018-03-31,2018-06-25 16:26:04,12.0,ytd,consolidated,855.604,294.105,non_financial,13.740640394088672,2018-03-31,,,,,13.740640394088672,xbrl_post_quarter,2017-06-29,0.9966749792186201,0.014595496246872397,0.04664735259037345,-0.03205185634350105,-0.05579649708090084,0.007595900763448515,-0.06339239784434936,0.32502085070892406,0.2135894153941129,0.11143143531481114,0.10925771476230195,-0.033755458295518626,0.14301317305782058,0.05654548067251053,-0.09136196515250239,0.14790744582501292,-0.0053887052737462415,-0.09584678125972967,0.09045807598598343,-0.2861043253340997,-0.12885509586379496,-0.15724922947030473,,,,,,,,6,0.10906094527363186,-0.01221594363867795,0.13083048708048706,,,,,,,,,,,,,,,,,,,,,,,2017.0
CDSL,Central Depository Services (India) Limited,EQ,2017-06-19,2017-06-21,2017-06-30,Rs 145 to Rs 149,149.0,mainboard,INE736A01011,Depositories Clearing Houses and Other Intermediaries,2017-06-30,False,"Initial Public Offering of up to 35,167,208 Equity Shares (including anchor portion of 1,03,40,162 Equity Shares)",100% Book Building,10.0,"Haitong Securities India Private Limited, Yes Securities (India) Limited and IDBI Capital Markets & Securities Limited (Formerly known as IDBI Capital Market Services Limited)",https://archives.nseindia.com/content/ipo/RHP_CDSL.zip,https://archives.nseindia.com/content/ipo/RATIOS_CDSL.zip,consolidated,148.71,563.03,23.83,170.16,1.46,EQ,INE736A01011,250.0,269.95,250.0,261.6,149.0,50326065.0,False,438.0,INE736A01011,CDSL,NBFC,Financial Services,2017-06-30,EQ,0.7557046979865774,0.6778523489932886,1.0,,post_listing,2018-09-30,2018-10-30 11:56:11,6.0,ytd,consolidated,196.8662,103.743,non_financial,10.453240418118467,2018-09-30,,,,,10.453240418118467,xbrl_post_quarter,2017-06-30,0.5,0.2981651376146788,0.04267446719598822,0.25549067041869056,0.30657492354740046,0.018614291684078577,0.2879606318633219,0.3612385321100917,0.21571249477643129,0.14552603733366043,0.04510703363914348,-0.03286084412870871,0.07796787776785219,-0.09656029838375468,-0.006960923904445471,-0.08959937447930921,-0.06506423539162876,0.020081869957285337,-0.08514610534891409,-0.05014504765851646,-0.06271950640721402,0.012574458748697559,,,,,,,,6,0.10906094527363186,-0.0075494337113996,0.12469864906581218,,,,,,,,,,,,,,,,,,,,,,,2017.0
GTPL,GTPL Hathway Limited,EQ,2017-06-21,2017-06-23,2017-07-04,Rs 167 to Rs 170,170.0,mainboard,INE869I01013,TV Broadcasting & Software Production,2017-07-04,False,"Initial Public Offering consisting of a fresh issue of up to [.] Equity Shares aggregating up to Rs. 2,400 million and an Offer for Sale of up to 14,400,000 Equity Shares (including anchor portion of 8,555,294 Equity Shares)",100% Book Building,10.0,"JM Financial Institutional Securities Limited, BNP Paribas, Motilal Oswal Investment Advisors Limited and YES Securities (India) Limited",https://archives.nseindia.com/content/ipo/RHP_GTPL.zip,https://archives.nseindia.com/content/ipo/RATIOS_GTPL.zip,consolidated,1.48,2.85,0.99,1.53,,EQ,INE869I01013,170.0,175.0,162.0,171.65,170.0,14138363.0,False,879.0,INE869I01013,GTPL,Media & Entertainment,Services & Others,2017-07-04,EQ,0.00970588235294123,0.0,1.0,,post_listing,2018-03-31,2018-06-21 12:58:04,12.0,ytd,consolidated,1091.269,61.096,non_financial,11.794594594594594,2018-03-31,,657.684,2018-03-31,2018-06-21 12:58:04,11.794594594594594,xbrl_post_quarter,2017-07-04,1.0,-0.11564229536848236,0.027990595953350184,-0.14363289132183255,-0.18030876784153815,0.019249527979022796,-0.19955829582056095,-0.0495193708127003,0.20426521792324004,-0.25378458873594034,-0.47538595980192255,-0.04375493927379859,-0.43163102052812397,-0.4384678076609617,-0.08589445912940408,-0.35257334853155764,-0.27220863895680525,-0.12047321468927497,-0.15173542426753028,-0.552159739201304,-0.13443462161071773,-0.4177251175905863,,,,,,,,5,0.008955223880596996,-0.006847349347775089,0.12617924745120734,,,,,,,,,,,,,,,,,,,,,,,2017.0
ACCORD,Accord Synergy Limited,SME,2017-06-22,2017-06-28,2017-07-06,60,60.0,sme,INE113X01015,Other Telecom Services,2017-07-06,False,,,,,,,consolidated,,,,0.0,,SM,INE113X01015,72.0,72.0,72.0,72.0,60.0,2000.0,False,3107.0,INE113X01015,ACCORD,Telecom,Services & Others,2017-07-06,ST,0.19999999999999996,0.19999999999999996,1.0,,,,,,,,,,,,,,,,,,,,,,,,,,,,,,,,,,,,,,,,,,,,,,,,,5,0.008955223880596996,-0.0064468531865388146,0.12771365051788486,,,,,,,,,,,,,,,,,,,,,,,2017.0
PUSHPREALM,Pushpanjali Realms and Infratech Limited,SME,2017-06-27,2017-06-30,2017-07-10,55,55.0,sme,INE728W01012,RESIDENTIAL/COMMERCIAL/SEZ Project,2017-07-10,False,,,,,,,consolidated,,,,0.0,,SM,INE728W01012,55.0,56.0,52.0,55.45,55.0,428000.0,False,,INE728W01012,,,,,,0.00818181818181829,0.0,1.0,,,,,,,,,,,,,,,,,,,,,,,,,,,,,,,,,,,,,,,,,,,,,,,,,5,0.008955223880596996,-0.027567756005415722,0.10390533110736033,,,,,,,,,,,,,,,,,,,,,,,2017.0
AUBANK,AU Small Finance Bank Limited,EQ,2017-06-28,2017-06-30,2017-07-10,Rs 355 to Rs 358,358.0,mainboard,INE949L01017,Other Bank,2017-07-10,False,"Initial Public Offering of up to 53,422,169 Equity Shares (including anchor portion of 15,726,649 Equity Shares)",100% Book Building,10.0,"ICICI Securities Limited, HDFC Bank Limited, Motilal Oswal Investment Advisors Limited and Citigroup Global Markets India Private Limited",https://archives.nseindia.com/content/ipo/RHP_AUBANK.zip,https://archives.nseindia.com/content/ipo/RATIOS_AUBANK.zip,consolidated,78.77,143.51,3.52,53.6,1.45,EQ,INE949L01017,530.0,547.0,523.7,541.65,525.0,10585689.0,False,241.0,INE949L01017,AUBANK,,Financial Services,2017-07-10,EQ,0.5129888268156424,0.4804469273743017,1.466,,,,,,,,,,,,,,,,,,,2017-07-10,0.4954306286347273,0.05887833053847569,-0.011283121420945341,0.07016145195942103,0.08216880939072091,0.03139215115338567,0.05077665823733524,0.30314887274082336,0.2148532789802322,0.08829559376059115,0.20849636668529903,-0.04287586139959243,0.25137222808489146,,,,,,,,,,,,,,,,,6,0.017123526337185613,-0.04459938223061777,0.07883809070435954,,,,,,,,,,,,,,,,,,,,,,,2017.0
ACEINTEG,Ace Integrated Solutions Limited,SME,2017-06-29,2017-07-05,2022-11-04,40,46.0,sme,INE543V01017,Trading - Chemicals,2022-11-04,False,,,,,,,consolidated,,,,0.0,,,,,,,,,,False,47.0,INE543V01017,ACEINTEG,IT Services,Technology,2022-11-04,EQ,,,,,pre_listing,2022-09-30,2022-11-12 16:46:04,6.0,ytd,standalone,6.909,0.363,non_financial,0.42045454545454547,2024-03-31,,18.45,2023-03-31,2023-06-01 05:00:03,0.42045454545454547,xbrl_post_quarter,2022-11-04,,0.16597938144329882,0.034462672498702496,0.13151670894459633,0.1938144329896907,-0.02971266985098664,0.22352710284067734,-0.143298969072165,0.021028161108227916,-0.1643271301803929,-0.2824742268041238,0.32884104171741435,-0.6113152685215382,0.13047363717604998,-0.020151160202253715,0.1506247973783037,-0.2672028596961573,0.02595482154403883,-0.29315768124019614,-0.3744414655942806,0.37558964139203055,-0.7500311069863111,,,,,,,,6,0.017123526337185613,-0.04294713288527496,0.08183482740987436,,,,,,,,,,,,,,,,,,,,,,,2022.0
BANSAL,Bansal Multiflex Limited,SME,2017-06-30,2017-07-04,2017-07-12,31,31.0,sme,INE668X01018,FABRICS AND GARMENTS,2017-07-12,False,,,,,,,consolidated,,,,0.0,,,,,,,,,,False,,INE668X01018,,,,,,,,,,,,,,,,,,,,,,,,,,,,,,,,,,,,,,,,,,,,,,,,,,,,,,,,,6,0.017123526337185613,-0.033440618742247574,0.08827438394327425,,,,,,,,,,,,,,,,,,,,,,,2017.0
TRANSWIND,Transwind Infrastructures Limited,SME,2017-06-30,2017-07-04,2017-07-12,27,27.0,sme,INE792X01016,Civil Construction,2017-07-12,False,,,,,,,consolidated,,,,0.0,,,,,,,,,,False,3106.0,INE792X01016,TRANSWIND,Engineering,Industrials & Infrastructure,2017-07-12,SM,,,,,,,,,,,,,,,,,,,,,,,,,,,,,,,,,,,,,,,,,,,,,,,,,,,,6,0.017123526337185613,-0.033440618742247574,0.08827438394327425,,,,,,,,,,,,,,,,,,,,,,,2017.0
SHRENIK,Shrenik Limited,SME,2017-07-06,2017-07-10,2019-08-02,40,58.5,sme,INE632X01030,Paper & Paper Products,2019-08-02,False,,,,,,,consolidated,,,,0.0,,,,,,,,,,False,2049.0,INE632X01030,SHRENIK,Other Services,Services & Others,2019-08-02,BZ,,,,,,,,,,,,,,,,,,,,,,,,,,,,,,,,,,,,,,,,,,,,,,,,,,,,7,0.00970588235294123,-0.008212603468264468,0.07857382165717408,,,,,,,,,,,,,,,,,,,,,,,2019.0
SALASAR,Salasar Techno Engineering Limited,BE,2017-07-12,2017-07-17,2017-07-25,Rs 108,108.0,mainboard,INE170V01027,Industrial Products,2017-07-25,False,"Public issue of 33,21,000 Equity Shares",Fixed Price,10.0,Sarthi Capital Advisors Private Limited,,,nse_only,,,,0.0,,,,,,,,,,False,1933.0,INE170V01027,SALASAR,Engineering,Industrials & Infrastructure,2017-07-25,EQ,,,,,post_listing,2018-03-31,2018-05-25 14:52:41,12.0,ytd,consolidated,502.6871,29.626,non_financial,1.2229069767441858,2018-03-31,,,,,1.2229069767441858,xbrl_post_quarter,2017-07-25,,-0.23076923076923084,-0.04059830428156097,-0.19017092648766987,0.09615384615384626,0.05236203076371382,0.04379181539013244,0.1923076923076923,0.17650872833924636,0.015798963968445934,0.1730769230769229,-0.05420951856453071,0.22728644164145362,-0.15492957746478864,-0.04740260148494624,-0.1075269759798424,-0.352112676056338,-0.19438838699131789,-0.15772428906502012,-0.46478873239436624,-0.16295744453455563,-0.3018312878598106,,,,,,,,8,0.01749885557335773,-0.0077517875052574015,0.07310894525707723,,,,,,,,,,,,,,,,,,,,,,,2017.0
UNIVASTU,Univastu India Limited,SME,2017-07-14,2017-07-19,2020-06-22,40,25.0,sme,INE562X01013,Civil Construction,2020-06-22,False,,,,,,,consolidated,,,,0.0,,,,,,,,,,False,2387.0,INE562X01013,UNIVASTU,Engineering,Industrials & Infrastructure,2020-06-22,BE,,,,,post_listing,2020-06-30,2020-09-15 16:30:36,3.0,inc,consolidated,26.3168,0.6056,non_financial,1.1032,2020-09-30,,,,,1.1032,xbrl_post_quarter,2020-06-22,,0.2222222222222221,0.046158717786330294,0.1760635044358918,-0.028906955736224038,0.25769717932479197,-0.286604135061016,0.009033423667569984,0.45661811272957586,-0.4475846890620059,0.2935862691960254,1.034003994738637,-0.7404177255426116,0.027700831024930705,0.15187460283838172,-0.12417377181345102,-0.05540166204986141,0.33221967610868264,-0.38762133815854405,0.505078485687904,0.7778013132810842,-0.2727228275931801,,,,,,,,8,0.01749885557335773,0.0,0.0784173773811323,,,,,,,,,,,,,,,,,,,,,,,2020.0
SHANTI,Shanti Overseas (India) Limited,SME,2017-07-21,2017-07-26,2021-09-16,50,22.0,sme,INE933X01016,Other Agricultural Products,2021-09-16,False,,,,,,,consolidated,,,,0.0,,,,,,,,,,False,2017.0,INE933X01016,SHANTI,Manufacturing,Industrials & Infrastructure,2021-09-16,EQ,,,,,post_listing,2021-12-31,2022-02-15 16:04:11,9.0,ytd,consolidated,110.33133333333333,-6.667066666666667,non_financial,1.1084831460674158,2021-12-31,,27.4277,2022-09-30,2022-11-15 23:46:03,1.1084831460674158,xbrl_post_quarter,2021-09-16,,0.23059360730593603,0.0698286868125706,0.16076492049336544,-0.041095890410958846,0.01663452652496522,-0.05773041693592407,-0.09817351598173507,-0.006255308465232479,-0.09191820751650259,0.06849315068493156,0.009257429180399734,0.059235721504531824,0.4256410256410257,-0.08968519616981596,0.5153262218108416,0.17948717948717952,-0.05089611049911025,0.23038328998628976,-0.02051282051282044,-0.03596623167528168,0.01545341116246124,,,,,,,,8,0.01749885557335773,0.0,0.05561252206980849,,,,,,,,,,,,,,,,,,,,,,,2021.0
KEERTI,Keerti Knowledge And Skills Limited,SME,2017-07-24,2017-07-28,2020-11-13,52,32.5,sme,,,,,,,,,,,consolidated,,,,0.0,,,,,,,,,,False,,,,,,,,,,,,,,,,,,,,,,,,,,,,,,,,,,,,,,,,,,,,,,,,,,,,,,,,,,,8,0.01749885557335773,0.0,0.052068321954215735,,,,,,,,,,,,,,,,,,,,,,,2020.0
TOTAL,Total Transport Systems Limited,SME,2017-07-25,2017-07-28,2020-08-28,45,22.55,sme,INE336X01012,Logistics Solution Provider,2020-08-28,False,,,,,,,consolidated,,,,0.0,,,,,,,,,,False,2321.0,INE336X01012,TOTAL,Logistics,Services & Others,2020-08-28,EQ,,,,,post_listing,2020-09-30,2020-11-13 12:00:34,6.0,ytd,consolidated,273.9834,-5.6762,non_financial,1.4275776397515527,2020-12-31,,46.0073,2021-03-31,2021-06-30 16:05:18,1.4275776397515527,xbrl_post_quarter,2020-08-28,,0.5538461538461539,-0.008772363104705416,0.5626185169508593,1.3076923076923075,0.07995890424491492,1.2277334034473926,1.1346153846153846,0.3618402204945319,0.7727751641208527,0.9673076923076922,0.7699131654598079,0.19739452684788428,0.40442890442890445,0.2913389593738638,0.11308994505504066,0.010489510489510634,0.5107066995809175,-0.5002171890914069,0.2051282051282053,0.8348068201389287,-0.6296786150107234,,,,,,,,8,0.01749885557335773,0.0,0.04423104903244579,,,,,,,,,,,,,,,,,,,,,,,2020.0
SUREVIN,Surevin BPO Services Limited,SME,2017-07-28,2017-08-01,2017-08-09,38 to 40,40.0,sme,,,,,,,,,,,consolidated,,,,0.0,,,,,,,,,,False,,,,,,,,,,,,,,,,,,,,,,,,,,,,,,,,,,,,,,,,,,,,,,,,,,,,,,,,,,,9,0.01749885557335773,-0.007759865351020578,0.04390451045916954,,,,,,,,,,,,,,,,,,,,,,,2017.0
SIS,Security and Intelligence Services (India) Limited,EQ,2017-07-31,2017-08-02,2017-08-10,Rs 805 to Rs 815,815.0,mainboard,INE285J01028,Other Consumer Services,2017-08-10,False,"Initial Public offer of Fresh issue of Upto Rs 3622.50 Million and offer for sale Upto 5,120,619 Equity Shares",100% Book Building,10.0,"SBI Capital Markets Limited, Yes Securities (India) Limited and IDBI Capital Markets & Securities Limited",https://archives.nseindia.com/content/ipo/RHP_SIS.zip,https://archives.nseindia.com/content/ipo/RATIOS_SIS.zip,consolidated,5.64,1.66,19.51,7.07,,,,,,,,,,False,2086.0,INE285J01028,SIS,Other Services,Services & Others,2017-08-10,EQ,,,,,post_listing,2018-03-31,2018-06-18 15:00:06,12.0,ytd,consolidated,5833.373,163.028,non_financial,7.738197424892704,2018-03-31,,146.368,2018-03-31,2018-06-18 15:00:06,7.738197424892704,xbrl_post_quarter,2017-08-10,,0.023921568627450984,0.0965044790633851,-0.07258291043593412,0.10915032679738568,0.15374512684479114,-0.04459480004740546,0.5862745098039215,0.20120226124783924,0.38507224855608224,0.43803921568627446,0.03299123913543789,0.4050479765508366,-0.12129735431132982,-0.029940846503492935,-0.09135650780783688,-0.3408631449415488,-0.1349491093724542,-0.2059140355690946,-0.20435967302452318,-0.14569083902202207,-0.05866883400250111,,,,,,,,9,0.01749885557335773,-0.004621778355655026,0.04045292332321648,,,,,,,,,,,,,,,,,,,,,,,2017.0
COCHINSHIP,Cochin Shipyard Limited,EQ,2017-08-01,2017-08-03,2017-08-11,Rs 424 to Rs 432,432.0,mainboard,INE704P01025,Ship Building & Allied Services,2017-08-11,False,"Initial Public offer of 33,984,000 Equity Shares",100% Book Building,10.0,"SBI Capital Markets Limited, Edelweiss Financial Services Limited and JM Financial Institutional Securities Limited",https://archives.nseindia.com/content/ipo/RHP_COCHINSHIP.zip,https://archives.nseindia.com/content/ipo/RATIOS_COCHINSHIP.zip,consolidated,63.52,288.87,8.51,76.19,0.48,,,,,,,,,False,489.0,INE704P01025,COCHINSHIP,Capital Goods,Industrials & Infrastructure,2017-08-11,EQ,,,,,post_listing,2018-03-31,2018-06-22 20:34:31,12.0,ytd,consolidated,2355.1233,396.7501,non_financial,13.593605341246292,2018-03-31,,3255.4731,2018-03-31,2018-06-22 20:34:31,13.593605341246292,xbrl_post_quarter,2017-08-11,,0.02991291177584232,0.09022000529799468,-0.060307093522152355,0.0439227565316167,0.1521095888513564,-0.10818683231973969,0.012495266944339,0.20113508675033787,-0.18863981980599887,-0.17531238167360852,0.03024358656940973,-0.20555596824301825,-0.10394265232974909,-0.07911758204114405,-0.024825070288605033,-0.16218637992831542,-0.10639741207798192,-0.05578896785033349,-0.14023297491039421,-0.1247454011903496,-0.015487573720044612,,,,,,,,9,0.01749885557335773,-0.004841939009117446,0.03702176685048153,,,,,,,,,,,,,,,,,,,,,,,2017.0
VAISHALI,Vaishali Pharma Limited,SME,2017-08-07,2017-08-10,2020-01-15,71 to 72,40.0,sme,INE972X01022,Pharmaceuticals,2020-01-15,False,,,,,,,consolidated,,,,0.0,,,,,,,,,,False,2407.0,INE972X01022,VAISHALI,,Healthcare & Pharmaceuticals,2020-01-15,EQ,,,,,post_listing,2020-03-31,2020-07-30 16:58:09,12.0,ytd,standalone,60.0857,0.0328,non_financial,1.0557534246575344,2020-09-30,,,,,1.0557534246575344,xbrl_post_quarter,2020-01-15,,0.14346895074946464,0.004159056485029344,0.1393098942644353,0.0235546038543899,-0.3007069048805884,0.3242615087349783,0.01927194860813697,-0.1763874908822166,0.19565943949035358,0.16488222698072819,0.21645184944254003,-0.05156962246181185,-0.1690821256038647,0.15161790574946776,-0.32070003135333247,0.1594202898550725,0.42108369595407846,-0.26166340609900596,-0.06763285024154586,1.1019581520229607,-1.1695910022645064,,,,,,,,9,0.01749885557335773,-0.01892264862838311,0.01894551961823976,,,,,,,,,,,,,,,,,,,,,,,2020.0
GEEKAYWIRE,Geekay Wires Limited,SME,2017-08-09,2017-08-14,2020-03-06,33,39.0,sme,INE669X01032,Iron & Steel Products,2020-03-06,False,,,,,,,consolidated,,,,0.0,,,,,,,,,,False,784.0,INE669X01032,GEEKAYWIRE,Metals & Mining,"Metals, Mining & Chemicals",2020-03-06,EQ,,,,,post_listing,2020-03-31,2020-07-16 13:50:04,12.0,ytd,standalone,190.4003,6.4885,non_financial,1.0481560283687943,2020-06-30,,13.0175,2021-03-31,2021-06-25 15:04:14,1.0481560283687943,xbrl_post_quarter,2020-03-06,,0.3813333333333333,-0.2685948199187732,0.6499281532521065,0.6053333333333333,-0.17030829734566377,0.775641630678997,1.3599999999999999,0.026093292898552223,1.3339067071014477,1.0933333333333333,0.5405115785638508,0.5528217547694825,-0.08292682926829265,0.16090991639052343,-0.24383674565881608,-0.14390243902439026,0.5067158810835033,-0.6506183201078936,0.06707317073170738,1.1001662755457025,-1.033093104813995,,,,,,,,8,0.02529182879377423,-0.024903679714110116,-0.0014279202521242373,,,,,,,,,,,,,,,,,,,,,,,2020.0
LEXUS,Lexus Granito (India) Limited,SME,2017-08-09,2017-08-11,2023-03-13,41 to 45,62.5,sme,INE500X01013,Ceramics,2023-03-13,False,,,,,,,consolidated,,,,0.0,,,,,,,,,,False,1301.0,INE500X01013,LEXUS,Building Materials,Real Estate & Construction,2023-03-13,EQ,,,,,post_listing,2023-03-31,2023-06-01 00:20:02,12.0,ytd,standalone,100.9775,-11.8274,non_financial,1.994871794871795,2023-12-31,,20.3552,2023-03-31,2023-06-01 00:20:02,1.994871794871795,xbrl_post_quarter,2023-03-13,,0.04152484683458124,0.02174205406374674,0.0197827927708345,-0.22328114363512597,0.16182140135383527,-0.38510254498896124,-0.49353301565690944,0.37508405433272074,-0.8686170699896302,-0.4969366916269571,0.5558176805487067,-1.0527543721756638,-0.3783346806790622,0.1965161373830704,-0.5748508180621326,-0.34680679062247377,0.3450607112097932,-0.691867501832267,-0.36297493936944225,0.6030348137343242,-0.9660097531037665,,,,,,,,8,0.02529182879377423,-0.024903679714110116,-0.0014279202521242373,,,,,,,,,,,,,,,,,,,,,,,2023.0
SERVOTECH,Servotech Power Systems Limited,SME,2017-08-09,2017-08-14,2021-09-02,31,26.0,sme,INE782X01033,Other Electrical Equipment,2021-09-02,False,,,,,,,consolidated,,,,0.0,,,,,,,,,,False,1996.0,INE782X01033,SERVOTECH,,Energy,2021-09-02,EQ,,,,,post_listing,2021-12-31,2022-02-02 10:20:32,9.0,ytd,consolidated,123.48039999999999,3.6513333333333335,non_financial,1.8035593220338986,2021-12-31,,47.4083,2022-09-30,2022-11-12 19:30:03,1.8035593220338986,xbrl_post_quarter,2021-09-02,,0.0,0.0633668782058796,-0.0633668782058796,0.46153846153846145,0.04940752275860527,0.4121309387798562,2.692307692307692,-0.040052912710771715,2.7323606050184637,3.769230769230769,0.07172797954934906,3.69750278968142,-0.12437810945273631,-0.14736595971204403,0.02298785025930772,-0.3830845771144279,-0.11223215573896894,-0.27085242137545895,1.17910447761194,-0.08238683004731273,1.2614913076592527,,,,,,,,8,0.02529182879377423,-0.024903679714110116,-0.0014279202521242373,,,,,,,,,,,,,,,,,,,,,,,2021.0
SHBL,Seven Hills Beverages Limited,SME,2017-08-18,2017-08-21,,26,26.0,sme,,,,,,,,,,,consolidated,,,,0.0,,,,,,,,,,False,,,,,,,,,,,,,,,,,,,,,,,,,,,,,,,,,,,,,,,,,,,,,,,,,,,,,,,,,,,9,0.01749885557335773,-0.03756610802230309,0.00026031692341876855,,,,,,,,,,,,,,,,,,,,,,,
APEX,Apex Frozen Foods Limited,EQ,2017-08-22,2017-08-24,2017-09-04,Rs 171 to Rs 175,175.0,mainboard,INE346W01013,Seafood,2017-09-04,False,"Initial Public offer of 8,700,000 Equity Shares (including anchor portion of 2,490,000 Equity Shares)",100% Book Building,10.0,Karvy Investor Services Limited,https://archives.nseindia.com/content/ipo/RHP_APEX.zip,https://archives.nseindia.com/content/ipo/RATIOS_APEX.zip,consolidated,1.91,7.82,8.53,6.14,1.1,,,,,,,,,False,167.0,INE346W01013,APEX,Food & Beverages,Consumer & FMCG,2017-09-04,EQ,,,,,post_listing,2018-03-31,2018-06-26 10:44:04,12.0,ytd,standalone,998.634,79.1005,non_financial,3.358003838771593,2018-03-31,,,,,3.358003838771593,xbrl_post_quarter,2017-09-04,,0.5931164545025931,0.004282735477144639,0.5888337190254485,2.857850070721358,0.1016827941224383,2.75616727659892,2.0582272512965583,0.046927638223699164,2.0112996130728593,0.8677510608203678,-0.015625712703222217,0.88337677352359,-0.04898989898989892,-0.10920257756215135,0.06021267857225243,-0.08989898989898992,-0.08399997916279589,-0.0058990107361940325,-0.36628787878787883,-0.130168277787714,-0.23611960100016482,,,,,,,,9,0.01749885557335773,-0.05546134026786209,0.003194016598719651,,,,,,,,,,,,,,,,,,,,,,,2017.0
PASHUPATI,Pashupati Cotspin Limited,SME,2017-08-28,2017-08-31,2025-07-17,75,670.0,sme,INE124Y01028,Other Textile Products,2025-07-17,False,,,,,,,consolidated,,,,0.0,,,,,,,,,,False,1673.0,INE124Y01028,PASHUPATI,Manufacturing,Industrials & Infrastructure,2025-07-17,EQ,,,,,pre_listing,2025-06-30,2025-08-13 20:12:14,3.0,inc,consolidated,473.9844,7.9396,non_financial,1.5749404761904764,2025-12-31,1.5753174603174604,160.2334,2025-09-30,2025-11-14 19:50:27,1.5749404761904764,xbrl_post_quarter,2025-07-17,,0.002178649237472907,-0.06397409093681883,0.06615274017429174,0.0951343500363111,-0.05300211287522949,0.1481364629115406,0.1583151779230212,-0.13515192182916203,0.2934670997521832,0.26071169208424116,-0.011523765687128096,0.27223545777136926,0.1847826086956521,0.0219730739790176,0.1628095347166345,0.32028985507246377,-0.03346391102706103,0.3537537660995248,0.2520289855072464,0.10318339411950106,0.14884559138774534,,,,,,,,8,0.02529182879377423,-0.043939599403332696,0.03250477682040365,,,,,,,,,,,,,,,,,,,,,,,2025.0
MANAV-RE,Manav infra projects Limited,SME,2017-09-04,2017-09-08,2025-03-12,30,11.0,sme,INE104Y20012,Civil Construction,2025-03-12,False,,,,,,,consolidated,,,,0.0,,,,,,,,,,False,,INE104Y20012,,,,,,,,,,,,,,,,,,,,,,,,,,,,,,,,,,,,,,,,,,,,,,,,,,,,,,,,,8,0.02529182879377423,-0.012560324816732193,0.03905291272648537,,,,,,,,,,,,,,,,,,,,,,,2025.0
PENTAGOLD,Penta Gold Limited,SME,2017-09-04,2017-09-06,,35,35.0,sme,INE175Y01012,Gems Jewellery And Watches,2018-04-25,False,,,,,,,consolidated,,,,0.0,,,,,,,,,,False,,INE175Y01012,,,,,,,,,,,,,,,,,,,,,,,,,,,,,,,,,,,,,,,,,,,,,,,,,,,,,,,,,8,0.02529182879377423,-0.012560324816732193,0.03905291272648537,,,,,,,,,,,,,,,,,,,,,,,
BRNL,Bharat Road Network Limited,EQ,2017-09-06,2017-09-08,2017-09-18,Rs 195 to Rs 205,205.0,mainboard,INE727S01012,Road Assets - Toll Annuity Hybrid-Annuity,2017-09-18,False,"Initial Public offer of upto 29,300,000 Equity Shares",100% Book Building,10.0,"Inga Capital Private Limited, Investec Capital Services (India) Private Limited and Srei Capital Markets Limited",https://archives.nseindia.com/content/ipo/RHP_BRNL.zip,https://archives.nseindia.com/content/ipo/RATIOS_BRNL.zip,consolidated,1.33,1.63,5.69,1.81,,,,,,,,,,False,402.0,INE727S01012,BRNL,Engineering,Industrials & Infrastructure,2017-09-18,EQ,,,,,post_listing,2018-03-31,2018-06-26 20:16:49,12.0,ytd,consolidated,153.2049,23.3076,non_financial,8.404695652173913,2018-03-31,,1063.2866,2018-03-31,2018-06-26 20:16:49,8.404695652173913,xbrl_post_quarter,2017-09-18,,-0.1377303588748786,0.011164571677458879,-0.1488949305523375,-0.05116391852570312,0.07392651060916333,-0.12509042913486645,-0.12560620756547036,0.003366918963634502,-0.12897312652910486,-0.25484966052376323,-0.13705349938662215,-0.11779616113714109,-0.08310667875491085,-0.10920257756215135,0.026095898807240503,-0.2641281353883348,-0.08399997916279589,-0.1801281562255389,-0.4925959504381988,-0.130168277787714,-0.3624276726504848,,,,,,,,9,0.02529182879377423,-0.010661838022382963,0.02951420593205989,,,,,,,,,,,,,,,,,,,,,,,2017.0
DIXON,Dixon Technologies (India) Limited,EQ,2017-09-06,2017-09-08,2017-09-18,Rs 1760 to Rs 1766,1766.0,mainboard,INE935N01020,Consumer Electronics,2017-09-18,False,"Initial Public offer for Fresh Issue of Rs 600 million and an Offer for Sale of upto 3,053,675 Equity Shares (including anchor portion of 1,018,027 Equity Shares)",100% Book Building,10.0,"IDFC Bank Limited, IIFL Holdings Limited, Motilal Oswal Investment Advisors Limited and YES Securities (India) Limited",https://archives.nseindia.com/content/ipo/RHP_DIXON.zip,https://archives.nseindia.com/content/ipo/RATIOS_DIXON.zip,consolidated,134.66,345.61,10.6,117.83,,,,,,,,,,False,609.0,INE935N01020,DIXON,,Technology,2017-09-18,EQ,,,,,post_listing,2018-03-31,2018-06-21 14:56:33,12.0,ytd,consolidated,2853.39,60.9,non_financial,1.1163895486935866,2018-03-31,,,,,1.1163895486935866,xbrl_post_quarter,2017-09-18,,-0.08299612569952652,0.011164571677458879,-0.0941606973769854,0.2057684029272493,0.07392651060916333,0.13184189231808596,0.13921653034868697,0.003366918963634502,0.13584961138505247,-0.10460611278519161,-0.13705349938662215,0.03244738660143054,-0.12410317731465659,-0.08589445912940408,-0.03820871818525251,-0.29552442774171506,-0.12047321468927497,-0.1750512130524401,-0.20088828151691152,-0.13443462161071773,-0.06645365990619378,,,,,,,,9,0.02529182879377423,-0.010661838022382963,0.02951420593205989,,,,,,,,,,,,,,,,,,,,,,,2017.0
MATRIMONY,Matrimony.com Limited,EQ,2017-09-11,2017-09-13,2017-09-21,Rs 983 to Rs 985,985.0,mainboard,INE866R01028,Internet & Catalogue Retail,2017-09-21,False,"Initial Public offer of Fresh issue of Upto Rs 1,300 Million and offer for sale Upto 37,67,254 Equity Shares (including anchor portion of 2,293,277 Equity Shares)",100% Book Building,5.0,Axis Capital Limited and ICICI Securities Limited,https://archives.nseindia.com/content/ipo/RHP_MATRIMONY.zip,https://archives.nseindia.com/content/ipo/RATIOS_MATRIMONY.zip,consolidated,1.88,0.41,18.16,4.44,3.2,,,,,,,,,False,1398.0,INE866R01028,MATRIMONY,IT Services,Technology,2017-09-21,EQ,,,,,post_listing,2018-03-31,2018-05-26 09:38:45,12.0,ytd,consolidated,335.4449,73.8626,non_financial,2.263095558546434,2018-03-31,,167.6492,2018-03-31,2018-05-26 09:38:45,2.263095558546434,xbrl_post_quarter,2017-09-21,,-0.03885480572597133,0.02590156305517377,-0.0647563687811451,0.013264798540872258,0.11803880753762996,-0.1047740089967577,-0.13342176532360572,-0.015355421326851748,-0.11806634399675398,-0.4584093295749737,-0.16036172574371677,-0.29804760383125695,-0.22856011091305206,-0.04740260148494624,-0.18115750942810582,-0.3599392619000462,-0.19438838699131789,-0.16555087490872833,-0.11692084241103862,-0.16295744453455563,0.04603660212351701,,,,,,,,9,0.02529182879377423,-0.0019016775284573795,0.038526661066973666,,,,,,,,,,,,,,,,,,,,,,,2017.0
CAPACITE,Capacit'e Infraprojects Limited,EQ,2017-09-13,2017-09-15,2017-09-25,Rs. 245 to Rs. 250,250.0,mainboard,INE264T01014,Civil Construction,2017-09-25,False,"Initial Public offer of [.] Equity Shares aggregating upto Rs 4,000 Million (including anchor portion of 4,800,000 Equity Shares)",100% Book Building,10.0,"Axis Capital Limited, IIFL Holdings Limited and Vivro Financial Services Private Limited",https://archives.nseindia.com/content/ipo/RHP_CAPACITE.zip,https://archives.nseindia.com/content/ipo/RATIOS_CAPACITE.zip,consolidated,131.32,638.05,17.57,183.03,,,,,,,,,,False,423.0,INE264T01014,CAPACITE,Construction,Industrials & Infrastructure,2017-09-25,EQ,,,,,post_listing,2018-03-31,2018-06-22 11:56:04,12.0,ytd,consolidated,1341.0757,79.5685,non_financial,5.192853828306265,2018-03-31,,,,,5.192853828306265,xbrl_post_quarter,2017-09-25,,-0.021602685739308236,0.08901096898499206,-0.11061365472430029,0.14888337468982638,0.19396763809804662,-0.04508426340822025,-0.11677127426653044,0.03888431456683206,-0.1556555888333625,-0.3853452050795504,-0.14943564646767526,-0.23590955861187513,-0.19177114603567014,-0.07911758204114405,-0.11265356399452608,-0.12113720642768844,-0.10639741207798192,-0.014739794349706514,-0.042910118311848766,-0.1247454011903496,0.08183528287850084,,,,,,,,9,0.02529182879377423,0.0,0.05222065213962024,,,,,,,,,,,,,,,,,,,,,,,2017.0
SKML,Sri Krishna Metcom Limited,SME,2017-09-14,2017-09-18,2017-09-26,55,55.0,sme,,,,,,,,,,,consolidated,,,,0.0,,,,,,,,,,False,,,,,,,,,,,,,,,,,,,,,,,,,,,,,,,,,,,,,,,,,,,,,,,,,,,,,,,,,,,9,0.02529182879377423,-0.006306002064126792,0.04175896897153586,,,,,,,,,,,,,,,,,,,,,,,2017.0
ICICIGI,ICICI Lombard General Insurance Company Limited,EQ,2017-09-15,2017-09-19,2017-09-27,Rs. 651 to Rs.661,661.0,mainboard,INE765G01017,General Insurance,2017-09-27,False,"Public Offer of upto 86,247,187 Equity Shares (including anchor portion of 24,580,447 Equity Shares)",100% Book Building,10.0,"CLSA India Private Limited, Edelweiss Financial Services Limited and JM Financial Institutional Securities Limited",https://archives.nseindia.com/content/ipo/RHP_ICICIGI.zip,https://archives.nseindia.com/content/ipo/RATIOS_ICICIGI.zip,consolidated,8.17,0.83,1.23,2.98,,,,,,,,,,False,987.0,INE765G01017,ICICIGI,,Financial Services,2017-09-27,EQ,,,,,,,,,,,,,,,,,,,,,,2017-09-27,,-0.0014679976512037562,0.1181218566102793,-0.11958985426148305,0.16302113916617733,0.20632543506442325,-0.043304295898245915,0.1596447445684086,0.08632697793527,0.0733177666331386,0.14202877275396353,-0.15320875210258078,0.2952375248565443,,,,,,,,,,,,,,,,,9,0.02529182879377423,-0.0026353912530259205,0.041751691990202566,,,,,,,,,,,,,,,,,,,,,,,2017.0
WORTH,Worth Peripherals Limited,SME,2017-09-15,2017-09-19,2020-08-04,40 to 43,44.0,sme,,,,,,,,,,,consolidated,,,,0.0,,,,,,,,,,False,,,,,,,,,,,,,,,,,,,,,,,,,,,,,,,,,,,,,,,,,,,,,,,,,,,,,,,,,,,9,0.02529182879377423,-0.0026353912530259205,0.041751691990202566,,,,,,,,,,,,,,,,,,,,,,,2020.0
MPTODAY,Madhya Pradesh Today Media Limited,SME,2017-09-19,2017-09-21,2017-09-29,66,66.0,sme,INE105Y01019,Print Media,2017-09-29,False,,,,,,,consolidated,,,,0.0,,,,,,,,,,False,3104.0,INE105Y01019,MPTODAY,Media & Entertainment,Services & Others,2017-09-29,SM,,,,,,,,,,,,,,,,,,,,,,,,,,,,,,,,,,,,,,,,,,,,,,,,,,,,11,0.02529182879377423,0.0,0.04278859428276416,,,,,,,,,,,,,,,,,,,,,,,2017.0
RMDRIP,R M Drip and Sprinklers Systems Limited,SME,2017-09-19,2017-09-25,2025-07-30,53 to 57,610.0,sme,,,,,,,,,,,,,,,,,,,,,,,,,False,1871.0,,RMDRIP,Manufacturing,Industrials & Infrastructure,2025-07-30,BE,,,,,pre_listing,2025-06-30,2025-09-09 13:34:51,3.0,inc,consolidated,121.9224,21.2336,non_financial,25.088571428571427,2025-12-31,2.492206572769953,86.6973,2025-09-30,2025-11-15 11:28:34,25.088571428571427,xbrl_post_quarter,2025-07-30,,0.11559348332040331,-0.032524037558414154,0.14811752087881747,0.2324799586242563,0.0007427294875168577,0.23173722913673944,0.6193431600724073,-0.10368734845572958,0.7230305085281369,-0.5311611068011379,0.06100785790457808,-0.592168964705716,0.061443581544083914,-0.04861267533531277,0.11005625687939669,-0.4680219278209228,-0.1307463909081601,-0.3372755369127627,-0.47441754225673827,0.05365004607351276,-0.528067588330251,,,,,,,,11,0.02529182879377423,0.0,0.04278859428276416,,,,,,,,,,,,,,,,,,,,,,,2025.0
SBILIFE,SBI Life Insurance Company Limited,EQ,2017-09-20,2017-09-22,2017-10-03,Rs 685 to Rs 700,700.0,mainboard,INE123W01016,Life Insurance,2017-10-03,False,"Public Offer of upto 120,000,000 Equity Shares (including anchor portion of 31,800,000 Equity Shares)",100% Book Building,10.0,"JM Financial Institutional Securities Limited, Axis Capital Limited, BNP Paribas, Citigroup Global Markets India Private Limited, Deutsche Equities India Private Limited, ICICI Securities Limited, Kotak Mahindra Capital Company Limited, SBI Capital Markets Limited",https://archives.nseindia.com/content/ipo/RHP_SBILIFE.zip,https://archives.nseindia.com/content/ipo/RATIOS_SBILIFE.zip,consolidated,12.56,0.7,0.85,3.58,1.03,,,,,,,,,False,1973.0,INE123W01016,SBILIFE,,Financial Services,2017-10-03,EQ,,,,,,,,,,,,,,,,,,,,,,2017-10-03,,-0.09890649095752135,0.10471608982343272,-0.20362258078095408,-0.03953455768961156,0.18043146370088503,-0.2199660213904966,-0.047175101640263506,0.07548489811663717,-0.12265999975690067,-0.2425346978830787,-0.21091147442372882,-0.03162322345934987,,,,,,,,,,,,,,,,,11,0.02529182879377423,0.0,0.04855128953127119,,,,,,,,,,,,,,,,,,,,,,,2017.0
AARVI,Aarvi Encon Limited,SME,2017-09-21,2017-09-26,2020-06-24,54,22.0,sme,,,,,,,,,,,,,,,,,,,,,,,,,False,26.0,,AARVI,Other Services,Services & Others,2020-06-24,EQ,,,,,pre_listing,2020-03-31,2020-07-01 19:02:04,12.0,ytd,consolidated,218.0504,7.178,non_financial,1.759,2020-09-30,1.3099677419354838,,,,1.759,xbrl_post_quarter,2020-06-24,,0.27935222672064786,0.0506289078656057,0.22872331885504216,0.5465587044534415,0.20594603800209232,0.34061266645134913,0.688259109311741,0.37835437802593463,0.3099047312858063,1.7064777327935223,1.0346690022626084,0.671808730530914,0.17021276595744683,0.21156918756657306,-0.041356421609126226,0.6550151975683891,0.46766970078435155,0.18734549678403756,1.2917933130699093,1.1006342597075625,0.19115905336234684,,,,,,,,11,0.02529182879377423,-0.0016427757611086058,0.04576400135834091,,,,,,,,,,,,,,,,,,,,,,,2020.0
CADSYS,Cadsys (India) Limited,SME,2017-09-21,2017-09-25,2017-10-04,70,70.0,sme,,,,,,,,,,,,,,,,,,,,,,,,,False,3103.0,,CADSYS,IT Services,Technology,2017-10-04,ST,,,,,,,,,,,,,,,,,,,,,,,,,,,,,,,,,,,,,,,,,,,,,,,,,,,,11,0.02529182879377423,-0.0016427757611086058,0.04576400135834091,,,,,,,,,,,,,,,,,,,,,,,2017.0
DPWIRES,D P Wires Limited,SME,2017-09-21,2017-09-26,2020-01-17,75,76.0,sme,,,,,,,,,,,,,,,,,,,,,,,,,False,624.0,,DPWIRES,Metals & Mining,"Metals, Mining & Chemicals",2020-01-17,BE,,,,,post_listing,2020-03-31,2020-07-21 18:20:03,12.0,ytd,standalone,283.0514,16.6902,non_financial,1.3592682926829271,2020-06-30,,,,,1.3592682926829271,xbrl_post_quarter,2020-01-17,,-0.1216216216216216,-0.010679990482988289,-0.11094163113863331,-0.3223938223938224,-0.3293361884368309,0.006942366043008463,-0.38223938223938225,-0.1839828693790151,-0.19825651286036716,0.31788931788931785,0.2006186057577921,0.11727071213152573,0.20833333333333326,0.1730986786093327,0.03523465472400056,1.1333333333333333,0.4713154426600423,0.662017890673291,2.384375,1.1131054430099252,1.2712695569900747,,,,,,,,11,0.02529182879377423,-0.0016427757611086058,0.04576400135834091,,,,,,,,,,,,,,,,,,,,,,,2020.0
TIRUPATI,Shree Tirupati Balajee FIBC Limited,SME,2017-09-21,2017-09-26,2017-10-05,36 to 40,40.0,sme,,,,,,,,,,,,,,,,,,,,,,,,,False,3102.0,,TIRUPATI,Manufacturing,Industrials & Infrastructure,2017-10-05,SM,,,,,,,,,,,,,,,,,,,,,,,,,,,,,,,,,,,,,,,,,,,,,,,,,,,,11,0.02529182879377423,-0.0016427757611086058,0.04576400135834091,,,,,,,,,,,,,,,,,,,,,,,2017.0
DIAMONDYD,Prataap Snacks Limited,EQ,2017-09-22,2017-09-26,2017-10-05,Rs 930 to Rs 938,938.0,mainboard,,,,,,,,,,,,,,,,,,,,,,,,,False,598.0,,DIAMONDYD,Food & Beverages,Consumer & FMCG,2017-10-05,EQ,,,,,post_listing,2018-03-31,2018-05-29 11:28:03,12.0,ytd,consolidated,1037.7269,44.1773,non_financial,2.3447441860465115,2018-03-31,,,,,2.3447441860465115,xbrl_post_quarter,2017-10-05,,-0.011476728920509993,0.09875317578950238,-0.11022990471001237,0.0411214161690594,0.18542588161847395,-0.14430446544941455,0.16681489010290917,0.060519807755121,0.10629508234778817,-0.13221530512853097,-0.20894804335968353,0.07673273823115256,-0.05962893947986703,-0.03930581657916776,-0.020323122900699264,-0.14153771368386947,-0.18494673540332285,0.04340902171945338,-0.26282103216397956,-0.166086760303792,-0.09673427186018757,,,,,,,,12,0.02529182879377423,-0.00862691066198884,0.03802963318368224,,,,,,,,,,,,,,,,,,,,,,,2017.0
INNOVATIVE,Innovative Tyres and Tubes Limited,SME,2017-09-22,2017-09-26,2017-10-05,42 to 45,45.0,sme,,,,,,,,,,,,,,,,,,,,,,,,,False,,,,,,,,,,,,,,,,,,,,,,,,,,,,,,,,,,,,,,,,,,,,,,,,,,,,,,,,,,,12,0.02529182879377423,-0.00862691066198884,0.03802963318368224,,,,,,,,,,,,,,,,,,,,,,,2017.0
AIROLAM,Airo Lam Limited,SME,2017-09-25,2017-09-27,2021-10-13,36 to 38,74.0,sme,,,,,,,,,,,,,,,,,,,,,,,,,False,101.0,,AIROLAM,Building Materials,Real Estate & Construction,2021-10-13,EQ,,,,,post_listing,2022-06-30,2022-08-12 18:26:04,3.0,inc,consolidated,215.1312,8.8492,non_financial,1.5049659863945577,2022-06-30,,59.5113,2022-09-30,2022-11-15 13:54:03,1.5049659863945577,xbrl_post_quarter,2021-10-13,,-0.28673835125448033,-0.012380359465711033,-0.2743579917887693,-0.11589008363201914,0.047987811976454076,-0.1638778956084732,-0.10872162485065717,-0.02610200889806691,-0.08261961595259026,0.25806451612903225,-0.05690612488674951,0.31497064101578176,0.2906474820143885,0.035749521851523136,0.25489796016286537,0.060431654676259106,0.005511798003626778,0.05491985667263233,0.7474820143884893,0.26878282964685907,0.4786991847416302,,,,,,,,13,0.02529182879377423,-0.039015145020940056,0.013104060204735646,,,,,,,,,,,,,,,,,,,,,,,2021.0
RKEC,RKEC Projects Limited,SME,2017-09-25,2017-09-28,2020-12-18,45,36.0,sme,,,,,,,,,,,,,,,,,,,,,,,,,False,1867.0,,RKEC,Engineering,Industrials & Infrastructure,2020-12-18,EQ,,,,,post_listing,2020-12-31,2021-02-13 12:50:02,9.0,ytd,consolidated,162.73613333333333,7.595599999999999,non_financial,2.4008387096774193,2021-03-31,,,,,2.4008387096774193,xbrl_post_quarter,2020-12-18,,0.06436233611442188,0.05872923957467879,0.005633096539743088,0.4266984505363527,0.16928925703064013,0.25740919350571256,1.2157330154946364,0.3986505199023138,0.8170824955923226,0.4612634088200236,0.5949629480433376,-0.133699539223314,0.25324027916251257,0.16357236216730042,0.08966791699521215,0.5663010967098703,0.26525368346007605,0.3010474132497942,0.13459621136590227,0.3446040280418252,-0.21000781667592294,,,,,,,,13,0.02529182879377423,-0.039015145020940056,0.013104060204735646,,,,,,,,,,,,,,,,,,,,,,,2020.0
GOLDSTAR,Goldstar Power Limited,SME,2017-09-27,2017-09-29,2017-10-10,25,25.0,sme,,,,,,,,,,,,,,,,,,,,,,,,,False,3101.0,,GOLDSTAR,,Energy,2017-10-10,SM,,,,,,,,,,,,,,,,,,,,,,,,,,,,,,,,,,,,,,,,,,,,,,,,,,,,13,0.2613473545842918,-0.051345314893928795,0.032966809169270306,,,,,,,,,,,,,,,,,,,,,,,2017.0
RELIABLE,Reliable Data Services Limited,SME,2017-09-27,2017-10-03,2024-07-10,57,48.0,sme,,,,,,,,,,,,,,,,,,,,,,,,,False,1843.0,,RELIABLE,Software,Technology,2024-07-10,EQ,,,,,post_listing,2024-12-31,2025-02-15 12:40:41,9.0,ytd,consolidated,103.43759999999999,8.8728,non_financial,1.031829573934837,2024-12-31,,57.1201,2025-03-31,2025-05-30 20:11:32,1.031829573934837,xbrl_post_quarter,2024-07-10,,0.9041938490214352,-0.014204723155745835,0.918398572177181,0.42460391425908695,0.030800593664170206,0.39380332059491674,0.2825722273998137,-0.04277907618121535,0.32535130358102904,0.3705498602050328,0.020837953564543987,0.3497119066404888,-0.020438315685791686,0.1486599968897413,-0.16909831257553298,0.1635065254863335,0.1784666424757657,-0.014960116989432226,0.7474759911351885,0.1012423755464551,0.6462336155887334,,,,,,,,13,0.2613473545842918,-0.051345314893928795,0.032966809169270306,,,,,,,,,,,,,,,,,,,,,,,2024.0
JASH,Jash Engineering Limited,SME,2017-09-28,2017-10-03,2019-10-30,115 to 120,95.0,sme,,,,,,,,,,,,,,,,,,,,,,,,,False,1107.0,,JASH,Engineering,Industrials & Infrastructure,2019-10-30,EQ,,,,,pre_listing,2019-09-30,2019-11-08 12:16:15,6.0,ytd,consolidated,227.457,5.248,non_financial,1.183924794359577,2020-03-31,1.1851769911504426,125.4714,2020-03-31,2020-06-26 16:50:18,1.183924794359577,xbrl_post_quarter,2019-10-30,,0.13015184381778733,0.015598557869178187,0.11455328594860914,0.1952277657266812,0.10715074051105233,0.08807702521562888,-0.13665943600867692,-0.2728276065043044,0.13616817049562746,0.7678958785249457,0.046217559939875974,0.7216783185850697,0.007421150278293043,0.10064143480490118,-0.09322028452660813,-0.23191094619666053,-0.27566000816181324,0.043749061965152714,0.49165120593692047,0.06123452656251627,0.4304166793744042,,,,,,,,13,0.5129888268156424,-0.07061441995520557,0.010238069421666829,,,,,,,,,,,,,,,,,,,,,,,2019.0
BETA,Beta  Drugs Limited,SME,2017-09-29,2017-10-04,2017-10-12,85,85.0,sme,,,,,,,,,,,,,,,,,,,,,,,,,False,333.0,,BETA,,Healthcare & Pharmaceuticals,2025-11-24,EQ,,,,,post_listing,2025-12-31,2026-02-14 14:07:37,9.0,ytd,consolidated,387.8144,43.244933333333336,non_financial,1.013952380952381,2025-12-31,,,,,1.013952380952381,xbrl_post_quarter,2017-10-12,,0.164778578784758,0.04572729867661218,0.11905128010814581,0.9268795056642638,0.18481632857909114,0.7420631770851727,0.3388259526261588,0.03911820152257017,0.2997077511035886,-0.37229660144181254,-0.21507169004055804,-0.1572249114012545,0.2184264094167625,0.049692919470751384,0.16873348994601112,1.0600938136118239,0.15226063205714246,0.9078331815546814,,,,,,,,,,,12,,-0.06383758028793773,0.007595900763448515,,,,,,,,,,,,,,,,,,,,,,,2017.0
CMMIPL,CMM Infraprojects Limited,SME,2017-09-29,2017-10-04,2017-10-12,40,40.0,sme,,,,,,,,,,,,,,,,,,,,,,,,,False,,,,,,,,,,,,,,,,,,,,,,,,,,,,,,,,,,,,,,,,,,,,,,,,,,,,,,,,,,,12,,-0.06383758028793773,0.007595900763448515,,,,,,,,,,,,,,,,,,,,,,,2017.0
FORGE,Tirupati  Forge Limited,SME,2017-09-29,2017-10-04,2017-10-12,29,29.0,sme,,,,,,,,,,,,,,,,,,,,,,,,,False,,,,,,,,,,,,,,,,,,,,,,,,,,,,,,,,,,,,,,,,,,,,,,,,,,,,,,,,,,,12,,-0.06383758028793773,0.007595900763448515,,,,,,,,,,,,,,,,,,,,,,,2017.0
MILTON,Milton Industries Limited,SME,2017-09-29,2017-10-06,2017-10-16,34,34.0,sme,,,,,,,,,,,,,,,,,,,,,,,,,False,3099.0,,MILTON,Building Materials,Real Estate & Construction,2017-10-16,SM,,,,,,,,,,,,,,,,,,,,,,,,,,,,,,,,,,,,,,,,,,,,,,,,,,,,12,,-0.06383758028793773,0.007595900763448515,,,,,,,,,,,,,,,,,,,,,,,2017.0
OMFURN,Omfurn India Limited,SME,2017-09-29,2017-10-05,2017-10-13,23,23.0,sme,,,,,,,,,,,,,,,,,,,,,,,,,False,3100.0,,OMFURN,FMCG,Consumer & FMCG,2017-10-13,SM,,,,,,,,,,,,,,,,,,,,,,,,,,,,,,,,,,,,,,,,,,,,,,,,,,,,12,,-0.06383758028793773,0.007595900763448515,,,,,,,,,,,,,,,,,,,,,,,2017.0
GODREJAGRO,Godrej Agrovet Limited,EQ,2017-10-04,2017-10-06,2017-10-16,Rs 450 to Rs 460,460.0,mainboard,,,,,,,,,,,,,,,,,,,,,,,,,False,833.0,,GODREJAGRO,Food & Beverages,Consumer & FMCG,2017-10-16,EQ,,,,,post_listing,2018-03-31,2018-05-26 15:44:02,12.0,ytd,consolidated,5205.91,229.21,non_financial,19.724409448818896,2018-03-31,,,,,19.724409448818896,xbrl_post_quarter,2017-10-16,,-0.11080332409972304,0.02224782853761398,-0.13305115263733702,0.04767900612775966,0.18168461450785123,-0.13400560838009157,0.17300428103752208,0.039888081665409914,0.13311619937211217,-0.15327793167128345,-0.24219358686708292,0.08891565519579947,-0.08400000000000007,-0.04740260148494624,-0.036597398515053836,-0.23715384615384616,-0.19438838699131789,-0.042765459162528274,-0.22230769230769232,-0.16295744453455563,-0.05935024777313669,,,,,,,,12,,-0.046476214820206585,0.010618650367555826,,,,,,,,,,,,,,,,,,,,,,,2017.0
MASFIN,MAS Financial Services Limited,EQ,2017-10-06,2017-10-10,2017-10-18,Rs 456 to Rs 459,459.0,mainboard,,,,,,,,,,,,,,,,,,,,,,,,,False,1394.0,,MASFIN,,Financial Services,2017-10-18,EQ,,,,,post_listing,2018-06-30,2018-09-06 11:32:03,3.0,inc,consolidated,513.4136,125.3292,non_financial,5.468115183246073,2018-06-30,,,,,5.468115183246073,xbrl_post_quarter,2017-10-18,,-0.09901443960577583,0.0334384369262235,-0.13245287653199933,-0.045610818244327334,0.15036373073854015,-0.19597454898286748,-0.07173962869585149,0.036067834426978695,-0.10780746312283018,-0.37038734815493934,-0.24974008165542028,-0.12064726649951907,-0.04736063147508629,-0.146981289995189,0.09962065852010271,-0.11642821904292056,-0.11225508610292811,-0.004173132939992441,0.0848544647261964,-0.2307495864555118,0.3156040511817082,,,,,,,,13,,-0.03132495943715452,0.01606912223911583,,,,,,,,,,,,,,,,,,,,,,,2017.0
DPABHUSHAN,D.P. Abhushan Limited,SME,2017-10-09,2017-10-11,2017-10-23,28,28.0,sme,,,,,,,,,,,,,,,,,,,,,,,,,False,622.0,,DPABHUSHAN,Consumer Services,Consumer & FMCG,2020-11-03,EQ,,,,,post_listing,2020-12-31,2021-02-11 18:48:09,9.0,ytd,consolidated,837.3204000000001,25.497866666666667,non_financial,2.225408163265306,2020-12-31,,,,,2.225408163265306,xbrl_post_quarter,2017-10-23,,0.6755952380952379,0.04215421981979772,0.6334410182754402,1.2008928571428572,0.13177398622635028,1.069118870916507,1.0446428571428572,0.018012526830532893,1.0266303303123243,0.17708333333333326,-0.23795731495612216,0.4150406482894554,0.08003442340791733,0.15810718222169262,-0.07807275881377529,0.7986230636833047,0.2996142274121958,0.4990088362711089,2.3218588640275386,0.3842458816169678,1.9376129824105708,,,,,,,,12,,-0.019700840247071083,0.024491750567255277,,,,,,,,,,,,,,,,,,,,,,,2017.0
IEX,Indian Energy Exchange Limited,EQ,2017-10-09,2017-10-11,2017-10-23,Rs 1645 to Rs 1650,1650.0,mainboard,,,,,,,,,,,,,,,,,,,,,,,,,False,995.0,,IEX,Power,Energy,2017-10-23,EQ,,,,,post_listing,2018-06-30,2018-08-28 12:34:16,3.0,inc,standalone,267.8756,167.5664,non_financial,3.0159539236861046,2018-06-30,,,,,3.0159539236861046,xbrl_post_quarter,2017-10-23,,-0.06998158379373842,0.04215421981979772,-0.11213580361353614,-0.0055248618784530246,0.13177398622635028,-0.1372988481048033,0.025782688766114337,0.018012526830532893,0.007770161935581443,-0.057090239410681254,-0.23795731495612216,0.1808670755454409,-0.05385996409335725,-0.15159966755035204,0.09773970345699479,-0.04667863554757634,-0.14468951108220252,0.09801087553462617,-0.2217235188509874,-0.24306109912058527,0.021337580269597867,,,,,,,,12,,-0.019700840247071083,0.024491750567255277,,,,,,,,,,,,,,,,,,,,,,,2017.0
GICRE,General Insurance Corporation Of India,EQ,2017-10-11,2017-10-13,2017-10-25,Rs 855 to Rs 912,912.0,mainboard,,,,,,,,,,,,,,,,,,,,,,,,,False,798.0,,GICRE,,Financial Services,2017-10-25,EQ,,,,,,,,,,,,,,,,,,,,,,2017-10-25,,-0.09161615006290735,0.04177500565911907,-0.13339115572202642,-0.10785771474322314,0.13389628822964394,-0.2417540029728671,-0.18574859887910322,0.015068551816118436,-0.20081715069522166,-0.27221777421937554,-0.22656665830544553,-0.04565111591393001,,,,,,,,,,,,,,,,,12,,-0.0062515878347312315,0.03139215115338567,,,,,,,,,,,,,,,,,,,,,,,2017.0
RNAM,Reliance Nippon Life Asset Management Limited,EQ,2017-10-25,2017-10-27,2017-11-06,Rs 247 to Rs 252,252.0,mainboard,,,,,,,,,,,,,,,,,,,,,,,,,False,,,,,,,,,,,,,,,,,,,,,,,,,,,,,,,,,,,,,,,,,,,,,,,,,,,,,,,,,,,14,,0.0,0.04663475881449064,,,,,,,,,,,,,,,,,,,,,,,2017.0
MAHLOG,Mahindra Logistics Limited,EQ,2017-10-31,2017-11-02,2017-11-10,Rs 425 to Rs 429,429.0,mainboard,,,,,,,,,,,,,,,,,,,,,,,,,False,1356.0,,MAHLOG,Logistics,Services & Others,2017-11-10,EQ,,,,,post_listing,2018-03-31,2018-05-26 13:04:38,12.0,ytd,consolidated,3416.12,64.01,non_financial,7.114583333333333,2018-03-31,,419.6,2018-03-31,2018-05-26 13:04:38,7.114583333333333,xbrl_post_quarter,2017-11-10,,0.02374854481955757,0.024308776862285386,-0.0005602320427278151,0.09883585564609998,0.016791580978873455,0.08204427466722652,0.30454016298020936,-0.05249677228168048,0.35703693526188984,0.19487776484284058,-0.22509891635034784,0.41997668119318843,-0.046421336934503676,-0.04740260148494624,0.0009812645504425621,-0.09258946657663747,-0.19438838699131789,0.10179892041468042,-0.15833896016205262,-0.16295744453455563,0.004618484372503007,,,,,,,,15,,0.0,0.07199120187924768,,,,,,,,,,,,,,,,,,,,,,,2017.0
NIACL,The New India Assurance Company Limited,EQ,2017-11-01,2017-11-03,2017-11-13,Rs 770 to Rs 800,800.0,mainboard,,,,,,,,,,,,,,,,,,,,,,,,,False,1556.0,,NIACL,Insurance,Financial Services,2017-11-13,EQ,,,,,,,,,,,,,,,,,,,,,,2017-11-13,,-0.20676660706917893,0.022297311484457794,-0.22906391855363673,0.014303397056800948,0.041133117964131216,-0.026829720907330268,-0.07446018429376977,-0.038620977200260365,-0.035839207093509406,-0.44216751478476135,-0.2288462749826774,-0.21332123980208395,,,,,,,,,,,,,,,,,15,,0.0,0.07349844050019394,,,,,,,,,,,,,,,,,,,,,,,2017.0
SECURCRED,Secur Credentials Limited,SME,2017-11-01,2017-11-03,2022-10-17,205,71.35,sme,,,,,,,,,,,,,,,,,,,,,,,,,False,,,,,,,,,,,,,,,,,,,,,,,,,,,,,,,,,,,,,,,,,,,,,,,,,,,,,,,,,,,15,,0.0,0.07349844050019394,,,,,,,,,,,,,,,,,,,,,,,2022.0
KHADIM,Khadim India Limited,EQ,2017-11-02,2017-11-06,2017-11-14,Rs 745 to Rs 750,750.0,mainboard,,,,,,,,,,,,,,,,,,,,,,,,,False,1203.0,,KHADIM,Retail,Consumer & FMCG,2017-11-14,BE,,,,,post_listing,2018-03-31,2018-06-19 12:20:03,12.0,ytd,standalone,748.706,37.901,non_financial,1.7977072310405644,2018-03-31,,268.481,2018-03-31,2018-06-19 12:20:03,1.7977072310405644,xbrl_post_quarter,2017-11-14,,-0.024461058285548454,0.015952043183976805,-0.04041310146952526,0.02163025332075197,0.04255280780004567,-0.020922554479293698,0.19068011903897797,-0.05534149244400621,0.24602161148298418,-0.13733033316396892,-0.22612227845970734,0.08879194529573842,-0.07876926933199657,-0.062461521611785975,-0.016307747720210597,-0.34020553954129584,-0.13759290819450687,-0.20261263134678897,-0.6198145130968793,-0.1431537094410822,-0.4766608036557971,,,,,,,,15,,0.0,0.07960979832633308,,,,,,,,,,,,,,,,,,,,,,,2017.0
HDFCLIFE,HDFC Standard Life Insurance Company Limited,EQ,2017-11-07,2017-11-09,2017-11-17,Rs 275 to Rs 290,290.0,mainboard,,,,,,,,,,,,,,,,,,,,,,,,,False,922.0,,HDFCLIFE,,Financial Services,2017-11-17,EQ,,,,,,,,,,,,,,,,,,,,,,2017-11-17,,0.0953279164248404,0.027704145276591596,0.0676237711482488,0.2649448636099825,0.0028831622127332146,0.26206170139724927,0.3823273360417876,-0.07262030417886112,0.4549476402206487,0.14030760301799172,-0.2302466655471862,0.3705542685651779,,,,,,,,,,,,,,,,,16,,0.0,0.11036422764227649,,,,,,,,,,,,,,,,,,,,,,,2017.0
AISL,ANI Integrated Services Limited,SME,2017-11-08,2017-11-10,2017-11-20,100,100.0,sme,,,,,,,,,,,,,,,,,,,,,,,,,False,3098.0,,AISL,Engineering,Industrials & Infrastructure,2017-11-20,SM,,,,,,,,,,,,,,,,,,,,,,,,,,,,,,,,,,,,,,,,,,,,,,,,,,,,16,,-0.013598409076930662,0.0953469690415869,,,,,,,,,,,,,,,,,,,,,,,2017.0
PULZ,Pulz Electronics Limited,SME,2017-11-14,2017-11-16,2017-11-24,51 to 54,54.0,sme,,,,,,,,,,,,,,,,,,,,,,,,,False,3097.0,,PULZ,Hardware,Technology,2017-11-24,SM,,,,,,,,,,,,,,,,,,,,,,,,,,,,,,,,,,,,,,,,,,,,,,,,,,,,16,,-0.02359439662368168,0.15374512684479114,,,,,,,,,,,,,,,,,,,,,,,2017.0
VERTOZ,Vertoz Advertising Limited,SME,2017-11-14,2017-11-16,2020-05-14,108,72.0,sme,,,,,,,,,,,,,,,,,,,,,,,,,False,2430.0,,VERTOZ,Media & Entertainment,Services & Others,2020-05-14,BE,,,,,post_listing,2020-06-30,2020-09-16 16:46:10,3.0,inc,consolidated,33.5088,2.0704,non_financial,1.210366972477064,2020-09-30,,57.731,2021-03-31,2021-05-24 23:02:04,1.210366972477064,xbrl_post_quarter,,,,,,,,,,,,,,,,,,,,,,,,,,,,,,,16,,-0.02359439662368168,0.15374512684479114,,,,,,,,,,,,,,,,,,,,,,,2020.0
SILVERTUC,Silver Touch Technologies limited,SME,2017-11-20,2017-11-23,2022-05-12,121,213.0,sme,,,,,,,,,,,,,,,,,,,,,,,,,False,2077.0,,SILVERTUC,,Technology,2022-05-12,EQ,,,,,post_listing,2022-06-30,2022-08-10 20:16:05,3.0,inc,consolidated,133.8384,5.2396,non_financial,1.3147852760736196,2022-09-30,,88.1559,2022-09-30,2022-11-15 11:48:04,1.3147852760736196,xbrl_post_quarter,2022-05-12,,0.06343283582089554,0.03715489231481994,0.026277943506075596,0.2649253731343282,0.08740391238882483,0.17752146074550335,0.3059701492537312,0.15014965588290896,0.15582049337082227,0.3097014925373134,0.1800015849502874,0.129699907587026,0.0057636887608067955,0.05192771688556297,-0.04616402812475617,-0.023054755043227737,0.01790361136960139,-0.04095836641282913,0.25360230547550433,0.26356701456026665,-0.009964709084762324,,,,,,,,18,,-0.023281015238535874,0.10560480582427711,,,,,,,,,,,,,,,,,,,,,,,2022.0
FELIX,Felix Industries Limited,SME,2017-11-23,2017-11-27,2017-12-05,35,35.0,sme,,,,,,,,,,,,,,,,,,,,,,,,,False,3096.0,,FELIX,Capital Goods,Industrials & Infrastructure,2017-12-05,SM,,,,,,,,,,,,,,,,,,,,,,,,,,,,,,,,,,,,,,,,,,,,,,,,,,,,18,,-0.008462761797930485,0.1512421298901796,,,,,,,,,,,,,,,,,,,,,,,2017.0
ZODIAC,Zodiac Energy Limited,SME,2017-11-23,2017-11-27,2021-12-14,52,30.0,sme,,,,,,,,,,,,,,,,,,,,,,,,,False,2550.0,,ZODIAC,,,2021-12-14,EQ,,,,,post_listing,2021-12-31,2022-02-08 13:24:13,9.0,ytd,standalone,115.65253333333334,4.7484,non_financial,1.4606923076923077,2022-03-31,,32.9123,2022-03-31,2022-05-08 15:06:02,1.4606923076923077,xbrl_post_quarter,2021-12-14,,1.7585669781931461,0.04303434437609566,1.7155326338170505,1.6744548286604357,-0.08104725518611222,1.7555020838465478,2.602803738317757,-0.1927298154585163,2.795533553776273,2.954828660436137,-0.01076745340859575,2.9655961138447324,-0.2084863321093431,-0.14020509827412309,-0.06828123383522,-0.009383924928600518,-0.07919271353310697,0.06980878860450646,-0.11546307629538954,-0.06969040707348406,-0.04577266922190548,,,,,,,,18,,-0.008462761797930485,0.1512421298901796,,,,,,,,,,,,,,,,,,,,,,,2021.0
ICEMAKE,Ice Make Refrigeration Limited,SME,2017-11-27,2017-11-30,2020-10-12,55 to 57,55.0,sme,,,,,,,,,,,,,,,,,,,,,,,,,False,984.0,,ICEMAKE,Hardware,Technology,2020-10-12,EQ,,,,,pre_listing,2020-09-30,2020-12-15 12:00:41,6.0,ytd,consolidated,94.9834,0.9542,non_financial,1.5689473684210526,2021-03-31,1.5734188034188035,56.1184,2021-03-31,2021-06-30 16:11:07,1.5689473684210526,xbrl_post_quarter,2020-10-12,,0.1757105943152455,0.007974975765268066,0.16773561854997743,0.6304909560723515,0.27102925157151003,0.3594617045008415,0.14039621016365222,0.3921929184613695,-0.2517967082977173,0.22308354866494406,1.0014690744830759,-0.7783855258181318,-0.4101342572542227,0.15656658530876988,-0.5667008425629926,-0.2693806842789087,0.400815807950784,-0.6701964922296927,-0.371589432654829,0.5928566652178273,-0.9644460978726563,,,,,,,,18,,0.0,0.13997460256010208,,,,,,,,,,,,,,,,,,,,,,,2020.0
SHRADHA,Shradha Infraprojects (Nagpur) Limited,SME,2017-11-27,2017-11-30,2020-10-22,70,34.3,sme,,,,,,,,,,,,,,,,,,,,,,,,,False,2043.0,,SHRADHA,Construction,Industrials & Infrastructure,2020-10-22,EQ,,,,,pre_listing,2020-09-30,2020-11-12 16:44:10,6.0,ytd,consolidated,0.0644,1.711,non_financial,0.8928813559322035,2021-03-31,1.0064705882352942,,,,0.8928813559322035,xbrl_post_quarter,2020-10-22,,0.5789473684210527,0.05331333918688297,0.5256340292341697,0.5631578947368423,0.24432978503004055,0.31882810970680175,-0.015789473684210464,0.43460631591409116,-0.4503957895983016,0.36578947368421066,0.856347977072502,-0.4905585033882913,1.1390374331550799,0.30022015372137045,0.8388172794337094,-0.18538324420677366,0.5129002356031054,-0.698283479809879,-0.09269162210338688,0.8426963037348887,-0.9353879258382756,,,,,,,,18,,0.0,0.13997460256010208,,,,,,,,,,,,,,,,,,,,,,,2020.0
INNOVANA,Innovana Thinklabs Limited,SME,2017-11-29,2017-12-04,2024-12-17,70,467.0,sme,,,,,,,,,,,,,,,,,,,,,,,,,False,1055.0,,INNOVANA,Software,Technology,2024-12-17,EQ,,,,,pre_listing,2022-09-30,2022-10-28 20:32:05,6.0,ytd,consolidated,58.0352,13.2752,non_financial,2.050427807486631,2025-03-31,1.093509060955519,211.1613,2025-03-31,2025-05-29 21:52:19,2.050427807486631,xbrl_post_quarter,2024-12-17,,-0.039769082745349515,-0.0840996488881457,0.04433056614279618,-0.32488774855676716,-0.20416839116217744,-0.12071935739458972,-0.053666880478939416,-0.07263986229617825,0.018972981817238832,-0.10059867436390857,-0.09189482541709948,-0.00870384894680909,-0.32488774855676716,-0.20416839116217744,-0.12071935739458972,-0.053666880478939416,-0.07263986229617825,0.018972981817238832,-0.10059867436390857,-0.09189482541709948,-0.00870384894680909,,,,,,,,18,,0.0,0.1509867845082753,,,,,,,,,,,,,,,,,,,,,,,2024.0
SHALBY,Shalby Limited,EQ,2017-12-05,2017-12-07,2017-12-15,Rs 245 to Rs 248,248.0,mainboard,,,,,,,,,,,,,,,,,,,,,,,,,False,2014.0,,SHALBY,Hospitals,Healthcare & Pharmaceuticals,2017-12-15,EQ,,,,,post_listing,2018-03-31,2018-09-10 14:24:03,12.0,ytd,consolidated,383.231,42.923,non_financial,9.425773195876289,2018-03-31,,761.444,2018-03-31,2018-09-10 14:24:03,9.425773195876289,xbrl_post_quarter,2017-12-15,,-0.04194490818030039,0.08074253340434634,-0.12268744158464673,-0.1325125208681135,-0.06665652196814953,-0.06585599889996396,-0.29507512520868107,-0.11827304065878108,-0.17680208454989998,-0.3944073455759599,-0.23959241722803915,-0.15481492834792077,-0.13502994011976055,-0.12061083667250849,-0.014419103447252057,-0.20329341317365268,-0.09561730095502374,-0.10767611221862894,-0.445808383233533,-0.1852722519194271,-0.2605361313141059,,,,,,,,17,,-0.02154745851973172,0.1016827941224383,,,,,,,,,,,,,,,,,,,,,,,2017.0
FSC,Future Supply Chain Solutions Limited,EQ,2017-12-06,2017-12-08,2017-12-18,Rs 660 to Rs 664,664.0,mainboard,,,,,,,,,,,,,,,,,,,,,,,,,False,,,,,,,,,,,,,,,,,,,,,,,,,,,,,,,,,,,,,,,,,,,,,,,,,,,,,,,,,,,17,,-0.02303912774244332,0.08887785181219487,,,,,,,,,,,,,,,,,,,,,,,2017.0
TOUCHWOOD,Touchwood Entertainment Limited,SME,2017-12-11,2017-12-13,2020-01-21,40,89.0,sme,,,,,,,,,,,,,,,,,,,,,,,,,False,2322.0,,TOUCHWOOD,Media & Entertainment,Services & Others,2020-01-21,EQ,,,,,post_listing,2020-03-31,2020-07-01 16:14:12,12.0,ytd,standalone,20.8089,1.7644,non_financial,1.013529411764706,2020-06-30,,,,,1.013529411764706,xbrl_post_quarter,2020-01-21,,-0.13030660377358483,-0.02152574479076974,-0.10878085898281509,-0.3637971698113207,-0.3294874002640491,-0.03430976954727161,-0.5306603773584906,-0.17607102539081176,-0.3545893519676788,0.09669811320754729,0.20667585098444397,-0.10997773777689668,-0.02941176470588236,0.21156918756657306,-0.24098095227245542,0.11982570806100212,0.46766970078435155,-0.3478439927233494,0.8453159041394336,1.1006342597075625,-0.2553183555681289,,,,,,,,17,,-0.004942329839750403,0.09931380400017287,,,,,,,,,,,,,,,,,,,,,,,2020.0
ONEPOINT,One Point One Solutions Limited,SME,2017-12-13,2017-12-15,2019-05-09,65 to 67,39.8,sme,,,,,,,,,,,,,,,,,,,,,,,,,False,1619.0,,ONEPOINT,IT Services,Technology,2019-05-09,EQ,,,,,post_listing,2019-09-30,2019-11-15 16:12:05,6.0,ytd,consolidated,128.8766,1.0092,non_financial,2.5578571428571424,2019-09-30,,,,,2.5578571428571424,xbrl_post_quarter,2019-05-09,,-0.13592233009708743,0.027631937152412966,-0.1635542672495004,-0.4854368932038835,-0.1304884688678879,-0.3549484243359956,-0.6990291262135923,-0.07838447477929456,-0.6206446514342977,-0.6990291262135923,-0.34809240462023106,-0.3509367215933612,1.032258064516129,0.09881070366699696,0.933447360849132,-0.032258064516129115,-0.27960061573498096,0.24734255121885185,0.19354838709677424,0.1074478628513591,0.08610052424541514,,,,,,,,17,,-0.013806982921761968,0.07566413437654851,,,,,,,,,,,,,,,,,,,,,,,2019.0
SMVD,SMVD Poly Pack Limited,SME,2017-12-13,2017-12-15,2017-12-26,55,55.0,sme,,,,,,,,,,,,,,,,,,,,,,,,,False,3095.0,,SMVD,Manufacturing,Industrials & Infrastructure,2017-12-26,SM,,,,,,,,,,,,,,,,,,,,,,,,,,,,,,,,,,,,,,,,,,,,,,,,,,,,17,,-0.013806982921761968,0.07566413437654851,,,,,,,,,,,,,,,,,,,,,,,2017.0
ASTRON,Astron Paper & Board Mills Limited,EQ,2017-12-15,2017-12-20,2017-12-29,Rs 45 to Rs 50,50.0,mainboard,,,,,,,,,,,,,,,,,,,,,,,,,False,230.0,,ASTRON,Manufacturing,Industrials & Infrastructure,2017-12-29,BZ,,,,,,,,,,,,,,,,,,,,,,,,,,,,,,,,,,,,,,,,,,,,,,,,,,,,17,,-0.02446713697892866,0.06684841427061516,,,,,,,,,,,,,,,,,,,,,,,2017.0
AJOONI,Ajooni Biotech Limited,SME,2017-12-20,2017-12-22,2021-05-07,30,40.0,sme,,,,,,,,,,,,,,,,,,,,,,,,,False,105.0,,AJOONI,Pharmaceuticals,Healthcare & Pharmaceuticals,2021-05-07,EQ,,,,,pre_listing,2021-03-31,2021-06-23 17:30:34,12.0,ytd,standalone,51.0388,0.373,non_financial,0.9940298507462687,2021-09-30,,16.3822,2022-03-31,2022-05-09 15:52:12,0.9940298507462687,xbrl_post_quarter,2021-05-07,,,,,,,,,,,,,,,,,,,,,,,True,True,True,True,True,True,True,17,,0.0,0.08769367687193053,,,,,,,,,,,,,,,,,,,,,,,2021.0
MOKSH,Moksh Ornaments Limited,SME,2017-12-21,2017-12-26,2021-05-21,37,64.0,sme,,,,,,,,,,,,,,,,,,,,,,,,,False,1464.0,,MOKSH,Consumer Services,Consumer & FMCG,2021-05-21,EQ,,,,,post_listing,2021-06-30,2021-08-06 15:02:05,3.0,inc,standalone,267.5016,4.3444,non_financial,5.327692307692307,2021-09-30,,,,,5.327692307692307,xbrl_post_quarter,2021-05-21,,0.3441295546558707,0.06015368708594471,0.283975867569926,1.57085020242915,0.0873871918918574,1.4834630105372926,2.068825910931174,0.21798930317458298,1.850836607756591,0.2267206477732795,0.060977010760648875,0.16574363701263062,0.1463022508038585,0.09457458754909487,0.051727663254763634,-0.19453376205787787,0.0912336374454581,-0.28576739950333596,-0.5064308681672026,0.004815884597549669,-0.5112467527647523,,,,,,,,16,,0.0,0.09843991738259561,,,,,,,,,,,,,,,,,,,,,,,2021.0
BCONCEPTS,Brand Concepts Limited,SME,2017-12-29,2018-01-02,2022-01-11,45,46.0,sme,,,,,,,,,,,,,,,,,,,,,,,,,False,317.0,,BCONCEPTS,Consumer Services,Consumer & FMCG,2022-01-11,EQ,,,,,pre_listing,2021-12-31,2022-02-15 13:58:10,9.0,ytd,consolidated,79.4992,-0.3423999999999999,non_financial,1.057043010752688,2022-06-30,1.0612121212121213,18.2439,2022-03-31,2022-05-26 15:12:15,1.057043010752688,xbrl_post_quarter,2022-01-11,,0.2582159624413145,-0.04377346316283437,0.3019894256041489,0.8938967136150233,-0.03625547473799451,0.9301521883530178,1.299530516431925,-0.18371656499296096,1.483247081424886,4.273239436619718,-0.07797102299389946,4.351210459613618,0.5716510903426792,-0.08968519616981596,0.6613362865124952,1.0,-0.05089611049911025,1.0508961104991101,2.396417445482866,-0.03596623167528168,2.432383677158148,,,,,,,,13,,-0.0019023383081815393,0.20632543506442325,,,,,,,,,,,,,,,,,,,,,,,2022.0
SILLYMONKS,Silly Monks Entertainment Limited,SME,2018-01-05,2018-01-10,2020-07-08,120,25.0,sme,,,,,,,,,,,,,,,,,,,,,,,,,False,2076.0,,SILLYMONKS,Media & Entertainment,Services & Others,2020-07-08,EQ,,,,,,,,,,,,,,,,,,,,,,2020-07-08,,0.22676579925650575,0.06645049053834962,0.16031530871815614,-0.044609665427509215,0.20530420478348876,-0.24991387021099798,-0.11524163568773227,0.48273944070344044,-0.5979810763911727,-0.15055762081784374,1.0668646966236288,-1.2174223174414727,,,,,,,,,,,,,,,,,12,,0.0,0.18542588161847395,,,,,,,,,,,,,,,,,,,,,,,2020.0
SKSTEXTILE,S K S Textiles Limited,SME,2018-01-09,2018-01-11,2018-01-19,150,150.0,sme,,,,,,,,,,,,,,,,,,,,,,,,,False,,,,,,,,,,,,,,,,,,,,,,,,,,,,,,,,,,,,,,,,,,,,,,,,,,,,,,,,,,,12,,0.0,0.186206471358201,,,,,,,,,,,,,,,,,,,,,,,2018.0
APOLLO,Apollo Micro Systems Limited,BE,2018-01-10,2018-01-12,2018-01-22,Rs 270 to Rs 275,275.0,mainboard,,,,,,,,,,,,,,,,,,,,,,,,,False,170.0,,APOLLO,Hardware,Technology,2018-01-22,EQ,,,,,post_listing,2018-03-31,2018-06-26 18:52:29,12.0,ytd,standalone,220.4614,19.1665,non_financial,2.0760194174757283,2018-06-30,,255.5881,2018-03-31,2018-06-26 18:52:29,2.0760194174757283,xbrl_post_quarter,2018-01-22,,-0.2737556561085973,-0.10169089749094817,-0.17206475861764914,-0.4638009049773756,-0.10491068707356754,-0.35889021790380804,-0.6764705882352942,-0.2108955403814713,-0.46557504785382287,-0.7364253393665159,-0.32354753896731037,-0.4128778003992055,-0.19687500000000002,-0.10920257756215135,-0.08767242243784867,-0.21875,-0.08399997916279589,-0.1347500208372041,-0.28437500000000004,-0.130168277787714,-0.15420672221228604,,,,,,,,12,,0.0,0.17787718049016132,,,,,,,,,,,,,,,,,,,,,,,2018.0
NEWGEN,Newgen Software Technologies Limited,EQ,2018-01-16,2018-01-18,2018-01-29,Rs 240 to Rs 245,245.0,mainboard,,,,,,,,,,,,,,,,,,,,,,,,,False,1549.0,,NEWGEN,,Technology,2018-01-29,EQ,,,,,post_listing,2018-03-31,2018-06-19 18:48:03,12.0,ytd,consolidated,512.4278,72.8869,non_financial,6.784736842105264,2018-06-30,,,,,6.784736842105264,xbrl_post_quarter,2018-01-29,,-0.03526148969889065,-0.058039807071897265,0.022778317373006618,-0.02535657686212367,-0.08605528249888361,0.06069870563675994,-0.046751188589540416,-0.17322211355602324,0.12647092496648282,0.16323296354992078,-0.31742710592543033,0.4806600694753511,-0.08553157474020778,-0.062461521611785975,-0.023070053128421808,0.18225419664268605,-0.13759290819450687,0.3198471048371929,0.22701838529176666,-0.1431537094410822,0.37017209473284884,,,,,,,,11,,0.0,0.18168461450785123,,,,,,,,,,,,,,,,,,,,,,,2018.0
AMBER,Amber Enterprises India Limited,EQ,2018-01-17,2018-01-19,2018-01-30,Rs 855 to Rs 859,859.0,mainboard,,,,,,,,,,,,,,,,,,,,,,,,,False,138.0,,AMBER,Consumer Durables,Consumer & FMCG,2018-01-30,EQ,,,,,post_listing,2018-03-31,2018-06-20 16:08:36,12.0,ytd,consolidated,2128.0838,62.3058,non_financial,3.1444226579520698,2018-06-30,,892.7611,2018-03-31,2018-06-20 16:08:36,3.1444226579520698,xbrl_post_quarter,2018-01-30,,-0.11656293916884164,-0.048114961054430694,-0.06844797811441095,-0.07592852840795017,-0.07514328497656486,-0.0007852434313853074,-0.1858261393294519,-0.16043401128779344,-0.025392128041658468,-0.44344509134711907,-0.3057837592953526,-0.13766133205176645,-0.03951667271690096,-0.07790848929149596,0.038391816574595006,-0.053518643364621754,-0.1283480293104805,0.07482938594585875,-0.14116060778924444,-0.13675880461186374,-0.004401803177380703,,,,,,,,10,,-0.02405163643090258,0.1445122442528557,,,,,,,,,,,,,,,,,,,,,,,2018.0
SOLEX,Solex Energy Limited,SME,2018-01-22,2018-01-25,2025-10-08,52,1694.0,sme,,,,,,,,,,,,,,,,,,,,,,,,,False,2108.0,,SOLEX,Capital Goods,Industrials & Infrastructure,2025-10-08,EQ,,,,,pre_listing,2025-09-30,2025-11-10 22:11:49,6.0,ytd,consolidated,829.257,60.9842,non_financial,1.080171609774296,2026-03-31,0.2126580882352941,252.951,2026-03-31,2026-05-16 16:24:40,1.080171609774296,xbrl_post_quarter,2025-10-08,,-0.05820969481446925,0.003700634857916274,-0.06191032967238552,-0.33762788935202726,-0.027570466869734744,-0.3100574224822925,-0.2552540297898388,-0.053380552058054254,-0.20187347773178455,,,,-0.2890499711334916,-0.03793397669765797,-0.25111599443583366,-0.12091859644621206,-0.030619630457808578,-0.09029896598840348,,,,,,,,,,,9,,-0.030898616598179274,0.13177398622635028,,,,,,,,,,,,,,,,,,,,,,,2025.0
SRPL,Shree Ram Proteins Limited,SME,2018-01-23,2018-01-25,2020-09-23,27 to 31,35.3,sme,,,,,,,,,,,,,,,,,,,,,,,,,False,,,,,,,,,,,,,,,,,,,,,,,,,,,,,,,,,,,,,,,,,,,,,,,,,,,,,,,,,,,10,,-0.02455373069249367,0.1313488737037134,,,,,,,,,,,,,,,,,,,,,,,2020.0
VASA,Vasa Retail and Overseas  Limited,SME,2018-01-24,2018-01-29,2018-02-06,30,30.0,sme,,,,,,,,,,,,,,,,,,,,,,,,,False,3094.0,,VASA,Manufacturing,Industrials & Infrastructure,2018-02-06,SM,,,,,,,,,,,,,,,,,,,,,,,,,,,,,,,,,,,,,,,,,,,,,,,,,,,,9,,-0.020447128152953797,0.13389628822964394,,,,,,,,,,,,,,,,,,,,,,,2018.0
AMJUMBO,A and M Jumbo Bags  Limited,SME,2018-01-29,2018-02-02,2018-02-12,-,65.0,sme,,,,,,,,,,,,,,,,,,,,,,,,,False,,,,,,,,,,,,,,,,,,,,,,,,,,,,,,,,,,,,,,,,,,,,,,,,,,,,,,,,,,,9,,-0.03714044105016978,0.1052933333940036,,,,,,,,,,,,,,,,,,,,,,,2018.0
GALAXYSURF,Galaxy Surfactants Limited,EQ,2018-01-29,2018-01-31,2018-02-08,Rs 1470 to Rs 1480,1480.0,mainboard,,,,,,,,,,,,,,,,,,,,,,,,,False,764.0,,GALAXYSURF,FMCG,Consumer & FMCG,2018-02-08,EQ,,,,,post_listing,2018-03-31,2018-06-29 13:58:03,12.0,ytd,consolidated,2462.51,158.03,non_financial,3.546159813809154,2018-06-30,,,,,3.546159813809154,xbrl_post_quarter,2018-02-08,,-0.11896850833602868,-0.038051873419098214,-0.08091663491693046,-0.12296744979270202,-0.0658448794583083,-0.05712257033439372,-0.28712987738539797,-0.1171333373506549,-0.16999654003474307,-0.4701990649533947,-0.30390498348733874,-0.16629408146605595,-0.03459069656866631,-0.11936977002954419,0.08477907346087787,-0.02357556066249311,-0.08317026464217325,0.05959470397968014,-0.01731515967984798,-0.12850684888502872,0.11119168920518074,,,,,,,,9,,-0.03714044105016978,0.1052933333940036,,,,,,,,,,,,,,,,,,,,,,,2018.0
BANKA,Banka BioLoo Limited,SME,2018-02-05,2018-02-16,2020-10-29,115,31.55,sme,,,,,,,,,,,,,,,,,,,,,,,,,False,301.0,,BANKA,,Financial Services,2020-10-29,EQ,,,,,post_listing,2020-12-31,2021-02-13 16:00:03,9.0,ytd,consolidated,27.77333333333333,1.9866666666666666,non_financial,1.0259420289855072,2021-03-31,,,,,1.0259420289855072,xbrl_post_quarter,2020-10-29,,0.17985611510791366,0.12639057773668716,0.0534655373712265,0.893525179856115,0.23398888542744878,0.6595362944286662,0.8158273381294965,0.4804188565858365,0.33540848154366,1.0992805755395683,0.9463264629330013,0.152954112606567,0.06761107533805544,0.16357236216730042,-0.09596128682924498,-0.18287186091435936,0.26525368346007605,-0.4481255443744354,-0.07276239536381202,0.3446040280418252,-0.41736642340563723,,,,,,,,10,,-0.11865148051742136,-0.01904897762300284,,,,,,,,,,,,,,,,,,,,,,,2020.0
MHHL,Mohini Health and Hygiene Limited,SME,2018-02-05,2018-02-07,2018-02-16,40 to 42,42.0,sme,,,,,,,,,,,,,,,,,,,,,,,,,False,3092.0,,MHHL,Manufacturing,Industrials & Infrastructure,2018-02-16,SM,,,,,,,,,,,,,,,,,,,,,,,,,,,,,,,,,,,,,,,,,,,,,,,,,,,,10,,-0.11865148051742136,-0.01904897762300284,,,,,,,,,,,,,,,,,,,,,,,2018.0
SINTERCOM,Sintercom India Limited,SME,2018-02-05,2018-02-07,2020-10-07,63 to 65,80.0,sme,,,,,,,,,,,,,,,,,,,,,,,,,False,2084.0,,SINTERCOM,Auto Components,Automobile & Mobility,2020-10-07,EQ,,,,,pre_listing,2020-09-30,2020-11-14 15:40:10,6.0,ytd,standalone,27.8436,-8.3624,non_financial,2.749512195121951,2021-06-30,2.514516129032258,,,,2.749512195121951,xbrl_post_quarter,2020-10-07,,-0.07284768211920523,-0.012143871833319997,-0.06070381028588523,-0.01866345574954842,0.23287427985162967,-0.2515377356011781,0.006020469596628608,0.4331939073474864,-0.4271734377508578,0.025285972305840065,0.943680451424513,-0.9183944791186729,0.17296604740550925,0.2898121614288296,-0.11684611402332035,-0.01217168481742481,0.5054885421327722,-0.517660226950197,0.09929532351057024,0.8412940202024048,-0.7419986966918346,,,,,,,,10,,-0.11865148051742136,-0.01904897762300284,,,,,,,,,,,,,,,,,,,,,,,2020.0
SOUTHWEST,South West Pinnacle Exploration Limited,SME,2018-02-06,2018-02-08,2018-02-19,76 to 78,78.0,sme,,,,,,,,,,,,,,,,,,,,,,,,,False,2118.0,,SOUTHWEST,Engineering,Industrials & Infrastructure,2019-04-18,EQ,,,,,post_listing,2019-09-30,2019-12-12 14:08:10,6.0,ytd,consolidated,69.9526,5.232,non_financial,2.803294117647059,2019-09-30,,,,,2.803294117647059,xbrl_post_quarter,2018-02-19,,-0.07248018120045285,-0.04257892447140743,-0.029901256729045422,-0.10362400906002256,-0.07528640347795412,-0.028337605582068437,-0.2836919592298981,-0.09588891596489146,-0.18780304326500663,-0.5028312570781427,-0.2696655249895724,-0.23316573208857028,-0.3085106382978724,-0.13518508683413877,-0.17332555146373363,0.3244680851063828,-0.1587657337086409,0.4832338188150237,1.0771276595744679,0.25871793510011165,0.8184097244743562,,,,,,,,10,,-0.11872283075459478,-0.02327955083953981,,,,,,,,,,,,,,,,,,,,,,,2018.0
ARVEE,Arvee Laboratories India Limited,SME,2018-02-09,2018-02-14,2018-02-22,61,61.0,sme,,,,,,,,,,,,,,,,,,,,,,,,,False,199.0,,ARVEE,Chemicals,"Metals, Mining & Chemicals",2021-03-22,EQ,,,,,post_listing,2021-03-31,2021-06-21 17:30:04,12.0,ytd,standalone,47.375,2.6773,non_financial,1.1017695473251028,2021-03-31,,,,,1.1017695473251028,xbrl_post_quarter,2018-02-22,,-0.022399999999999975,-0.055609839951505924,0.03320983995150595,-0.10399999999999998,-0.04059568077156217,-0.06340431922843781,-0.21920000000000006,-0.08607394137888391,-0.13312605862111615,,,,-0.22990004345936554,0.10178533069193496,-0.3316853741513005,-0.2981312472837896,0.1370921545695396,-0.4352234018533292,-0.4119947848761407,-0.025514953337947732,-0.386479831538193,,,,,,,,10,,-0.10100418852318227,0.013685915247444447,,,,,,,,,,,,,,,,,,,,,,,2018.0
ASTERDM,Aster DM Healthcare Limited,EQ,2018-02-12,2018-02-15,2018-02-26,Rs 180 to Rs 190,190.0,mainboard,,,,,,,,,,,,,,,,,,,,,,,,,False,226.0,,ASTERDM,Hospitals,Healthcare & Pharmaceuticals,2018-02-26,EQ,,,,,post_listing,2018-03-31,2018-07-06 15:02:03,12.0,ytd,consolidated,6721.161,268.876,non_financial,49.6,2018-06-30,,2421.012,2018-03-31,2018-07-06 15:02:03,49.6,xbrl_post_quarter,2018-02-26,,-0.06472046268245657,-0.07960858391272252,0.01488812123026595,-0.01349490498485273,-0.06986134289123636,0.056366437906383626,-0.02836684109060872,-0.10642120234074681,0.0780543612501381,-0.15780776645552197,-0.2357126816874865,0.07790491523196452,-0.05753909707878435,-0.16345699010723125,0.1059178930284469,-0.043375627028621966,-0.10893616152403773,0.06556053449541577,-0.25553260548834456,-0.16208384521407115,-0.0934487602742734,,,,,,,,9,,-0.09781192606001354,0.016791580978873455,,,,,,,,,,,,,,,,,,,,,,,2018.0
CKPLEISURE,CKP Leisure Limited,SME,2018-02-21,2018-02-23,2018-03-06,30,30.0,sme,,,,,,,,,,,,,,,,,,,,,,,,,False,,,,,,,,,,,,,,,,,,,,,,,,,,,,,,,,,,,,,,,,,,,,,,,,,,,,,,,,,,,7,,-0.11707384749547456,-0.006916548146100543,,,,,,,,,,,,,,,,,,,,,,,2018.0
HGINFRA,H.G.Infra Engineering Limited,EQ,2018-02-26,2018-02-28,2018-03-09,Rs 263 to Rs 270,270.0,mainboard,,,,,,,,,,,,,,,,,,,,,,,,,False,938.0,,HGINFRA,Engineering,Industrials & Infrastructure,2018-03-09,EQ,,,,,post_listing,2018-03-31,2018-05-29 10:56:03,12.0,ytd,consolidated,1392.725,84.264,non_financial,6.520460358056266,2018-09-30,,662.981,2019-03-31,2019-06-26 11:17:50,6.520460358056266,xbrl_post_quarter,2018-03-09,,0.2746965452847807,0.02434275342725445,0.25035379185752626,0.15704948646125128,-0.04169891129696457,0.19874839775821584,-0.08272642390289453,-0.06766710488284722,-0.015059319020047313,-0.02110177404295044,-0.16703961660746092,0.14593784256451048,-0.2893177328673454,-0.03930581657916776,-0.25001191628817765,-0.3344476523324723,-0.18494673540332285,-0.14950091692914946,-0.14040419389150582,-0.166086760303792,0.025682566412286167,,,,,,,,7,,-0.10929535034287752,-0.01029620113782348,,,,,,,,,,,,,,,,,,,,,,,2018.0
HINDCON,Hindcon Chemicals Limited,SME,2018-02-26,2018-02-28,2021-07-05,28,39.0,sme,,,,,,,,,,,,,,,,,,,,,,,,,False,949.0,,HINDCON,Chemicals,"Metals, Mining & Chemicals",2021-07-05,EQ,,,,,pre_listing,2021-06-30,2021-08-14 17:24:02,3.0,inc,consolidated,52.8948,4.8012,non_financial,0.7606474820143885,2021-12-31,0.7409259259259259,,,,0.7606474820143885,xbrl_post_quarter,2021-07-05,,0.6287425149700598,0.04655826121028439,0.5821842537597754,0.5568862275449102,0.10381685547347685,0.4530693720714334,0.658682634730539,0.15523261844122027,0.5034500162893187,0.3532934131736529,-0.0392403166883708,0.39253372986202373,-0.1123188405797102,0.11270643402647362,-0.22502527460618382,-0.0905797101449275,0.07451542777796738,-0.16509513792289487,-0.03985507246376818,0.019826771832781143,-0.059681844296549325,,,,,,,,7,,-0.10929535034287752,-0.01029620113782348,,,,,,,,,,,,,,,,,,,,,,,2021.0
SARVESHWAR,Sarveshwar Foods Limited,SME,2018-03-05,2018-03-07,2022-12-08,83 to 85,70.0,sme,,,,,,,,,,,,,,,,,,,,,,,,,False,1960.0,,SARVESHWAR,Food & Beverages,Consumer & FMCG,2022-12-08,EQ,,,,,post_listing,2022-12-31,2023-02-15 19:02:02,9.0,ytd,consolidated,746.0210666666667,7.976,non_financial,2.51125,2023-03-31,,213.6101,2023-03-31,2023-06-01 03:52:02,2.51125,xbrl_post_quarter,2022-12-08,,0.03508771929824572,-0.03847922969989381,0.07356694899813954,-0.03508771929824561,-0.0618407065172949,0.026752987219049285,-0.1228070175438597,0.05332611006623589,-0.17613312761009559,0.6666666666666665,0.4026852154714202,0.2639814511952463,-0.12727272727272732,0.05820422324579755,-0.18547695051852486,0.47272727272727266,0.26072533675572496,0.2120019359715477,3.909090909090909,0.6498719322192432,3.259218976871666,,,,,,,,8,,-0.1088342164026268,-0.021971743572119506,,,,,,,,,,,,,,,,,,,,,,,2022.0
UNIINFO,Uniinfo Telecom Services Limited,SME,2018-03-05,2018-03-07,2022-01-12,55,43.0,sme,,,,,,,,,,,,,,,,,,,,,,,,,False,2379.0,,UNIINFO,Telecom,Services & Others,2022-01-12,EQ,,,,,pre_listing,2021-12-31,2022-02-15 15:26:14,9.0,ytd,consolidated,41.9564,-5.454666666666666,non_financial,1.071132075471698,2022-12-31,1.0709424083769634,30.099,2022-03-31,2022-05-31 15:44:24,1.071132075471698,xbrl_post_quarter,2022-01-12,,-0.26735218508997427,-0.06764247232167586,-0.1997097127682984,-0.2506426735218509,-0.050673558516762585,-0.1999691150050883,-0.4370179948586118,-0.18489460618809117,-0.25212338867052064,-0.3097686375321336,-0.08495630249651431,-0.22481233503561926,-0.15183246073298418,-0.08968519616981596,-0.062147264563168214,-0.055846422338568846,-0.05089611049911025,-0.004950311839458599,-0.3403141361256544,-0.03596623167528168,-0.30434790445037274,,,,,,,,8,,-0.1088342164026268,-0.021971743572119506,,,,,,,,,,,,,,,,,,,,,,,2022.0
MACPOWER,Macpower CNC Machines Limited,SME,2018-03-12,2018-03-14,2020-08-19,126 to 140,50.35,sme,,,,,,,,,,,,,,,,,,,,,,,,,False,1342.0,,MACPOWER,,Energy,2020-08-19,EQ,,,,,post_listing,2020-09-30,2020-11-14 15:44:03,6.0,ytd,standalone,56.5,2.68,non_financial,1.0,2020-12-31,,,,,1.0,xbrl_post_quarter,2020-08-19,,0.8088512241054613,0.07097891581884008,0.7378723082866212,0.1694915254237288,0.08933553197888489,0.08015599344484392,0.911487758945386,0.40503821702290943,0.5064495419224766,2.4058380414312617,0.7677732491210607,1.638064792310201,0.6344605475040257,0.2898121614288296,0.3446483860751961,0.6070853462157808,0.5054885421327722,0.10159680408300864,2.219806763285024,0.8412940202024048,1.378512743082619,,,,,,,,9,,-0.14971922360371548,-0.04223712860750972,,,,,,,,,,,,,,,,,,,,,,,2020.0
MDL,Marvel Decor Limited,SME,2018-03-12,2018-03-15,2018-03-23,57,57.0,sme,,,,,,,,,,,,,,,,,,,,,,,,,False,3091.0,,MDL,Building Materials,Real Estate & Construction,2018-03-23,ST,,,,,,,,,,,,,,,,,,,,,,,,,,,,,,,,,,,,,,,,,,,,,,,,,,,,9,,-0.14971922360371548,-0.04223712860750972,,,,,,,,,,,,,,,,,,,,,,,2018.0
BDL,Bharat Dynamics Limited,EQ,2018-03-13,2018-03-15,2018-03-23,Rs 413 to Rs 428,428.0,mainboard,,,,,,,,,,,,,,,,,,,,,,,,,False,319.0,,BDL,Capital Goods,Industrials & Infrastructure,2018-03-23,EQ,,,,,post_listing,2018-03-31,2018-06-26 19:43:44,12.0,ytd,standalone,4587.5975,528.1516,non_financial,18.344484304932735,2018-06-30,,1956.3799,2018-03-31,2018-06-26 19:43:44,18.344484304932735,xbrl_post_quarter,2018-03-23,,0.04720369420215498,0.0605030831849076,-0.013299388982752625,-0.018214468958440255,-0.04739713607808593,0.029182667119645678,-0.22832221652129292,-0.12276477131705688,-0.10555744520423604,-0.27347357619291945,-0.1173860764784177,-0.15608749971450175,-0.25306339904102293,-0.10920257756215135,-0.14386082147887158,-0.24986680873734668,-0.08399997916279589,-0.1658668295745508,-0.2067128396377197,-0.130168277787714,-0.07654456185000569,,,,,,,,9,,-0.14599844086518765,-0.050800014685905226,,,,,,,,,,,,,,,,,,,,,,,2018.0
TARACHAND,Tara Chand Logistic Solutions Limited,SME,2018-03-13,2018-03-15,2018-03-23,55,55.0,sme,,,,,,,,,,,,,,,,,,,,,,,,,False,2237.0,,TARACHAND,Logistics,Services & Others,2024-04-16,EQ,,,,,post_listing,2023-09-30,2024-04-30 19:51:44,6.0,ytd,standalone,162.3524,12.9554,non_financial,1.4064397905759163,2023-09-30,,,,,1.4064397905759163,xbrl_post_quarter,2018-03-23,,0.020408163265306145,0.0605030831849076,-0.04009491991960146,-0.10204081632653061,-0.04739713607808593,-0.05464368024844468,-0.4744897959183674,-0.12276477131705688,-0.3517250246013105,-0.2551020408163266,-0.1173860764784177,-0.1377159643379089,0.2738095238095237,0.12472236945054394,0.1490871543589798,0.3392857142857142,0.12006259306933198,0.2192231212163822,-0.11011904761904767,-0.04214621034299981,-0.06797283727604786,,,,,,,,9,,-0.14599844086518765,-0.050800014685905226,,,,,,,,,,,,,,,,,,,,,,,2018.0
BANDHANBNK,Bandhan Bank Limited,EQ,2018-03-15,2018-03-19,2018-03-27,Rs 370 to Rs 375,375.0,mainboard,,,,,,,,,,,,,,,,,,,,,,,,,False,299.0,,BANDHANBNK,,Financial Services,2018-03-27,EQ,,,,,,,,,,,,,,,,,,,,,,2018-03-27,,0.06207402747195134,0.044728846910665254,0.01734518056128609,0.09856348956694982,-0.09343880362062174,0.19200229318757156,0.18538324420677355,-0.19243762298307754,0.3778208671898511,0.15382195659012265,-0.1446831955922866,0.29850515218240925,,,,,,,,,,,,,,,,,9,,-0.13571872150945385,-0.04904695929787117,,,,,,,,,,,,,,,,,,,,,,,2018.0
HAL,Hindustan Aeronautics Limited,EQ,2018-03-16,2018-03-20,2018-03-28,Rs 1215 to Rs 1240,1215.0,mainboard,,,,,,,,,,,,,,,,,,,,,,,,,False,894.0,,HAL,Aviation,Services & Others,2018-03-28,EQ,,,,,post_listing,2018-03-31,2018-06-29 15:40:03,12.0,ytd,consolidated,18624.27,2070.41,non_financial,33.445269016697594,2018-06-30,,12058.97,2018-03-31,2018-06-29 15:40:03,33.445269016697594,xbrl_post_quarter,2018-03-28,,-0.00741525423728806,0.06920307073078158,-0.07661832496806964,-0.255031779661017,-0.0961373472687782,-0.15889443239223877,-0.29149011299435024,-0.1812713488826022,-0.11021876411174802,-0.37164548022598876,-0.13757690381800136,-0.2340685764079874,-0.06499708794408843,-0.11936977002954419,0.05437268208545576,-0.08048922539312753,-0.08317026464217325,0.0026810392490457247,-0.20978450786255098,-0.12850684888502872,-0.08127765897752226,,,,,,,,8,,-0.1271844403630935,-0.030890704474134778,,,,,,,,,,,,,,,,,,,,,,,2018.0
KARDA,Karda Constructions Limited,EQ,2018-03-16,2018-03-21,2018-04-02,Rs 175 to Rs 180,180.0,mainboard,,,,,,,,,,,,,,,,,,,,,,,,,False,,,,,,,,,,,,,,,,,,,,,,,,,,,,,,,,,,,,,,,,,,,,,,,,,,,,,,,,,,,8,,-0.1271844403630935,-0.030890704474134778,,,,,,,,,,,,,,,,,,,,,,,2018.0
URAVI,Uravi T and Wedge Lamps Limited,SME,2018-03-16,2018-03-20,2023-07-05,100,265.0,sme,,,,,,,,,,,,,,,,,,,,,,,,,False,,,,,,,,,,,,,,,,,,,,,,,,,,,,,,,,,,,,,,,,,,,,,,,,,,,,,,,,,,,8,,-0.1271844403630935,-0.030890704474134778,,,,,,,,,,,,,,,,,,,,,,,2023.0
GIRIRAJ,Giriraj Civil Developers Limited,SME,2018-03-19,2018-03-21,2018-04-02,100,100.0,sme,,,,,,,,,,,,,,,,,,,,,,,,,False,3090.0,,GIRIRAJ,Engineering,Industrials & Infrastructure,2018-04-02,SM,,,,,,,,,,,,,,,,,,,,,,,,,,,,,,,,,,,,,,,,,,,,,,,,,,,,7,,-0.13836396548762608,-0.03540434318915697,,,,,,,,,,,,,,,,,,,,,,,2018.0
MITTAL,Mittal Life Style Limited,SME,2018-03-19,2018-03-21,2020-04-29,21,103.0,sme,,,,,,,,,,,,,,,,,,,,,,,,,False,1447.0,,MITTAL,Other Services,Services & Others,2020-04-29,EQ,,,,,post_listing,2020-09-30,2020-11-06 11:44:11,6.0,ytd,standalone,23.1156,0.1346,non_financial,3.034736842105263,2023-03-31,,,,,3.034736842105263,xbrl_post_quarter,2020-04-29,,0.2789473684210526,0.017100444221637146,0.26184692419941547,-0.5736842105263158,0.2022531367060756,-0.7759373472323914,-0.8526315789473684,0.4089345643425102,-1.2615661432898786,-0.9052631578947369,1.051176003676317,-1.956439161571054,-0.04761904761904767,0.3071403829976742,-0.3547594306167219,-0.1428571428571429,0.5082982829432432,-0.6511554258003861,0.0,0.9366420901578505,-0.9366420901578505,,,,,,,,7,,-0.13836396548762608,-0.03540434318915697,,,,,,,,,,,,,,,,,,,,,,,2020.0
SANDHAR,Sandhar Technologies Limited,EQ,2018-03-19,2018-03-21,2018-04-02,Rs 327 to Rs 332,332.0,mainboard,,,,,,,,,,,,,,,,,,,,,,,,,False,1945.0,,SANDHAR,,Technology,2018-04-02,EQ,,,,,pre_listing,2018-03-31,2018-06-21 11:54:04,12.0,ytd,consolidated,1984.1198,65.0208,non_financial,6.017307692307692,2018-06-30,5.131420289855072,719.593,2019-03-31,2019-09-07 13:45:32,6.017307692307692,xbrl_post_quarter,2018-04-02,,0.2325003880180041,0.037222512425750365,0.19527787559225374,0.19494024522737852,-0.0950096809811729,0.2899499262085514,-0.029799782709917677,-0.19317858360520357,0.1633788008952859,-0.1918361011950953,-0.14654096509529269,-0.045295136099802624,-0.19835338822039272,-0.08589445912940408,-0.11245892909098865,-0.19303356554781503,-0.12047321468927497,-0.07256035085854007,-0.2681443951868272,-0.13443462161071773,-0.13370977357610947,,,,,,,,7,,-0.13836396548762608,-0.03540434318915697,,,,,,,,,,,,,,,,,,,,,,,2018.0
CONTI,Continental Seeds and Chemicals Limited,SME,2018-03-21,2018-03-23,2018-04-04,26,26.0,sme,,,,,,,,,,,,,,,,,,,,,,,,,False,3089.0,,CONTI,Other Services,Services & Others,2018-04-04,SM,,,,,,,,,,,,,,,,,,,,,,,,,,,,,,,,,,,,,,,,,,,,,,,,,,,,7,,-0.1571581464793943,-0.06665652196814953,,,,,,,,,,,,,,,,,,,,,,,2018.0
KAPSTON,Kapston Facilities Management Limited,SME,2018-03-21,2018-03-23,2020-05-27,92,91.0,sme,,,,,,,,,,,,,,,,,,,,,,,,,False,1183.0,,KAPSTON,Other Services,Services & Others,2020-05-27,EQ,,,,,post_listing,2020-06-30,2020-08-15 13:58:02,3.0,inc,standalone,205.9156,8.75,non_financial,1.0127649769585254,2020-09-30,,50.9011,2021-03-31,2022-04-19 16:52:05,1.0127649769585254,xbrl_post_quarter,2020-05-27,,-0.012345679012345623,0.19902637506357634,-0.21137205407592197,-0.10339506172839497,0.4504250526774687,-0.5538201144058637,0.044753086419753174,0.55150766547991,-0.5067545790601569,-0.07407407407407407,1.3169076509481945,-1.3909817250222685,0.1252115059221659,0.10227236442978027,0.02293914149238563,0.1624365482233503,0.4331967431217072,-0.2707601948983569,-0.08967851099830804,0.8133574583577245,-0.9030359693560326,,,,,,,,7,,-0.1571581464793943,-0.06665652196814953,,,,,,,,,,,,,,,,,,,,,,,2020.0
MIDHANI,Mishra Dhatu Nigam Limited,EQ,2018-03-21,2018-03-23,2018-04-04,Rs 87 to Rs 90,90.0,mainboard,,,,,,,,,,,,,,,,,,,,,,,,,False,1438.0,,MIDHANI,Metals & Mining,"Metals, Mining & Chemicals",2018-04-04,EQ,,,,,pre_listing,2018-03-31,2018-06-26 14:05:02,12.0,ytd,standalone,666.078,131.262,non_financial,18.672727272727272,2018-09-30,18.716183574879228,834.709,2019-03-31,2019-05-29 18:26:00,18.672727272727272,xbrl_post_quarter,2018-04-04,,0.5998890122086573,0.021749061760849342,0.578139950447808,0.388457269700333,-0.10192699587283904,0.49038426557317205,0.2364039955604884,-0.22939187134858519,0.4657958669090736,0.48390677025527196,-0.15277823253986444,0.6366850027951364,-0.10277136258660513,-0.10920257756215135,0.006431214975546218,0.039645881447267106,-0.08399997916279589,0.123645860610063,-0.05927636643571976,-0.130168277787714,0.07089191135199424,,,,,,,,7,,-0.1571581464793943,-0.06665652196814953,,,,,,,,,,,,,,,,,,,,,,,2018.0
PENTAGLTD,Penta Gold Limited,SME,2018-03-23,2018-03-27,2018-04-25,37,37.0,sme,,,,,,,,,,,,,,,,,,,,,,,,,False,,,,,,,,,,,,,,,,,,,,,,,,,,,,,,,,,,,,,,,,,,,,,,,,,,,,,,,,,,,7,,-0.16444379847521906,-0.09383960416186032,,,,,,,,,,,,,,,,,,,,,,,2018.0
LEMONTREE,Lemon Tree Hotels Limited,EQ,2018-03-26,2018-03-28,2018-04-09,Rs 54 to Rs 56,56.0,mainboard,,,,,,,,,,,,,,,,,,,,,,,,,False,1299.0,,LEMONTREE,Hotels & Hospitality,Services & Others,2018-04-09,EQ,,,,,pre_listing,2018-03-31,2018-06-21 10:48:25,12.0,ytd,consolidated,484.2615,14.1943,non_financial,80.98142857142857,2018-09-30,80.58642857142856,,,,80.98142857142857,xbrl_post_quarter,2018-04-09,,0.01046755059316129,0.0022860454144841835,0.008181505178677106,0.015352407536636248,-0.12262426484753874,0.137976672384175,-0.0034891835310537633,-0.2409039815417381,0.23741479801068432,0.10816468946266578,-0.16868800410183604,0.2768526935645018,-0.04584717607973421,-0.08589445912940408,0.04004728304966987,-0.005980066445182786,-0.12047321468927497,0.11449314824409218,-0.09634551495016608,-0.13443462161071773,0.03808910666055165,,,,,,,,8,,-0.1780399825588309,-0.11585308656363424,,,,,,,,,,,,,,,,,,,,,,,2018.0
AVG,AVG Logistics Limited,SME,2018-03-28,2018-04-03,2023-05-12,105 to 107,168.0,sme,,,,,,,,,,,,,,,,,,,,,,,,,False,255.0,,AVG,Logistics,Services & Others,2023-05-12,BE,,,,,post_listing,2023-06-30,2023-08-14 23:34:03,3.0,inc,consolidated,401.366,10.1208,non_financial,1.1785616438356163,2023-09-30,,102.2208,2023-09-30,2023-11-11 20:09:50,1.1785616438356163,xbrl_post_quarter,2023-05-12,,0.27167481348083355,0.06524319765080766,0.2064316158300259,0.3712374581939799,0.18780002707402654,0.18343743111995336,0.4203756110110626,0.3230347901242283,0.09734082088683427,1.7790069462310267,0.6445284433475993,1.1344785028834274,0.027692307692307683,0.1395261757502071,-0.11183386805789941,0.7250000000000001,0.3302761184824936,0.3947238815175065,0.8278846153846153,0.5845051188525312,0.24337949653208413,,,,,,,,9,,-0.1606437376953873,-0.11207494213286517,,,,,,,,,,,,,,,,,,,,,,,2023.0
MMP,MMP Industries Limited,SME,2018-03-28,2018-04-04,2020-01-09,186 to 188,105.0,sme,,,,,,,,,,,,,,,,,,,,,,,,,False,1452.0,,MMP,Metals & Mining,"Metals, Mining & Chemicals",2020-01-09,EQ,,,,,post_listing,2020-03-31,2020-09-12 14:00:04,12.0,ytd,consolidated,241.8226,18.5727,non_financial,2.558070175438597,2020-06-30,,167.8886,2020-03-31,2020-09-12 14:00:04,2.558070175438597,xbrl_post_quarter,2020-01-09,,0.021226415094339535,0.040200506228597055,-0.01897409113425752,-0.48254716981132073,-0.3253461710258574,-0.15720099878546334,-0.3297169811320755,-0.1680976723410591,-0.16161930879101638,-0.11556603773584906,0.26242493423991253,-0.3779909719757616,0.05318527177089427,0.15754028074159643,-0.10435500897070216,0.037989479836352924,0.40540143698976094,-0.367411957153408,0.8030391583869083,0.7841285068227648,0.01891065156414351,,,,,,,,9,,-0.1606437376953873,-0.11207494213286517,,,,,,,,,,,,,,,,,,,,,,,2020.0
NARMADA,Narmada Agrobase Limited,SME,2018-03-28,2018-04-11,2022-10-27,32,22.0,sme,,,,,,,,,,,,,,,,,,,,,,,,,False,1514.0,,NARMADA,FMCG,Consumer & FMCG,2022-10-27,EQ,,,,,pre_listing,2022-09-30,2022-11-15 20:28:03,6.0,ytd,standalone,42.3004,0.7108,non_financial,1.3587500000000001,2023-03-31,,15.882,2023-03-31,2023-05-31 08:04:02,1.3587500000000001,xbrl_post_quarter,2022-10-27,,-0.06832298136645965,0.025775857021965054,-0.0940988383884247,-0.12422360248447217,-0.019431685729340287,-0.10479191675513189,-0.16770186335403725,0.007589587469197134,-0.17529145082323438,-0.26863354037267084,0.2912198159551649,-0.5598533563278357,0.028318584070796238,-0.03424359028870272,0.06256217435949896,-0.11061946902654862,0.03252157829839697,-0.1431410473249456,-0.16371681415929218,0.3825577192907861,-0.5462745334500783,,,,,,,,9,,-0.1606437376953873,-0.11207494213286517,,,,,,,,,,,,,,,,,,,,,,,2022.0
SONISOYA,Soni Soya Products Limited,SME,2018-03-28,2018-04-04,2018-04-12,25,25.0,sme,,,,,,,,,,,,,,,,,,,,,,,,,False,,,,,,,,,,,,,,,,,,,,,,,,,,,,,,,,,,,,,,,,,,,,,,,,,,,,,,,,,,,9,,-0.1606437376953873,-0.11207494213286517,,,,,,,,,,,,,,,,,,,,,,,2018.0
SSINFRA,S S Infrastructure Development Consultants Limited,SME,2018-03-28,2018-04-05,2018-04-12,37 to 40,,sme,,,,,,,,,,,,,,,,,,,,,,,,,False,,,,,,,,,,,,,,,,,,,,,,,,,,,,,,,,,,,,,,,,,,,,,,,,,,,,,,,,,,,9,,-0.1606437376953873,-0.11207494213286517,,,,,,,,,,,,,,,,,,,,,,,2018.0
VERA,Vera Synthetic Limited,SME,2018-03-28,2018-04-04,2018-04-12,40,40.0,sme,,,,,,,,,,,,,,,,,,,,,,,,,False,3088.0,,VERA,Manufacturing,Industrials & Infrastructure,2018-04-12,SM,,,,,,,,,,,,,,,,,,,,,,,,,,,,,,,,,,,,,,,,,,,,,,,,,,,,9,,-0.1606437376953873,-0.11207494213286517,,,,,,,,,,,,,,,,,,,,,,,2018.0
PIGL,Power and Instrumentation (Gujarat) Limited,SME,2018-04-11,2018-04-13,2018-04-23,33,33.0,sme,,,,,,,,,,,,,,,,,,,,,,,,,False,1705.0,,PIGL,,Energy,2023-05-17,EQ,,,,,post_listing,2023-03-31,2023-05-27 19:58:02,12.0,ytd,consolidated,94.26,3.638,non_financial,1.2770103092783505,2023-03-31,,,,,1.2770103092783505,xbrl_post_quarter,2018-04-23,,-0.07163323782234954,-0.07497386614982215,0.0033406283274726167,-0.5128939828080229,-0.1577018961435559,-0.355192086664467,-0.6561604584527221,-0.27585830443280934,-0.38030215401991274,,,,-0.5169712793733681,0.18262169694257402,-0.6995929763159421,-0.45822454308093996,0.3336418560182266,-0.7918663990991666,-0.05939947780678845,0.6221597266014363,-0.6815592044082247,,,,,,,,13,,-0.12911486066884248,-0.10536810086584025,,,,,,,,,,,,,,,,,,,,,,,2018.0
BSHSL,Bombay Super Hybrid Seeds Limited,SME,2018-04-12,2018-04-17,2020-10-28,60,92.0,sme,,,,,,,,,,,,,,,,,,,,,,,,,False,405.0,,BSHSL,Other Services,Services & Others,2020-10-28,EQ,,,,,pre_listing,2020-09-30,2020-11-23 11:00:33,6.0,ytd,standalone,182.6774,3.8722,non_financial,1.1805095541401274,2021-03-31,0.9398543689320388,28.9365,2021-03-31,2021-07-22 15:08:12,1.1805095541401274,xbrl_post_quarter,2020-10-28,,-0.03743315508021383,0.08948396484024634,-0.12691711992046018,0.4866310160427809,0.22781088676725592,0.258820129275525,,,,,,,,,,,,,,,,True,True,True,True,True,,,13,,-0.1290210483199662,-0.11348420987511532,,,,,,,,,,,,,,,,,,,,,,,2020.0
MAHICKRA,Mahickra Chemicals Limited,SME,2018-04-16,2018-04-18,2018-04-26,Rs. 24 to Rs. 25,,sme,,,,,,,,,,,,,,,,,,,,,,,,,False,3087.0,,MAHICKRA,Chemicals,"Metals, Mining & Chemicals",2018-04-26,SM,,,,,,,,,,,,,,,,,,,,,,,,,,,,,,,,,,,,,,,,,,,,,,,,,,,,13,,-0.12946500535126781,-0.12270472091803164,,,,,,,,,,,,,,,,,,,,,,,2018.0
AAKASH,Aakash Exploration Services Limited,SME,2018-04-17,2018-04-19,2020-09-29,56,53.0,sme,,,,,,,,,,,,,,,,,,,,,,,,,False,17.0,,AAKASH,Oil & Gas,Energy,2020-09-29,EQ,,,,,post_listing,2020-09-30,2020-11-05 18:58:06,6.0,ytd,standalone,57.475,3.1434,non_financial,0.9618691588785045,2020-12-31,,,,,0.9618691588785045,xbrl_post_quarter,2020-09-29,,0.01980198019801982,-0.005854438283630636,0.025656418481650456,0.40594059405940586,0.2113791897697186,0.19456140428968727,1.5940594059405941,0.41649433038613304,1.177565075554461,3.425742574257426,0.9138118787152205,2.5119306955422056,0.9905660377358492,0.31830151742504786,0.6722645203108013,1.858490566037736,0.49518538025061853,1.3633051857871175,3.0377358490566033,0.9390148165078356,2.0987210325487675,,,,,,,,13,,-0.12635466353077973,-0.12011385805270258,,,,,,,,,,,,,,,,,,,,,,,2020.0
GODHA,Godha Cabcon and Insulation Limited,SME,2018-04-27,2018-05-03,2018-05-11,30 to 33,,sme,,,,,,,,,,,,,,,,,,,,,,,,,False,,,,,,,,,,,,,,,,,,,,,,,,,,,,,,,,,,,,,,,,,,,,,,,,,,,,,,,,,,,12,,-0.1268884690088924,-0.10491068707356754,,,,,,,,,,,,,,,,,,,,,,,2018.0
SOFTTECH,SoftTech Engineers Limited,SME,2018-04-27,2018-05-03,2022-02-25,78 to 80,131.0,sme,,,,,,,,,,,,,,,,,,,,,,,,,False,2104.0,,SOFTTECH,Software,Technology,2022-02-25,EQ,,,,,post_listing,2022-03-31,2022-05-27 21:04:03,12.0,ytd,consolidated,57.4567,4.7811,non_financial,1.0125714285714287,2022-06-30,,87.038,2022-09-30,2022-11-11 12:28:14,1.0125714285714287,xbrl_post_quarter,2022-02-25,,-0.19663799843627838,0.06594291678010711,-0.2625809152163855,-0.202501954652072,-0.009591387603230861,-0.19291056704884113,0.11806098514464414,0.05656706597694883,0.06149391916769531,0.29476153244722436,0.024038025229149662,0.2707235072180747,0.2615235322658904,0.06833614815677613,0.1931873841091143,0.4119359534206697,0.12411041872925277,0.2878255346914169,0.35953420669577874,0.17305340399510794,0.1864808027006708,,,,,,,,12,,-0.1268884690088924,-0.10491068707356754,,,,,,,,,,,,,,,,,,,,,,,2022.0
E2E,E2E Networks Limited,SME,2018-05-03,2018-05-07,2022-04-12,57,124.0,sme,,,,,,,,,,,,,,,,,,,,,,,,,False,640.0,,E2E,IT Services,Technology,2022-04-12,BE,,,,,pre_listing,2022-03-31,2022-05-28 13:56:04,12.0,ytd,standalone,51.8734,6.451,non_financial,1.4365573770491802,2022-09-30,1.4469503546099292,43.9174,2022-09-30,2022-11-04 16:26:13,1.4365573770491802,xbrl_post_quarter,2022-04-12,,-0.08029197080291972,-0.14538126450352173,0.06508929370060201,-0.007299270072992692,-0.1440021577168913,0.1367028876438986,0.27007299270072993,-0.06203436062370227,0.3321073533244322,0.27007299270072993,-0.06889427187232844,0.33896726457305837,0.6147540983606559,0.06833614815677613,0.5464179502038797,0.4918032786885247,0.12411041872925277,0.3676928599592719,0.3606557377049182,0.17305340399510794,0.18760233370981028,,,,,,,,10,,-0.1237160260560497,-0.08991507037672863,,,,,,,,,,,,,,,,,,,,,,,2022.0
FIVECORE,Five Core Electronics Limited,SME,2018-05-09,2018-05-11,2018-05-21,140,140.0,sme,,,,,,,,,,,,,,,,,,,,,,,,,False,,,,,,,,,,,,,,,,,,,,,,,,,,,,,,,,,,,,,,,,,,,,,,,,,,,,,,,,,,,10,,-0.12501486463274458,-0.057176091370124804,,,,,,,,,,,,,,,,,,,,,,,2018.0
SIRCA,Sirca Paints India Limited,SME,2018-05-16,2018-05-22,2019-07-22,151 to 160,202.0,sme,,,,,,,,,,,,,,,,,,,,,,,,,False,2085.0,,SIRCA,Chemicals,"Metals, Mining & Chemicals",2019-07-22,EQ,,,,,post_listing,2019-09-30,2019-11-13 18:36:04,6.0,ytd,standalone,139.0238,32.4112,non_financial,2.744504132231405,2019-12-31,,,,,2.744504132231405,xbrl_post_quarter,2019-07-22,,-0.09960159362549803,-0.09553703699823368,-0.0040645566272643485,-0.06972111553784865,-0.01555824230626579,-0.054162873231582864,0.27091633466135456,0.1055466967284735,0.16536963793288106,0.08565737051792821,-0.10157174916551259,0.1872291196834408,0.446742957746479,0.10315223124802197,0.343590726498457,-0.24779929577464788,-0.292646903681823,0.044847607907175124,0.08274647887323949,0.0925625065935225,-0.009816027720283005,,,,,,,,9,,-0.16019845936339738,-0.0658448794583083,,,,,,,,,,,,,,,,,,,,,,,2019.0
SUULD,Suumaya Lifestyle Limited,SME,2018-05-22,2018-05-25,2020-10-19,18,55.0,sme,,,,,,,,,,,,,,,,,,,,,,,,,False,,,,,,,,,,,,,,,,,,,,,,,,,,,,,,,,,,,,,,,,,,,,,,,,,,,,,,,,,,,9,,-0.18963307479883196,-0.10490782145734334,,,,,,,,,,,,,,,,,,,,,,,2020.0
LATTEYS,Latteys Industries Limited,SME,2018-05-23,2018-05-28,2023-05-23,66,35.0,sme,,,,,,,,,,,,,,,,,,,,,,,,,False,1289.0,,LATTEYS,Capital Goods,Industrials & Infrastructure,2023-05-23,EQ,,,,,post_listing,2023-06-30,2023-08-14 14:20:04,3.0,inc,consolidated,72.4,3.64,non_financial,2.7616666666666667,2023-09-30,,18.0619,2023-09-30,2023-11-11 20:06:11,2.7616666666666667,xbrl_post_quarter,2023-05-23,,0.02564102564102555,0.08291647173138506,-0.057275446090359505,-0.01953601953601969,0.1834619477761954,-0.2029979673122151,-0.14529914529914534,0.32602604506732336,-0.4713251903664687,-0.6068376068376069,0.6218324087831408,-1.2286700156207477,-0.021428571428571463,0.1395261757502071,-0.16095474717877856,-0.4357142857142857,0.3302761184824936,-0.7659904041967793,-0.46399999999999997,0.5845051188525312,-1.0485051188525312,,,,,,,,9,,-0.1803179049456285,-0.08233619961510064,,,,,,,,,,,,,,,,,,,,,,,2023.0
SVLL,Shree Vasu Logistics Limited,SME,2018-05-23,2018-05-25,2023-04-21,45,127.0,sme,,,,,,,,,,,,,,,,,,,,,,,,,False,2213.0,,SVLL,Logistics,Services & Others,2023-04-21,BE,,,,,pre_listing,2023-03-31,2023-05-31 19:08:03,12.0,ytd,standalone,100.509,2.0473,non_financial,1.1462264150943395,2023-09-30,1.1437430167597764,30.455,2023-09-30,2023-11-11 20:39:39,1.1462264150943395,xbrl_post_quarter,2023-04-21,,0.21067221067221054,0.06512572830420127,0.14554648236800927,0.23319473319473305,0.21682108906119946,0.016373644133533594,0.1295911295911294,0.3066105927191485,-0.17701946312801908,0.4986139986139986,0.7319950059140492,-0.23338100730005062,-0.05544087289884991,0.19367505890238967,-0.2491159318012396,0.00855204954290767,0.3495325326276717,-0.34098048308476403,0.3329401356531996,0.575322524974113,-0.24238238932091338,,,,,,,,9,,-0.1803179049456285,-0.08233619961510064,,,,,,,,,,,,,,,,,,,,,,,2023.0
DSML,Debock Sales and Marketing Limited,SME,2018-05-24,2018-05-28,2018-06-05,20,20.0,sme,,,,,,,,,,,,,,,,,,,,,,,,,False,,,,,,,,,,,,,,,,,,,,,,,,,,,,,,,,,,,,,,,,,,,,,,,,,,,,,,,,,,,9,,-0.18272267219851224,-0.07528640347795412,,,,,,,,,,,,,,,,,,,,,,,2018.0
SORICH,Sorich Foils Limited,SME,2018-05-24,2018-05-25,,16,16.0,sme,,,,,,,,,,,,,,,,,,,,,,,,,False,,,,,,,,,,,,,,,,,,,,,,,,,,,,,,,,,,,,,,,,,,,,,,,,,,,,,,,,,,,9,,-0.18272267219851224,-0.07528640347795412,,,,,,,,,,,,,,,,,,,,,,,
SONAMCLOCK,Sonam Clock Limited,SME,2018-06-01,2018-06-06,2022-04-07,36,75.0,sme,,,,,,,,,,,,,,,,,,,,,,,,,False,,,,,,,,,,,,,,,,,,,,,,,,,,,,,,,,,,,,,,,,,,,,,,,,,,,,,,,,,,,8,,-0.16893357821439425,-0.07135759707193334,,,,,,,,,,,,,,,,,,,,,,,2022.0
OSWALSEEDS,Shreeoswal Seeds and Chemicals Limited,SME,2018-06-07,2018-06-12,2023-02-28,25 to 26,348.0,sme,,,,,,,,,,,,,,,,,,,,,,,,,False,1649.0,,OSWALSEEDS,Other Services,Services & Others,2023-02-28,EQ,,,,,post_listing,2023-03-31,2023-05-16 19:28:03,12.0,ytd,consolidated,272.3308,5.7065,non_financial,1.5238345864661653,2023-06-30,,44.3652,2023-03-31,2023-05-16 19:28:03,1.5238345864661653,xbrl_post_quarter,2023-02-28,,-0.15600624024960985,-0.015267560495957566,-0.14073867975365228,0.020280811232449514,0.12853885243972818,-0.10825804120727867,-0.23946957878315123,0.36033683880257517,-0.5998064175857264,-0.38767550702028075,0.678546416185295,-1.0662219232055756,-0.05700325732899025,0.16792031528147944,-0.2249235726104697,-0.1359934853420196,0.3308757704536802,-0.4668692557956998,-0.5464169381107491,0.6306401325334678,-1.177057070644217,,,,,,,,8,,-0.2114015036401834,-0.09252287565798867,,,,,,,,,,,,,,,,,,,,,,,2023.0
ACCURACY,Accuracy Shipping Limited,SME,2018-06-11,2018-06-14,2020-12-11,81 to 84,27.0,sme,,,,,,,,,,,,,,,,,,,,,,,,,False,45.0,,ACCURACY,Logistics,Services & Others,2020-12-11,BE,,,,,post_listing,2020-12-31,2021-02-13 23:22:03,9.0,ytd,consolidated,319.9533333333333,6.097333333333333,non_financial,1.5068100358422938,2021-03-31,,68.565,2021-03-31,2021-07-01 19:28:09,1.5068100358422938,xbrl_post_quarter,2020-12-11,,0.24193548387096775,0.08731938110054971,0.15461610277041804,0.7096774193548385,0.2206981799582286,0.4889792393966099,1.6451612903225805,0.4152678913942287,1.2298933989283518,5.048387096774193,0.5660202037423809,4.482366893031812,0.14814814814814814,0.16357236216730042,-0.015424214019152283,1.1203703703703702,0.26525368346007605,0.8551166869102942,3.5740740740740735,0.3446040280418252,3.2294700460322483,,,,,,,,7,,-0.1884848645006144,-0.049170201566708926,,,,,,,,,,,,,,,,,,,,,,,2020.0
PRITI,Priti International Limited,SME,2018-06-11,2018-06-13,2022-03-02,75,66.0,sme,,,,,,,,,,,,,,,,,,,,,,,,,False,1767.0,,PRITI,Manufacturing,Industrials & Infrastructure,2022-03-02,BE,,,,,post_listing,2022-03-31,2022-05-28 17:52:02,12.0,ytd,standalone,57.2543,4.375,non_financial,1.0374342105263157,2022-06-30,,22.025,2022-03-31,2022-05-28 17:52:02,1.0374342105263157,xbrl_post_quarter,2022-03-02,,-0.03982621288921073,0.07956930120860495,-0.11939551409781568,0.22737146994931212,-0.024099157230869417,0.25147062718018154,1.8544532947139754,0.05794458596581786,1.7965087087481575,1.2346125995655326,0.030635948423875847,1.2039766511416568,1.4101671309192203,0.06833614815677613,1.3418309827624442,0.912256267409471,0.12411041872925277,0.7881458486802182,1.5661559888579388,0.17305340399510794,1.393102584862831,,,,,,,,7,,-0.1884848645006144,-0.049170201566708926,,,,,,,,,,,,,,,,,,,,,,,2022.0
FINEORG,Fine Organic Industries Limited,EQ,2018-06-20,2018-06-22,2018-07-02,Rs 780 to Rs 783,783.0,mainboard,,,,,,,,,,,,,,,,,,,,,,,,,False,737.0,,FINEORG,Chemicals,"Metals, Mining & Chemicals",2018-07-02,EQ,,,,,pre_listing,2018-06-30,2018-08-24 23:40:02,3.0,inc,standalone,960.4744,148.2776,non_financial,3.0654202898550724,2018-09-30,3.0661207609594707,500.2691,2019-03-31,2019-06-24 17:59:41,3.0654202898550724,xbrl_post_quarter,2018-07-02,,0.006016042780748743,0.036492505816407395,-0.030476463035658652,0.2417963052989791,-0.11936977002954419,0.3611660753285233,0.42756441419543023,-0.08317026464217325,0.5107346788376035,0.7162129314535732,-0.12850684888502872,0.844719780338602,0.15300912794595445,-0.1543000072596239,0.30730913520557834,0.18137280181527538,-0.1902961926572203,0.3716689944724957,0.5377752565623228,-0.2567052526679118,0.7944805092302346,,,,,,,,7,,-0.2052561341384459,-0.05715217275443385,2400.2240869565217,False,33.0,16.18736806474155,20.057709770001786,23.0,-0.21438241803721705,0.30434782608695654,4.797865962452052,2.965551046664827,16.0,0.4811083622392679,0.8125,2.4989985021532295,1.5013313665655712,24.0,0.5095377603198058,0.7916666666666666,0.4811083622392679,above,industry,"ASIANPAINT,PIIND,JSWDULUX,BASF,CHAMBLFERT,AARTIIND,GSFC,GUJALKALI",2018.0
RITES,RITES Limited,EQ,2018-06-20,2018-06-22,2018-07-02,Rs 180 to Rs 185,185.0,mainboard,,,,,,,,,,,,,,,,,,,,,,,,,False,1865.0,,RITES,Engineering,Industrials & Infrastructure,2018-07-02,EQ,,,,,pre_listing,2018-06-30,2018-09-06 11:08:03,3.0,inc,standalone,1240.16,328.2,non_financial,19.991438356164384,2018-09-30,20.01219512195122,2422.1,2019-03-31,2019-09-07 17:49:32,19.991438356164384,xbrl_post_quarter,2018-07-02,,0.17116060961313018,0.036492505816407395,0.13466810379672278,0.13188745603751473,-0.11936977002954419,0.2512572260670589,0.21922626025791336,-0.08317026464217325,0.3023965249000866,0.34114888628370466,-0.12850684888502872,0.4696557351687334,0.04980842911877392,-0.146981289995189,0.19678971911396292,0.02346743295019138,-0.11225508610292811,0.1357225190531195,0.13649425287356332,-0.2307495864555118,0.3672438393290751,,,,,,,,7,,-0.2052561341384459,-0.05715217275443385,3698.416095890411,False,20.0,11.268787616972611,19.116961073101706,15.0,-0.5285392091684653,0.13333333333333333,1.5269460781513609,2.4213965667275246,11.0,-0.4610747540682136,0.36363636363636365,2.9822088245794176,1.529392470867546,18.0,0.66779366357029,0.7777777777777778,-0.4610747540682136,below,industry,"AIAENG,KEC,IRB,SADBHIN,PNCINFRA,NESCO,TRITURBINE,HCC",2018.0
BRIGHT,Bright Solar Limited,SME,2018-06-26,2018-06-29,2018-07-09,36,36.0,sme,,,,,,,,,,,,,,,,,,,,,,,,,False,,,,,,,,,,,,,,,,,,,,,,,,,,,,,,,,,,,,,,,,,,,,,,,,,,,,,,,,,,,5,,-0.21699853335623598,-0.04739713607808593,,,,,,,,,,,,,,,,,,,,,,,2018.0
VARROC,Varroc Engineering Limited,EQ,2018-06-26,2018-06-28,2018-07-06,Rs 965 to Rs 967,967.0,mainboard,,,,,,,,,,,,,,,,,,,,,,,,,False,2414.0,,VARROC,Auto Components,Automobile & Mobility,2018-07-06,EQ,,,,,post_listing,2018-09-30,2018-11-22 22:20:08,6.0,ytd,consolidated,11856.15,398.9886,non_financial,13.483866666666668,2018-12-31,,3087.102,2019-03-31,2019-06-24 11:31:40,13.483866666666668,xbrl_post_quarter,2018-07-06,,-0.04386176314647894,0.046028482955007055,-0.089890246101486,-0.23314214103243835,-0.13481079081090153,-0.09833135022153683,-0.2962356003277582,-0.09052337473049776,-0.20571222559726043,-0.5709259170000481,-0.1397020303225729,-0.43122388667747524,-0.12919097490686715,-0.05206546758791164,-0.07712550731895551,-0.2673789273915794,0.06612664446343608,-0.3335055718550155,-0.406902368735503,-0.06493173777762995,-0.34197063095787306,,,,,,,,5,,-0.21699853335623598,-0.04739713607808593,13038.899066666667,False,43.0,32.67987874006091,26.05208356216798,30.0,0.22666181126694634,0.7666666666666667,4.223669663868142,3.2235174400586493,25.0,0.27023120272871376,0.76,1.0997582745382495,1.2046180160548094,32.0,-0.09107211232724523,0.5,0.22666181126694634,above,industry,"MRF,BHARATFORG,EXIDEIND,BALKRISIND,APOLLOTYRE,SUNDRMFAST,ARE&M,UNOMINDA",2018.0
GANGAFORGE,Ganga Forging Limited,SME,2018-06-29,2018-07-03,2021-07-06,21,93.0,sme,,,,,,,,,,,,,,,,,,,,,,,,,False,772.0,,GANGAFORGE,Auto Components,Automobile & Mobility,2021-07-06,EQ,,,,,pre_listing,2021-06-30,2021-08-09 11:36:12,3.0,inc,standalone,21.2396,1.4988,non_financial,11.081666666666667,2021-12-31,,11.6496,2022-03-31,2022-05-25 10:40:32,11.081666666666667,xbrl_post_quarter,2021-07-06,,0.17766497461928932,0.04638742303035914,0.13127755158893017,0.5888324873096447,0.1001488707257594,0.48868361658388526,1.0710659898477157,0.1625761007455122,0.9084898891022035,-0.40609137055837563,-0.024137911059878503,-0.3819534594984971,0.3719008264462811,0.11786533608625827,0.2540354903600228,0.7066115702479339,0.12193737095664137,0.5846741992912925,-0.4669421487603306,0.0405425556320258,-0.5074847043923564,,,,,,,,4,,-0.2510920550189607,-0.0961373472687782,,,,,,,,,,,,,,,,,,,,,,,2021.0
JAKHARIA,Jakharia Fabric Limited,SME,2018-06-29,2018-07-03,2018-07-11,180,180.0,sme,,,,,,,,,,,,,,,,,,,,,,,,,False,3086.0,,JAKHARIA,Manufacturing,Industrials & Infrastructure,2018-07-11,ST,,,,,,,,,,,,,,,,,,,,,,,,,,,,,,,,,,,,,,,,,,,,,,,,,,,,4,,-0.2510920550189607,-0.0961373472687782,,,,,,,,,,,,,,,,,,,,,,,2018.0
REPL,Rudrabhishek Enterprises Limited,SME,2018-06-29,2018-07-05,2020-12-14,41,96.0,sme,,,,,,,,,,,,,,,,,,,,,,,,,False,1851.0,,REPL,Engineering,Industrials & Infrastructure,2020-12-14,BE,,,,,post_listing,2020-12-31,2021-02-10 17:04:10,9.0,ytd,consolidated,56.047066666666666,8.002933333333333,non_financial,1.674334862385321,2021-03-31,,,,,1.674334862385321,xbrl_post_quarter,2020-12-14,,0.4491737606409614,0.07574501911172749,0.3734287415292339,1.022033049574362,0.21412745661806976,0.8079055929562922,1.5503254882323487,0.3938453472245711,1.1564801410077776,1.0120180270405612,0.5728528904373709,0.43916513660319034,0.11517010596765176,0.1542322966400429,-0.03906219067239114,0.3031232571109872,0.3031918849374562,-6.862782646899213e-05,0.19854991634132735,0.39370547201523043,-0.19515555567390308,,,,,,,,4,,-0.2510920550189607,-0.0961373472687782,,,,,,,,,,,,,,,,,,,,,,,2020.0
AMBANIORG,Ambani Organics Limited,SME,2018-07-06,2018-07-10,2018-07-18,66,66.0,sme,,,,,,,,,,,,,,,,,,,,,,,,,False,,,,,,,,,,,,,,,,,,,,,,,,,,,,,,,,,,,,,,,,,,,,,,,,,,,,,,,,,,,3,,-0.23976454421732762,-0.12552320968815645,,,,,,,,,,,,,,,,,,,,,,,2018.0
AVONMPL,Avon Moldplast Limited,SME,2018-07-12,2018-07-18,2018-07-26,51,51.0,sme,,,,,,,,,,,,,,,,,,,,,,,,,False,,,,,,,,,,,,,,,,,,,,,,,,,,,,,,,,,,,,,,,,,,,,,,,,,,,,,,,,,,,3,,-0.21836872217010428,-0.10006146019691597,,,,,,,,,,,,,,,,,,,,,,,2018.0
TCNSBRANDS,TCNS Clothing Co. Limited,EQ,2018-07-18,2018-07-20,2018-07-30,Rs.714 to Rs.716,716.0,mainboard,,,,,,,,,,,,,,,,,,,,,,,,,False,,,,,,,,,,,,,,,,,,,,,,,,,,,,,,,,,,,,,,,,,,,,,,,,,,,,,,,,,,,3,,-0.24465996326784079,-0.13423595335453575,,,,,,,,,,,,,,,,,,,,,,,2018.0
UCL,Ushanti Colour Chem Limited,SME,2018-07-23,2018-07-25,2018-08-02,60,60.0,sme,,,,,,,,,,,,,,,,,,,,,,,,,False,3084.0,,UCL,Chemicals,"Metals, Mining & Chemicals",2018-08-02,ST,,,,,,,,,,,,,,,,,,,,,,,,,,,,,,,,,,,,,,,,,,,,,,,,,,,,3,,-0.2558143836792939,-0.1577018961435559,,,,,,,,,,,,,,,,,,,,,,,2018.0
HDFCAMC,HDFC Asset Management Company Limited,EQ,2018-07-25,2018-07-27,2018-08-06,Rs.1095 to Rs.1100,1100.0,mainboard,,,,,,,,,,,,,,,,,,,,,,,,,False,920.0,,HDFCAMC,Asset Management,Financial Services,2018-08-06,EQ,,,,,pre_listing,2018-06-30,2018-09-04 19:34:02,3.0,inc,standalone,1884.92,821.04,non_financial,21.245414847161573,2018-12-31,21.16082474226804,,,,21.245414847161573,xbrl_post_quarter,2018-08-06,,-0.07158590308370039,-0.0012148700089089637,-0.07037103307479142,-0.2285242290748899,-0.14074310375320453,-0.08778112532168536,-0.27037444933920707,-0.2036651057928638,-0.06670934354634328,0.2637665198237886,-0.25189627158873584,0.5156627914125245,-0.09453032104637338,-0.16696097048695768,0.0724306494405843,-0.10344827586206895,-0.09957177545922213,-0.0038765004028468164,0.5707491082045184,-0.2381164777408118,0.8088655859453302,,,,,,,,3,,-0.23256213416487193,-0.1195988613385639,23369.95633187773,False,7.0,28.463846258255053,15.223084705218177,6.0,0.6258217232853385,0.6666666666666666,,,4.0,,,12.398381009208734,1.3186825431079332,5.0,2.2409327355250297,0.6,1.433377229405184,well_above,industry,"MAHSCOOTER,RANEHOLDIN,GFLLIMITED,OSWALGREEN,STEL,21STCENMGM,WELINV",2018.0
SAKETH,Saketh Exim Limited,SME,2018-08-01,2018-08-03,2018-08-13,69,69.0,sme,,,,,,,,,,,,,,,,,,,,,,,,,False,,,,,,,,,,,,,,,,,,,,,,,,,,,,,,,,,,,,,,,,,,,,,,,,,,,,,,,,,,,4,,-0.2147483582838946,-0.09537429276408416,,,,,,,,,,,,,,,,,,,,,,,2018.0
POWERFUL,Powerful Technologies Limited,SME,2018-08-09,2018-08-17,2018-08-28,51,51.0,sme,,,,,,,,,,,,,,,,,,,,,,,,,False,,,,,,,,,,,,,,,,,,,,,,,,,,,,,,,,,,,,,,,,,,,,,,,,,,,,,,,,,,,5,,-0.20204405216495114,-0.06896610200847297,,,,,,,,,,,,,,,,,,,,,,,2018.0
AARON,Aaron Industries Limited,SME,2018-08-20,2018-08-24,2020-11-06,38,27.0,sme,,,,,,,,,,,,,,,,,,,,,,,,,False,20.0,,AARON,Engineering,Industrials & Infrastructure,2020-11-06,EQ,,,,,post_listing,2020-12-31,2021-02-13 15:04:03,9.0,ytd,standalone,24.29693333333333,1.2285333333333333,non_financial,1.005301204819277,2021-03-31,,12.1731,2021-03-31,2021-06-16 17:33:51,1.005301204819277,xbrl_post_quarter,2020-11-06,,0.5168195718654434,0.15841043018552936,0.358409141679914,0.5045871559633026,0.31830151742504786,0.18628563853825475,1.4892966360856268,0.49518538025061853,0.9941112558350083,2.4128440366972472,0.9390148165078356,1.4738292201894116,0.788104089219331,0.16357236216730042,0.6245317270520305,0.8550185873605949,0.26525368346007605,0.5897649039005188,1.2156133828996283,0.3446040280418252,0.8710093548578031,,,,,,,,5,,-0.20618236592101258,-0.020421972575043634,,,,,,,,,,,,,,,,,,,,,,,2020.0
DANGEE,Dangee Dums Limited,SME,2018-08-20,2018-08-24,2020-11-13,74,92.0,sme,,,,,,,,,,,,,,,,,,,,,,,,,False,546.0,,DANGEE,Food & Beverages,Consumer & FMCG,2020-11-13,EQ,,,,,post_listing,2020-12-31,2021-03-04 14:50:16,9.0,ytd,standalone,11.987733333333333,-11.380666666666666,non_financial,1.026734693877551,2021-03-31,,18.9354,2021-03-31,2021-07-03 18:16:02,1.026734693877551,xbrl_post_quarter,2020-11-13,,0.20408163265306123,0.14423931095747577,0.059842321695585454,0.2108843537414966,0.30022015372137045,-0.08933579997987384,0.38095238095238115,0.5129002356031054,-0.13194785465072423,0.8911564625850341,0.8426963037348887,0.04846015885014543,0.28248587570621475,0.1745207919819891,0.10796508372422564,0.4915254237288136,0.2883454085103696,0.20318001521844398,1.0112994350282487,0.2825942109286781,0.7287052240995706,,,,,,,,5,,-0.20618236592101258,-0.020421972575043634,,,,,,,,,,,,,,,,,,,,,,,2020.0
SUPREMEENG,Supreme Engineering Limited,SME,2018-08-24,2018-08-29,2020-12-04,Rs 27 to Rs 32,23.0,sme,,,,,,,,,,,,,,,,,,,,,,,,,False,2193.0,,SUPREMEENG,Metals & Mining,"Metals, Mining & Chemicals",2020-12-04,BZ,,,,,,,,,,,,,,,,,,,,,,,,,,,,,,,,,,,,,,,,,,,,,,,,,,,,5,,-0.2024311932666517,-0.024345144386651696,,,,,,,,,,,,,,,,,,,,,,,2020.0
MARSHALL,Marshall Machines Limited,SME,2018-08-28,2018-08-30,2021-11-22,42,33.0,sme,,,,,,,,,,,,,,,,,,,,,,,,,False,,,,,,,,,,,,,,,,,,,,,,,,,,,,,,,,,,,,,,,,,,,,,,,,,,,,,,,,,,,5,,-0.1991702231676863,-0.04740260148494624,,,,,,,,,,,,,,,,,,,,,,,2021.0
SUMIT,Sumit Woods Limited,SME,2018-08-29,2018-08-31,2019-07-30,Rs 43 to Rs 45,23.85,sme,,,,,,,,,,,,,,,,,,,,,,,,,False,2174.0,,SUMIT,Construction,Industrials & Infrastructure,2019-07-30,EQ,,,,,post_listing,2019-09-30,2019-12-12 12:47:45,6.0,ytd,consolidated,45.9646,5.4868,non_financial,7.533488372093023,2019-12-31,,79.4022,2020-03-31,2020-07-10 16:58:09,7.533488372093023,xbrl_post_quarter,2019-07-30,,-0.1938997821350762,-0.019386760954997806,-0.1745130211800784,-0.08496732026143783,0.04964368206149916,-0.134611002322937,-0.2919389978213507,0.10913947302164173,-0.4010784708429924,-0.5816993464052287,-0.005418659894254052,-0.5762806865109746,-0.2992700729927007,-0.13518508683413877,-0.16408498615856193,-0.4209245742092458,-0.1587657337086409,-0.2621588405006049,-0.4744525547445255,0.25871793510011165,-0.7331704898446372,,,,,,,,5,,-0.197508026901682,-0.04364421391758666,,,,,,,,,,,,,,,,,,,,,,,2019.0
LAGNAM,Lagnam Spintex Limited,SME,2018-09-04,2018-09-07,2021-09-30,41,41.0,sme,,,,,,,,,,,,,,,,,,,,,,,,,False,1274.0,,LAGNAM,Manufacturing,Industrials & Infrastructure,2021-09-30,EQ,,,,,post_listing,2021-09-30,2021-10-17 12:54:01,6.0,ytd,standalone,312.108,24.6034,non_financial,1.7671240601503757,2021-12-31,,85.3631,2022-03-31,2022-04-17 09:36:02,1.7671240601503757,xbrl_post_quarter,2021-09-30,,0.23751387347391795,0.011794543221741671,0.22571933025217628,0.2364039955604884,0.05077687009450593,0.18562712546598248,0.9744728079911211,0.042965454642533096,0.931507353348588,0.60488346281909,0.002424048267392953,0.602459414551697,0.540885860306644,0.045757540956594234,0.49512831935004975,0.5340715502555364,-0.026843358815217155,0.5609149090707536,0.16524701873935266,-0.07253099519156347,0.23777801393091613,,,,,,,,5,,-0.18706050235852179,0.018882016378103827,,,,,,,,,,,,,,,,,,,,,,,2021.0
AKG,AKG Exim Limited,SME,2018-09-10,2018-09-14,2021-02-16,31,93.3,sme,,,,,,,,,,,,,,,,,,,,,,,,,False,108.0,,AKG,Other Services,Services & Others,2021-02-16,EQ,,,,,post_listing,2021-06-30,2021-08-14 11:46:02,3.0,inc,consolidated,92.0724,1.012,non_financial,1.06671875,2021-09-30,,,,,1.06671875,xbrl_post_quarter,2021-02-16,,-0.022851919561243106,0.025221727436408603,-0.04807364699765171,-0.7349177330895795,0.16987618828864215,-0.9047939213782217,-0.7797074954296161,0.2373983980794736,-1.0171058935090898,-0.6252285191956124,0.3155531516045138,-0.9407816708001262,0.565891472868217,0.11270643402647362,0.4531850388417433,0.7093023255813953,0.07451542777796738,0.6347868978034279,0.8720930232558137,0.019826771832781143,0.8522662514230326,,,,,,,,5,,-0.19803918977841795,-0.01177344064189767,,,,,,,,,,,,,,,,,,,,,,,2021.0
RPPL,Rajshree Polypack Limited,SME,2018-09-10,2018-09-12,2018-09-24,119 to 121,,sme,,,,,,,,,,,,,,,,,,,,,,,,,False,1887.0,,RPPL,Manufacturing,Industrials & Infrastructure,2021-11-26,BE,,,,,post_listing,2021-12-31,2022-02-16 15:40:13,9.0,ytd,standalone,196.09426666666664,9.8356,non_financial,1.131764705882353,2021-12-31,,,,,1.131764705882353,xbrl_post_quarter,2018-09-24,,-0.05664263645726064,-0.12087684643204688,0.06423420997478624,-0.07312049433573642,-0.054701230228470954,-0.018419264107265465,-0.1287332646755922,-0.018477029441241077,-0.11025623523435113,-0.2404737384140062,-0.17647859809147548,-0.06399514032253073,-0.14136904761904756,-0.09409517304675397,-0.047273874572293595,0.16964285714285698,-0.03409175800134456,0.20373461514420155,-0.19791666666666674,-0.039689230867741676,-0.15822743579892506,,,,,,,,5,,-0.19803918977841795,-0.01177344064189767,,,,,,,,,,,,,,,,,,,,,,,2018.0
AHLADA,Ahlada Engineers Limited,SME,2018-09-11,2018-09-18,2021-01-28,147 to 150,69.5,sme,,,,,,,,,,,,,,,,,,,,,,,,,False,94.0,,AHLADA,Engineering,Industrials & Infrastructure,2021-01-28,EQ,,,,,pre_listing,2020-12-31,2021-02-14 16:28:02,9.0,ytd,standalone,120.93613333333333,9.3048,non_financial,1.2899999999999998,2021-06-30,1.29,13.0271,2021-03-31,2021-07-01 18:56:09,1.2899999999999998,xbrl_post_quarter,2021-01-28,,0.10560815731973783,0.11894383974156053,-0.013335682421822703,0.4501092498179169,0.18792055259291707,0.2621886972249998,2.464675892206846,0.49082393811738534,1.9738519540894606,0.9541150764748725,0.6315046144105971,0.32261046206427535,0.35978480161398796,0.16357236216730042,0.19621243944668754,1.25084061869536,0.26525368346007605,0.985586935235284,0.5353059852051112,0.3446040280418252,0.19070195716328597,,,,,,,,5,,-0.20725526207999168,-0.027098157240985743,,,,,,,,,,,,,,,,,,,,,,,2021.0
IRCON,Ircon International Limited,EQ,2018-09-17,2018-09-19,2018-09-28,Rs 470 to Rs 475,475.0,mainboard,,,,,,,,,,,,,,,,,,,,,,,,,False,1076.0,,IRCON,Engineering,Industrials & Infrastructure,2018-09-28,EQ,,,,,post_listing,2018-09-30,2018-11-27 10:22:03,6.0,ytd,standalone,3332.84,492.64,non_financial,9.408464566929133,2019-03-31,,3949.54,2019-03-31,2019-05-29 15:00:30,9.408464566929133,xbrl_post_quarter,2018-09-28,,-0.16265060240963858,-0.014276691799674057,-0.14837391060996452,0.054216867469879526,0.028292177059048296,0.02592469041083123,-0.02168674698795181,0.05913404183982962,-0.08082078882778143,-0.0879518072289156,-0.12147858496230046,0.03352677773338486,-0.1074380165289257,-0.04858363045096581,-0.0588543860779599,-0.023612750885478206,0.06104298084081017,-0.08465573172628837,-0.06847697756788662,-0.07938134231869298,0.010904364750806361,,,,,,,,5,,-0.21015815969240115,-0.03306600584259922,4469.020669291338,False,65.0,9.071574921426068,16.043669981204477,14.0,-0.5701684883041656,0.14285714285714285,1.1315294108405884,1.8489562260737387,36.0,-0.49105109920351836,0.3888888888888889,1.3409046546762935,1.2113610639237549,18.0,0.10159992794384728,0.5555555555555556,-0.49105109920351836,below,industry,"LT,BHEL,BEL,AIAENG,THERMAX,ENGINERSIN,KEC,IRB",2018.0
SPECTRUM,Spectrum Electrical Industries Limited,SME,2018-09-17,2018-09-21,2025-03-28,65,1833.0,sme,,,,,,,,,,,,,,,,,,,,,,,,,False,2124.0,,SPECTRUM,Capital Goods,Industrials & Infrastructure,2025-03-28,BE,,,,,post_listing,2025-03-31,2025-05-31 02:47:26,12.0,ytd,consolidated,402.2371,25.6092,non_financial,1.5588219178082192,2025-06-30,,190.5647,2025-03-31,2025-05-31 02:47:26,1.5588219178082192,xbrl_post_quarter,2025-03-28,,-0.1880119588731437,0.028088492821461752,-0.21610045169460546,-0.24124352835371055,0.17141428954485716,-0.4126578178985677,-0.3407063513283586,0.11687924761901614,-0.4575855989473747,-0.3717702535183881,0.025122400945441825,-0.39689265446382993,-0.12318412660918865,-0.01270515372705161,-0.11047897288213704,-0.288650053147514,-0.015176583351765749,-0.27347346979574827,-0.005964332112909032,0.0013979208139791588,-0.007362252926888191,,,,,,,,5,,-0.21015815969240115,-0.03306600584259922,2857.320575342466,False,46.0,111.57398807235157,19.026699488733197,5.0,1.7688447119953719,1.0,14.993965699536515,2.513448890661325,18.0,1.7859919634541233,1.0,7.103572930847169,1.266505463531113,6.0,1.7243363828345128,1.0,1.7688447119953719,well_above,industry,"HAVELLS,SIEMENS,ABB,CUMMINSIND,GRAPHITE,VGUARD,CARBORUNIV,GVT&D",2025.0
KSHITIJPOL,Kshitij Polyline Limited,SME,2018-09-21,2018-09-27,2022-07-27,35,31.0,sme,,,,,,,,,,,,,,,,,,,,,,,,,False,1265.0,,KSHITIJPOL,Manufacturing,Industrials & Infrastructure,2022-07-27,EQ,,,,,post_listing,2022-09-30,2022-10-29 15:24:02,6.0,ytd,standalone,30.436,0.2996,non_financial,5.061,2024-03-31,,18.5643,2022-09-30,2022-10-29 15:24:02,5.061,xbrl_post_quarter,2022-07-27,,,,,,,,,,,,,,-0.5204248366013071,-0.037051856594110144,-0.483372980007197,-0.7312091503267975,0.013044174135723452,-0.7442533244625209,-0.8684640522875817,0.3214201877934273,-1.189884240081009,,,,True,True,True,True,5,,-0.22905143823579932,-0.029940846503492935,,,,,,,,,,,,,,,,,,,,,,,2022.0
GRSE,Garden Reach Shipbuilders & Engineers Limited,EQ,2018-09-24,2018-10-01,2018-10-10,Rs 114 to Rs 118,118.0,mainboard,,,,,,,,,,,,,,,,,,,,,,,,,False,870.0,,GRSE,Capital Goods,Industrials & Infrastructure,2018-10-10,EQ,,,,,post_listing,2018-12-31,2019-02-13 17:40:17,9.0,ytd,standalone,1196.2822666666666,87.33173333333333,non_financial,11.436054421768707,2019-03-31,,1038.3071,2019-03-31,2019-05-29 19:24:00,11.436054421768707,xbrl_post_quarter,2018-10-10,,-0.12245885769603093,0.038856215615626244,-0.16131507331165718,-0.09680542110358181,0.05118812811120499,-0.1479935492147868,-0.03678606001936102,0.0951341802405632,-0.13192024025992422,0.7657308809293322,-0.06328823022767371,0.8290191111570059,0.4054054054054055,0.09992147008010055,0.30548393532530493,0.5183183183183184,-0.09607873933301925,0.6143970576513377,1.0786786786786786,0.06849903146432124,1.0101796472143574,,,,,,,,5,,-0.2535034287752864,-0.062461521611785975,1349.4544217687076,False,302.0,15.45205127920711,17.171537287394713,40.0,-0.10551144082695657,0.425,1.2996679130564623,1.5905111449815184,127.0,-0.20194665906215065,0.4409448818897638,1.1280401451814892,1.1362168909949297,47.0,-0.007222485104191025,0.48936170212765956,-0.10551144082695657,in_line,sector,"LT,HAVELLS,PAGEIND,DLF,SIEMENS,3MINDIA,BHEL,ABB",2018.0
RAJMET,Rajnandini Metal Limited,SME,2018-09-24,2018-09-27,2021-02-16,26,31.05,sme,,,,,,,,,,,,,,,,,,,,,,,,,False,1805.0,,RAJMET,Metals & Mining,"Metals, Mining & Chemicals",2021-02-16,EQ,,,,,post_listing,2021-03-31,2021-06-21 18:04:03,12.0,ytd,standalone,630.9174,5.0672,non_financial,1.232421875,2021-06-30,,19.5745,2021-03-31,2021-06-21 18:04:03,1.232421875,xbrl_post_quarter,2021-02-16,,1.4242424242424243,0.025221727436408603,1.3990206968060157,1.6363636363636362,0.16987618828864215,1.466487448074994,3.8484848484848486,0.2373983980794736,3.611086450405375,9.030303030303031,0.3155531516045138,8.714749878698518,0.30935251798561136,0.10178533069193496,0.2075671872936764,0.5539568345323742,0.1370921545695396,0.4168646799628346,2.7841726618705036,-0.025514953337947732,2.8096876152084516,,,,,,,,5,,-0.2535034287752864,-0.062461521611785975,38.26669921875,False,67.0,7.551843072850884,14.651555868531586,8.0,-0.6627548833751638,0.125,1.9549260118393827,1.1431689697727934,29.0,0.5365481431553919,0.7586206896551724,0.0606524708602901,0.3848345605340223,11.0,-1.8476531548173394,0.0,-0.6627548833751638,below,industry,"COALINDIA,HINDZINC,JSWSTEEL,VEDL,TATASTEEL,HINDALCO,SAIL,JINDALSTEL",2021.0
AAVAS,Aavas Financiers Limited,EQ,2018-09-25,2018-09-27,2018-10-08,Rs 818 to Rs 821,821.0,mainboard,,,,,,,,,,,,,,,,,,,,,,,,,False,28.0,,AAVAS,NBFC,Financial Services,2018-10-08,EQ,,,,,pre_listing,2018-09-30,2018-10-30 12:40:04,6.0,ytd,standalone,620.9038,130.7004,non_financial,,,7.186232179226069,,,,7.186232179226069,xbrl_pre_issue,2018-10-08,,-0.14463743785110095,0.07366676492475,-0.21830420277585094,0.08968812552463357,0.08377772784709658,0.005910397677536983,0.509136695292826,0.12192522628561764,0.3872114690072084,1.1642022341318525,-0.04287007051907066,1.2070723046509233,0.2883440211241042,-0.006960923904445471,0.29530494502854965,1.152546208977744,0.020081869957285337,1.1324643390204587,1.3062240663900417,-0.06271950640721402,1.3689435727972556,,,,,,,,5,,-0.27223815123607675,-0.07790848929149596,5899.8966191446025,False,30.0,45.14061639554739,,3.0,,,,,4.0,,,9.502110663752745,,3.0,,,,insufficient_data,sector,"ABCAPITAL,M&MFIN,HDFCAMC,BAJAJFINSV,MANAPPURAM,INDOSTAR,MAHSCOOTER,REPCOHOME",2018.0
KRITIKA,Kritika Wires Limited,SME,2018-09-26,2018-10-01,2022-05-04,32,40.0,sme,,,,,,,,,,,,,,,,,,,,,,,,,False,1254.0,,KRITIKA,Metals & Mining,"Metals, Mining & Chemicals",2022-05-04,EQ,,,,,pre_listing,2022-03-31,2022-05-29 16:38:02,12.0,ytd,standalone,243.718,4.0262,non_financial,1.7821311475409836,2022-09-30,1.7751898734177216,70.3793,2022-09-30,2022-11-15 22:12:02,1.7821311475409836,xbrl_post_quarter,2022-05-04,,0.14285714285714302,-0.04470021996210549,0.1875573628192485,0.8181818181818181,-0.0270433608467453,0.8452251790285634,0.45454545454545436,0.02344992050874417,0.4310955340367102,0.3376623376623378,0.042353594529259464,0.2953087431330783,1.3670886075949364,0.06833614815677613,1.2987524594381603,0.2911392405063289,0.12411041872925277,0.16702882177707612,0.721518987341772,0.17305340399510794,0.5484655833466641,,,,,,,,5,,-0.27850243779977013,-0.08589445912940408,,,,,,,,,,,,,,,,,,,,,,,2022.0
PARIN,Parin Furniture Limited,SME,2018-09-26,2018-09-28,2018-10-09,60 to 63,63.0,sme,,,,,,,,,,,,,,,,,,,,,,,,,False,3083.0,,PARIN,FMCG,Consumer & FMCG,2018-10-09,SM,,,,,,,,,,,,,,,,,,,,,,,,,,,,,,,,,,,,,,,,,,,,,,,,,,,,5,,-0.27850243779977013,-0.08589445912940408,,,,,,,,,,,,,,,,,,,,,,,2018.0
SILGOPP,Silgo Retail Limited,SME,2018-09-27,2018-10-03,2026-02-19,36,30.0,sme,,,,,,,,,,,,,,,,,,,,,,,,,False,,,,,,,,,,,,,,,,,,,,,,,,,,,,,,,,,,,,,,,,,,,,,,,,,,,,,,,,,,,5,,-0.27894771613176006,-0.07911758204114405,,,,,,,,,,,,,,,,,,,,,,,2026.0
BBTCL,B&B Triplewall Containers Limited,SME,2018-09-28,2018-10-05,2022-11-23,36,230.0,sme,,,,,,,,,,,,,,,,,,,,,,,,,False,314.0,,BBTCL,Manufacturing,Industrials & Infrastructure,2022-11-23,EQ,,,,,pre_listing,2022-09-30,2022-11-15 12:42:03,6.0,ytd,consolidated,341.544,15.718,non_financial,2.0534686346863467,2023-03-31,2.051958224543081,104.5375,2023-03-31,2023-06-01 06:04:02,2.0534686346863467,xbrl_post_quarter,2022-11-23,,0.02589641434262946,-0.0038416578108394495,0.02973807215346891,0.00863213811420982,-0.03281083953241237,0.04144297764662219,0.01770694997786637,0.044824654622741766,-0.027117704644875396,0.11841522797698101,0.3934218916046759,-0.2750066636276949,0.00863213811420982,-0.03281083953241237,0.04144297764662219,0.01770694997786637,0.044824654622741766,-0.027117704644875396,0.11841522797698101,0.3934218916046759,-0.2750066636276949,,,,,,,,5,,-0.2943435117529697,-0.09136196515250239,472.29778597785975,False,149.0,30.04821134863594,14.266984677870912,15.0,0.7448550325255441,0.8,4.517974755258733,1.15493402106256,53.0,1.3640206127171421,0.8113207547169812,1.3828314535692612,0.7773362074888421,16.0,0.5760154978273117,0.8125,0.7448550325255441,well_above,industry,"PAGEIND,3MINDIA,SUPREMEIND,LMW,ARVIND,FINPIPE,WELSPUNLIV,VTL",2022.0
DEPL,Dinesh Engineers Limited,EQ,2018-09-28,2018-10-03,,Rs 183 to Rs 185,,mainboard,,,,,,,,,,,,,,,,,,,,,,,,,False,,,,,,,,,,,,,,,,,,,,,,,,,,,,,,,,,,,,,,,,,,,,,,,,,,,,,,,,,,,5,,-0.2943435117529697,-0.09136196515250239,,,,,,,,,,,,,,,,,,,,,,,
MARINE,Marine Electricals (India) Limited,SME,2018-09-28,2018-10-03,2020-12-02,64 to 66,191.05,sme,,,,,,,,,,,,,,,,,,,,,,,,,False,1389.0,,MARINE,Engineering,Industrials & Infrastructure,2020-12-02,EQ,,,,,post_listing,2020-12-31,2021-02-11 11:38:15,9.0,ytd,consolidated,215.60746666666665,8.193866666666667,non_financial,10.716825396825396,2021-03-31,,162.9906,2021-03-31,2021-06-16 17:35:42,10.716825396825396,xbrl_post_quarter,2020-12-02,,0.1548223350253808,0.08086980989395554,0.07395252513142525,0.5888324873096447,0.26077589997010353,0.32805658733954113,0.9467005076142134,0.4672194572920878,0.4794810503221256,-0.36040609137055835,0.7141814536693456,-1.074587545039904,0.696,0.15810718222169262,0.5378928177783073,-0.19599999999999995,0.2996142274121958,-0.49561422741219574,-0.33499999999999996,0.3842458816169678,-0.7192458816169678,,,,,,,,5,,-0.2943435117529697,-0.09136196515250239,2047.449492063492,False,65.0,249.87586146509895,15.99349800304298,11.0,2.748781975561461,1.0,12.561764249370773,1.7108098121887525,36.0,1.9936907840969011,1.0,9.496190107501652,0.8458943259398817,15.0,2.418251514266698,1.0,2.418251514266698,well_above,industry,"LT,BHEL,BEL,AIAENG,THERMAX,ENGINERSIN,KEC,KPIL",2020.0
VINNY,Vinny Overseas Limited,SME,2018-09-28,2018-10-03,2022-11-28,40,80.0,sme,,,,,,,,,,,,,,,,,,,,,,,,,False,2452.0,,VINNY,Manufacturing,Industrials & Infrastructure,2022-11-28,EQ,,,,,post_listing,2022-12-31,2023-02-15 17:54:03,9.0,ytd,standalone,146.6388,-6.013333333333333,non_financial,21.369999999999997,2023-03-31,,27.8132,2023-03-31,2023-05-26 18:36:03,21.369999999999997,xbrl_post_quarter,2022-11-28,,0.6116152450090742,-0.02693377332254121,0.6385490183316154,,,,,,,,,,-0.39224137931034486,0.05820422324579755,-0.4504456025561424,-0.7413793103448276,0.26072533675572496,-1.0021046471005526,-0.6206896551724137,0.6498719322192432,-1.270561587391657,,,,True,True,,True,5,,-0.2943435117529697,-0.09136196515250239,1709.6,True,149.0,,14.266984677870912,15.0,,,61.46721700487538,1.15493402106256,53.0,3.974460758134952,1.0,11.658578766329239,0.7773362074888421,16.0,2.707924606544098,1.0,3.341192682339525,well_above,industry,"PAGEIND,3MINDIA,SUPREMEIND,LMW,ARVIND,FINPIPE,WELSPUNLIV,VTL",2022.0
IRISDOREME,Iris Clothings Limited,SME,2018-10-10,2018-10-12,2021-02-22,90,60.0,sme,,,,,,,,,,,,,,,,,,,,,,,,,False,1081.0,,IRISDOREME,Manufacturing,Industrials & Infrastructure,2021-02-22,EQ,,,,,post_listing,2021-03-31,2021-05-01 16:02:02,12.0,ytd,standalone,87.893,6.533,non_financial,1.637181818181818,2021-06-30,,38.8205,2021-03-31,2021-05-01 16:02:02,1.637181818181818,xbrl_post_quarter,2021-02-22,,0.20338983050847448,0.02560529394668798,0.1777845365617865,0.57909604519774,0.1881422748172381,0.39095377038050194,1.4322033898305082,0.29275435759477153,1.1394490322357367,1.245762711864407,0.32462683786543045,0.9211358739989766,0.7357798165137617,0.2500186697624527,0.485761146751309,1.0807339449541282,0.3019002423674615,0.7788337025866667,0.9467889908256879,0.18793322335146012,0.7588557674742278,,,,,,,,4,,-0.3621460565780955,-0.16097843297084125,,,,,,,,,,,,,,,,,,,,,,,2021.0
UWCSL,Ultra Wiring Connectivity System Limited,SME,2018-10-12,2018-10-17,2018-10-26,35,35.0,sme,,,,,,,,,,,,,,,,,,,,,,,,,False,3082.0,,UWCSL,Hardware,Technology,2018-10-26,SM,,,,,,,,,,,,,,,,,,,,,,,,,,,,,,,,,,,,,,,,,,,,,,,,,,,,5,,-0.3503983721575519,-0.16345699010723125,,,,,,,,,,,,,,,,,,,,,,,2018.0
ICL,ICL Multitrading India Limited,SME,2018-11-19,2018-12-03,,85,85.0,sme,,,,,,,,,,,,,,,,,,,,,,,,,False,,,,,,,,,,,,,,,,,,,,,,,,,,,,,,,,,,,,,,,,,,,,,,,,,,,,,,,,,,,3,,-0.3150681130504869,-0.13703218460073474,,,,,,,,,,,,,,,,,,,,,,,
SHUBHLAXMI,Shubhlaxmi Jewel Art Limited,SME,2018-11-22,2018-11-27,2018-12-04,26,26.0,sme,,,,,,,,,,,,,,,,,,,,,,,,,False,3081.0,,SHUBHLAXMI,Other Services,Services & Others,2018-12-04,SM,,,,,,,,,,,,,,,,,,,,,,,,,,,,,,,,,,,,,,,,,,,,,,,,,,,,3,,-0.3195790336006765,-0.13458141821206793,,,,,,,,,,,,,,,,,,,,,,,2018.0
DRSDILIP,DRS Dilip Roadlines Limited,SME,2018-11-27,2018-11-30,2018-12-10,75,75.0,sme,,,,,,,,,,,,,,,,,,,,,,,,,False,3080.0,,DRSDILIP,Logistics,Services & Others,2018-12-10,SM,,,,,,,,,,,,,,,,,,,,,,,,,,,,,,,,,,,,,,,,,,,,,,,,,,,,3,,-0.3243700698968065,-0.150715851714058,,,,,,,,,,,,,,,,,,,,,,,2018.0
XELPMOC,Xelpmoc Design and Tech Limited,BE,2019-01-23,2019-01-25,2019-02-04,Rs.62 to Rs.66,66.0,mainboard,,,,,,,,,,,,,,,,,,,,,,,,,False,2529.0,,XELPMOC,,,2019-02-04,EQ,,,,,post_listing,2019-03-31,2019-09-07 13:41:32,12.0,ytd,consolidated,6.0887,-4.9839,non_financial,1.3722772277227722,2019-06-30,,40.64,2019-03-31,2019-09-07 13:41:32,1.3722772277227722,xbrl_post_quarter,,,,,,,,,,,,,,,,,,,,,,,,,,,,,,,0,,-0.3185127439451396,0.048671090941622364,90.57029702970296,True,0.0,,,0.0,,,2.2285998284867854,,0.0,,,14.875145273983437,,0.0,,,,insufficient_data,sector,,2019.0
SURANI,Surani Steel Tubes Limited,SME,2019-01-25,2019-01-29,2019-02-06,51 to 52,52.0,sme,,,,,,,,,,,,,,,,,,,,,,,,,False,3079.0,,SURANI,Metals & Mining,"Metals, Mining & Chemicals",2019-02-06,SM,,,,,,,,,,,,,,,,,,,,,,,,,,,,,,,,,,,,,,,,,,,,,,,,,,,,0,,-0.30896679727223386,0.04947817584512615,,,,,,,,,,,,,,,,,,,,,,,2019.0
CHALET,Chalet Hotels Limited,EQ,2019-01-29,2019-01-31,2019-02-07,Rs.275 to Rs.280,280.0,mainboard,,,,,,,,,,,,,,,,,,,,,,,,,False,459.0,,CHALET,Hotels & Hospitality,Services & Others,2019-02-07,EQ,,,,,post_listing,2019-03-31,2019-06-26 11:35:39,12.0,ytd,consolidated,987.173,-7.627,non_financial,24.041176470588233,2019-06-30,,1422.672,2019-03-31,2019-06-26 11:35:39,24.041176470588233,xbrl_post_quarter,2019-02-07,,0.034624614329791026,0.08113594360678245,-0.04651132927699142,0.1676379842303739,0.016996737999777967,0.15064124623059594,0.16472403153925264,-0.09196416849291544,0.2566882000321681,0.17620843332190628,0.03816237287793256,0.13804606044397372,0.030505709624796262,-0.09024089003860858,0.12074659966340484,0.1076672104404568,-0.03302634522061332,0.1406935556610701,-0.5083197389885807,-0.17599463176014085,-0.3323251072284399,,,,,,,,0,,-0.3303140870433193,0.027607076253733487,6731.529411764705,True,122.0,,16.10857913971802,8.0,,,4.731610245906791,1.9368426978469688,59.0,0.8932064051462707,0.847457627118644,6.81899668220738,1.703251966740544,11.0,1.3871730016175354,0.9090909090909091,1.140189703381903,well_above,sector,"BHARTIARTL,ADANIPORTS,INDUSTOWER,INDIGO,HAL,SUNTV,CONCOR,RECLTD",2019.0
MINDPOOL,Mindpool Technologies Limited,SME,2019-02-14,2019-02-20,2019-02-28,30,30.0,sme,,,,,,,,,,,,,,,,,,,,,,,,,False,3078.0,,MINDPOOL,,Technology,2019-02-28,SM,,,,,,,,,,,,,,,,,,,,,,,,,,,,,,,,,,,,,,,,,,,,,,,,,,,,2,,-0.3117426403222182,-0.0807857321507589,,,,,,,,,,,,,,,,,,,,,,,2019.0
MSTCLTD,MSTC Limited,EQ,2019-03-13,2019-03-20,2019-03-29,Rs 120 to Rs 128,120.0,mainboard,,,,,,,,,,,,,,,,,,,,,,,,,False,1485.0,,MSTCLTD,Other Services,Services & Others,2019-03-29,EQ,,,,,post_listing,2019-03-31,2019-09-04 11:49:45,12.0,ytd,consolidated,3291.997,-324.465,non_financial,7.04043583535109,2019-06-30,,473.922,2020-03-31,2020-06-30 16:24:13,7.04043583535109,xbrl_post_quarter,2019-03-29,,-0.08775778850372973,-0.023387511951165618,-0.06437027655256411,-0.1904344010530935,-0.049321541516511025,-0.14111285953658248,-0.20666959192628342,-0.17474626755902034,-0.031923324367263084,-0.20403685827117157,-0.372527028020887,0.16849016974971542,0.6909547738693467,0.04480174135493553,0.6461530325144111,0.6407035175879396,-0.0017615510625407227,0.6424650686504804,0.8938442211055277,0.08884051791845238,0.8050037031870754,,,,,,,,2,,-0.1930756863014148,0.08089560349546687,844.8523002421308,True,31.0,,26.31831523096003,17.0,,,1.7826821718386796,2.3788223264525286,15.0,-0.2884864761266638,0.4666666666666667,0.256638235163073,0.9332949448424684,19.0,-1.2910538281713606,0.2631578947368421,-0.7897701521490121,below_loss_making,industry,"RECLTD,ADANIENT,QUESS,CRISIL,SIS,TEAMLEASE,MMTC,BSE",2019.0
ARTEDZ,Artedz Fabs Limited,SME,2019-03-18,2019-03-20,2019-03-29,34 to 36,36.0,sme,,,,,,,,,,,,,,,,,,,,,,,,,False,,,,,,,,,,,,,,,,,,,,,,,,,,,,,,,,,,,,,,,,,,,,,,,,,,,,,,,,,,,2,,-0.20053305253863662,0.033871204172324365,,,,,,,,,,,,,,,,,,,,,,,2019.0
KHFM,KHFM Hospitality and Facility Management Serv Ltd,SME,2019-03-22,2019-04-04,2019-04-12,36,36.0,sme,,,,,,,,,,,,,,,,,,,,,,,,,False,3077.0,,KHFM,,Healthcare & Pharmaceuticals,2019-04-12,SM,,,,,,,,,,,,,,,,,,,,,,,,,,,,,,,,,,,,,,,,,,,,,,,,,,,,2,,-0.2010401534427676,0.011587218557678414,,,,,,,,,,,,,,,,,,,,,,,2019.0
OSIAHYPER,OSIA Hyper Retail Limited,SME,2019-03-26,2019-03-28,2022-12-01,252,295.0,sme,,,,,,,,,,,,,,,,,,,,,,,,,False,1645.0,,OSIAHYPER,Retail,Consumer & FMCG,2022-12-01,BE,,,,,post_listing,2022-12-31,2023-02-14 21:12:03,9.0,ytd,standalone,734.5175999999999,11.345333333333333,non_financial,0.343356401384083,2023-03-31,,112.9004,2023-03-31,2023-05-31 15:20:33,0.343356401384083,xbrl_post_quarter,2022-12-01,,-0.17204301075268813,-0.02193143075248749,-0.15011158000020064,-0.19969278033794158,-0.06796061420385102,-0.13173216613409056,0.02764976958525356,0.04454886345466469,-0.01689909386941113,0.7572964669738866,0.40152777276314366,0.355768694210743,0.663594470046083,0.06621754216708964,0.5973769278789933,1.0023041474654382,0.2618278892062118,0.7404762582592264,1.3847926267281108,0.653635112838419,0.7311575138896917,,,,,,,,2,,-0.21426206378136192,0.002950863365507317,,,,,,,,,,,,,,,,,,,,,,,2022.0
RVNL,Rail Vikas Nigam Limited,EQ,2019-03-29,2019-04-03,2019-04-11,Rs 17 to Rs 19,19.0,mainboard,,,,,,,,,,,,,,,,,,,,,,,,,False,1911.0,,RVNL,Engineering,Industrials & Infrastructure,2019-04-11,EQ,,,,,pre_listing,2019-03-31,2019-09-12 15:55:31,12.0,ytd,standalone,7556.5593,469.6573,non_financial,207.87320754716978,2019-09-30,208.80820224719102,,,,207.87320754716978,xbrl_post_quarter,2019-04-11,,0.1417322834645669,-0.07421495644511333,0.21594723990968023,0.32020997375328064,-0.0865314889437595,0.40674146269704015,0.2624671916010499,-0.14049548846644566,0.4029626800674956,-0.09186351706036744,-0.356672755477635,0.26480923841726756,-0.05870445344129549,0.019532511138374176,-0.07823696457966967,-0.35425101214574894,-0.1906760508813845,-0.16357496126436444,-0.15587044534412953,0.11132993263166946,-0.267200377975799,,,,,,,,2,,-0.19368719033286708,0.038320372294555094,3949.590943396226,False,72.0,8.40951677616046,14.961311481773004,45.0,-0.5761036205086418,0.2,,1.3721955911969428,37.0,,,0.522670541789598,0.9331710080695014,56.0,-0.5796371460908069,0.2857142857142857,-0.5778703832997243,below,industry,"LT,BHEL,BEL,AIAENG,THERMAX,KEC,ENGINERSIN,KPIL",2019.0
METROPOLIS,Metropolis Healthcare Limited,EQ,2019-04-03,2019-04-05,2019-04-15,Rs 877 to Rs 880,880.0,mainboard,,,,,,,,,,,,,,,,,,,,,,,,,False,1430.0,,METROPOLIS,,Healthcare & Pharmaceuticals,2019-04-15,EQ,,,,,pre_listing,2019-03-31,2019-05-21 20:12:02,12.0,ytd,consolidated,761.1818,120.1479,non_financial,5.032707117852975,2019-09-30,4.993678304239402,535.2798,2020-03-31,2020-07-23 17:34:05,5.032707117852975,xbrl_post_quarter,2019-04-15,,0.004583333333333384,-0.04473156524184985,0.04931489857518323,0.06958333333333333,-0.10637583588142951,0.17595916921476285,0.39375000000000004,-0.15350276283197073,0.5472527628319708,0.2908333333333333,-0.3542141126727337,0.645047446006067,0.09083298451234834,-0.17819473002817754,0.2690277145405259,0.4667224780242778,-0.09230066255426073,0.5590231405785385,0.5052323147760569,-0.2892487243926585,0.7944810391687154,,,,,,,,3,,-0.18180760591697265,0.03227918844768607,4428.782263710617,False,84.0,36.861087573820406,23.149035270947323,57.0,0.46520335063331764,0.7543859649122807,8.273770584487995,3.241251342781246,35.0,0.9371308682256619,0.9428571428571428,5.818297631013534,1.8957391732875493,71.0,1.1213988881554597,0.9014084507042254,0.9371308682256619,well_above,sector,"SUNPHARMA,DRREDDY,AUROPHARMA,DIVISLAB,CIPLA,LUPIN,TORNTPHARM,GLAXO",2019.0
POLYCAB,Polycab India Limited,EQ,2019-04-05,2019-04-09,2019-04-16,Rs 533 to Rs 538,538.0,mainboard,,,,,,,,,,,,,,,,,,,,,,,,,False,1732.0,,POLYCAB,Building Materials,Real Estate & Construction,2019-04-16,EQ,,,,,pre_listing,2019-03-31,2019-06-25 18:51:37,12.0,ytd,consolidated,7955.983,499.213,non_financial,14.847368421052632,2019-09-30,14.151745379876795,3836.415,2020-03-31,2020-06-08 11:08:14,14.847368421052632,xbrl_post_quarter,2019-04-16,,-0.0759773976786805,-0.05360699780187961,-0.022370399876800895,-0.06192730604764807,-0.12418022777229998,0.06225292172465191,0.24870189370800255,-0.1595039303838116,0.40820582409181416,0.05375687232742821,-0.35041474821120044,0.40417162053862865,0.14260031053362754,-0.07735814098626015,0.2199584515198877,0.624417749448394,-0.045782991545505025,0.670200740993899,0.379913377461796,-0.17942642054042457,0.5593397980022206,,,,,,,,3,,-0.19339635304961522,0.031113975263636684,7987.884210526317,False,53.0,16.00095392252669,16.166896077893384,31.0,-0.01031735893931462,0.4838709677419355,2.082122035944056,1.9744975996552803,23.0,0.05307359716994852,0.5217391304347826,1.0040097132593566,0.9349603675254233,35.0,0.07125283404902825,0.5142857142857142,0.05307359716994852,in_line,industry,"ULTRACEMCO,SHREECEM,AMBUJACEM,ACC,DALBHARAT,RAMCOCEM,KAJARIACER,FINCABLES",2019.0
NEOGEN,Neogen Chemicals Limited,BE,2019-04-24,2019-04-26,2019-05-08,Rs 212 to Rs 215,215.0,mainboard,,,,,,,,,,,,,,,,,,,,,,,,,False,1541.0,,NEOGEN,Chemicals,"Metals, Mining & Chemicals",2019-05-08,EQ,,,,,pre_listing,2019-03-31,2019-10-22 15:22:05,12.0,ytd,consolidated,239.0582,21.0366,non_financial,2.3675722543352604,2019-12-31,2.0066284403669723,,,,2.3675722543352604,xbrl_post_quarter,2019-05-08,,0.16258774426105083,0.03134723312687182,0.131240511134179,0.27186492126731165,-0.1317281688912152,0.40359309015852685,0.4934547524188959,-0.08117130477769052,0.5746260571965864,0.683361790931512,-0.35008287533804416,1.0334446662695562,-0.04592220828105398,0.11335946016866516,-0.15928166844971914,0.053952321204516984,-0.24627564593515805,0.30022796713967503,0.6209535759096614,0.08886821877420048,0.5320853571354609,,,,,,,,6,,-0.19998120743708214,0.025731490670996005,509.028034682081,False,87.0,24.197257859258674,14.449788941738866,60.0,0.5155595067977811,0.7166666666666667,,2.101348256064532,42.0,,,2.1293058957278226,0.966474430818509,67.0,0.78989649218606,0.835820895522388,0.6527279994919205,well_above,industry,"ASIANPAINT,PIDILITIND,GRASIM,UPL,BERGEPAINT,GODREJIND,TATACHEM,SRF",2019.0
PAR,Par Drugs and Chemicals Limited,SME,2019-05-03,2019-05-08,2021-09-16,51,124.0,sme,,,,,,,,,,,,,,,,,,,,,,,,,False,1663.0,,PAR,,Healthcare & Pharmaceuticals,2021-09-16,EQ,,,,,post_listing,2022-03-31,2022-05-07 18:54:03,12.0,ytd,standalone,75.0744,9.2151,non_financial,1.2305583756345178,2022-03-31,,59.879,2022-03-31,2022-05-07 18:54:03,1.2305583756345178,xbrl_post_quarter,2021-09-16,,0.8638908327501751,0.0698286868125706,0.7940621459376045,0.3817354793561929,0.01663452652496522,0.3651009528312277,0.15220433869839045,-0.006255308465232479,0.15845964716362293,0.09342197340797753,0.009257429180399734,0.0841645442275778,0.0763052208835342,0.020745346584447377,0.05555987429908682,-0.08063021316033359,0.08308425582498469,-0.16371446898531827,0.07537843682422007,0.10564696334988755,-0.030268526525667472,,,,,,,,6,,-0.20647657342970238,0.05195308483798744,,,,,,,,,,,,,,,,,,,,,,,2021.0
SUDARSHAN,Sudarshan Pharma Industries Limited,SME,2019-06-12,2019-06-21,,72,72.0,sme,,,,,,,,,,,,,,,,,,,,,,,,,False,,,,,,,,,,,,,,,,,,,,,,,,,,,,,,,,,,,,,,,,,,,,,,,,,,,,,,,,,,,5,,-0.14697621353512857,0.0060053782343048034,,,,,,,,,,,,,,,,,,,,,,,
ALUMILITE,Alumilite Architecturals Limited,SME,2019-06-24,2019-06-28,,30,30.0,sme,,,,,,,,,,,,,,,,,,,,,,,,,False,,,,,,,,,,,,,,,,,,,,,,,,,,,,,,,,,,,,,,,,,,,,,,,,,,,,,,,,,,,5,,-0.17748649238000624,-0.04843824455511225,,,,,,,,,,,,,,,,,,,,,,,
INDIAMART,IndiaMART InterMESH Limited,EQ,2019-06-24,2019-06-26,2019-07-04,Rs 970 to Rs 973,973.0,mainboard,,,,,,,,,,,,,,,,,,,,,,,,,False,1023.0,,INDIAMART,Retail,Consumer & FMCG,2019-07-04,EQ,,,,,pre_listing,2019-06-30,2019-08-01 10:27:09,3.0,inc,consolidated,589.2,129.6,non_financial,2.8903654485049834,2019-09-30,2.8697962798937113,275.1,2020-03-31,2020-06-04 18:30:36,2.8903654485049834,xbrl_post_quarter,2019-07-04,,-0.05568356374807992,-0.13301200173519057,0.07732843798711064,0.738863287250384,-0.12934882151636373,0.8682121087667477,0.5387096774193549,-0.02882344435340045,0.5675331217727554,0.6629032258064516,-0.19207596278980088,0.8549791885962524,0.4237494916632778,0.061687625782492095,0.3620618658807857,0.9851972346482312,0.1652045320613318,0.8199927025868994,1.3740544936966246,0.03284521387193262,1.341209279824692,,,,,,,,5,,-0.17748649238000624,-0.04843824455511225,2812.3255813953488,False,14.0,21.700043066322138,31.669346357395966,9.0,-0.37803497599712726,0.1111111111111111,10.222921051964189,3.5720193852614757,8.0,1.051501271150811,0.75,4.773125562449675,0.991318669050169,12.0,1.571720577721538,0.9166666666666666,1.051501271150811,well_above,industry,"DMART,ABFRL,VMART,SHOPERSTOP,VAIBHAVGBL,IBULLSLTD,SPENCERS,V2RETAIL",2019.0
ABINFRA,AB Infrabuild Limited,SME,2019-06-28,2019-07-03,,29,29.0,sme,,,,,,,,,,,,,,,,,,,,,,,,,False,37.0,,ABINFRA,Infrastructure,Industrials & Infrastructure,2024-11-08,EQ,,,,,,,,,,,,,,,,,,,,,,,,,,,,,,,,,,,,,,,,,,,,,,,,,,,,4,,-0.16542351751419948,-0.02407843286131872,,,,,,,,,,,,,,,,,,,,,,,
KPRAGRO,K.P.R. Agrochem Limited,EQ,2019-06-28,2019-07-02,,Rs 59 to Rs 61,,mainboard,,,,,,,,,,,,,,,,,,,,,,,,,False,,,,,,,,,,,,,,,,,,,,,,,,,,,,,,,,,,,,,,,,,,,,,,,,,,,,,,,,,,,4,,-0.16542351751419948,-0.02407843286131872,,,,,,,,,,,,,,,,,,,,,,,
WFL,Wonder Fibromats Limited,SME,2019-07-22,2019-07-29,2019-08-06,90,89.0,sme,,,,,,,,,,,,,,,,,,,,,,,,,False,,,,,,,,,,,,,,,,,,,,,,,,,,,,,,,,,,,,,,,,,,,,,,,,,,,,,,,,,,,2,,-0.21417011474848346,-0.12418022777229998,,,,,,,,,,,,,,,,,,,,,,,2019.0
AFFLE,Affle India Limited,EQ,2019-07-29,2019-07-31,2019-08-08,Rs.740 to Rs.745,745.0,mainboard,,,,,,,,,,,,,,,,,,,,,,,,,False,81.0,,AFFLE,IT Services,Technology,2019-08-08,EQ,,,,,post_listing,2019-09-30,2019-11-09 15:56:02,6.0,ytd,consolidated,318.592,57.558,non_financial,2.4776744186046513,2019-12-31,,229.159,2020-03-31,2020-08-21 10:26:13,2.4776744186046513,xbrl_post_quarter,2019-08-08,,-0.018311874105865433,0.02484334226829743,-0.043155216374162864,0.8752503576537911,0.05037012053325762,0.8248802371205335,1.2223175965665236,0.15773614045053508,1.0645814561159885,1.4080114449213164,0.05594189906449132,1.352069545856825,0.1438206036081604,0.10064143480490118,0.04317916880325923,-0.11077389984825503,-0.27566000816181324,0.1648861083135582,0.9172146349688077,0.06123452656251627,0.8559801084062915,,,,,,,,2,,-0.23277271229443408,-0.1240745373845199,1845.8674418604653,False,10.0,32.069693906328666,14.15712447171186,8.0,0.8176934754993824,0.75,8.054963766906234,1.6816962955405543,5.0,1.5664855346695172,0.8,5.793828601661264,1.6576120334562914,8.0,1.2514152842472892,0.75,1.2514152842472892,well_above,industry,"NAUKRI,VAKRANGEE,FSL,ECLERX,MATRIMONY,HGS,ALLDIGI,DLINKINDIA",2019.0
SWSL,Sterling & Wilson Solar Limited,EQ,2019-08-06,2019-08-08,,Rs.775 to Rs.780,,mainboard,,,,,,,,,,,,,,,,,,,,,,,,,False,,,,,,,,,,,,,,,,,,,,,,,,,,,,,,,,,,,,,,,,,,,,,,,,,,,,,,,,,,,2,,-0.2848713482662737,-0.15735817298496613,,,,,,,,,,,,,,,,,,,,,,,
SECL,Salasar Exteriors And Contour Limited,SME,2019-08-28,2019-09-03,2019-09-12,36,36.0,sme,,,,,,,,,,,,,,,,,,,,,,,,,False,,,,,,,,,,,,,,,,,,,,,,,,,,,,,,,,,,,,,,,,,,,,,,,,,,,,,,,,,,,2,,-0.2694909283929856,-0.1765249453334431,,,,,,,,,,,,,,,,,,,,,,,2019.0
SHIVAUM,Shiv Aum Steels Limited,SME,2019-09-19,2019-09-23,2025-11-14,44,300.0,sme,,,,,,,,,,,,,,,,,,,,,,,,,False,2039.0,,SHIVAUM,Metals & Mining,"Metals, Mining & Chemicals",2025-11-14,EQ,,,,,post_listing,2025-12-31,2026-02-13 19:39:07,9.0,ytd,consolidated,549.3329333333334,4.123466666666666,non_financial,1.360430463576159,2026-03-31,,120.8256,2026-03-31,2026-05-23 21:55:54,1.360430463576159,xbrl_post_quarter,2025-11-14,,-0.0016666666666667052,-0.03664794265123861,0.0349812759845719,0.00316666666666654,-0.06399632349712703,0.06716299016379357,0.11066666666666669,-0.016693547678914955,0.12736021434558165,,,,0.0440875452684617,0.049692919470751384,-0.005605374202289681,0.398677373641946,0.15226063205714246,0.24641674158480353,,,,,,,,,,,2,,-0.24576734744986384,-0.10888159559599309,,,,,,,,,,,,,,,,,,,,,,,2025.0
IRCTC,Indian Railway Catering and Tourism Corporation Limited,EQ,2019-09-30,2019-10-03,2019-10-14,Rs.315 to Rs.320,320.0,mainboard,,,,,,,,,,,,,,,,,,,,,,,,,False,1077.0,,IRCTC,Consumer Services,Consumer & FMCG,2019-10-14,EQ,,,,,post_listing,2019-12-31,2020-02-12 20:08:02,9.0,ytd,standalone,2251.4593333333332,503.9513333333333,non_financial,16.00509032943677,2020-03-31,,,,,16.00509032943677,xbrl_post_quarter,2019-10-14,,0.24665063552043964,0.051458109172388466,0.19519252634805118,0.3387152181380968,0.14198400461448024,0.19673121352361655,0.8643077980075575,-0.19919912147397145,1.063506919481529,0.8268636207488833,0.09199010548967834,0.734873515259205,-0.11406423034330015,-0.3443826294548532,0.23031839911155305,-0.1382692611928492,-0.07479336543277648,-0.06347589576007273,0.07498813478879929,0.2999506802100984,-0.22496254542129912,,,,,,,,2,,-0.1961161815008845,-0.07735814098626015,5121.628905419766,False,19.0,10.162943456351803,14.272671426030982,12.0,-0.339598509253162,0.3333333333333333,,1.084208434775062,15.0,,,2.274804092435943,0.44391319520453854,12.0,1.6340201774398317,0.6666666666666666,0.6472108340933349,well_above,industry,"TITAN,BATAINDIA,RELAXO,DELTACORP,JUSTDIAL,THOMASCOOK,RGL,SREEL",2019.0
SONAHISONA,Sona Hi Sona Jewellers (Gujarat) Limited,SME,2019-09-30,2019-10-04,,10,10.0,sme,,,,,,,,,,,,,,,,,,,,,,,,,False,,,,,,,,,,,,,,,,,,,,,,,,,,,,,,,,,,,,,,,,,,,,,,,,,,,,,,,,,,,2,,-0.1961161815008845,-0.07735814098626015,,,,,,,,,,,,,,,,,,,,,,,
VISHWARAJ,Vishwaraj Sugar Industries Limited,BE,2019-09-30,2019-10-04,2019-10-15,Rs.55 to Rs.60,60.0,mainboard,,,,,,,,,,,,,,,,,,,,,,,,,False,2464.0,,VISHWARAJ,Food & Beverages,Consumer & FMCG,2019-10-15,EQ,,,,,pre_listing,2019-09-30,2019-11-14 17:18:05,6.0,ytd,standalone,330.886,-63.9738,non_financial,3.59504132231405,2020-03-31,3.455870069605569,,,,3.59504132231405,xbrl_post_quarter,2019-10-15,,0.1161825726141077,0.05079914757591908,0.06538342503818861,0.48547717842323634,0.15341191617829875,0.3320652622449376,0.0705394190871369,-0.19342701118806616,0.26396643027520306,0.8215767634854769,0.10724116497957725,0.7143355985058997,0.11895910780669161,0.10221732113130688,0.01674178667538473,-0.07063197026022305,-0.283004199727905,0.21237222946768197,0.7434944237918215,0.10394960326514036,0.6395448205266812,,,,,,,,2,,-0.1961161815008845,-0.07735814098626015,215.70247933884298,True,63.0,,12.938108080455942,39.0,,,,1.404945272172502,33.0,,,0.6518936411297032,0.43955420251586297,47.0,0.3941203843161551,0.5957446808510638,0.3941203843161551,above,industry,"BRITANNIA,MARICO,UNITDSPR,UBL,JUBLFOOD,TATACONSUM,VBL,GODREJAGRO",2019.0
MGEL,Mangalam Global Enterprise Limited,SME,2019-11-15,2019-11-20,2020-12-23,51,41.0,sme,,,,,,,,,,,,,,,,,,,,,,,,,False,1433.0,,MGEL,Food & Beverages,Consumer & FMCG,2020-12-23,BE,,,,,post_listing,2020-12-31,2021-02-15 15:46:12,9.0,ytd,consolidated,922.2533333333333,4.6786666666666665,non_financial,2.730645161290323,2021-03-31,,68.8165,2021-03-31,2021-06-30 22:38:03,2.730645161290323,xbrl_post_quarter,2020-12-23,,-0.05084745762711851,0.06475908735421121,-0.11560654498132972,-0.05720338983050843,0.14758237274303787,-0.2047857625735463,0.01271186440677985,0.4278027134550646,-0.41509084904828475,1.5953389830508478,0.6536774456798939,0.9416615373709538,0.05054945054945059,0.16987618828864215,-0.11932673773919156,0.0769230769230771,0.2373983980794736,-0.1604753211563965,2.4241758241758244,0.3155531516045138,2.1086226725713106,,,,,,,,2,,-0.1425521714352911,0.05992329281792652,,,,,,,,,,,,,,,,,,,,,,,2020.0
CSBBANK,CSB Bank Limited,EQ,2019-11-22,2019-11-26,2019-12-04,Rs.193 to Rs.195,195.0,mainboard,,,,,,,,,,,,,,,,,,,,,,,,,False,527.0,,CSBBANK,,Financial Services,2019-12-04,EQ,,,,,,,,,,,,,,,,,,,,,,2019-12-04,,-0.30661556407265456,0.04358115183246092,-0.3501967159051155,-0.4179303449425096,0.011560209424083645,-0.4294905543665932,-0.561239793367772,-0.1855811518324607,-0.37565864153531126,-0.25229128478586904,0.2073089005235602,-0.45960018530942925,,,,,,,,,,,,,,,,,2,,-0.14181946467177442,0.05359542450996724,,,,,,,,,,,,,,,,,,,,,,,2019.0
ASCOM,Ascom Leasing & Investments Limited,SME,2019-11-26,2019-11-28,,30,30.0,sme,,,,,,,,,,,,,,,,,,,,,,,,,False,3075.0,,ASCOM,NBFC,Financial Services,2019-12-06,ST,,,,,,,,,,,,,,,,,,,,,,,,,,,,,,,,,,,,,,,,,,,,,,,,,,,,2,,-0.1342391156862568,0.06498347594832476,,,,,,,,,,,,,,,,,,,,,,,
UJJIVANSFB,Ujjivan Small Finance Bank Limited,EQ,2019-12-02,2019-12-04,2019-12-12,Rs.36 to Rs.37,37.0,mainboard,,,,,,,,,,,,,,,,,,,,,,,,,False,2369.0,,UJJIVANSFB,,Financial Services,2019-12-12,EQ,,,,,,,,,,,,,,,,,,,,,,2019-12-12,,-0.06076854334227,0.09670536823615117,-0.15747391157842117,-0.30831099195710454,-0.13384173771475083,-0.1744692542423537,-0.49865951742627346,-0.16353198234865685,-0.3351275350776166,-0.3020554066130474,0.26656955571740726,-0.5686249623304547,,,,,,,,,,,,,,,,,2,,-0.12598938027481021,0.08966956129468828,,,,,,,,,,,,,,,,,,,,,,,2019.0
DCI,DC Infotech and Communication Limited,SME,2019-12-12,2019-12-18,2019-12-27,45,45.0,sme,,,,,,,,,,,,,,,,,,,,,,,,,False,558.0,,DCI,,Technology,2022-10-19,EQ,,,,,post_listing,2022-09-30,2022-11-18 12:16:04,6.0,ytd,standalone,359.0592,6.4704,non_financial,1.195506329113924,2022-09-30,,,,,1.195506329113924,xbrl_post_quarter,2019-12-27,,0.0,0.10026484265843649,-0.10026484265843649,0.0,-0.3436906971409506,0.3436906971409506,-0.08185840707964609,-0.14594498780055476,0.06408658072090867,-0.11504424778761069,0.2568660980543449,-0.3719103458419556,-0.18767507002801131,-0.021492687146572154,-0.16618238288143916,0.07387955182072825,0.04223780256630705,0.0316417492544212,0.5441176470588234,0.3867402134851261,0.15737743357369727,,,,,,,,3,,-0.1600303937620421,0.0305967747305802,,,,,,,,,,,,,,,,,,,,,,,2019.0
PRINCEPIPE,Prince Pipes and Fittings Limited,EQ,2019-12-18,2019-12-20,2019-12-30,Rs.177 to Rs.178,178.0,mainboard,,,,,,,,,,,,,,,,,,,,,,,,,False,1765.0,,PRINCEPIPE,Manufacturing,Industrials & Infrastructure,2019-12-30,EQ,,,,,post_listing,2019-12-31,2020-02-11 22:08:02,9.0,ytd,standalone,1606.5319999999997,112.30533333333332,non_financial,9.553716216216216,2020-03-31,,837.676,2020-03-31,2020-06-25 20:20:10,9.553716216216216,xbrl_post_quarter,2019-12-30,,0.0680047932893948,0.08887532838259937,-0.02087053509320458,-0.40623127621330146,-0.34326582959270224,-0.06296544662059922,-0.31965248651887357,-0.14552261961400825,-0.17412986690486532,0.79089275014979,0.254090561198105,0.536802188951685,-0.563076923076923,-0.34949688548155244,-0.2135800375953706,-0.16839160839160838,-0.08792525155725928,-0.0804663568343491,1.2867132867132867,0.2933684714901772,0.9933448152231095,,,,,,,,4,,-0.14303159684845623,0.019532511138374176,1700.5614864864865,False,158.0,15.142303896103064,9.048790099563682,70.0,0.5148613511078276,0.6714285714285714,2.0300945550385667,1.1049175775300253,89.0,0.6083116290885248,0.7078651685393258,1.0585294824419849,0.31798549976255586,82.0,1.2026301597166338,0.8414634146341463,0.6083116290885248,well_above,industry,"PAGEIND,3MINDIA,SUPREMEIND,ASTRAL,FINPIPE,VTL,WELSPUNLIV,KPRMILL",2019.0
VCL,Vaxtex Cotfab Limited,SME,2019-12-27,2020-01-03,2020-01-13,24,24.0,sme,,,,,,,,,,,,,,,,,,,,,,,,,False,2419.0,,VCL,Manufacturing,Industrials & Infrastructure,2022-04-19,BE,,,,,post_listing,2022-03-31,2022-04-29 19:56:04,12.0,ytd,standalone,61.9074,1.4858,non_financial,4.9526666666666666,2022-03-31,,,,,4.9526666666666666,xbrl_post_quarter,,,,,,,,,,,,,,,,,,,,,,,,,,,,,,,4,,-0.1395417416711141,-0.013226442927120718,,,,,,,,,,,,,,,,,,,,,,,2020.0
HPIL,Hindprakash Industries Limited,SME,2020-01-15,2020-01-17,2020-01-27,40,40.0,sme,,,,,,,,,,,,,,,,,,,,,,,,,False,972.0,,HPIL,Chemicals,"Metals, Mining & Chemicals",2022-11-07,EQ,,,,,post_listing,2022-12-31,2023-02-15 18:00:27,9.0,ytd,standalone,76.1284,1.0530666666666666,non_financial,1.0392105263157894,2022-12-31,,,,,1.0392105263157894,xbrl_post_quarter,2020-01-27,,-0.007263922518159771,-0.03293152138890465,0.02566759887074488,-0.007263922518159771,-0.3146926707226929,0.30742874820453314,0.06537530266343827,-0.18734481908985812,0.2527201217532964,0.13801452784503643,0.16753852277250236,-0.029523994927465935,-0.03243540406816936,0.05820422324579755,-0.09063962731396691,0.3007146783947223,0.26072533675572496,0.03998934163899737,0.9213853765805387,0.6498719322192432,0.27151344436129543,,,,,,,,3,,-0.06872970357036245,0.14198400461448024,,,,,,,,,,,,,,,,,,,,,,,2020.0
ITI,ITI Limited FPO - Issue Withdrawn,EQ,2020-01-24,2020-02-05,,Rs.72 to Rs.77,,mainboard,,,,,,,,,,,,,,,,,,,,,,,,,True,1090.0,,ITI,Telecom,Services & Others,2003-09-15,EQ,,,,,,,,,,,,,,,,,,,,,,,,,,,,,,,,,,,,,,,,,,,,,,,,,,,,3,,-0.049787876869080594,0.12594458438287148,,,,,,,,,,,,,,,,,,,,,,,
MCL,Madhav Copper Limited,SME,2020-01-27,2020-01-30,2020-08-19,Rs 100 to Rs 102,70.0,sme,INE813V01022,Aluminium Copper & Zinc Products,2020-08-19,False,,,,,,,consolidated,,,,0.0,,,,,,,,,,False,1410.0,INE813V01022,MCL,Metals & Mining,"Metals, Mining & Chemicals",2020-08-19,EQ,,,,,post_listing,2020-09-30,2020-11-13 17:08:09,6.0,ytd,standalone,264.6818,3.4636,non_financial,2.7065060240963854,2020-12-31,,,,,2.7065060240963854,xbrl_post_quarter,2020-08-19,,-0.09563543003851094,0.07097891581884008,-0.16661434585735102,-0.22528883183568682,0.08933553197888489,-0.3146243638145717,0.2130937098844672,0.40503821702290943,-0.19194450713844224,-0.546854942233633,0.7677732491210607,-1.3146281913546938,0.570364238410596,0.2913389593738638,0.27902527903673224,0.4346026490066226,0.5107066995809175,-0.07610405057429492,-0.4759933774834437,0.8348068201389287,-1.3108001976223724,,,,,,,,3,,-0.044767478674614836,0.1365103964871497,,,,,,,,,,,,,,,,,,,,,,,2020.0
SBICARD,SBI Cards and Payment Services Limited,EQ,2020-03-02,2020-03-05,2020-03-16,Rs.750 to Rs.755,755.0,mainboard,,,,,,,,,,,,,,,,,,,,,,,,,False,1971.0,,SBICARD,NBFC,Financial Services,2020-03-16,EQ,,,,,post_listing,2024-06-30,2024-07-26 21:16:28,3.0,inc,standalone,17434.54,2377.792,non_financial,95.11167999999999,2024-06-30,,,,,95.11167999999999,xbrl_post_quarter,2020-03-16,,-0.20736718520692687,-0.056222239538689434,-0.15114494566823744,-0.09458467860287634,0.045949245434946384,-0.14053392403782272,0.2497064866451424,0.3488921790176369,-0.09918569237249453,0.46815380099794535,0.7970207018364115,-0.32886690083846615,-0.05699957621132934,-0.03840148459203152,-0.01859809161929782,0.072326599802232,-0.1514558588964794,0.22378245869871138,0.14055657578754066,-0.03881355979715806,0.17937013558469872,,,,,,,,3,,-0.12598938027481021,0.007339679097553065,71809.31839999999,False,46.0,30.199999999999996,10.723659131095737,14.0,1.0353894901243939,0.6428571428571429,,0.5375863378821438,10.0,,,4.118796274521724,4.248768715957971,15.0,-0.03106827277460491,0.4666666666666667,0.5021606086748944,well_above,sector,"HDFCAMC,NAM-INDIA,BAJAJFINSV,CREDITACC,SHRIRAMFIN,EDELWEISS,MAHSCOOTER,CDSL",2020.0
AWHCL,Antony Waste Handling Cell Limited - Issue Withdrawn,EQ,2020-03-04,2020-03-16,,Rs.294 to Rs.300,,mainboard,,,,,,,,,,,,,,,,,,,,,,,,,False,261.0,,AWHCL,Capital Goods,Industrials & Infrastructure,2021-01-01,EQ,,,,,,,,,,,,,,,,,,,,,,,,,,,,,,,,,,,,,,,,,,,,,,,,,,,,2,,-0.12614315823752364,0.011560209424083645,,,,,,,,,,,,,,,,,,,,,,,
LGHL,Laxmi Goldorna House Limited,SME,2020-03-20,2020-04-03,2023-11-10,15,135.0,sme,,,,,,,,,,,,,,,,,,,,,,,,,False,1305.0,,LGHL,Consumer Services,Consumer & FMCG,2023-11-10,EQ,,,,,post_listing,2023-12-31,2024-02-15 21:12:06,9.0,ytd,standalone,99.536,11.0708,non_financial,2.088927203065134,2024-03-31,,45.4382,2024-03-31,2024-05-28 17:53:34,2.088927203065134,xbrl_post_quarter,2023-11-10,,0.0951612903225807,0.07830924400556305,0.016852046317017644,0.21612903225806468,0.16274741871595322,0.05338161354211146,0.9435483870967742,0.238996417484588,0.7045519696121862,1.2048387096774191,0.33908368899462427,0.8657550206827949,0.8894331700489853,0.04954996721615479,0.8398832028328305,0.6116165150454864,0.1911099484068377,0.4205065666386487,2.3512946116165145,-0.033793852532303714,2.385088464148818,,,,,,,,2,,-0.39467566418511246,-0.29379359836212626,,,,,,,,,,,,,,,,,,,,,,,2023.0
KSOLVES,Ksolves India Limited,SME,2020-06-23,2020-06-26,2022-09-23,100,406.0,sme,,,,,,,,,,,,,,,,,,,,,,,,,False,1267.0,,KSOLVES,Software,Technology,2022-09-23,EQ,,,,,post_listing,2022-09-30,2022-10-17 10:54:14,6.0,ytd,consolidated,70.0298,22.4162,non_financial,1.1853934740882919,2022-12-31,,18.244,2022-09-30,2022-10-17 10:54:14,1.1853934740882919,xbrl_post_quarter,2022-09-23,,0.06527909176915792,0.0048107640846393185,0.0604683276845186,-0.006385998107852342,-0.005342310562741259,-0.0010436875451110827,0.04777672658467358,-0.0788943833255481,0.12667110991022168,1.4829706717123936,0.3133385951065508,1.1696320766058428,-0.05442764578833692,0.011198617083528095,-0.06562626287186502,0.38358531317494604,-0.014983384602169858,0.3985686977771159,1.2289416846652266,0.27272336838940703,0.9562183162758195,,,,,,,,0,,-0.22246212121212128,0.09180362746662407,,,,,,,,,,,,,,,,,,,,,,,2022.0
ROSSARI,Rossari Biotech Limited,EQ,2020-07-13,2020-07-15,2020-07-23,Rs.423 to Rs.425,425.0,mainboard,,,,,,,,,,,,,,,,,,,,,,,,,False,1878.0,,ROSSARI,Chemicals,"Metals, Mining & Chemicals",2020-07-23,EQ,,,,,pre_listing,2020-06-30,2020-08-21 18:40:10,3.0,inc,consolidated,437.864,61.976,non_financial,5.192548076923076,2020-12-31,4.85705329153605,,,,5.192548076923076,xbrl_post_quarter,2020-07-23,,0.07301287669385825,0.13837300852167478,-0.06536013182781653,0.06552956246207775,0.16458642089662834,-0.09905685843455059,0.18398166250926984,0.4666427380511302,-0.2826610755418604,0.670262253084339,1.096250926268989,-0.42598867318465006,-0.014110008116376416,0.06969171734578361,-0.08380172546216003,0.21602047824186799,0.34445101241346143,-0.12843053417159345,0.6563026784041956,0.7380449048702045,-0.08174222646600882,,,,,,,,0,,-0.19579545454545455,0.2868832585767971,2206.8329326923076,False,97.0,35.60786324855279,12.550108310678658,73.0,1.042837195362906,0.8904109589041096,,1.204780499966788,64.0,,,5.0399962835316625,0.9241224962222576,83.0,1.696315989146684,0.891566265060241,1.3695765922547949,well_above,industry,"ASIANPAINT,PIDILITIND,BERGEPAINT,GRASIM,UPL,PIIND,SRF,COROMANDEL",2020.0
YESBANK,Yes Bank Limited - FPO,EQ,2020-07-15,2020-07-17,,Rs.12 to Rs.13,,mainboard,,,,,,,,,,,,,,,,,,,,,,,,,True,2536.0,,YESBANK,,Financial Services,2005-07-12,EQ,,,,,,,,,,,,,,,,,,,,,,,,,,,,,,,,,,,,,,,,,,,,,,,,,,,,0,,-0.20634469696969693,0.2330802730696797,,,,,,,,,,,,,,,,,,,,,,,
HAPPSTMNDS,Happiest Minds Technologies Limited,EQ,2020-09-07,2020-09-09,2020-09-17,Rs.165 to Rs.166,166.0,mainboard,,,,,,,,,,,,,,,,,,,,,,,,,False,899.0,,HAPPSTMNDS,,Technology,2020-09-17,EQ,,,,,post_listing,2020-09-30,2020-11-04 23:32:04,6.0,ytd,consolidated,719.72,165.72,non_financial,14.144295302013422,2020-12-31,,545.99,2021-03-31,2021-05-12 23:02:03,14.144295302013422,xbrl_post_quarter,2020-09-17,,-0.125758188435099,-0.02846988873502665,-0.09728829970007236,-0.12319719638765325,0.15816282064938458,-0.28136001703703784,0.4372556948375792,0.3457929445030843,0.09146275033449491,2.8614368513276727,0.8033447277445842,2.0580921235830885,0.062973054798668,0.3049622017835565,-0.2419891469848885,1.4041780199818348,0.5174011604102378,0.886776859571597,2.9533757190432937,0.9530443292689015,2.0003313897743924,,,,,,,,1,,-0.07269886363636369,0.25902259022590224,2347.953020134228,False,115.0,14.168193459656216,16.542236847168482,83.0,-0.15491736401753256,0.42168674698795183,4.300359017810268,1.7908232497991612,75.0,0.8760230815156341,0.8,3.2623145391738846,1.16539225227402,108.0,1.029379197223987,0.8333333333333334,0.8760230815156341,well_above,sector,"TCS,INFY,HCLTECH,WIPRO,TECHM,LTM,NAUKRI,KANSAINER",2020.0
ROUTE,Route Mobile Limited,EQ,2020-09-09,2020-09-11,2020-09-21,Rs.345 to Rs.350,350.0,mainboard,,,,,,,,,,,,,,,,,,,,,,,,,False,1882.0,,ROUTE,Software,Technology,2020-09-21,EQ,,,,,post_listing,2020-09-30,2020-10-28 19:58:04,6.0,ytd,consolidated,1317.7828,119.9188,non_financial,5.648693693693693,2020-12-31,,652.121,2021-03-31,2021-05-18 18:26:03,5.648693693693693,xbrl_post_quarter,2020-09-21,,0.15568862275449113,0.014596110393802375,0.14109251236068876,0.6424842622447413,0.14296521949644925,0.49951904274829206,1.344848764010441,0.41514686894770825,0.9297018950627327,2.0185782281590665,0.8802856681730149,1.1382925599860516,0.19491123636938323,0.23398888542744878,-0.039077649058065544,0.6725491228994365,0.4804188565858365,0.19213026631359997,1.1034609914133697,0.9463264629330013,0.15713452848036846,,,,,,,,1,,-0.08028409090909083,0.2525890865006386,1977.0427927927926,False,38.0,16.486512480051438,16.180465461212975,32.0,0.0187379422748774,0.53125,3.0317115884824943,2.7282614892950523,20.0,0.10546275148884228,0.6,1.5002797067868792,1.1891386246534301,36.0,0.23242236172359468,0.6111111111111112,0.10546275148884228,in_line,industry,"TCS,INFY,WIPRO,TECHM,LTM,MPHASIS,TATAELXSI,PERSISTENT",2020.0
CAMS,Computer Age Management Services Limited,EQ,2020-09-21,2020-09-23,2021-05-07,Rs.1229 to Rs.1230,1240.0,mainboard,,,,,,,,,,,,,,,,,,,,,,,,,False,418.0,,CAMS,Asset Management,Financial Services,2021-05-07,EQ,,,,,post_listing,2021-06-30,2021-08-10 14:34:15,3.0,inc,consolidated,804.7052,252.9656,non_financial,4.8827994616419925,2021-09-30,,647.6378,2022-03-31,2022-05-05 13:18:12,4.8827994616419925,xbrl_post_quarter,2021-05-07,,0.22061155152887868,0.11624655481523094,0.10436499671364774,0.48697621744054365,0.21005592571780274,0.2769202917227409,0.35900339750849386,0.3112239436996602,0.04777945380883364,-0.02604756511891282,0.10864038960691458,-0.1346879547258274,-0.0360244451592151,0.12770361827879495,-0.16372806343801005,-0.18639433901576064,0.10666282254576909,-0.2930571615615297,-0.23013830813766478,0.051180625630675936,-0.2813189337683407,,,,,,,,2,,-0.02433712121212117,0.23565320636595866,6054.671332436071,False,41.0,23.93476161357936,10.990498658807812,12.0,0.7783007217990163,0.75,9.348854147234876,0.5803473976221125,14.0,2.779382178022754,1.0,7.524086252252466,5.800148969638524,16.0,0.2602257733468626,0.6875,0.7783007217990163,well_above,sector,"ABCAPITAL,CREDITACC,CANFINHOME,CDSL,SPANDANA,MAHSCOOTER,SHRIRAMFIN,MOTILALOFS",2021.0
CHEMCON,Chemcon Speciality Chemicals Limited,EQ,2020-09-21,2020-09-23,2020-10-01,Rs.338 to Rs.340,340.0,mainboard,,,,,,,,,,,,,,,,,,,,,,,,,False,463.0,,CHEMCON,Chemicals,"Metals, Mining & Chemicals",2020-10-01,BE,,,,,pre_listing,2020-09-30,2020-11-07 15:30:04,6.0,ytd,standalone,214.4052,48.8378,non_financial,3.4253846153846155,2020-12-31,3.186278118609407,353.6933,2021-03-31,2021-06-01 13:22:14,3.4253846153846155,xbrl_post_quarter,2020-10-01,,-0.2718878248974007,-0.025160976674504676,-0.24672684822289603,-0.14449384404924748,0.21958309769721485,-0.3640769417464623,-0.2966826265389876,0.3993015249377425,-0.6959841514767301,-0.23042065663474687,0.9064797452153464,-1.1369004018500932,0.03477744807121663,0.3071403829976742,-0.2723629349264576,0.041543026706231556,0.5082982829432432,-0.46675525623701164,-0.0849851632047478,0.9366420901578505,-1.0216272533625983,,,,,,,,2,,-0.02433712121212117,0.23565320636595866,1164.6307692307691,False,98.0,23.846913031110514,17.448141019012887,72.0,0.3124216651875921,0.6388888888888888,3.2927702312448925,1.3977934453618843,75.0,0.8568343432602863,0.7333333333333333,5.431914754076716,1.0645944228545858,86.0,1.6296977938294634,0.8837209302325582,0.8568343432602863,well_above,industry,"ASIANPAINT,PIDILITIND,GRASIM,BERGEPAINT,UPL,PIIND,SRF,COROMANDEL",2020.0
ANGELBRKG,Angel Broking Limited,EQ,2020-09-22,2020-09-24,2020-10-05,Rs.305 to Rs.306,306.0,mainboard,,,,,,,,,,,,,,,,,,,,,,,,,False,,,,,,,,,,,,,,,,,,,,,,,,,,,,,,,,,,,,,,,,,,,,,,,,,,,,,,,,,,,3,,-0.06121212121212116,0.20594603800209232,,,,,,,,,,,,,,,,,,,,,,,2020.0
LIKHITHA,Likhitha Infrastructure Limited,BE,2020-09-29,2020-10-07,2020-10-15,Rs.116 to Rs.120,120.0,mainboard,,,,,,,,,,,,,,,,,,,,,,,,,False,1310.0,,LIKHITHA,Engineering,Industrials & Infrastructure,2020-10-15,EQ,,,,,pre_listing,2020-09-30,2020-11-01 16:40:02,6.0,ytd,standalone,116.8588,12.9064,non_financial,1.9734242424242425,2021-03-31,1.4623978201634877,153.4036,2021-03-31,2021-06-16 17:38:54,1.9734242424242425,xbrl_post_quarter,2020-10-15,,-0.42087912087912094,0.052009264150176815,-0.47288838502929775,-0.29157509157509154,0.2978749339726139,-0.5894500255477054,0.29597069597069603,0.4091666328064687,-0.11319593683577267,0.33333333333333326,0.9424038031774409,-0.6090704698441076,0.37372362151123206,0.29050938883517374,0.08321423267605832,1.5336963921034714,0.5213882245178363,1.0123081675856351,1.5582028590878148,0.9948806676505013,0.5633221914373134,,,,,,,,3,,-0.049820075757575744,0.2250057991185339,236.8109090909091,False,77.0,18.34833176493128,13.299816492500698,43.0,0.3217884207988054,0.7441860465116279,1.5437115497348763,0.7060888219973367,60.0,0.7822038532374391,0.7,2.026470484815085,0.6078745820780289,67.0,1.204082300140238,0.8656716417910447,0.7822038532374391,well_above,industry,"LT,BEL,AIAENG,BHEL,KEC,THERMAX,RITES,ENGINERSIN",2020.0
MAZDOCK,Mazagon Dock Shipbuilders Limited,EQ,2020-09-29,2020-10-01,2020-10-12,Rs.135 to Rs.145,145.0,mainboard,,,,,,,,,,,,,,,,,,,,,,,,,False,1405.0,,MAZDOCK,Capital Goods,Industrials & Infrastructure,2020-10-12,EQ,,,,,pre_listing,2020-09-30,2020-11-13 11:04:13,6.0,ytd,consolidated,2966.98,226.76,non_financial,20.166536964980544,2021-03-31,20.158215010141987,3432.26,2021-03-31,2021-06-16 17:37:09,20.166536964980544,xbrl_post_quarter,2020-10-12,,0.0023255813953488857,0.007974975765268066,-0.005649394369919181,0.2715116279069767,0.27102925157151003,0.00048237633546666103,0.1645348837209304,0.3921929184613695,-0.2276580347404391,0.5686046511627907,1.0014690744830759,-0.4328644233202852,0.1684378320935176,0.2913389593738638,-0.12290112728034619,0.12008501594048893,0.5107066995809175,-0.3906216836404286,0.4877789585547292,0.8348068201389287,-0.3470278615841995,,,,,,,,3,,-0.049820075757575744,0.2250057991185339,2924.147859922179,False,48.0,12.895342476284085,20.350788901841035,31.0,-0.4562534799885236,0.2903225806451613,0.8519598922931768,1.618653213469961,33.0,-0.6418102818057154,0.2727272727272727,0.985563724703968,1.2067382659321617,44.0,-0.20246256398955717,0.45454545454545453,-0.4562534799885236,below,industry,"SIEMENS,HAVELLS,ABB,CUMMINSIND,VGUARD,GRINDWELL,BDL,CARBORUNIV",2020.0
SIGMA,Sigma Solve Limited,SME,2020-09-29,2020-10-09,2023-06-09,45,295.0,sme,,,,,,,,,,,,,,,,,,,,,,,,,False,2067.0,,SIGMA,Software,Technology,2023-06-09,EQ,,,,,post_listing,2023-06-30,2023-08-15 03:18:02,3.0,inc,consolidated,65.1612,14.4068,non_financial,1.5710810810810811,2023-09-30,,42.2728,2023-09-30,2023-11-11 21:39:56,1.5710810810810811,xbrl_post_quarter,2023-06-09,,0.2016528925619836,0.06687163342105928,0.13478125914092431,0.3223140495867769,0.216715448754212,0.10559860083256489,0.47272727272727266,0.33109673610940304,0.14163053661786962,0.30578512396694224,0.6573333005386526,-0.35154817657171034,-0.013859275053304865,0.1395261757502071,-0.15338545080351196,-0.08635394456289969,0.3302761184824936,-0.4166300630453933,-0.16844349680170578,0.5845051188525312,-0.752948615654237,,,,,,,,3,,-0.049820075757575744,0.2250057991185339,463.4689189189189,False,38.0,32.17015013180713,17.195922111320208,32.0,0.6263667389077052,0.90625,10.963762015265583,2.9092499807678727,19.0,1.3267001627958743,1.0,7.112651684114457,1.2776798841433872,36.0,1.7168292829497438,1.0,1.3267001627958743,well_above,industry,"TCS,INFY,WIPRO,TECHM,LTM,MPHASIS,PERSISTENT,TATAELXSI",2023.0
UTIAMC,UTI Asset Management Company Limited,EQ,2020-09-29,2020-10-01,2020-10-12,Rs.552 to Rs.554,554.0,mainboard,,,,,,,,,,,,,,,,,,,,,,,,,False,2398.0,,UTIAMC,Asset Management,Financial Services,2020-10-12,EQ,,,,,post_listing,2021-09-30,2021-10-29 20:30:11,6.0,ytd,consolidated,1449.44,707.54,non_financial,12.682833439693683,2021-09-30,,,,,12.682833439693683,xbrl_post_quarter,2020-10-12,,0.04199916001679971,0.007974975765268066,0.03402418425153164,0.15151196976060488,0.27102925157151003,-0.11951728181090515,0.15875682486350273,0.3921929184613695,-0.23343609359786677,1.3203485930281396,1.0014690744830759,0.3188795185450637,-0.17827725813206763,0.04344613955746457,-0.2217233976895322,-0.2748848247940807,-0.05862827772178214,-0.21625654707229858,-0.3674903438968775,0.003994744035588527,-0.37148508793246604,,,,,,,,3,,-0.049820075757575744,0.2250057991185339,7026.2897255903,False,40.0,9.93059010881406,11.152284209768625,12.0,-0.11602443562659157,0.3333333333333333,,0.5796822346558249,14.0,,,4.847589224521401,5.380892694845733,16.0,-0.1043727745574908,0.4375,-0.11019860509204119,in_line,sector,"ABCAPITAL,CREDITACC,CANFINHOME,CDSL,MAHSCOOTER,SPANDANA,SHRIRAMFIN,MOTILALOFS",2020.0
AAATECH,AAA Technologies Limited,SME,2020-09-30,2020-10-05,2022-11-28,42,72.0,sme,,,,,,,,,,,,,,,,,,,,,,,,,False,15.0,,AAATECH,,Technology,2022-11-28,EQ,,,,,post_listing,2022-12-31,2023-02-06 12:00:02,9.0,ytd,standalone,14.676266666666665,2.7584,non_financial,1.2896774193548386,2023-03-31,,25.3854,2023-03-31,2023-05-19 12:10:04,1.2896774193548386,xbrl_post_quarter,2022-11-28,,-0.2844444444444444,-0.02693377332254121,-0.2575106711219032,-0.27682539682539675,-0.06615403773115003,-0.21067135909424672,-0.2679365079365079,0.03722786044870596,-0.3051643683852139,-0.06666666666666665,0.3997727414233234,-0.46643940808999007,-0.03057119871279157,0.057029837127855476,-0.08760103584064705,-0.1327433628318584,0.24314991777169492,-0.3758932806035533,0.46661303298471446,0.620443978210865,-0.1538309452261506,,,,,,,,3,,-0.05213068181818181,0.21156918756657306,,,,,,,,,,,,,,,,,,,,,,,2022.0
ATALREAL,Atal Realtech Limited,SME,2020-09-30,2020-10-07,2020-10-15,72,72.0,sme,,,,,,,,,,,,,,,,,,,,,,,,,False,231.0,,ATALREAL,Construction,Industrials & Infrastructure,2023-05-12,EQ,,,,,post_listing,2023-06-30,2023-08-15 09:46:03,3.0,inc,standalone,17.3196,0.9264,non_financial,1.487948717948718,2023-09-30,,,,,1.487948717948718,xbrl_post_quarter,2020-10-15,,-0.2696629213483146,0.052009264150176815,-0.3216721854984914,-0.4943820224719101,0.2978749339726139,-0.792256956444524,-0.4606741573033708,0.4091666328064687,-0.8698407901098395,1.50561797752809,0.9424038031774409,0.5632141743506491,-0.4204753199268739,0.1395261757502071,-0.560001495677081,-0.42413162705667284,0.3302761184824936,-0.7544077455391665,-0.723583180987203,0.5845051188525312,-1.308088299839734,,,,,,,,3,,-0.05213068181818181,0.21156918756657306,,,,,,,,,,,,,,,,,,,,,,,2020.0
BTML,Bodhi Tree Multimedia Limited,SME,2020-10-09,2020-10-13,2020-10-21,95,95.0,sme,,,,,,,,,,,,,,,,,,,,,,,,,False,408.0,,BTML,Media & Entertainment,Services & Others,2023-02-15,EQ,,,,,post_listing,2023-03-31,2023-04-21 12:56:03,12.0,ytd,consolidated,42.6121,3.2574,non_financial,1.2500766283524904,2023-03-31,,,,,1.2500766283524904,xbrl_post_quarter,2020-10-21,,-0.1470588235294118,0.05026694371812335,-0.19732576724753514,-0.17647058823529416,0.25936788522911436,-0.4358384734644085,-0.17647058823529416,0.4343477526023285,-0.6108183408376227,0.47058823529411775,0.9005796208106738,-0.429991385516556,-0.2992125984251969,0.21394469212238798,-0.5131572905475849,-0.20734908136482944,0.2920831471206986,-0.49943222848552804,-0.044619422572178546,0.7249157955548771,-0.7695352181270556,,,,,,,,5,,-0.042916666666666714,0.19009938297772133,,,,,,,,,,,,,,,,,,,,,,,2020.0
EQUITASBNK,Equitas Small Finance Bank Limited,EQ,2020-10-20,2020-10-22,2020-11-02,Rs.32 to Rs.33,33.0,mainboard,,,,,,,,,,,,,,,,,,,,,,,,,False,697.0,,EQUITASBNK,,Financial Services,2020-11-02,EQ,,,,,,,,,,,,,,,,,,,,,,2020-11-02,,0.04878048780487809,0.15745763574372806,-0.10867714793884997,0.3109756097560976,0.29050938883517374,0.020466220920923872,0.7484756097560978,0.5213882245178363,0.22708738523826155,0.9847560975609757,0.9948806676505013,-0.010124570089525609,,,,,,,,,,,,,,,,,8,,-0.049933712121212004,0.16797829984400114,,,,,,,,,,,,,,,,,,,,,,,2020.0
GLAND,Gland Pharma Limited,EQ,2020-11-09,2020-11-11,2020-11-20,Rs.1490 to Rs.1500,1500.0,mainboard,,,,,,,,,,,,,,,,,,,,,,,,,False,807.0,,GLAND,,Healthcare & Pharmaceuticals,2020-11-20,EQ,,,,,post_listing,2020-12-31,2021-01-22 18:14:06,9.0,ytd,standalone,3433.504,982.0719999999999,non_financial,16.347080979284367,2021-03-31,,5903.242,2021-03-31,2021-05-18 04:28:02,16.347080979284367,xbrl_post_quarter,2020-11-20,,0.27957462009837597,0.0712860715389585,0.20828854855941747,0.3132642686378502,0.2568583925744845,0.05640587606336567,0.7720590255832487,0.49332658967658527,0.2787324359066634,0.970459729053887,0.7488924480410615,0.22156728101282552,0.23569524655708585,0.17282287852638034,0.0628723680307055,0.7460906263882718,0.47286159007693906,0.2732290363113328,0.5606175033318523,0.5946900656483378,-0.03407256231648548,,,,,,,,8,,-0.04705492424242419,0.09042541663957704,24520.62146892655,False,90.0,24.96825229609087,25.061147065974748,61.0,-0.0037136115095121793,0.4918032786885246,4.153755083888912,2.830080854719341,63.0,0.3837074827942118,0.5873015873015873,7.141573584573238,2.565318553449447,79.0,1.0238504787759872,0.8481012658227848,0.3837074827942118,above,sector,"SUNPHARMA,DIVISLAB,DRREDDY,CIPLA,BIOCON,AUROPHARMA,TORNTPHARM,LUPIN",2020.0
BURGERKING,Burger King India Limited,EQ,2020-12-02,2020-12-04,2020-12-14,Rs.59 to Rs.60,60.0,mainboard,,,,,,,,,,,,,,,,,,,,,,,,,False,,,,,,,,,,,,,,,,,,,,,,,,,,,,,,,,,,,,,,,,,,,,,,,,,,,,,,,,,,,9,,0.0,0.17053783421079793,,,,,,,,,,,,,,,,,,,,,,,2020.0
BECTORFOOD,Mrs. Bectors Food Specialities Limited,EQ,2020-12-15,2020-12-17,2020-12-24,Rs.286 to Rs.288,288.0,mainboard,,,,,,,,,,,,,,,,,,,,,,,,,False,321.0,,BECTORFOOD,FMCG,Consumer & FMCG,2020-12-24,EQ,,,,,post_listing,2020-12-31,2021-02-06 16:04:03,9.0,ytd,consolidated,875.6586666666667,79.34533333333333,non_financial,5.8834101382488475,2021-03-31,,431.242,2021-03-31,2021-06-16 17:35:04,5.8834101382488475,xbrl_post_quarter,2020-12-24,,-0.3392255892255892,0.04608920873020561,-0.3853147979557948,-0.44191919191919193,0.15218803519754331,-0.5941072271167352,-0.3232323232323232,0.42616699428841387,-0.7493993175207371,-0.35690235690235683,0.6603251470079556,-1.0172275039103125,-0.04872107186358099,0.13417557401516644,-0.18289664587874743,-0.01218026796589522,0.33702944324674733,-0.34920971121264255,-0.15712545676004863,0.3851140492379128,-0.5422395059979614,,,,,,,,10,,0.0,0.15754028074159643,1694.422119815668,False,22.0,21.355031841599608,38.905761712762015,16.0,-0.5998549603126725,0.375,3.9291676594943628,6.263709647122945,19.0,-0.46634499301082266,0.2631578947368421,1.935025808932782,3.450599689669938,20.0,-0.578427374687967,0.3,-0.578427374687967,below,industry,"HINDUNILVR,ITC,DABUR,GODREJCP,COLPAL,PGHH,GILLETTE,EMAMILTD",2020.0
AWHCL,Antony Waste Handling Cell Limited,EQ,2020-12-21,2020-12-23,2021-01-01,Rs.313 to Rs.315,315.0,mainboard,,,,,,,,,,,,,,,,,,,,,,,,,False,261.0,,AWHCL,Capital Goods,Industrials & Infrastructure,2021-01-01,EQ,,,,,pre_listing,2020-12-31,2021-02-11 12:58:13,9.0,ytd,consolidated,441.1676,64.66733333333333,non_financial,2.825480769230769,2021-03-31,3.6594538606403013,,,,2.825480769230769,xbrl_post_quarter,2021-01-01,,-0.25469497974714617,0.03153193462574144,-0.2862269143728876,-0.3686019393641832,0.14736054277881294,-0.5159624821429961,-0.20952497851970053,0.41370614124289196,-0.6232311197625925,-0.20093285872100164,0.6394978970575076,-0.8404307557785092,-0.04721166032953117,0.15810718222169262,-0.2053188425512238,0.14480354879594426,0.2996142274121958,-0.15481067861625153,-0.07620405576679345,0.3842458816169678,-0.4604499373837613,,,,,,,,8,,-0.004003811561737236,0.15652722508007377,890.0264423076923,False,49.0,13.763153611421927,26.64851355416484,33.0,-0.6607383793546107,0.21212121212121213,,1.9410941092071152,33.0,,,2.017433833100373,1.4659681486853797,47.0,0.3193104475962975,0.6808510638297872,-0.17071396587915658,below,industry,"HAVELLS,SIEMENS,ABB,CUMMINSIND,VGUARD,CARBORUNIV,GRINDWELL,BDL",2021.0
INDIGOPNTS,Indigo Paints Limited,EQ,2021-01-20,2021-01-22,2021-02-02,Rs.1488 to Rs.1490,1490.0,mainboard,,,,,,,,,,,,,,,,,,,,,,,,,False,1029.0,,INDIGOPNTS,Chemicals,"Metals, Mining & Chemicals",2021-02-02,EQ,,,,,pre_listing,2020-12-31,2021-05-15 15:22:01,9.0,ytd,standalone,625.4086666666667,61.31973333333333,non_financial,4.7571721311475414,2021-06-30,4.504748201438849,,,,4.7571721311475414,xbrl_post_quarter,2021-02-02,,-0.16003400542161905,0.13078967499743688,-0.29082368041905593,-0.2556341529923166,0.1789051964132209,-0.4345393494055375,-0.15807708964919875,0.42654121877932805,-0.5846183084285268,-0.37718749498740833,0.5351698357242565,-0.9123573307116648,0.02967245520437012,0.1630119549099116,-0.1333394997055415,-0.015048781006227863,0.28399144390640774,-0.2990402249126356,-0.3113057155610347,0.13572300303137652,-0.4470287185924112,,,,,,,,5,,-0.012624444305303295,0.25421285479942335,7088.186475409837,False,100.0,115.5938894397753,19.75881129149654,73.0,1.766483562126379,0.9863013698630136,,1.5944544967939063,75.0,,,11.333687640097466,1.2658048379128206,88.0,2.1920713424492466,0.9431818181818182,1.9792774522878127,well_above,industry,"ASIANPAINT,PIDILITIND,GRASIM,BERGEPAINT,UPL,SRF,PIIND,COROMANDEL",2021.0
HOMEFIRST,Home First Finance Company India Limited,EQ,2021-01-21,2021-01-25,2021-02-03,Rs.517 to Rs.518,518.0,mainboard,,,,,,,,,,,,,,,,,,,,,,,,,False,967.0,,HOMEFIRST,,Financial Services,2021-02-03,EQ,,,,,,,,,,,,,,,,,,,,,,2021-02-03,,0.03080276751018851,0.12585248260041215,-0.09504971509022364,-0.03080276751018851,0.18013919670282674,-0.21094196421301525,0.0864373045208986,0.3918970410980207,-0.3054597365771221,0.3450857738602977,0.5188848711069636,-0.17379909724666587,,,,,,,,,,,,,,,,,5,,-0.00858587439734515,0.25936788522911436,,,,,,,,,,,,,,,,,,,,,,,2021.0
STOVEKRAFT,Stove Kraft Limited,EQ,2021-01-25,2021-01-28,2021-02-05,Rs.384 to Rs.385,385.0,mainboard,,,,,,,,,,,,,,,,,,,,,,,,,False,2158.0,,STOVEKRAFT,Consumer Durables,Consumer & FMCG,2021-02-05,EQ,,,,,post_listing,2021-03-31,2021-05-26 12:56:04,12.0,ytd,consolidated,858.957,81.456,non_financial,3.2597590361445783,2021-06-30,,,,,3.2597590361445783,xbrl_post_quarter,2021-02-05,,0.12602309675972645,0.09784580065046877,0.028177296109257677,0.11952012557461611,0.16279318920987174,-0.043273063635255626,0.7144298688193742,0.3271475033480007,0.3872823654713735,0.438389954030721,0.4687048019896689,-0.0303148479589479,0.37122542869092423,0.07412514976038342,0.2971002789305408,0.6313676286072774,0.1424470846645367,0.48892054394274065,-0.08264324550397317,0.08958790934504779,-0.17223115484902096,,,,,,,,5,,-0.019676288272493903,0.2270300453570273,1255.0072289156626,False,17.0,15.407179691068338,98.4769933524554,12.0,-1.8549893363890066,0.0,,9.03827961139547,12.0,,,1.4610827188272086,3.058441415017102,16.0,-0.7387276955907943,0.3125,-1.2968585159899004,below,industry,"HONAUT,WHIRLPOOL,VOLTAS,CROMPTON,TTKPRESTIG,AMBER,BLUESTARCO,BOSCH-HCIL",2021.0
NURECA,Nureca Limited,BE,2021-02-15,2021-02-17,2021-02-25,Rs.396 to Rs.400,400.0,mainboard,,,,,,,,,,,,,,,,,,,,,,,,,False,1596.0,,NURECA,Medical Devices,Healthcare & Pharmaceuticals,2021-02-25,BE,,,,,post_listing,2021-03-31,2021-06-17 13:14:13,12.0,ytd,consolidated,213.454,46.374,non_financial,0.9998895027624308,2021-06-30,,203.198,2022-03-31,2022-05-29 18:40:02,0.9998895027624308,xbrl_post_quarter,2021-02-25,,-0.051877661633759176,-0.007362967002999765,-0.04451469463075941,1.3394502516453737,0.15519641755055757,1.184253834094816,1.5877661633759192,0.27348470713188755,1.3142814562440317,1.1335656213704994,0.26363153588908195,0.8699340854814175,0.05174581681013635,0.10579705748521162,-0.054051240675075274,-0.08295450881774502,0.12842711967237985,-0.21138162849012487,-0.36544475610149263,-0.041419687547398776,-0.32402506855409385,,,,,,,,7,,-0.0014129965939345679,0.30877121163386834,399.95580110497235,False,94.0,8.62456982587166,24.677522978873228,70.0,-1.051277742064101,0.08571428571428572,1.9683057958492325,3.770456760086847,63.0,-0.6500229800138314,0.23809523809523808,1.8737329874585267,2.7438170568898297,85.0,-0.3814173464263654,0.36470588235294116,-0.6500229800138314,below,sector,"SUNPHARMA,DIVISLAB,DRREDDY,CIPLA,AUROPHARMA,BIOCON,LUPIN,TORNTPHARM",2021.0
RAILTEL,RailTel Corporation of India Limited,EQ,2021-02-16,2021-02-18,2021-02-26,Rs.93 to Rs.94,94.0,mainboard,,,,,,,,,,,,,,,,,,,,,,,,,False,1801.0,,RAILTEL,Telecom,Services & Others,2021-02-26,EQ,,,,,pre_listing,2020-12-31,2021-03-22 21:16:04,9.0,ytd,consolidated,1264.0,152.27999999999997,non_financial,32.015151515151516,2021-06-30,31.76958525345622,,,,32.015151515151516,xbrl_post_quarter,2021-02-26,,0.04491141326740844,0.008675782525116915,0.036235630742291525,0.07828594973217973,0.1807769032679265,-0.10249095353574678,0.03131437989287189,0.29964818105980906,-0.26833380116693717,-0.2719406674907293,0.24759348590910735,-0.5195341533998367,0.06765557163531133,0.1922418954751519,-0.12458632383984058,-0.07489146164978289,0.32868588372822405,-0.40357734537800694,-0.37843704775687403,0.3395631967610413,-0.7180002445179153,,,,,,,,7,,0.0,0.30022015372137045,3009.4242424242425,False,16.0,19.762439206883656,20.50099780938475,7.0,-0.03669043224302561,0.42857142857142855,,,4.0,,,2.38087360951285,1.3026639668856168,14.0,0.6030561101459182,0.5714285714285714,0.2831828389514463,above,industry,"BHARTIARTL,INDUSTOWER,IDEA,TATACOMM,ITI,HATHWAY,HFCL,TTML",2021.0
PARTYCRUS,Party Cruisers Limited,SME,2021-02-22,2021-02-25,2021-03-05,51,51.0,sme,,,,,,,,,,,,,,,,,,,,,,,,,False,3074.0,,PARTYCRUS,Consumer Services,Consumer & FMCG,2021-03-05,SM,,,,,,,,,,,,,,,,,,,,,,,,,,,,,,,,,,,,,,,,,,,,,,,,,,,,6,,-0.008284240184419533,0.2827932865703007,,,,,,,,,,,,,,,,,,,,,,,2021.0
HERANBA,Heranba Industries Limited,EQ,2021-02-23,2021-02-25,2021-03-05,Rs.626 to Rs.627,627.0,mainboard,,,,,,,,,,,,,,,,,,,,,,,,,False,930.0,,HERANBA,Chemicals,"Metals, Mining & Chemicals",2021-03-05,EQ,,,,,post_listing,2021-03-31,2021-06-16 17:40:30,12.0,ytd,standalone,1218.647,154.226,non_financial,4.002280405405405,2021-06-30,,714.458,2022-03-31,2022-05-14 14:22:03,4.002280405405405,xbrl_post_quarter,2021-03-05,,-0.18120846665025847,0.013501287005800222,-0.1947097536560587,-0.005476249077036699,0.1745207919819891,-0.1799970410590258,-0.04485601772089598,0.2883454085103696,-0.3332014262312656,-0.2583682008368201,0.2825942109286781,-0.5409624117654982,0.06606996447116709,0.11955330144924048,-0.05348333697807339,-0.1363077343536485,0.10651857027551248,-0.242826304629161,-0.2883301448483192,-0.05902974376272452,-0.22930040108559469,,,,,,,,6,,-0.01795894471074677,0.2568583925744845,2509.429814189189,False,101.0,16.271120395972073,15.73043593570442,78.0,0.03379435121484548,0.5256410256410257,3.512354559945006,1.7442715980627055,75.0,0.699949581185435,0.6933333333333334,2.05919336295842,1.316767723790665,91.0,0.4471342951922978,0.6703296703296703,0.4471342951922978,above,industry,"ASIANPAINT,PIDILITIND,GRASIM,BERGEPAINT,UPL,PIIND,SRF,COROMANDEL",2021.0
PAVNAIND,Pavna Industries Limited,SME,2021-02-24,2021-03-01,2021-03-09,165,165.0,sme,,,,,,,,,,,,,,,,,,,,,,,,,False,1680.0,,PAVNAIND,Auto Components,Automobile & Mobility,2023-06-01,EQ,,,,,post_listing,2023-06-30,2023-08-15 14:02:03,3.0,inc,consolidated,317.634,14.0016,non_financial,1.0417857142857143,2023-06-30,,,,,1.0417857142857143,xbrl_post_quarter,2021-03-09,,-0.006024096385542244,-0.033764973848489865,0.027740877462947622,0.0,0.1758056352286148,-0.1758056352286148,0.17469879518072284,0.3074911422304707,-0.13279234704974785,0.6626506024096386,0.2890936955176875,0.3735569068919511,0.17567567567567566,0.1395261757502071,0.036149499925468564,0.5255255255255256,0.3302761184824936,0.19524940704303195,0.2627627627627629,0.5845051188525312,-0.3217423560897683,,,,,,,,6,,-0.009242928756998059,0.2472086081733429,,,,,,,,,,,,,,,,,,,,,,,2021.0
MTARTECH,MTAR Technologies Limited,EQ,2021-03-03,2021-03-05,2021-03-15,Rs.574 to Rs.575,575.0,mainboard,,,,,,,,,,,,,,,,,,,,,,,,,False,1487.0,,MTARTECH,,Technology,2021-03-15,BE,,,,,post_listing,2021-03-31,2021-06-16 17:32:18,12.0,ytd,consolidated,246.432,46.083,non_financial,3.0770318021201413,2021-06-30,,,,,3.0770318021201413,xbrl_post_quarter,2021-03-15,,-0.12258660508083141,-0.01884855510705752,-0.1037380499737739,-0.0777367205542725,0.15939215330251266,-0.23712887385678516,0.30258660508083146,0.29800131290417187,0.004585292176659594,0.8274364896073902,0.30317611073089656,0.5242603788764937,0.41238042770571437,0.11955330144924048,0.2928271262564739,1.0934041167927075,0.10651857027551248,0.9868855465171951,0.3032002804627636,-0.05902974376272452,0.3622300242254881,,,,,,,,8,,0.0,0.25281770879266263,1769.2932862190812,False,121.0,38.39362207796978,23.120078823888278,87.0,0.5071899009432939,0.735632183908046,,2.5227123656057477,74.0,,,7.1796409809565365,1.7243855084149717,110.0,1.426378619144068,0.8909090909090909,0.9667842600436809,well_above,sector,"TCS,INFY,HCLTECH,WIPRO,TECHM,LTM,NAUKRI,MPHASIS",2021.0
EASEMYTRIP,Easy Trip Planners Limited,EQ,2021-03-08,2021-03-10,2021-03-19,Rs.186 to Rs.187,187.0,mainboard,,,,,,,,,,,,,,,,,,,,,,,,,False,641.0,,EASEMYTRIP,Consumer Services,Consumer & FMCG,2021-03-19,EQ,,,,,post_listing,2021-03-31,2021-06-16 23:34:04,12.0,ytd,consolidated,106.71,61.01,non_financial,10.86267605633803,2021-06-30,,162.664,2021-03-31,2021-06-16 23:34:04,10.86267605633803,xbrl_post_quarter,2021-03-19,,-0.1461538461538462,0.009663539028321289,-0.15581738518216748,0.8923076923076925,0.2017038913193645,0.690603800988328,1.7969230769230768,0.33998676030393726,1.4569363166191396,2.369230769230769,0.3320933110752937,2.037137458155475,0.6995073891625616,0.11955330144924048,0.5799540877133211,0.3752052545155993,0.10651857027551248,0.2686866842400868,0.8456486042692941,-0.05902974376272452,0.9046783480320186,,,,,,,,9,,-0.015195573943734941,0.23661295078839184,2031.3204225352115,False,21.0,33.29487661916426,21.099375748862194,11.0,0.45616007518672386,0.6363636363636364,12.487830266901168,1.3561802943238752,13.0,2.22008245032924,0.9230769230769231,19.035895628668463,1.3775024260907964,19.0,2.6260544171335756,0.9473684210526315,2.22008245032924,well_above,industry,"TITAN,IRCTC,RELAXO,BATAINDIA,JUSTDIAL,DELTACORP,THOMASCOOK,THANGAMAYL",2021.0
CRAFTSMAN,Craftsman Automation Limited,EQ,2021-03-15,2021-03-17,2021-03-25,Rs.1488 to Rs.1490,1490.0,mainboard,,,,,,,,,,,,,,,,,,,,,,,,,False,516.0,,CRAFTSMAN,Auto Components,Automobile & Mobility,2021-03-25,EQ,,,,,post_listing,2021-03-31,2021-05-06 16:20:32,12.0,ytd,consolidated,1559.95,97.36,non_financial,2.1132572431957857,2021-06-30,,914.01,2021-03-31,2021-05-06 16:20:32,2.1132572431957857,xbrl_post_quarter,2021-03-25,,-0.053949568124825764,0.08047586242657245,-0.13442543055139822,0.24958205628308727,0.2441832040712013,0.005398852211885963,0.4780579548620787,0.3779935850426306,0.1000643698194481,0.6490665923655616,0.42523907938694916,0.22382751297861248,0.34445042740795584,0.21005592571780274,0.1343945016901531,0.751463956384196,0.3112239436996602,0.44024001268453583,0.4759372686275831,0.10864038960691458,0.36729687902066854,,,,,,,,8,,-0.0036124023511696635,0.23601031607988965,3148.7532923617205,False,79.0,32.34134441620502,28.736646726544503,51.0,0.11817322693391083,0.5294117647058824,3.4449877926518533,1.8700073211998842,53.0,0.6109780150230755,0.7547169811320755,2.018496293061778,0.9514416946248092,71.0,0.7521296962764576,0.7464788732394366,0.6109780150230755,well_above,industry,"MOTHERSON,BOSCHLTD,MRF,BALKRISIND,BHARATFORG,TIINDIA,EXIDEIND,SCHAEFFLER",2021.0
LXCHEM,Laxmi Organic Industries Limited,EQ,2021-03-15,2021-03-17,2021-03-25,Rs.129 to Rs.130,130.0,mainboard,,,,,,,,,,,,,,,,,,,,,,,,,False,1337.0,,LXCHEM,Chemicals,"Metals, Mining & Chemicals",2021-03-25,EQ,,,,,post_listing,2021-03-31,2021-05-26 17:18:03,12.0,ytd,consolidated,1768.448,127.034,non_financial,26.372422680412374,2021-06-30,,1034.5893,2021-03-31,2021-05-26 17:18:03,26.372422680412374,xbrl_post_quarter,2021-03-25,,0.2745515354211008,0.08047586242657245,0.19407567299452833,0.3453937366980846,0.2441832040712013,0.10121053262688329,2.1669200364852537,0.3779935850426306,1.788926451442623,1.6539981757373061,0.42523907938694916,1.228759096350357,0.7103556251397898,0.07412514976038342,0.6362304753794064,0.7796913442182958,0.1424470846645367,0.6372442595537591,0.6356519794229476,0.08958790934504779,0.5460640700778998,,,,,,,,8,,-0.0036124023511696635,0.23601031607988965,3428.4149484536088,False,101.0,26.98816811604459,16.814793590957525,78.0,0.4731394822100746,0.7051282051282052,3.313793162614004,1.8755806391675953,75.0,0.5691752181382285,0.68,1.9386574829758119,1.3511011669242396,91.0,0.3610757752668864,0.6373626373626373,0.4731394822100746,above,industry,"ASIANPAINT,GRASIM,PIDILITIND,BERGEPAINT,UPL,PIIND,SRF,COROMANDEL",2021.0
KALYANKJIL,Kalyan Jewellers India Limited,EQ,2021-03-16,2021-03-18,2021-03-26,Rs.86 to 87,87.0,mainboard,,,,,,,,,,,,,,,,,,,,,,,,,False,1171.0,,KALYANKJIL,Consumer Services,Consumer & FMCG,2021-03-26,EQ,,,,,post_listing,2021-03-31,2021-05-27 22:04:03,12.0,ytd,consolidated,8573.305,-6.073,non_financial,102.618,2021-06-30,,3137.027,2022-03-31,2022-05-11 16:32:09,102.618,xbrl_post_quarter,2021-03-26,,-0.20345744680851063,0.0648238998315882,-0.26828134664009884,0.04055851063829774,0.23779014424837075,-0.197231633610073,-0.030585106382978733,0.3713846379146226,-0.40196974429760135,-0.14228723404255328,0.4303068023724097,-0.572594036414963,-0.07363770250368196,0.08804676425946134,-0.1616844667631433,-0.012518409425626098,0.17113862441826933,-0.18365703384389542,-0.09867452135493371,0.10047792872464534,-0.19915245007957905,,,,,,,,9,,-0.01094772031855451,0.2206981799582286,8927.766,True,21.0,,22.234579225280125,11.0,,,2.8459321516837437,1.4048082730048113,13.0,0.7059898265179074,0.6923076923076923,1.0413447322823577,1.4045122775827728,19.0,-0.29917721938456265,0.42105263157894735,0.2034063035666724,above,industry,"TITAN,IRCTC,RELAXO,BATAINDIA,JUSTDIAL,DELTACORP,THOMASCOOK,THANGAMAYL",2021.0
NAZARA,Nazara Technologies Limited,EQ,2021-03-17,2021-03-19,2021-03-30,Rs.1100 to 1101,1101.0,mainboard,,,,,,,,,,,,,,,,,,,,,,,,,False,1526.0,,NAZARA,,Technology,2021-03-30,EQ,,,,,post_listing,2021-03-31,2021-05-30 13:52:02,12.0,ytd,consolidated,454.207,9.238,non_financial,3.0285714285714285,2021-06-30,,658.176,2021-03-31,2021-05-30 13:52:02,3.0285714285714285,xbrl_post_quarter,2021-03-30,,0.14723618090452262,0.06490023134759992,0.0823359495569227,-0.04020100502512558,0.22933776749566226,-0.26953877252078784,0.46180904522613053,0.3579525737420475,0.10385647148408306,0.08140703517587933,0.425686813186813,-0.3442797780109337,0.06566604127579745,0.09866641681501598,-0.03300037553921853,0.32317073170731736,0.1697991817358444,0.15337154997147295,-0.2814258911819888,0.08639870077141709,-0.3678245919534059,,,,,,,,9,,-0.00832993735279286,0.21412745661806976,3334.4571428571426,False,122.0,360.9501128877617,24.282821412440274,87.0,2.6989705947484035,0.9885057471264368,5.066208951491914,2.660709819854862,74.0,0.6439998598169273,0.7567567567567568,7.341272025435853,1.891528662960084,110.0,1.3561268095428893,0.8909090909090909,1.3561268095428893,well_above,sector,"TCS,INFY,HCLTECH,WIPRO,TECHM,LTM,NAUKRI,MPHASIS",2021.0
SURYODAY,Suryoday Small Finance Bank Limited,EQ,2021-03-17,2021-03-19,2021-03-26,Rs.303 to 305,305.0,mainboard,,,,,,,,,,,,,,,,,,,,,,,,,False,2206.0,,SURYODAY,,Financial Services,2021-03-26,EQ,,,,,,,,,,,,,,,,,,,,,,2021-03-26,,-0.10025197984161272,0.0648238998315882,-0.16507587967320092,-0.20320374370050398,0.23779014424837075,-0.44099388794887473,-0.3542116630669546,0.3713846379146226,-0.7255963009815772,-0.6205903527717782,0.4303068023724097,-1.050897155144188,,,,,,,,,,,,,,,,,9,,-0.00832993735279286,0.21412745661806976,,,,,,,,,,,,,,,,,,,,,,,2021.0
BARBEQUE,Barbeque-Nation Hospitality Limited,EQ,2021-03-24,2021-03-26,2021-04-07,Rs.498 to 500,500.0,mainboard,,,,,,,,,,,,,,,,,,,,,,,,,False,,,,,,,,,,,,,,,,,,,,,,,,,,,,,,,,,,,,,,,,,,,,,,,,,,,,,,,,,,,10,,-0.03099206376615382,0.23813642340855545,,,,,,,,,,,,,,,,,,,,,,,2021.0
SIDDHIKA,Siddhika Coatings Limited,SME,2021-03-24,2021-03-26,2021-04-07,Rs 57,57.0,sme,,,,,,,,,,,,,,,,,,,,,,,,,False,3073.0,,SIDDHIKA,Chemicals,"Metals, Mining & Chemicals",2021-04-07,SM,,,,,,,,,,,,,,,,,,,,,,,,,,,,,,,,,,,,,,,,,,,,,,,,,,,,10,,-0.03099206376615382,0.23813642340855545,,,,,,,,,,,,,,,,,,,,,,,2021.0
VMARCIND,V-Marc India Limited,SME,2021-03-25,2021-03-31,,Rs 37 to Rs 39,,sme,,,,,,,,,,,,,,,,,,,,,,,,,False,3072.0,,VMARCIND,Building Materials,Real Estate & Construction,2021-04-09,SM,,,,,,,,,,,,,,,,,,,,,,,,,,,,,,,,,,,,,,,,,,,,,,,,,,,,9,,-0.0493994294752691,0.20326461382433703,,,,,,,,,,,,,,,,,,,,,,,
LODHA,Macrotech Developers Limited,EQ,2021-04-07,2021-04-09,2021-04-19,Rs.483 to Rs.486,486.0,mainboard,,,,,,,,,,,,,,,,,,,,,,,,,False,1319.0,,LODHA,Construction,Industrials & Infrastructure,2021-04-19,EQ,,,,,pre_listing,2021-03-31,2021-05-14 19:24:03,12.0,ytd,consolidated,5448.5747,40.156,non_financial,44.707910750507104,2021-09-30,39.56165605095542,11671.77,2022-03-31,2022-04-27 16:46:10,44.707910750507104,xbrl_post_quarter,2021-04-19,,0.3510318142734308,0.1294905504147359,0.22154126385869488,0.78804815133276,0.31531544618602836,0.4727327051467316,1.2609630266552019,0.39853135577216414,0.8624316708830377,1.1190885640584693,0.3838158601955286,0.7352727038629407,0.34630831016373187,0.1630119549099116,0.18329635525382026,1.1878282360210073,0.28399144390640774,0.9038367921145996,0.527494593759654,0.13572300303137652,0.3917715907282775,,,,,,,,13,,-0.025846289862479943,0.14736054277881294,21728.044624746453,False,47.0,541.0908612597483,21.744361715005407,18.0,3.214232722882514,1.0,1.8615895125372117,1.3004176919897759,27.0,0.3587451850235032,0.7037037037037037,3.9878400905004483,1.7518426983775894,38.0,0.8225815491754512,0.6578947368421053,0.8225815491754512,well_above,industry,"DLF,GODREJPROP,OBEROIRLTY,PRESTIGE,NBCC,PHOENIXLTD,SOBHA,HEMIPROP",2021.0
AILIMITED,Abhishek Integrations Limited,SME,2021-06-08,2021-06-11,2021-06-21,Rs 50,50.0,sme,,,,,,,,,,,,,,,,,,,,,,,,,False,3071.0,,AILIMITED,Engineering,Industrials & Infrastructure,2021-06-21,SM,,,,,,,,,,,,,,,,,,,,,,,,,,,,,,,,,,,,,,,,,,,,,,,,,,,,10,,0.0,0.16864357265041496,,,,,,,,,,,,,,,,,,,,,,,2021.0
SHYAMMETL,Shyam Metalics and Energy Limited,EQ,2021-06-14,2021-06-16,2021-06-24,Rs.303 to Rs.306,306.0,mainboard,,,,,,,,,,,,,,,,,,,,,,,,,False,2059.0,,SHYAMMETL,Metals & Mining,"Metals, Mining & Chemicals",2021-06-24,EQ,,,,,pre_listing,2021-03-31,2021-07-08 15:16:14,12.0,ytd,consolidated,6297.07,843.36,non_financial,25.51492537313433,2021-09-30,23.3433734939759,,,,25.51492537313433,xbrl_post_quarter,2021-06-24,,0.13757809384554043,0.08715400908441784,0.05042408476112259,-0.004253622225176001,0.11666336651485953,-0.12091698874003554,-0.14967433204838487,0.14035845648899836,-0.29003278853738323,-0.2416589126678187,-0.026203205347446024,-0.21545570732037267,-0.1311357936223575,0.12103201868902014,-0.25216781231137764,-0.16350173175683747,0.1713618249278548,-0.33486355668469225,-0.3124328197778573,-0.043836745911776775,-0.26859607386608053,,,,,,,,9,,0.0,0.17145426283101317,7807.567164179104,False,74.0,9.257692046313679,15.223061718308616,50.0,-0.4973567178152989,0.26,,1.4897753291873463,51.0,,,1.2398730146209436,0.73499946533652,66.0,0.5228944740120488,0.7121212121212122,0.012768878098374958,in_line,industry,"JSWSTEEL,HINDZINC,TATASTEEL,VEDL,COALINDIA,HINDALCO,SAIL,JINDALSTEL",2021.0
SONACOMS,Sona BLW Precision Forgings Limited,EQ,2021-06-14,2021-06-16,2021-06-24,Rs.285 to Rs.291,291.0,mainboard,,,,,,,,,,,,,,,,,,,,,,,,,False,2112.0,,SONACOMS,Auto Components,Automobile & Mobility,2021-06-24,EQ,,,,,post_listing,2021-06-30,2021-08-07 12:32:02,3.0,inc,consolidated,2002.988,328.916,non_financial,58.43046357615894,2021-09-30,,2000.2967,2022-03-31,2022-05-06 14:54:11,58.43046357615894,xbrl_post_quarter,2021-06-24,,0.12278516057585831,0.08715400908441784,0.03563115149144047,0.5448504983388704,0.11666336651485953,0.4281871318240109,0.9505813953488371,0.14035845648899836,0.8102229388598388,0.5484496124031006,-0.026203205347446024,0.5746528177505467,0.43710757639179554,0.09457458754909487,0.34253298884270067,0.35632063624947663,0.0912336374454581,0.26508699880401854,0.19265383005441605,0.004815884597549669,0.18783794545686638,,,,,,,,9,,0.0,0.17145426283101317,17003.264900662252,False,80.0,51.69485491937836,29.07821358919395,59.0,0.5753690386914054,0.6779661016949152,8.500371420230934,2.1331890091592514,58.0,1.382491811586945,0.9482758620689655,8.488949959092242,1.0890414683827851,75.0,2.0534673903954213,1.0,1.382491811586945,well_above,industry,"MOTHERSON,BOSCHLTD,BALKRISIND,BHARATFORG,MRF,TIINDIA,SUNDRMFAST,SCHAEFFLER",2021.0
DODLA,Dodla Dairy Limited,EQ,2021-06-16,2021-06-18,2021-06-28,Rs.421 to Rs.428,428.0,mainboard,,,,,,,,,,,,,,,,,,,,,,,,,False,616.0,,DODLA,Food & Beverages,Consumer & FMCG,2021-06-28,EQ,,,,,pre_listing,2021-03-31,2021-07-15 15:10:15,12.0,ytd,consolidated,1944.006,125.97,non_financial,5.950566801619433,2021-09-30,5.705357142857143,843.118,2022-03-31,2022-05-17 15:50:14,5.950566801619433,xbrl_post_quarter,2021-06-28,,0.002295458271847739,0.0713079164931898,-0.06901245822134205,-0.013690768978521062,0.10346755486825665,-0.11715832384677771,-0.10583702246269877,0.15533813120799378,-0.26117515367069255,-0.2122479094933596,-0.03580562659846542,-0.17644228289489416,0.009148369926813116,0.08522090526164705,-0.07607253533483394,-0.07168995342648044,0.13257628035618674,-0.20426623378266717,-0.18512974051896214,-0.039019327485218636,-0.1461104130337435,,,,,,,,9,,0.0,0.16924157791860006,2546.8425910931173,False,68.0,20.21785021110675,15.020534370544674,52.0,0.29714766504472384,0.5961538461538461,3.0207427561659426,2.6038360882051244,49.0,0.14851697069004852,0.5714285714285714,1.310100170006223,0.824995795832177,65.0,0.46248058856475455,0.6461538461538462,0.29714766504472384,above,industry,"BRITANNIA,TATACONSUM,MARICO,UNITDSPR,JUBLFOOD,PATANJALI,UBL,VBL",2021.0
KIMS,Krishna Institute of Medical Sciences Limited,EQ,2021-06-16,2021-06-18,2021-06-28,Rs.815 to Rs.825,825.0,mainboard,,,,,,,,,,,,,,,,,,,,,,,,,False,1209.0,,KIMS,Hospitals,Healthcare & Pharmaceuticals,2021-06-28,EQ,,,,,pre_listing,2021-03-31,2021-07-03 12:00:03,12.0,ytd,consolidated,1329.937,201.219,non_financial,7.902998065764023,2021-09-30,7.488611834759955,,,,7.902998065764023,xbrl_post_quarter,2021-06-28,,0.20310932798395176,0.0713079164931898,0.13180141149076197,0.22893681043129388,0.10346755486825665,0.12546925556303723,0.44007021063189544,0.15533813120799378,0.28473207942390166,0.2146439317953861,-0.03580562659846542,0.2504495583938515,0.1080402010050252,0.10381685547347685,0.00422334553154835,0.3382823206943808,0.15523261844122027,0.18304970225316053,0.10095934216537228,-0.0392403166883708,0.14019965885374308,,,,,,,,9,,0.0,0.16924157791860006,6519.973404255319,False,94.0,32.402374548404076,29.937641222798685,72.0,0.07911511622955689,0.5277777777777778,,4.002325993148743,70.0,,,4.902467864459234,3.163905506297258,89.0,0.4379315399445284,0.6966292134831461,0.25852332808704265,above,sector,"SUNPHARMA,DIVISLAB,DRREDDY,CIPLA,AUROPHARMA,LUPIN,GLAND,TORNTPHARM",2021.0
IPL,India Pesticides Limited,EQ,2021-06-23,2021-06-25,2021-07-05,Rs.290 to 296,296.0,mainboard,,,,,,,,,,,,,,,,,,,,,,,,,False,1073.0,,IPL,Chemicals,"Metals, Mining & Chemicals",2021-07-05,EQ,,,,,pre_listing,2021-06-30,2021-07-22 19:10:12,3.0,inc,consolidated,681.176,168.084,non_financial,11.511466666666667,2021-12-31,11.175797872340427,,,,11.511466666666667,xbrl_post_quarter,2021-07-05,,-0.03234736995483012,0.04655826121028439,-0.07890563116511451,-0.0977706542328427,0.10381685547347685,-0.20158750970631956,-0.07110593035115831,0.15523261844122027,-0.22633854879237858,-0.19597843508669677,-0.0392403166883708,-0.15673811839832597,-0.05415526429497319,0.02855560171721372,-0.08271086601218691,-0.14014114935906663,0.06483866500484692,-0.20497981436391355,-0.14993518651879578,-0.046974103309790904,-0.10296108320900488,,,,,,,,8,,-0.0029805638679510915,0.2111847478083646,3407.3941333333337,False,107.0,20.271971950532674,21.009119169478645,96.0,-0.03571734970931638,0.4791666666666667,,2.5288440641740664,90.0,,,5.0022228224913,1.81583153378114,105.0,1.0133388700085961,0.780952380952381,0.48881076014963987,above,industry,"ASIANPAINT,PIDILITIND,GRASIM,UPL,BERGEPAINT,PIIND,SRF,COROMANDEL",2021.0
WALPAR,Walpar Nutritions Limited,SME,2021-06-30,2021-07-05,2021-07-13,Rs 55,55.0,sme,,,,,,,,,,,,,,,,,,,,,,,,,False,3070.0,,WALPAR,Pharmaceuticals,Healthcare & Pharmaceuticals,2021-07-13,SM,,,,,,,,,,,,,,,,,,,,,,,,,,,,,,,,,,,,,,,,,,,,,,,,,,,,7,,-0.0010051745672992052,0.2441832040712013,,,,,,,,,,,,,,,,,,,,,,,2021.0
CLEAN,Clean Science and Technology Limited,EQ,2021-07-07,2021-07-09,2021-07-19,Rs.880 to Rs.900,900.0,mainboard,,,,,,,,,,,,,,,,,,,,,,,,,False,478.0,,CLEAN,Chemicals,"Metals, Mining & Chemicals",2021-07-19,EQ,,,,,pre_listing,2021-06-30,2021-08-09 20:12:03,3.0,inc,consolidated,585.232,218.472,non_financial,10.619597069597068,2021-12-31,10.626070038910507,,,,10.619597069597068,xbrl_post_quarter,2021-07-19,,-0.02561110234978703,-0.03635209012093432,0.010740987771147292,0.27528780949377074,0.0632668838698991,0.21202092562387165,0.522472796088945,0.1354740736650284,0.38699872242391664,0.09534773695000798,-0.03609807278148991,0.1314458097314979,0.32365418132789636,0.11786533608625827,0.2057888452416381,0.42799828997993994,0.12193737095664137,0.30606091902329857,0.0812588378440593,0.0405425556320258,0.040716282212033494,,,,,,,,7,,-0.005260853030320423,0.2371844027032255,9557.63736263736,False,107.0,43.74765353288916,23.19275409875698,96.0,0.634598071271597,0.6979166666666666,,2.5073162910390323,81.0,,,16.331364933286903,1.8995157955235396,105.0,2.1514884786587976,0.9714285714285714,1.3930432749651973,well_above,industry,"ASIANPAINT,PIDILITIND,GRASIM,UPL,BERGEPAINT,SRF,PIIND,ATUL",2021.0
GRINFRA,G R Infraprojects Limited,EQ,2021-07-07,2021-07-09,2021-07-19,Rs.828 to Rs.837,837.0,mainboard,,,,,,,,,,,,,,,,,,,,,,,,,False,865.0,,GRINFRA,Engineering,Industrials & Infrastructure,2021-07-19,EQ,,,,,pre_listing,2021-06-30,2021-08-12 19:20:12,3.0,inc,consolidated,9057.9396,885.0924,non_financial,9.666425249169436,2021-12-31,9.671027097902098,4810.8667,2022-03-31,2022-05-27 20:24:05,9.666425249169436,xbrl_post_quarter,2021-07-19,,-0.08388186137027076,-0.03635209012093432,-0.04752977124933644,0.165130788163242,0.0632668838698991,0.10186390429334291,0.1001946082078875,0.1354740736650284,-0.03527946545714089,-0.289708660065251,-0.03609807278148991,-0.25361058728376107,0.20404909451898212,0.10402256699576862,0.1000265275232135,-0.00743035918416457,0.057269393511988564,-0.06469975269615313,-0.17381625654292754,0.02022566995768682,-0.19404192650061436,,,,,,,,7,,-0.005260853030320423,0.2371844027032255,8090.797933554818,False,86.0,9.14119015546266,24.141190216585294,61.0,-0.9711289282660994,0.08196721311475409,1.6817755381904094,1.622563135831004,55.0,0.03584302177010346,0.509090909090909,0.8932271897192622,1.3463574828390366,82.0,-0.41031710367660973,0.2926829268292683,-0.41031710367660973,below,industry,"LT,BEL,BHEL,AIAENG,THERMAX,KEC,PNCINFRA,KNRCON",2021.0
ZOMATO,Zomato Limited,EQ,2021-07-14,2021-07-16,2021-07-23,Rs.72 to Rs.76,76.0,mainboard,,,,,,,,,,,,,,,,,,,,,,,,,False,,,,,,,,,,,,,,,,,,,,,,,,,,,,,,,,,,,,,,,,,,,,,,,,,,,,,,,,,,,7,,0.0,0.295274473425734,,,,,,,,,,,,,,,,,,,,,,,2021.0
TATVA,Tatva Chintan Pharma Chem Limited,EQ,2021-07-16,2021-07-20,2021-07-29,Rs.1073 to Rs.1083,1083.0,mainboard,,,,,,,,,,,,,,,,,,,,,,,,,False,2253.0,,TATVA,,Healthcare & Pharmaceuticals,2021-07-29,EQ,,,,,pre_listing,2021-06-30,2021-08-14 18:50:04,3.0,inc,consolidated,427.328,92.584,non_financial,2.21642371234208,2021-12-31,2.009201388888889,473.089,2022-03-31,2022-04-26 14:00:27,2.21642371234208,xbrl_post_quarter,2021-07-29,,-0.10161318225067029,-0.0322046394929133,-0.06940854275775699,0.08338379032955645,0.031874504797957615,0.051509285531598836,0.05689386731251633,0.07988159168940934,-0.022987724376893004,0.0011460946284924667,-0.010679857381811875,0.011825952010304341,0.21205928640217975,0.11270643402647362,0.09935285237570612,0.09240598501397601,0.07451542777796738,0.01789055723600863,0.08526530899866103,0.019826771832781143,0.06543853716587988,,,,,,,,7,,0.0,0.2891096642666915,2400.3868804664726,False,99.0,25.92658429606058,31.435822838768278,77.0,-0.19267923437855233,0.36363636363636365,5.073859000032705,4.088686898470136,61.0,0.21587780528279868,0.6229508196721312,5.617200090952319,3.4705021404079988,95.0,0.4815340427629223,0.7263157894736842,0.21587780528279868,above,sector,"SUNPHARMA,DIVISLAB,DRREDDY,CIPLA,GLAND,AUROPHARMA,APOLLOHOSP,LUPIN",2021.0
GLS,Glenmark Life Sciences Limited,EQ,2021-07-27,2021-07-29,2021-08-06,Rs.695 to Rs.720,720.0,mainboard,,,,,,,,,,,,,,,,,,,,,,,,,False,,,,,,,,,,,,,,,,,,,,,,,,,,,,,,,,,,,,,,,,,,,,,,,,,,,,,,,,,,,9,,0.0,0.2773019196469486,,,,,,,,,,,,,,,,,,,,,,,2021.0
NPST,Network People Services Technologies Limited,SME,2021-07-28,2021-08-02,2025-04-30,Rs 76 to Rs 80,2177.0,sme,,,,,,,,,,,,,,,,,,,,,,,,,False,1586.0,,NPST,,Technology,2025-04-30,EQ,,,,,pre_listing,2025-03-31,2025-05-29 13:12:12,12.0,ytd,consolidated,173.2077,45.1963,non_financial,1.9681000000000002,2025-09-30,1.9383225806451612,416.8225,2025-09-30,2025-11-12 21:44:49,1.9681000000000002,xbrl_post_quarter,2025-04-30,,-0.09148115423571757,0.09594093538505599,-0.18742208962077356,-0.10497166131500124,0.12758269339071382,-0.23255435470571506,-0.18630260974505963,0.13360504445146137,-0.319907654196521,-0.46749132599185395,0.13343902288167864,-0.6009303488735326,0.013757768395085135,-0.01942012885365385,0.033177897248738986,-0.25072346885525876,-0.003709963435028163,-0.2470135054202306,-0.30342995398263684,-0.004999094044157104,-0.29843085993847973,,,,,,,,9,,-0.0007450989049805345,0.2549230268037237,4284.5537,False,126.0,94.7987711383454,32.001204537089706,99.0,1.0859829026259329,0.8888888888888888,10.279084502396104,2.7392530236526014,84.0,1.3224259357463866,0.8928571428571429,24.73650824992192,2.880791126024152,121.0,2.150215266205003,0.9669421487603306,1.3224259357463866,well_above,sector,"TCS,INFY,WIPRO,HCLTECH,TECHM,LTM,NAUKRI,MPHASIS",2025.0
REXPIPES,Rex Pipes and Cables Industries Limited,SME,2021-07-28,2021-08-02,2021-08-10,Rs 26,26.0,sme,,,,,,,,,,,,,,,,,,,,,,,,,False,3069.0,,REXPIPES,Manufacturing,Industrials & Infrastructure,2021-08-10,SM,,,,,,,,,,,,,,,,,,,,,,,,,,,,,,,,,,,,,,,,,,,,,,,,,,,,9,,-0.0007450989049805345,0.2549230268037237,,,,,,,,,,,,,,,,,,,,,,,2021.0
ROLEXRINGS,Rolex Rings Limited,EQ,2021-07-28,2021-07-30,2021-08-09,Rs.880 to Rs.900,900.0,mainboard,,,,,,,,,,,,,,,,,,,,,,,,,False,1875.0,,ROLEXRINGS,Auto Components,Automobile & Mobility,2021-08-09,EQ,,,,,pre_listing,2021-06-30,2021-08-15 15:56:01,3.0,inc,standalone,909.456,121.272,non_financial,2.722191780821918,2021-12-31,2.3985759493670886,,,,2.722191780821918,xbrl_post_quarter,2021-08-09,,-0.06341045415595548,0.018291422473755814,-0.08170187662971129,0.003427592116538092,0.09457458754909487,-0.09114699543255678,0.078834618680377,0.0912336374454581,-0.012399018765081093,0.5098543273350471,0.004815884597549669,0.5050384427374974,0.044303797468354444,0.11270643402647362,-0.06840263655811918,0.15732368896925863,0.07451542777796738,0.08280826119129125,0.6057866184448464,0.019826771832781143,0.5859598466120652,,,,,,,,9,,-0.0007450989049805345,0.2549230268037237,2449.972602739726,False,80.0,20.2022940393473,27.930175391493513,60.0,-0.32391149535516595,0.31666666666666665,,2.1707911757509146,56.0,,,2.693887997593865,1.1317907702213867,75.0,0.8671843716253638,0.8533333333333334,0.2716364381350989,above,industry,"MOTHERSON,BALKRISIND,BOSCHLTD,BHARATFORG,MRF,SCHAEFFLER,TIINDIA,UNOMINDA",2021.0
DEVYANI,Devyani International Limited,EQ,2021-08-04,2021-08-06,2021-08-16,Rs.86 to Rs.90,90.0,mainboard,,,,,,,,,,,,,,,,,,,,,,,,,False,584.0,,DEVYANI,Food & Beverages,Consumer & FMCG,2021-08-16,EQ,,,,,post_listing,2021-09-30,2021-11-01 16:46:10,6.0,ytd,consolidated,1737.67,33.646,non_financial,121.3923076923077,2021-12-31,,,,,121.3923076923077,xbrl_post_quarter,2021-08-16,,-0.03360323886639682,0.06532477435949957,-0.0989280132258964,0.31376518218623484,0.11270643402647362,0.2010587481597612,0.3441295546558705,0.07451542777796738,0.2696141268779031,0.5890688259109311,0.019826771832781143,0.56924205407815,0.3048069919883467,0.048288017688224105,0.2565189743001226,0.1219956300072833,-0.08753897979829572,0.20953460980557903,0.34304442825928616,-0.011727834965530759,0.3547722632248169,,,,,,,,10,,-0.0024602984944930295,0.25498623191871705,10925.307692307693,False,69.0,324.71341889994926,16.00610604449884,57.0,3.009972728106248,1.0,,2.7708946752706294,43.0,,,6.287331709880295,1.0488605886135767,66.0,1.7908323479809312,0.9242424242424242,2.40040253804359,well_above,industry,"BRITANNIA,TATACONSUM,MARICO,JUBLFOOD,UNITDSPR,UBL,VBL,PATANJALI",2021.0
EXXARO,Exxaro Tiles Limited,BE,2021-08-04,2021-08-06,2021-08-16,Rs.118 to Rs.120,120.0,mainboard,,,,,,,,,,,,,,,,,,,,,,,,,False,718.0,,EXXARO,Building Materials,Real Estate & Construction,2021-08-16,EQ,,,,,post_listing,2021-09-30,2021-10-28 13:44:12,6.0,ytd,standalone,281.3526,9.7106,non_financial,4.078085106382979,2021-12-31,,,,,4.078085106382979,xbrl_post_quarter,2021-08-16,,0.2025699168556312,0.06532477435949957,0.13724514249613162,0.15948601662887363,0.11270643402647362,0.046779582602400005,-0.05291005291005302,0.07451542777796738,-0.1274254806880204,-0.21239606953892676,0.019826771832781143,-0.2322228413717079,-0.10583446404341934,0.04652415256722664,-0.15235861661064598,-0.2971506105834465,-0.026677402325940958,-0.27047320825750554,-0.11668928086838537,0.006958626830972037,-0.1236479076993574,,,,,,,,10,,-0.0024602984944930295,0.25498623191871705,489.37021276595743,False,56.0,50.39546606450245,20.64591440039345,49.0,0.8923837620208213,0.8979591836734694,,2.4812161962326322,44.0,,,1.7393484644035897,1.489419325090785,53.0,0.15512426806437524,0.5660377358490566,0.5237540150425982,well_above,industry,"ULTRACEMCO,SHREECEM,AMBUJACEM,ACC,DALBHARAT,POLYCAB,RAMCOCEM,JKCEMENT",2021.0
KRSNAA,Krsnaa Diagnostics Limited,EQ,2021-08-04,2021-08-06,2021-08-16,Rs.933 to Rs.954,954.0,mainboard,,,,,,,,,,,,,,,,,,,,,,,,,False,1259.0,,KRSNAA,,Healthcare & Pharmaceuticals,2021-08-16,EQ,,,,,post_listing,2021-09-30,2021-10-12 13:46:12,6.0,ytd,consolidated,481.47,68.24,non_financial,2.8804232804232806,2021-12-31,,684.409,2022-03-31,2022-05-29 17:42:02,2.8804232804232806,xbrl_post_quarter,2021-08-16,,-0.1335359675785207,0.06532477435949957,-0.19886074193802028,-0.3309523809523809,0.11270643402647362,-0.4436588149788545,-0.3775075987841946,0.07451542777796738,-0.452023026562162,-0.5295845997973657,0.019826771832781143,-0.5494113716301469,0.008356912548529438,0.047987811976454076,-0.03963089942792464,-0.28564848325327374,-0.02610200889806691,-0.25954647435520684,-0.3638218069355794,-0.05690612488674951,-0.3069156820488299,,,,,,,,10,,-0.0024602984944930295,0.25498623191871705,2747.9238095238097,False,99.0,40.26852006922348,31.330402035946214,74.0,0.2509810868011727,0.6081081081081081,4.015031668963748,4.013491012679144,62.0,0.00038379571550264626,0.5,5.707362472269943,3.213732313889155,93.0,0.5743240268447681,0.7204301075268817,0.2509810868011727,above,sector,"SUNPHARMA,DIVISLAB,DRREDDY,CIPLA,GLAND,BIOCON,APOLLOHOSP,AUROPHARMA",2021.0
WINDLAS,Windlas Biotech Limited,EQ,2021-08-04,2021-08-06,2021-08-16,Rs.448 to Rs.460,460.0,mainboard,,,,,,,,,,,,,,,,,,,,,,,,,False,2518.0,,WINDLAS,Pharmaceuticals,Healthcare & Pharmaceuticals,2021-08-16,EQ,,,,,pre_listing,2021-06-30,2021-09-08 17:52:09,3.0,inc,consolidated,443.824,26.748,non_financial,2.2073490813648293,2021-12-31,1.8220708446866487,394.777,2022-03-31,2022-05-12 17:34:05,2.2073490813648293,xbrl_post_quarter,2021-08-16,,-0.05464816406729711,0.06532477435949957,-0.11997293842679668,-0.266363748004421,0.11270643402647362,-0.3790701820308946,-0.3409062998894755,0.07451542777796738,-0.4154217276674429,-0.4794301854353432,0.019826771832781143,-0.49925695726812436,-0.2651976668826961,0.07113576604188565,-0.33633343292458173,-0.38224238496435514,-0.00446401837869026,-0.3777783665856649,-0.373298768632534,0.055038080254340205,-0.4283368488868742,,,,,,,,10,,-0.0024602984944930295,0.25498623191871705,1015.3805774278214,False,51.0,37.96099063211535,29.90539380580466,38.0,0.23852021116724265,0.631578947368421,2.5720358010416553,4.081032211731259,33.0,-0.46165222367752906,0.3333333333333333,2.2878000681076767,3.582212693164963,48.0,-0.4483899933226616,0.3125,-0.4483899933226616,below,industry,"DIVISLAB,DRREDDY,CIPLA,BIOCON,LUPIN,ALKEM,LAURUSLABS,PFIZER",2021.0
CARTRADE,CarTrade Tech Limited,EQ,2021-08-09,2021-08-11,2021-08-20,Rs.1585 to Rs.1618,1618.0,mainboard,,,,,,,,,,,,,,,,,,,,,,,,,False,431.0,,CARTRADE,Automobiles,Automobile & Mobility,2021-08-20,EQ,,,,,post_listing,2021-09-30,2021-10-29 17:44:09,6.0,ytd,consolidated,261.613,-166.1444,non_financial,4.643320079522862,2021-12-31,,,,,4.643320079522862,xbrl_post_quarter,2021-08-20,,-0.07717930781786075,0.07020437390681677,-0.14738368172467753,-0.33173445254988176,0.12010635425593108,-0.45184080680581284,-0.6253955564438227,0.0627149682463286,-0.6881105246901513,-0.5770627227607341,0.0753518729383591,-0.6524145956990932,-0.34284482758620693,0.04344613955746457,-0.3862909671436715,-0.44168103448275864,-0.05862827772178214,-0.3830527567609765,-0.5543534482758621,0.003994744035588527,-0.5583481923114506,,,,,,,,10,,-0.0175968369142534,0.21005592571780274,7512.891888667991,True,12.0,,27.491003477362135,8.0,,,,3.809351830364011,8.0,,,28.717578593831313,1.673750382205426,12.0,2.842442583449947,1.0,2.842442583449947,well_above,industry,"MARUTI,TMPV,BAJAJ-AUTO,M&M,EICHERMOT,HEROMOTOCO,ASHOKLEY,TVSMOTOR",2021.0
APTUS,Aptus Value Housing Finance India Limited,EQ,2021-08-10,2021-08-12,2021-08-24,Rs.346 to Rs.353,353.0,mainboard,,,,,,,,,,,,,,,,,,,,,,,,,False,177.0,,APTUS,,Financial Services,2021-08-24,EQ,,,,,post_listing,2023-12-31,2024-02-02 11:44:06,9.0,ytd,consolidated,1320.8446666666666,597.1510666666666,non_financial,49.86933544303797,2023-12-31,,,,,49.86933544303797,xbrl_post_quarter,2021-08-24,,-0.023782069760737934,0.0925293627606274,-0.11631143252136533,-0.05693283366964541,0.1346404308493787,-0.19157326451902412,-0.01484577688094546,0.0539969727903129,-0.06884274967125836,0.021331795906601503,0.07620824386638048,-0.05487644795977897,-0.1552327145547484,-0.010683394425252457,-0.14454932012949595,-0.16760828625235413,0.135660320139237,-0.30326860639159114,-0.1172988969599138,0.06132815590306162,-0.17862705286297542,,,,,,,,11,,-0.027877951815081348,0.17943463363205048,17603.875411392404,False,48.0,29.47976884586057,21.77873462582937,15.0,0.3027702084114603,0.8,,1.2301222741474271,18.0,,,13.327740843151684,4.718287484043233,23.0,1.0384017281093443,0.6521739130434783,0.6705859682604023,well_above,sector,"LTF,MANAPPURAM,CDSL,CHOLAHLDNG,CANFINHOME,RBA,SHRIRAMFIN,JSWHL",2021.0
CHEMPLASTS,Chemplast Sanmar Limited,EQ,2021-08-10,2021-08-12,2021-08-24,Rs.530 to Rs.541,541.0,mainboard,,,,,,,,,,,,,,,,,,,,,,,,,False,466.0,,CHEMPLASTS,Chemicals,"Metals, Mining & Chemicals",2021-08-24,EQ,,,,,post_listing,2021-09-30,2021-10-30 14:12:03,6.0,ytd,consolidated,5266.72,360.32,non_financial,15.811748998664887,2021-12-31,,105.76,2022-03-31,2022-05-11 14:12:12,15.811748998664887,xbrl_post_quarter,2021-08-24,,0.12434652725914863,0.0925293627606274,0.03181716449852123,0.15720687079910367,0.1346404308493787,0.02256643994972496,-0.12079910380881265,0.0539969727903129,-0.17479607659912555,-0.2078976848394325,0.07620824386638048,-0.28410592870581297,-0.12942079018028385,0.04344613955746457,-0.17286692973774842,-0.1515918680475642,-0.05862827772178214,-0.09296359032578205,-0.40506329113924056,0.003994744035588527,-0.4090580351748291,,,,,,,,11,,-0.027877951815081348,0.17943463363205048,8554.156208277704,False,109.0,23.74044240752027,20.703618482503924,89.0,0.13687153362687307,0.5393258426966292,80.88271755179372,2.525602688083877,81.0,3.4665204513515397,1.0,1.6241904274914374,1.7035201141008758,98.0,-0.04768727239082853,0.46938775510204084,0.13687153362687307,in_line,industry,"ASIANPAINT,PIDILITIND,GRASIM,BERGEPAINT,UPL,SRF,PIIND,AARTIIND",2021.0
DUDIGITAL,DU Digital Technologies Limited,SME,2021-08-12,2021-08-17,2021-08-26,Rs 65,65.0,sme,,,,,,,,,,,,,,,,,,,,,,,,,False,,,,,,,,,,,,,,,,,,,,,,,,,,,,,,,,,,,,,,,,,,,,,,,,,,,,,,,,,,,11,,-0.058107579674567256,0.1413444072972334,,,,,,,,,,,,,,,,,,,,,,,2021.0
AMIORG,Ami Organics Limited,EQ,2021-09-01,2021-09-03,2021-09-14,Rs.603 to Rs.610,610.0,mainboard,,,,,,,,,,,,,,,,,,,,,,,,,False,,,,,,,,,,,,,,,,,,,,,,,,,,,,,,,,,,,,,,,,,,,,,,,,,,,,,,,,,,,18,,-0.03816449783841325,0.11363550614364959,,,,,,,,,,,,,,,,,,,,,,,2021.0
VIJAYA,Vijaya Diagnostic Centre Limited,EQ,2021-09-01,2021-09-03,2021-09-14,Rs.522 to Rs.531,531.0,mainboard,,,,,,,,,,,,,,,,,,,,,,,,,False,2440.0,,VIJAYA,,Healthcare & Pharmaceuticals,2021-09-14,EQ,,,,,post_listing,2021-09-30,2021-11-09 14:58:14,6.0,ytd,consolidated,470.7876,121.3632,non_financial,10.19616935483871,2021-12-31,,500.3375,2022-09-30,2022-11-11 13:00:36,10.19616935483871,xbrl_post_quarter,2021-09-14,,-0.09732301241735208,0.062278211497516,-0.15960122391486808,-0.08063215610385421,0.057439189625137166,-0.13807134572899138,-0.33728430898242223,-0.014070800266683947,-0.3232135087157383,-0.3542170617642316,0.010635094737294848,-0.36485215650152647,-0.1375886524822696,-0.0030522818103401184,-0.13453637067192947,-0.214450354609929,-0.14282943461328423,-0.07162091999664477,-0.19929078014184398,-0.03964393448312831,-0.15964684565871567,,,,,,,,18,,-0.03816449783841325,0.11363550614364959,5414.165927419355,False,102.0,44.611265419990204,28.218034503971026,71.0,0.4580251200684224,0.676056338028169,10.821027661167424,3.836340096581834,63.0,1.0369724345722775,0.8571428571428571,11.500230523105017,2.7595789279488843,86.0,1.4272889749028084,0.9186046511627907,1.0369724345722775,well_above,sector,"SUNPHARMA,DIVISLAB,DRREDDY,CIPLA,APOLLOHOSP,GLAND,BIOCON,TORNTPHARM",2021.0
BEWLTD,BEW Engineering Limited,SME,2021-09-02,2021-09-07,2021-09-16,Rs.58,58.0,sme,,,,,,,,,,,,,,,,,,,,,,,,,False,3067.0,,BEWLTD,Engineering,Industrials & Infrastructure,2021-09-16,SM,,,,,,,,,,,,,,,,,,,,,,,,,,,,,,,,,,,,,,,,,,,,,,,,,,,,18,,-0.036220155981838364,0.10239669010759633,,,,,,,,,,,,,,,,,,,,,,,2021.0
SANSERA,Sansera Engineering Limited,EQ,2021-09-14,2021-09-16,2021-09-24,Rs.734 to Rs.744,744.0,mainboard,,,,,,,,,,,,,,,,,,,,,,,,,False,1952.0,,SANSERA,Auto Components,Automobile & Mobility,2021-09-24,EQ,,,,,post_listing,2021-09-30,2021-11-11 17:56:10,6.0,ytd,consolidated,1858.548,139.514,non_financial,5.168957871396897,2021-12-31,,1023.382,2022-03-31,2022-05-24 19:08:08,5.168957871396897,xbrl_post_quarter,2021-09-24,,-0.08001954675951373,0.021858980559048113,-0.10187852731856184,-0.08496732026143783,0.02121954627032485,-0.10618686653176268,-0.2668132673630199,0.0007469022364079425,-0.26756016959942786,-0.14861645592816564,-0.026324273785343633,-0.122292182142822,-0.17357386640663086,-0.018658090115149517,-0.15491577629148134,-0.15626523647001456,-0.113656351624977,-0.04260888484503755,-0.0978790833739639,-0.04347248072321197,-0.05440660265075192,,,,,,,,18,,0.0,0.10114960311321108,3845.704656319291,False,84.0,27.565008933291935,21.391880972456438,63.0,0.25353571989324547,0.6190476190476191,3.757838867909824,2.157192121550665,56.0,0.5550365906760316,0.7142857142857143,2.069198458322998,0.9215671676353726,71.0,0.8088409291582569,0.7887323943661971,0.5550365906760316,well_above,industry,"MOTHERSON,BALKRISIND,BOSCHLTD,BHARATFORG,MRF,SONACOMS,TIINDIA,SCHAEFFLER",2021.0
QUADPRO,Quadpro ITeS Limited,SME,2021-09-20,2021-09-22,2021-09-30,Rs.20,20.0,sme,,,,,,,,,,,,,,,,,,,,,,,,,False,3066.0,,QUADPRO,IT Services,Technology,2021-09-30,SM,,,,,,,,,,,,,,,,,,,,,,,,,,,,,,,,,,,,,,,,,,,,,,,,,,,,20,,-0.00738588724105349,0.11955330144924048,,,,,,,,,,,,,,,,,,,,,,,2021.0
PARAS,Paras Defence and Space Technologies Limited,BE,2021-09-21,2021-09-23,2021-10-01,Rs.165 to Rs.175,175.0,mainboard,,,,,,,,,,,,,,,,,,,,,,,,,False,1667.0,,PARAS,,Technology,2021-10-01,EQ,,,,,pre_listing,2021-09-30,2021-11-13 15:50:03,6.0,ytd,consolidated,149.76,18.14,non_financial,3.8909774436090223,2022-03-31,3.1,336.32,2022-03-31,2022-05-21 12:08:02,3.8909774436090223,xbrl_post_quarter,2021-10-01,,0.6998375304630382,0.02094424805145012,0.6788932824115881,0.5044679122664499,0.06119830486818012,0.4432696073982698,0.39642567018684005,0.049879679713786595,0.34654599047305346,0.33793663688058495,0.0027471357383193062,0.33518950114226564,-0.17308667004561584,-0.058285714285714274,-0.11480095575990157,-0.23542828180435893,-0.1314695707879564,-0.10395871101640253,-0.2404967055245819,-0.04024087123638698,-0.20025583428819493,,,,,,,,20,,-0.026627645541498324,0.10579705748521162,680.921052631579,False,127.0,37.53699297858759,28.227418696327913,95.0,0.28503312638603767,0.6842105263157895,2.024622539936902,3.308613674510341,85.0,-0.4911459890496511,0.3764705882352941,4.546748481781377,2.444063776548169,115.0,0.6207502219924841,0.6695652173913044,0.28503312638603767,above,sector,"TCS,INFY,WIPRO,HCLTECH,TECHM,LTM,NAUKRI,MPHASIS",2021.0
JAINAM,Jainam Ferro Alloys (I) Limited,SME,2021-09-28,2021-09-30,2021-10-08,Rs.70,70.0,sme,,,,,,,,,,,,,,,,,,,,,,,,,False,3065.0,,JAINAM,Metals & Mining,"Metals, Mining & Chemicals",2021-10-08,SM,,,,,,,,,,,,,,,,,,,,,,,,,,,,,,,,,,,,,,,,,,,,,,,,,,,,17,,-0.004512707678011596,0.11444320885795944,,,,,,,,,,,,,,,,,,,,,,,2021.0
ABSLAMC,Aditya Birla Sun Life AMC Limited,EQ,2021-09-29,2021-10-01,2021-10-11,Rs.695 to Rs.712,712.0,mainboard,,,,,,,,,,,,,,,,,,,,,,,,,False,42.0,,ABSLAMC,Asset Management,Financial Services,2021-10-11,EQ,,,,,post_listing,2021-12-31,2022-01-25 17:42:06,9.0,ytd,consolidated,1292.5816,685.6715999999999,non_financial,28.85218508997429,2024-12-31,,,,,28.85218508997429,xbrl_post_quarter,2021-10-11,,-0.10722710701265281,-0.004469165313148005,-0.1027579416995048,-0.22846522267495895,0.044895957831510014,-0.27336118050646896,-0.2420473228965616,0.0070127588285169296,-0.24906008172507854,-0.37793980985059694,-0.05618890012564737,-0.3217509097249496,-0.0012498798192480676,-0.028008336306891812,0.026758456487643745,-0.1859436592635323,-0.0908098939344576,-0.0951337653290747,-0.20296125372560325,-0.053053456826514744,-0.1499077968990885,,,,,,,,17,,-0.009201651277176537,0.10346755486825665,20542.755784061697,False,24.0,29.960050531568903,19.495598200623032,7.0,0.4296761384953508,0.7142857142857143,,0.854422543255566,10.0,,,15.892811551751702,3.255001353370118,10.0,1.5856742118907399,0.7,1.0076751751930453,well_above,industry,"CAMS,CHOLAHLDNG,MAHSCOOTER,JSWHL,RELIGARE,TSFINV,RANEHOLDIN,NSIL",2021.0
BMETRICS,Bombay Metrics Supply Chain Limited,SME,2021-09-30,2021-10-04,2021-10-12,Rs.93,93.0,sme,,,,,,,,,,,,,,,,,,,,,,,,,False,3064.0,,BMETRICS,Retail,Consumer & FMCG,2021-10-12,SM,,,,,,,,,,,,,,,,,,,,,,,,,,,,,,,,,,,,,,,,,,,,,,,,,,,,17,,-0.0065367505300429896,0.10754877620399994,,,,,,,,,,,,,,,,,,,,,,,2021.0
DESTINY,Destiny Logistics & Infra Limited,SME,2021-09-30,2021-10-05,2021-10-13,Rs.20,20.0,sme,,,,,,,,,,,,,,,,,,,,,,,,,False,3063.0,,DESTINY,Logistics,Services & Others,2021-10-13,SM,,,,,,,,,,,,,,,,,,,,,,,,,,,,,,,,,,,,,,,,,,,,,,,,,,,,17,,-0.0065367505300429896,0.10754877620399994,,,,,,,,,,,,,,,,,,,,,,,2021.0
DYNAMIC,Dynamic Services & Security Ltd.,SME,2021-09-30,2021-10-05,,Rs.51,,sme,,,,,,,,,,,,,,,,,,,,,,,,,False,3062.0,,DYNAMIC,Other Services,Services & Others,2021-10-13,ST,,,,,,,,,,,,,,,,,,,,,,,,,,,,,,,,,,,,,,,,,,,,,,,,,,,,17,,-0.0065367505300429896,0.10754877620399994,,,,,,,,,,,,,,,,,,,,,,,
DKEGL,D. K. Enterprises Global Limited,SME,2021-10-07,2021-10-12,,Rs.40,,sme,,,,,,,,,,,,,,,,,,,,,,,,,False,3061.0,,DKEGL,Manufacturing,Industrials & Infrastructure,2021-10-22,SM,,,,,,,,,,,,,,,,,,,,,,,,,,,,,,,,,,,,,,,,,,,,,,,,,,,,17,,-0.008566372420561352,0.1001488707257594,,,,,,,,,,,,,,,,,,,,,,,
KOTYARK,Kotyark Industries Limited,SME,2021-10-21,2021-10-25,2026-03-12,Rs.51,281.0,sme,,,,,,,,,,,,,,,,,,,,,,,,,False,1239.0,,KOTYARK,Renewable Energy,Energy,2026-03-12,BE,,,,,post_listing,2026-03-31,2026-04-27 23:51:41,12.0,ytd,consolidated,314.8701,18.771,non_financial,11.287352941176469,2026-06-30,,180.7349,2026-03-31,2026-04-27 23:51:41,11.287352941176469,xbrl_post_quarter,2026-03-12,,-0.027439024390243816,0.06110130383946499,-0.08854032822970881,0.10670731707317072,0.14602608988992194,-0.039318772816751224,-0.019512195121951237,0.17010175908610048,-0.18961395420805172,,,,-0.09247311827957005,0.0751232668634152,-0.16759638514298525,,,,,,,,,,,,,,16,,-0.038577341928267894,0.0632668838698991,,,,,,,,,,,,,,,,,,,,,,,2026.0
NIDAN,Nidan Laboratories and Healthcare Limited,SME,2021-10-28,2021-11-02,2021-11-12,Rs.125,125.0,sme,,,,,,,,,,,,,,,,,,,,,,,,,False,3060.0,,NIDAN,,Healthcare & Pharmaceuticals,2021-11-12,SM,,,,,,,,,,,,,,,,,,,,,,,,,,,,,,,,,,,,,,,,,,,,,,,,,,,,14,,-0.04547292945129899,0.05587989991659703,,,,,,,,,,,,,,,,,,,,,,,2021.0
NYKAA,FSN Ecommerce Ventures Limited,EQ,2021-10-28,2021-11-01,2021-11-10,Rs.1085 to Rs.1125,1125.0,mainboard,,,,,,,,,,,,,,,,,,,,,,,,,False,1599.0,,NYKAA,Retail,Consumer & FMCG,2021-11-10,EQ,,,,,pre_listing,2021-09-30,2021-11-14 22:40:02,6.0,ytd,consolidated,3404.51,9.17,non_financial,47.55444444444444,2022-03-31,45.849999999999994,1339.8998,2022-03-31,2022-05-27 18:58:08,47.55444444444444,xbrl_post_quarter,2021-11-10,,-0.04134366925064592,0.0040782159974273036,-0.045421885248073224,-0.1614307085543315,-0.0030522818103401184,-0.15837842674399139,-0.3552291581667346,-0.14282943461328423,-0.21239972355345038,-0.4983000135998912,-0.03964393448312831,-0.45865607911676287,-0.336269225713159,-0.058285714285714274,-0.2779835114274447,-0.35861706323123443,-0.1314695707879564,-0.22714749244327803,-0.5175496253450769,-0.04024087123638698,-0.4773087541086899,,,,,,,,14,,-0.04547292945129899,0.05587989991659703,53498.75,False,154.0,5834.105779716467,30.708114602304903,103.0,5.246949342896508,1.0,39.92742591647525,4.6854944588443574,98.0,2.1425920031322274,0.9795918367346939,15.714082202725207,1.684742533726887,129.0,2.2329445127633414,0.9767441860465116,2.2329445127633414,well_above,sector,"HINDUNILVR,DMART,ITC,TITAN,DABUR,GODREJCP,BRITANNIA,ETERNAL",2021.0
FINOPB,FINO Payments Bank Limited,EQ,2021-10-29,2021-11-02,2021-11-12,Rs.560 to Rs.577,577.0,mainboard,,,,,,,,,,,,,,,,,,,,,,,,,False,739.0,,FINOPB,,Financial Services,2021-11-12,EQ,,,,,,,,,,,,,,,,,,,,,,2021-11-12,,-0.2648464791321934,0.00911173378602248,-0.27395821291821587,-0.31752160323588896,-0.018658090115149517,-0.29886351312073944,-0.5216032358889502,-0.113656351624977,-0.4079468842639732,-0.6561867990439418,-0.04347248072321197,-0.6127143183207299,,,,,,,,,,,,,,,,,14,,-0.06045747554587988,0.04467046785736084,,,,,,,,,,,,,,,,,,,,,,,2021.0
POLICYBZR,PB Fintech Limited,EQ,2021-11-01,2021-11-03,2021-11-15,Rs.940 to Rs.980,980.0,mainboard,,,,,,,,,,,,,,,,,,,,,,,,,False,1731.0,,POLICYBZR,Retail,Consumer & FMCG,2021-11-15,EQ,,,,,post_listing,2022-03-31,2022-05-28 19:32:03,12.0,ytd,consolidated,1424.8901,-832.913,non_financial,44.00961923847695,2022-03-31,,5411.6582,2022-03-31,2022-05-28 19:32:03,44.00961923847695,xbrl_post_quarter,2021-11-15,,-0.06882641603593109,0.007923126201152986,-0.07674954223708408,-0.3645928636779505,-0.058285714285714274,-0.30630714939223624,-0.48665058637611236,-0.1314695707879564,-0.35518101558815596,-0.6576977459868585,-0.04024087123638698,-0.6174568747504715,-0.2804727720977449,0.06833614815677613,-0.34880892025452104,-0.34341237038648387,0.12411041872925277,-0.46752278911573664,-0.13008483793778547,0.17305340399510794,-0.3031382419328934,,,,,,,,14,,-0.06359319528843121,0.031874504797957615,43129.42685370741,True,154.0,,31.690158229848013,105.0,,,7.9697248532265785,4.5482355623428425,99.0,0.5609106001416156,0.6565656565656566,30.26859885805046,1.5300915620817646,130.0,2.9847832557122738,0.9846153846153847,1.7728469279269448,well_above,sector,"HINDUNILVR,DMART,ITC,TITAN,DABUR,GODREJCP,BRITANNIA,ETERNAL",2021.0
SIGACHI,Sigachi Industries Limited,BE,2021-11-01,2021-11-03,2021-11-15,Rs.161 to Rs.163,163.0,mainboard,,,,,,,,,,,,,,,,,,,,,,,,,False,2065.0,,SIGACHI,Chemicals,"Metals, Mining & Chemicals",2021-11-15,EQ,,,,,post_listing,2021-12-31,2022-02-04 13:04:16,9.0,ytd,consolidated,236.99026666666668,37.867866666666664,non_financial,2.5916035634743877,2022-03-31,,227.7796,2022-03-31,2022-05-14 11:10:02,2.5916035634743877,xbrl_post_quarter,2021-11-15,,-0.31746031746031744,0.007923126201152986,-0.32538344366147043,-0.47953216374269014,-0.058285714285714274,-0.42124644945697587,-0.5388471177944862,-0.1314695707879564,-0.40737754700652984,-0.5430242272347535,-0.04024087123638698,-0.5027833559983665,-0.2839160839160839,-0.17001608937190738,-0.11389999454417654,-0.29370629370629375,-0.09747224836323531,-0.19623404534305844,-0.2391608391608392,-0.06463070337876797,-0.17453013578207122,,,,,,,,14,,-0.06359319528843121,0.031874504797957615,422.43138084632517,False,113.0,11.155404780649341,19.400895856662935,91.0,-0.5533951290303771,0.26373626373626374,1.8545619574638168,2.7102399418133873,81.0,-0.3793886437421032,0.41975308641975306,1.7824840943382982,1.5795902018148829,94.0,0.12084250257636507,0.5425531914893617,-0.3793886437421032,below,industry,"ASIANPAINT,PIDILITIND,GRASIM,SRF,BERGEPAINT,UPL,PIIND,AARTIIND",2021.0
SJS,S J S Enterprises Limited,EQ,2021-11-01,2021-11-03,2021-11-15,Rs.531 to Rs.542,542.0,mainboard,,,,,,,,,,,,,,,,,,,,,,,,,False,2089.0,,SJS,Auto Components,Automobile & Mobility,2021-11-15,EQ,,,,,post_listing,2021-12-31,2022-02-09 16:48:11,9.0,ytd,consolidated,354.33466666666664,52.87466666666666,non_financial,3.041980198019802,2022-03-31,,360.471,2022-03-31,2022-05-27 13:04:16,3.041980198019802,xbrl_post_quarter,2021-11-15,,-0.22099176793414343,0.007923126201152986,-0.22891489413529642,-0.2781262250098,-0.058285714285714274,-0.21984051072408572,-0.25607604860838884,-0.1314695707879564,-0.12460647782043244,-0.10711485691885536,-0.04024087123638698,-0.06687398568246838,0.004499292968247914,-0.11685350754775803,0.12135280051600594,0.20169687620516763,-0.07254844827498053,0.27424532448014816,0.13420748168145002,-0.06743652266372202,0.20164400434517205,,,,,,,,14,,-0.06359319528843121,0.031874504797957615,1648.7532673267326,False,84.0,31.182291469009723,22.94152359315115,65.0,0.30690182662229876,0.6615384615384615,4.573886019476554,2.197336592373326,56.0,0.73311718895009,0.7678571428571429,4.6530961332038245,1.0318486272793725,72.0,1.506180855818921,0.9305555555555556,0.73311718895009,well_above,industry,"MOTHERSON,BOSCHLTD,BALKRISIND,SONACOMS,BHARATFORG,MRF,TIINDIA,SCHAEFFLER",2021.0
PAYTM,One 97 Communications Limited,EQ,2021-11-08,2021-11-10,2021-11-18,Rs.2080 to Rs.2150,2150.0,mainboard,,,,,,,,,,,,,,,,,,,,,,,,,False,1681.0,,PAYTM,Software,Technology,2021-11-18,EQ,,,,,pre_listing,2021-09-30,2021-11-27 13:44:02,6.0,ytd,consolidated,3954.4,-1706.2,non_financial,63.449999999999996,2022-03-31,59.1125,14151.6,2022-03-31,2022-05-20 22:18:03,63.449999999999996,xbrl_post_quarter,2021-11-18,,-0.16453100973859558,-0.045262484993061625,-0.11926852474553395,-0.455439518195797,-0.026012026339450434,-0.42942749185634654,-0.5858213736545361,-0.11765959326649711,-0.468161780388039,-0.7173885187083546,-0.016553107670559397,-0.7008354110377952,-0.5454231334043596,-0.03703218194926916,-0.5083909514550904,-0.6231391632353365,-0.04626837954163132,-0.5768707836937051,-0.6907771602983097,0.06597518079133069,-0.7567523410896404,,,,,,,,12,,-0.03293504366539668,0.06635063261867802,136417.5,True,42.0,,28.00479662508721,33.0,,,9.639722716865936,3.373489261317263,27.0,1.0499447465646023,0.8518518518518519,34.497648189358685,2.693380769899249,38.0,2.550093956993206,0.9736842105263158,1.800019351778904,well_above,industry,"TCS,INFY,WIPRO,TECHM,LTM,MPHASIS,TATAELXSI,PERSISTENT",2021.0
SAPPHIRE,Sapphire Foods India Limited,EQ,2021-11-09,2021-11-11,2021-11-18,Rs.1120 to Rs.1180,1180.0,mainboard,,,,,,,,,,,,,,,,,,,,,,,,,False,1955.0,,SAPPHIRE,Food & Beverages,Consumer & FMCG,2021-11-18,EQ,,,,,post_listing,2021-12-31,2022-02-11 19:48:03,9.0,ytd,consolidated,1632.9946666666667,26.59733333333333,non_financial,6.35779376498801,2022-03-31,,1007.147,2022-03-31,2022-05-18 11:26:12,6.35779376498801,xbrl_post_quarter,2021-11-18,,-0.012381345439537728,-0.045262484993061625,0.0328811395535239,0.21275278580272383,-0.026012026339450434,0.23876481214217427,-0.1764341725134131,-0.11765959326649711,-0.05877457924691598,0.10420965744944288,-0.016553107670559397,0.12076276512000228,-0.2767295597484276,-0.07771343985371593,-0.19901611989471168,-0.0870020964360586,-0.0052298750489792045,-0.0817722213870794,-0.18256464011180995,-0.0027428272889548078,-0.17982181282285514,,,,,,,,12,,-0.0252954716811552,0.08063507177218909,7502.196642685852,False,70.0,282.0657450378178,16.842815246431527,50.0,2.8182160112018546,1.0,7.44895893319034,2.9714271182226106,44.0,0.9190319335233484,0.7954545454545454,4.5941341976331325,1.1095019354577373,58.0,1.4208691075103295,0.8793103448275862,1.4208691075103295,well_above,industry,"BRITANNIA,TATACONSUM,MARICO,UNITDSPR,JUBLFOOD,UBL,VBL,HATSUN",2021.0
LATENTVIEW,Latent View Analytics Limited,EQ,2021-11-10,2021-11-12,2021-11-23,Rs.190 to Rs.197,197.0,mainboard,,,,,,,,,,,,,,,,,,,,,,,,,False,1288.0,,LATENTVIEW,Software,Technology,2021-11-23,EQ,,,,,post_listing,2021-12-31,2022-02-09 14:06:15,9.0,ytd,consolidated,387.15199999999993,125.25466666666667,non_financial,19.872067039106145,2022-03-31,,1026.381,2022-03-31,2022-05-25 15:38:11,19.872067039106145,xbrl_post_quarter,2021-11-23,,0.022097186700767324,-0.009253970666065925,0.03135115736683325,-0.07498721227621474,-0.05123744347270176,-0.023749768803512983,-0.20480818414322255,-0.12891106022417043,-0.07589712391905212,-0.22833759590792846,0.009929940210755772,-0.23826753611868423,-0.21053638015106613,-0.11685350754775803,-0.0936828726033081,-0.3109283870350894,-0.07254844827498053,-0.23837993876010888,-0.3106415527297065,-0.06743652266372202,-0.24320503006598448,,,,,,,,12,,-0.021300924238414454,0.08360606797726722,3914.7972067039104,False,42.0,31.254701408628105,29.299724065925872,33.0,0.06459171150930004,0.5757575757575758,3.8141754443076303,3.4255894815692676,27.0,0.10745093788910927,0.5185185185185185,10.111783502872028,2.86957868725815,38.0,1.2595362071228657,0.9736842105263158,0.10745093788910927,in_line,industry,"TCS,INFY,WIPRO,TECHM,LTM,MPHASIS,TATAELXSI,PERSISTENT",2021.0
TARSONS,Tarsons Products Limited,EQ,2021-11-15,2021-11-17,2021-11-26,Rs.635 to Rs.662,662.0,mainboard,,,,,,,,,,,,,,,,,,,,,,,,,False,2242.0,,TARSONS,Manufacturing,Industrials & Infrastructure,2021-11-26,EQ,,,,,post_listing,2021-12-31,2022-02-07 12:56:12,9.0,ytd,consolidated,287.8066666666666,94.93466666666666,non_financial,5.178031634446397,2022-03-31,,489.83,2022-03-31,2022-05-27 20:34:03,5.178031634446397,xbrl_post_quarter,2021-11-26,,-0.22543988269794724,0.011916108043639184,-0.23735599074158642,-0.25348240469208205,-0.09964166484748116,-0.1538407398446009,-0.11357526881720426,-0.07641111105195053,-0.037164157765253725,-0.14228983382209182,0.03228743484210361,-0.17457726866419543,-0.039230948859656056,-0.14864017918605954,0.10940923032640348,0.21327936483225662,-0.07807025655251776,0.2913496213847744,0.0032692457383047824,-0.06156438471575776,0.06483363045406254,,,,,,,,10,,-0.023472959410404726,0.12770361827879495,3427.8569420035146,False,172.0,36.10753650233334,13.158551825875714,125.0,1.0094297347121521,0.856,6.998054308644866,1.6962719857488842,124.0,1.417199261042839,0.9112903225806451,11.910276373040404,0.8079173238688047,148.0,2.6906971358639504,0.9864864864864865,1.417199261042839,well_above,industry,"PAGEIND,ASTRAL,3MINDIA,SUPREMEIND,TRIDENT,KPRMILL,CENTURYPLY,FINPIPE",2021.0
GOCOLORS,Go Fashion (India) Limited,EQ,2021-11-17,2021-11-22,2021-11-30,Rs.655 to Rs.690,690.0,mainboard,,,,,,,,,,,,,,,,,,,,,,,,,False,829.0,,GOCOLORS,Retail,Consumer & FMCG,2021-11-30,EQ,,,,,post_listing,2021-12-31,2022-02-05 17:20:03,9.0,ytd,standalone,380.0917333333333,31.0668,non_financial,5.395087719298246,2022-03-31,,438.4074,2022-03-31,2022-05-07 17:36:02,5.395087719298246,xbrl_post_quarter,2021-11-30,,-0.12076254287309574,0.04028941110944495,-0.16105195398254069,-0.2788944723618091,-0.04804417214712631,-0.23085030021468278,-0.20040679588418286,-0.060335039952014835,-0.14007175593216803,-0.09340352556432974,0.048660054411859166,-0.1420635799761889,-0.12170366154429901,-0.17001608937190738,0.04831242782760836,0.046765319673686134,-0.09747224836323531,0.14423756803692145,-0.05255169797002479,-0.06463070337876797,0.012079005408743182,,,,,,,,13,,-0.022893750031207416,0.10402256699576862,3722.6105263157897,False,19.0,119.82600481271935,60.580909112181544,6.0,0.6820609183885518,0.6666666666666666,8.491212799591864,2.53437653859984,11.0,1.2090841750714196,0.6363636363636364,9.793979189363558,1.7647831823334217,15.0,1.7137399884737436,0.8,1.2090841750714196,well_above,industry,"DMART,ETERNAL,NYKAA,ABFRL,INDIAMART,VAIBHAVGBL,VMART,SHOPERSTOP",2021.0
STARHEALTH,Star Health and Allied Insurance Company Limited,EQ,2021-11-30,2021-12-02,2021-12-10,Rs.870 to Rs.900,900.0,mainboard,,,,,,,,,,,,,,,,,,,,,,,,,False,2146.0,,STARHEALTH,,Financial Services,2021-12-10,EQ,,,,,,,,,,,,,,,,,,,,,,2021-12-10,,-0.12355957435077469,0.03887798777946094,-0.16243756213023564,-0.2980647295583614,-0.074217916001586,-0.22384681355677538,-0.22467883332414396,-0.16916093087566975,-0.05551790244847421,-0.3394166620720076,-0.0026128773167680697,-0.33680378475523953,,,,,,,,,,,,,,,,,14,,-0.08582784499158636,0.06360705260406085,,,,,,,,,,,,,,,,,,,,,,,2021.0
TEGA,Tega Industries Limited,EQ,2021-12-01,2021-12-03,2021-12-13,Rs.443 to Rs.453,453.0,mainboard,,,,,,,,,,,,,,,,,,,,,,,,,False,2270.0,,TEGA,Engineering,Industrials & Infrastructure,2021-12-13,EQ,,,,,post_listing,2021-12-31,2022-02-12 16:42:02,9.0,ytd,consolidated,882.2706666666666,90.69066666666666,non_financial,6.632428765264586,2022-03-31,,736.035,2022-03-31,2022-05-25 15:44:11,6.632428765264586,xbrl_post_quarter,2021-12-13,,-0.18456029199090973,0.03973408959229108,-0.2242943815832008,-0.36340472419254866,-0.07057908700027449,-0.29282563719227417,-0.3646443082432339,-0.16467945394850536,-0.19996485429472854,-0.1840782315267543,-0.010733998109352605,-0.17334423341740168,-0.13248601931875947,-0.07771343985371593,-0.05477257946504355,0.07483477376715797,-0.0052298750489792045,0.08006464881613717,0.29466192170818495,-0.0027428272889548078,0.29740474899713976,,,,,,,,15,,-0.06765265412711641,0.07636791256427422,3004.4902306648573,False,91.0,33.128990458388124,18.530134275689303,57.0,0.5810104570537094,0.7894736842105263,4.081993696855255,1.7238800685775169,56.0,0.8620079162235841,0.8035714285714286,3.4054064633206185,1.1251004779379055,76.0,1.1074919595741142,0.8289473684210527,0.8620079162235841,well_above,industry,"LT,BEL,BHEL,THERMAX,AIAENG,GRINFRA,KEC,KNRCON",2021.0
ANANDRATHI,Anand Rathi Wealth Limited,EQ,2021-12-02,2021-12-06,2021-12-14,Rs.530 to Rs.550,550.0,mainboard,,,,,,,,,,,,,,,,,,,,,,,,,False,146.0,,ANANDRATHI,Asset Management,Financial Services,2021-12-14,EQ,,,,,post_listing,2021-12-31,2022-01-06 18:56:05,9.0,ytd,consolidated,353.7736,59.43693333333333,non_financial,4.158725961538462,2022-03-31,,401.4191,2022-09-30,2022-10-14 15:04:14,4.158725961538462,xbrl_post_quarter,2021-12-14,,0.05962988348183673,0.04303434437609566,0.016595539105741075,-0.03358464701850583,-0.08104725518611222,0.04746260816760639,0.07265250171350246,-0.1927298154585163,0.26538231717201877,0.16244002741603825,-0.01076745340859575,0.173207480824634,-0.014857881136950968,-0.010921342516325039,-0.003936538620625929,0.053617571059431324,-0.16713970982275772,0.22075728088218904,0.21834625322997403,-0.06621280987634726,0.2845590631063213,,,,,,,,15,,-0.06488143683871506,0.06474464298912408,2287.299278846154,False,23.0,38.482794292541236,18.979232213742563,8.0,0.7068658999319876,1.0,5.698033000537727,0.8326435481689838,10.0,1.9232706694180166,0.9,6.4654323523466815,4.289352258221121,11.0,0.4103341530537556,0.5454545454545454,0.7068658999319876,well_above,industry,"CAMS,UTIAMC,CHOLAHLDNG,MAHSCOOTER,JSWHL,RELIGARE,TSFINV,RANEHOLDIN",2021.0
RATEGAIN,RateGain Travel Technologies Limited,EQ,2021-12-07,2021-12-09,2021-12-17,Rs.405 to Rs.425,425.0,mainboard,,,,,,,,,,,,,,,,,,,,,,,,,False,1824.0,,RATEGAIN,,Technology,2021-12-17,EQ,,,,,post_listing,2021-12-31,2022-02-12 14:50:02,9.0,ytd,consolidated,344.952,-4.254666666666666,non_financial,10.651376146788989,2022-03-31,,652.583,2022-09-30,2022-11-08 12:12:11,10.651376146788989,xbrl_post_quarter,2021-12-17,,0.45243346566681364,0.10047552741507504,0.3519579382517386,0.020732245258050286,-0.022515303575650902,0.04324754883370119,-0.2667254815468314,-0.1704910280324725,-0.09623445351435889,-0.17879723570063233,-0.014912119381026101,-0.16388511631960623,-0.11558156547183618,-0.07771343985371593,-0.03786812561812025,-0.10577907827359179,-0.0052298750489792045,-0.10054920322461258,0.09085588880760787,-0.0027428272889548078,0.09359871609656267,,,,,,,,15,,-0.06120645319139373,0.04940752275860527,4526.83486238532,True,131.0,,25.37232582373414,95.0,,,6.936795568357312,2.891500305349355,85.0,0.8750644300022702,0.7529411764705882,13.123086291383496,2.7841138693791856,115.0,1.5504433484829223,0.9391304347826087,1.2127538892425962,well_above,sector,"TCS,INFY,WIPRO,HCLTECH,TECHM,LTM,PAYTM,NAUKRI",2021.0
SHRIRAMPPS,Shriram Properties Limited,EQ,2021-12-08,2021-12-10,2021-12-20,Rs.113 to Rs.118,118.0,mainboard,,,,,,,,,,,,,,,,,,,,,,,,,False,2055.0,,SHRIRAMPPS,Construction,Industrials & Infrastructure,2021-12-20,EQ,,,,,post_listing,2021-12-31,2022-02-15 11:46:06,9.0,ytd,consolidated,303.736,-73.39599999999999,non_financial,16.969473684210527,2022-03-31,,1132.949,2022-03-31,2022-05-29 14:00:02,16.969473684210527,xbrl_post_quarter,2021-12-20,,0.03765060240963858,0.11678697020173967,-0.07913636779210109,-0.21887550200803207,0.015813654723410675,-0.23468915673144275,-0.3724899598393574,-0.14961187140042032,-0.22287808843893708,-0.28413654618473894,-0.024234902178528306,-0.25990164400621063,-0.3221663874930206,-0.08968519616981596,-0.23248119132320466,-0.11222780569514235,-0.05089611049911025,-0.0613316951960321,-0.21552205471803454,-0.03596623167528168,-0.17955582304275286,,,,,,,,15,,-0.04960229287023199,0.05664640408582455,2002.3978947368423,True,50.0,,26.577581645127488,25.0,,,1.767421035489543,1.6713223419694285,32.0,0.05590630732942796,0.53125,6.5925602982091105,3.2098031996265157,42.0,0.7197321589545848,0.8095238095238095,0.38781923314200634,above,industry,"DLF,LODHA,GODREJPROP,OBEROIRLTY,PRESTIGE,PHOENIXLTD,BRIGADE,DBL",2021.0
MAPMYINDIA,C.E. Info Systems Limited,EQ,2021-12-09,2021-12-13,2021-12-21,Rs.1000 to Rs.1033,1033.0,mainboard,,,,,,,,,,,,,,,,,,,,,,,,,False,1385.0,,MAPMYINDIA,Software,Technology,2021-12-21,EQ,,,,,post_listing,2021-12-31,2022-02-14 12:00:14,9.0,ytd,consolidated,191.19986666666665,86.9088,non_financial,5.326462264150943,2022-03-31,,498.3945,2022-09-30,2022-10-28 14:46:15,5.326462264150943,xbrl_post_quarter,2021-12-21,,0.2607541348258169,0.10554160640454202,0.15521252842127486,0.1304846984537007,0.0018065196002001738,0.12867817885350052,-0.10669823843863235,-0.15051641728452148,0.04381817884588912,-0.21178201126538232,-0.003973267811154035,-0.20780874345422828,-0.07440122896445778,-0.07636031824803502,0.001959089283577242,-0.09203267928217296,-0.035037166290467936,-0.05699551299170502,-0.1892675092521472,-0.025282682589740646,-0.16398482666240655,,,,,,,,15,,-0.03543163581710962,0.06386716598744369,5502.235518867924,False,43.0,63.31045324372128,28.66849288145465,34.0,0.7922517429244552,0.8235294117647058,11.0399202215673,4.636053119789588,27.0,0.8676544309954738,0.8148148148148148,28.77740248878098,3.535140011843175,39.0,2.096837537473049,0.9743589743589743,0.8676544309954738,well_above,industry,"TCS,INFY,WIPRO,TECHM,LTM,PAYTM,MPHASIS,TATAELXSI",2021.0
METROBRAND,Metro Brands Limited,EQ,2021-12-10,2021-12-14,2021-12-22,Rs.485 to Rs.500,500.0,mainboard,,,,,,,,,,,,,,,,,,,,,,,,,False,1428.0,,METROBRAND,Retail,Consumer & FMCG,2021-12-22,EQ,,,,,post_listing,2021-12-31,2022-01-15 19:26:02,9.0,ytd,consolidated,1253.0279999999998,190.40266666666665,non_financial,26.45730769230769,2022-03-31,,1425.91,2022-09-30,2022-10-20 17:36:12,26.45730769230769,xbrl_post_quarter,2021-12-22,,0.2335056248099725,0.08628504635824652,0.14722057845172598,0.1664132968480796,-0.01119685197624154,0.17761014882432113,0.13631296239991886,-0.1498643366777559,0.28617729907767475,0.707307185568055,-0.0080921981689418,0.7153993837369969,-0.05760330578512396,-0.06942421826133871,0.011820912476214751,-0.044462809917355295,-0.17540358198408124,0.13094077206672594,0.4117355371900826,-0.10761231301059504,0.5193478502006776,,,,,,,,15,,-0.026593699600045873,0.07622281108534845,13228.653846153846,False,19.0,69.4772509111594,56.27435429001293,6.0,0.21076046143098282,0.5,9.277341379297322,2.977879594048675,11.0,1.1363635148250237,0.7272727272727273,10.557348954814934,1.7638161778499515,15.0,1.7893424562286926,0.8,1.1363635148250237,well_above,industry,"DMART,ETERNAL,NYKAA,ABFRL,INDIAMART,VAIBHAVGBL,VMART,SHOPERSTOP",2021.0
FOCE,Foce India Limited,SME,2021-12-13,2021-12-17,2021-12-28,Rs.225,225.0,sme,,,,,,,,,,,,,,,,,,,,,,,,,False,3059.0,,FOCE,Consumer Durables,Consumer & FMCG,2021-12-28,SM,,,,,,,,,,,,,,,,,,,,,,,,,,,,,,,,,,,,,,,,,,,,,,,,,,,,16,,-0.017750770198678767,0.07929662853537423,,,,,,,,,,,,,,,,,,,,,,,2021.0
MEDPLUS,MedPlus Health Services Limited,EQ,2021-12-13,2021-12-15,2021-12-23,Rs. 780 to Rs.796,796.0,mainboard,,,,,,,,,,,,,,,,,,,,,,,,,False,1419.0,,MEDPLUS,Pharmaceuticals,Healthcare & Pharmaceuticals,2021-12-23,EQ,,,,,post_listing,2021-12-31,2022-02-15 15:20:16,9.0,ytd,consolidated,3751.162666666666,112.09866666666666,non_financial,11.844444444444445,2022-03-31,,1440.664,2022-09-30,2022-11-11 19:20:34,11.844444444444445,xbrl_post_quarter,2021-12-23,,0.09320786692235661,0.05758725460871217,0.03562061231364444,-0.14605538955536734,-0.022779868075124665,-0.12327552148024268,-0.3327387057931589,-0.14300257657572557,-0.18973612921743332,-0.4324131472149133,-0.013759229231277925,-0.4186539179836354,-0.1880104180461749,-0.08968519616981596,-0.09832522187635895,-0.3588487176091467,-0.05089611049911025,-0.30795260711003647,-0.46236701540634795,-0.03596623167528168,-0.42640078373106627,,,,,,,,16,,-0.017750770198678767,0.07929662853537423,9428.177777777779,False,55.0,84.1060652916875,26.249600731954274,34.0,1.1644279056639741,1.0,6.544328016649114,4.31900224443896,35.0,0.4155743091930315,0.8285714285714286,2.5134014745768902,3.2123888836931562,45.0,-0.2453778560046328,0.35555555555555557,0.4155743091930315,above,industry,"DIVISLAB,DRREDDY,CIPLA,BIOCON,ALKEM,LUPIN,LAURUSLABS,IPCALAB",2021.0
NRL,Nupur Recyclers Limited,SME,2021-12-13,2021-12-15,2021-12-23,Rs.60,60.0,sme,,,,,,,,,,,,,,,,,,,,,,,,,False,1589.0,,NRL,Manufacturing,Industrials & Infrastructure,2023-01-12,BE,,,,,post_listing,2022-12-31,2023-02-15 18:50:32,9.0,ytd,consolidated,183.19026666666664,12.8576,non_financial,3.2310666666666665,2022-12-31,,,,,3.2310666666666665,xbrl_post_quarter,2021-12-23,,2.186836518046709,0.05758725460871217,2.129249263437997,1.5074309978768574,-0.022779868075124665,1.530210865951982,1.7176220806794054,-0.14300257657572557,1.8606246572551308,2.9766454352441616,-0.013759229231277925,2.9904046644754394,-0.001315789473684159,0.05820422324579755,-0.05952001271948171,-0.08223684210526316,0.26072533675572496,-0.3429621788609881,0.09671052631578947,0.6498719322192432,-0.5531614059034538,,,,,,,,16,,-0.017750770198678767,0.07929662853537423,193.864,False,174.0,15.077775012444002,13.57198724235328,127.0,0.10521389917599505,0.5826771653543307,,1.7277433922606618,124.0,,,1.058265832173034,0.7693641789452286,148.0,0.3188224078949635,0.581081081081081,0.2120181535354793,above,industry,"PAGEIND,ASTRAL,SUPREMEIND,3MINDIA,TRIDENT,KPRMILL,WELSPUNLIV,CENTURYPLY",2021.0
DATAPATTNS,Data Patterns (India) Limited,EQ,2021-12-14,2021-12-16,2021-12-24,Rs. 555 to Rs.585,585.0,mainboard,,,,,,,,,,,,,,,,,,,,,,,,,False,548.0,,DATAPATTNS,Hardware,Technology,2021-12-24,EQ,,,,,post_listing,2022-03-31,2022-05-24 19:14:03,12.0,ytd,standalone,310.85,93.97,non_financial,4.825371965544244,2022-03-31,,584.88,2022-03-31,2022-05-24 19:14:03,4.825371965544244,xbrl_post_quarter,2021-12-24,,-0.04576158940397346,0.015327896560466625,-0.06108948596444008,-0.10602649006622511,-0.022178441646243496,-0.08384804841998161,-0.12503311258278138,-0.1380883968562494,0.013055284273468026,0.4579470198675497,-0.006132214991971474,0.4640792348595212,0.22597926668058155,0.10884535506515891,0.11713391161542264,0.8874973909413484,0.1579909396747512,0.7295064512665972,1.3503791831907046,0.204003060592443,1.1463761225982616,,,,,,,,15,,-0.01755104282654174,0.07113576604188565,2822.8425998433827,False,16.0,30.03982760288797,26.6441984657468,11.0,0.11995265464078346,0.5454545454545454,4.826361988516247,3.450435099114172,12.0,0.3355926335942487,0.75,9.081044233049324,1.4401344133118221,16.0,1.8414527378311676,0.9375,0.3355926335942487,above,industry,"REDINGTON,OLECTRA,TEJASNET,NELCO,CENTUM,HCL-INSYS,CONTROLPR,CNL",2021.0
EUROBOND,Euro Panel Products Limited,SME,2021-12-14,2021-12-16,2025-08-01,Rs.70,195.0,sme,,,,,,,,,,,,,,,,,,,,,,,,,False,708.0,,EUROBOND,Metals & Mining,"Metals, Mining & Chemicals",2025-08-01,EQ,,,,,pre_listing,2025-06-30,2025-08-14 13:39:34,3.0,inc,standalone,419.3432,22.8904,non_financial,2.445836909871245,2025-12-31,2.4455555555555555,145.5327,2025-09-30,2025-11-11 21:04:18,2.445836909871245,xbrl_post_quarter,2025-08-01,,0.1534658312120618,0.006867003691459095,0.14659882752060271,0.01595848834932445,0.0270973863282582,-0.011138897978933748,-0.11993342471118074,-0.046201058514817706,-0.07373236619636303,-0.21078911298218128,0.09005381524913636,-0.30084292823131764,-0.161946682169255,0.004271655992463819,-0.16621833816171883,-0.27123993023835224,-0.041345008798071015,-0.22989492144028123,-0.3623453201561332,0.08700018366343376,-0.44934550381956695,,,,,,,,15,,-0.01755104282654174,0.07113576604188565,476.93819742489273,False,78.0,20.83573014997085,8.530904974165026,64.0,0.8929738596767308,0.84375,3.277189232556619,1.5542535705972957,46.0,0.7459907022415008,0.8478260869565217,1.1373457288085098,0.6197578219041814,65.0,0.6071237267027059,0.7384615384615385,0.7459907022415008,well_above,industry,"JSWSTEEL,HINDZINC,TATASTEEL,VEDL,HINDALCO,COALINDIA,SAIL,JINDALSTEL",2025.0
HPAL,HP Adhesives Limited,BE,2021-12-15,2021-12-17,2021-12-27,Rs. 262 to Rs.274,274.0,mainboard,,,,,,,,,,,,,,,,,,,,,,,,,False,971.0,,HPAL,Chemicals,"Metals, Mining & Chemicals",2021-12-27,EQ,,,,,post_listing,2021-12-31,2022-02-10 18:58:06,9.0,ytd,standalone,152.2373333333333,7.0018666666666665,non_financial,1.8215789473684212,2022-03-31,,137.3393,2022-03-31,2022-05-13 18:20:11,1.8215789473684212,xbrl_post_quarter,2021-12-27,,0.20483749055177625,0.022194042651709323,0.18264344790006692,0.1436130007558578,-0.020047250474872547,0.16366025123073036,0.08919123204837476,-0.14606079420787044,0.2352520262562452,0.128495842781557,-0.0022415035964029606,0.13073734637795997,-0.061617458279846105,-0.09680444761701301,0.03518698933716691,0.12644415917843377,-0.05013468943274124,0.176578848611175,-0.11424903722721447,-0.041870958665714775,-0.07237807856149969,,,,,,,,16,,-0.014575104981699893,0.06644979654917127,499.1126315789474,False,118.0,71.28279576574067,23.140425990499324,89.0,1.125073873830423,0.898876404494382,3.6341573866981074,2.7353211949901257,81.0,0.2841284107975013,0.6049382716049383,3.2785166466763354,1.4268648450040933,93.0,0.8319114569088003,0.7311827956989247,0.8319114569088003,well_above,industry,"ASIANPAINT,PIDILITIND,GRASIM,SRF,BERGEPAINT,UPL,PIIND,AARTIIND",2021.0
SUPRIYA,Supriya Lifescience Limited,EQ,2021-12-16,2021-12-20,2021-12-28,Rs.265 to Rs.274,274.0,mainboard,,,,,,,,,,,,,,,,,,,,,,,,,False,2196.0,,SUPRIYA,Pharmaceuticals,Healthcare & Pharmaceuticals,2021-12-28,EQ,,,,,post_listing,2021-12-31,2022-01-21 17:44:10,9.0,ytd,standalone,455.73333333333335,140.79866666666666,non_financial,8.050766550522647,2022-03-31,,615.688,2022-03-31,2022-05-21 13:46:02,8.050766550522647,xbrl_post_quarter,2021-12-28,,0.229755660739414,0.0025664157282399014,0.2271892450111741,0.2806703338876806,-0.02564341856944352,0.3063137524571241,-0.08264039913010113,-0.16126423194176565,0.07862383281166452,-0.3855699117308431,-0.00943611439474068,-0.3761337973361024,-0.06904038211029095,-0.0018467460854184603,-0.0671936360248725,-0.1907294832826748,-0.10500442178640168,-0.08572506149627312,-0.5466782457663917,-0.061046662851792166,-0.4856315829145995,,,,,,,,16,,-0.01798544986093986,0.057439189625137166,2205.9100348432053,False,55.0,15.667123042191726,25.6147168510457,34.0,-0.4916026203306804,0.23529411764705882,3.582837467748609,4.3255842976063406,35.0,-0.18839215373481352,0.42857142857142855,4.840352621803405,3.2933896249198544,45.0,0.3850702582866043,0.6666666666666666,-0.18839215373481352,below,industry,"DIVISLAB,DRREDDY,CIPLA,BIOCON,LUPIN,ALKEM,LAURUSLABS,IPCALAB",2021.0
VIVO,Vivo Collaboration Solutions Limited,SME,2021-12-20,2021-12-23,2021-12-31,Rs.82,82.0,sme,,,,,,,,,,,,,,,,,,,,,,,,,False,3058.0,,VIVO,Software,Technology,2021-12-31,ST,,,,,,,,,,,,,,,,,,,,,,,,,,,,,,,,,,,,,,,,,,,,,,,,,,,,17,,-0.04972212929351427,0.01663452652496522,,,,,,,,,,,,,,,,,,,,,,,2021.0
CMSINFO,CMS Info Systems Limited,EQ,2021-12-21,2021-12-23,2021-12-31,Rs.205 to Rs.216,216.0,mainboard,,,,,,,,,,,,,,,,,,,,,,,,,False,485.0,,CMSINFO,IT Services,Technology,2021-12-31,EQ,,,,,post_listing,2021-12-31,2022-02-04 21:40:11,9.0,ytd,consolidated,1527.4013333333332,213.38,non_financial,15.095165094339622,2022-03-31,,1397.5025,2022-09-30,2022-11-01 17:18:09,15.095165094339622,xbrl_post_quarter,2021-12-31,,0.12447523089840495,0.004735772357723711,0.11973945854068124,0.1435768261964736,-0.0074339430894309055,0.1510107692859045,-0.014063811922753966,-0.17004065040650407,0.1559768384837501,0.2926112510495382,-0.036636178861788604,0.3292474299113268,-0.16808964781216662,-0.17001608937190738,0.0019264415597407547,-0.0667022411953041,-0.09747224836323531,0.030770007167931213,0.07061543934542858,-0.06463070337876797,0.13524614272419655,,,,,,,,18,,-0.08274205709206928,-0.011642796423229518,3260.5556603773584,False,13.0,15.280512046008804,22.712159863365464,10.0,-0.39632216382264895,0.3,2.3331304669418182,2.763381912384715,10.0,-0.1692443463301674,0.5,2.1347078788137925,3.352853954853968,12.0,-0.45148209756773877,0.4166666666666667,-0.39632216382264895,below,industry,"NAUKRI,AFFLE,FSL,ECLERX,VAKRANGEE,HGS,MATRIMONY,ALLDIGI",2021.0
ABCOTS,AB Cotspin India Limited,SME,2021-12-30,2022-01-03,,Rs.33 to Rs.35,,sme,,,,,,,,,,,,,,,,,,,,,,,,,False,34.0,,ABCOTS,Manufacturing,Industrials & Infrastructure,2025-09-24,EQ,,,,,,,,,,,,,,,,,,,,,,,,,,,,,,,,,,,,,,,,,,,,,,,,,,,,23,,-0.030088928612443944,0.047006888522363566,,,,,,,,,,,,,,,,,,,,,,,
TIMESCAN,Timescan Logistics (India) Private Limited,SME,2021-12-31,2022-01-04,,Rs.51,,sme,,,,,,,,,,,,,,,,,,,,,,,,,False,3057.0,,TIMESCAN,Logistics,Services & Others,2022-01-12,SM,,,,,,,,,,,,,,,,,,,,,,,,,,,,,,,,,,,,,,,,,,,,,,,,,,,,22,,-0.02866587108596763,0.04573041257895438,,,,,,,,,,,,,,,,,,,,,,,
AGSTRA,AGS Transact Technologies Limited,EQ,2022-01-19,2022-01-21,2022-01-31,Rs.166 to Rs.175,175.0,mainboard,,,,,,,,,,,,,,,,,,,,,,,,,False,92.0,,AGSTRA,,Technology,2022-01-31,BZ,,,,,,,,,,,,,,,,,,,,,,,,,,,,,,,,,,,,,,,,,,,,,,,,,,,,22,,-0.020440514331278692,0.043636622612906795,,,,,,,,,,,,,,,,,,,,,,,2022.0
PRECISION,Precision Metaliks Limited,SME,2022-01-19,2022-01-24,2022-02-01,Rs.51,51.0,sme,,,,,,,,,,,,,,,,,,,,,,,,,False,3056.0,,PRECISION,Metals & Mining,"Metals, Mining & Chemicals",2022-02-01,ST,,,,,,,,,,,,,,,,,,,,,,,,,,,,,,,,,,,,,,,,,,,,,,,,,,,,22,,-0.020440514331278692,0.043636622612906795,,,,,,,,,,,,,,,,,,,,,,,2022.0
AWL,Adani Wilmar Limited,EQ,2022-01-27,2022-01-31,2022-02-08,Rs.218 to Rs.230,230.0,mainboard,,,,,,,,,,,,,,,,,,,,,,,,,False,262.0,,AWL,FMCG,Consumer & FMCG,2022-02-08,EQ,,,,,pre_listing,2021-12-31,2022-02-14 21:56:04,9.0,ytd,consolidated,52337.573333333334,759.2666666666667,non_financial,130.00763358778624,2022-06-30,114.27567567567567,7606.37,2022-03-31,2022-05-03 15:06:07,130.00763358778624,xbrl_post_quarter,2022-02-08,,0.2801491146318731,-0.07269159243390977,0.35284070706578285,1.6689655172413795,-0.14864017918605954,1.8176056964274392,,,,0.5437092264678471,-0.06156438471575776,0.6052736111836049,0.8651817116060962,-0.07636031824803502,0.9415420298541313,0.9116842516608048,-0.035037166290467936,0.9467214179512727,0.11970821935651954,-0.025282682589740646,0.1449909019462602,,,,,,,,22,,-0.07242273332792193,0.021554398695903698,29901.755725190837,False,26.0,39.38241600472935,38.77814038790451,22.0,0.015462726588770898,0.5,3.931146621212331,7.266025668103132,15.0,-0.6142783219747348,0.26666666666666666,0.5713248402777336,3.6862394797573996,23.0,-1.8644041611565674,0.08695652173913043,-0.6142783219747348,below,industry,"HINDUNILVR,ITC,DABUR,GODREJCP,PGHH,COLPAL,EMAMILTD,GILLETTE",2022.0
MANYAVAR,Vedant Fashions Limited,EQ,2022-02-04,2022-02-08,2022-02-16,Rs.824 to Rs.866,866.0,mainboard,,,,,,,,,,,,,,,,,,,,,,,,,False,1384.0,,MANYAVAR,Manufacturing,Industrials & Infrastructure,2022-02-16,EQ,,,,,pre_listing,2021-12-31,2022-04-11 13:20:33,9.0,ytd,consolidated,992.7853333333334,301.61333333333334,non_financial,24.247836538461538,2022-06-30,24.436520076481834,1082.742,2022-03-31,2022-05-10 22:24:04,24.247836538461538,xbrl_post_quarter,2022-02-16,,-0.022869690964597456,-0.01475510549953385,-0.008114585465063606,0.03609876278721025,-0.08968519616981596,0.1257839589570262,0.2852016496170533,-0.05089611049911025,0.33609776011616355,0.2521021905629053,-0.03596623167528168,0.28806842223818696,0.028634361233480066,-0.1440021577168913,0.17263651895037135,0.3075264785828098,-0.06203436062370227,0.36956083920651206,0.18778704658355982,-0.06889427187232844,0.25668131845588826,,,,,,,,23,,-0.04026986635599261,0.051688955861116215,20998.626442307694,False,175.0,69.62101512634618,15.111353539341136,128.0,1.5276201119199346,0.9296875,19.39393358926475,2.041636278149326,121.0,2.2512087321035046,0.9834710743801653,21.15122548376456,0.915003359284477,147.0,3.1405253886726636,0.9931972789115646,2.2512087321035046,well_above,industry,"PAGEIND,ASTRAL,TRIDENT,3MINDIA,SUPREMEIND,KPRMILL,ALOKINDS,CENTURYPLY",2022.0
RICHA,Richa Info Systems Limited,SME,2022-02-09,2022-02-11,2022-02-21,Rs.125,125.0,sme,,,,,,,,,,,,,,,,,,,,,,,,,False,3055.0,,RICHA,Hardware,Technology,2022-02-21,ST,,,,,,,,,,,,,,,,,,,,,,,,,,,,,,,,,,,,,,,,,,,,,,,,,,,,23,,-0.0705653728806277,-0.006882407260965229,,,,,,,,,,,,,,,,,,,,,,,2022.0
MADHAVBAUG,Vaidya Sane Ayurved Laboratories Limited,SME,2022-02-10,2022-02-15,2022-02-23,Rs.73,73.0,sme,,,,,,,,,,,,,,,,,,,,,,,,,False,3054.0,,MADHAVBAUG,Hospitals,Healthcare & Pharmaceuticals,2022-02-23,ST,,,,,,,,,,,,,,,,,,,,,,,,,,,,,,,,,,,,,,,,,,,,,,,,,,,,23,,-0.06739974312084307,-0.0030522818103401184,,,,,,,,,,,,,,,,,,,,,,,2022.0
SHIGAN,Shigan Quantum Technologies Limited,SME,2022-02-28,2022-03-03,2022-03-11,Rs.50,50.0,sme,,,,,,,,,,,,,,,,,,,,,,,,,False,3053.0,,SHIGAN,,Technology,2022-03-11,SM,,,,,,,,,,,,,,,,,,,,,,,,,,,,,,,,,,,,,,,,,,,,,,,,,,,,16,,-0.15820031799538758,-0.03703218194926916,,,,,,,,,,,,,,,,,,,,,,,2022.0
SPRL,SP Refractories Limited,SME,2022-03-09,2022-03-11,2022-03-22,Rs.90,90.0,sme,,,,,,,,,,,,,,,,,,,,,,,,,False,3052.0,,SPRL,Manufacturing,Industrials & Infrastructure,2022-03-22,SM,,,,,,,,,,,,,,,,,,,,,,,,,,,,,,,,,,,,,,,,,,,,,,,,,,,,15,,-0.16757306493122048,-0.08405003703917757,,,,,,,,,,,,,,,,,,,,,,,2022.0
COOLCAPS,Cool Caps Industries Limited,SME,2022-03-10,2022-03-15,2022-03-24,Rs.36 to Rs.38,38.0,sme,,,,,,,,,,,,,,,,,,,,,,,,,False,3051.0,,COOLCAPS,Manufacturing,Industrials & Infrastructure,2022-03-24,ST,,,,,,,,,,,,,,,,,,,,,,,,,,,,,,,,,,,,,,,,,,,,,,,,,,,,15,,-0.1501167415499649,-0.07858078342659836,,,,,,,,,,,,,,,,,,,,,,,2022.0
KNAGRI,KN Agri Resources Limited,SME,2022-03-15,2022-03-17,2025-12-09,Rs.71 to Rs.75,197.0,sme,,,,,,,,,,,,,,,,,,,,,,,,,False,1228.0,,KNAGRI,Food & Beverages,Consumer & FMCG,2025-12-09,EQ,,,,,pre_listing,2025-09-30,2025-11-14 21:55:53,6.0,inc,consolidated,1632.0,28.04,non_financial,2.5,2026-03-31,2.5035714285714286,384.74,2026-03-31,2026-05-30 20:49:40,2.5,xbrl_post_quarter,2025-12-09,,-0.08880688806888071,0.012613879566313324,-0.10142076763519403,-0.11463714637146372,-0.05877367789162746,-0.055863468479836254,0.031291512915129216,0.06666809959683495,-0.035376586681705735,,,,-0.11463714637146372,-0.05877367789162746,-0.055863468479836254,0.031291512915129216,0.06666809959683495,-0.035376586681705735,,,,,,,,,,,12,,-0.1268448268453044,-0.07057908700027449,,,,,,,,,,,,,,,,,,,,,,,2025.0
SWARAJ,Swaraj Suiting Limited,SME,2022-03-15,2022-03-17,2026-08-13,Rs.56,360.0,sme,,,,,,,,,,,,,,,,,,,,,,,,,False,2217.0,,SWARAJ,Manufacturing,Industrials & Infrastructure,2026-08-13,EQ,,,,,pre_listing,2026-06-30,2026-08-07 23:40:34,3.0,inc,consolidated,733.4648,65.6696,non_financial,,,2.6352166934189407,,,,2.6352166934189407,xbrl_pre_issue,2026-08-13,,-0.09784656796769853,-0.0014156670786620307,-0.0964309008890365,,,,,,,,,,,,,,,,,,,,,,,,,,12,,-0.1268448268453044,-0.07057908700027449,,,,,,,,,,,,,,,,,,,,,,,2026.0
KRISHIVAL,Empyrean Cashews Limited,SME,2022-03-21,2022-03-23,2022-03-31,Rs.37,37.0,sme,,,,,,,,,,,,,,,,,,,,,,,,,False,1251.0,,KRISHIVAL,Food & Beverages,Consumer & FMCG,2025-06-20,EQ,,,,,post_listing,2025-03-31,2025-05-24 19:24:25,12.0,ytd,consolidated,202.2324,13.5428,non_financial,2.2260593220338984,2025-03-31,,,,,2.2260593220338984,xbrl_post_quarter,2022-03-31,,2.061224489795918,-0.027331606903600703,2.088556096699519,5.664399092970521,-0.14149839272569364,5.805897485696214,5.00907029478458,-0.029391671830068522,5.038461966614649,5.439909297052154,-0.04854127279178522,5.4884505698439385,0.553114940352206,0.025949058613282228,0.5271658817389238,0.7886763870479077,0.0008604557406841629,0.7878159313072235,0.5122135959098655,0.019706241613565156,0.4925073542963003,,,,,,,,10,,-0.11410591251784541,-0.04732588469674859,,,,,,,,,,,,,,,,,,,,,,,2022.0
PROPEQUITY,P.E. Analytics Limited,SME,2022-03-22,2022-03-25,,Rs.111 to Rs.114,,sme,,,,,,,,,,,,,,,,,,,,,,,,,False,3050.0,,PROPEQUITY,Other Services,Services & Others,2022-04-04,SM,,,,,,,,,,,,,,,,,,,,,,,,,,,,,,,,,,,,,,,,,,,,,,,,,,,,9,,-0.11176153210750728,-0.022515303575650902,,,,,,,,,,,,,,,,,,,,,,,
RUCHISOYA,Ruchi Soya Industries Limited,EQ,2022-03-24,2022-03-28,2003-01-02,Rs.615 to Rs.650,34.0,mainboard,,,,,,,,,,,,,,,,,,,,,,,,,False,,,,,,,,,,,,,,,,,,,,,,,,,,,,,,,,,,,,,,,,,,,,,,,,,,,,,,,,,,,7,,-0.11033389515701619,0.0018065196002001738,,,,,,,,,,,,,,,,,,,,,,,2003.0
KRISHNADEF,Krishna Defence And Allied Industries Limited,SME,2022-03-25,2022-03-29,2025-12-30,Rs.37 to Rs.39,783.05,sme,,,,,,,,,,,,,,,,,,,,,,,,,False,1252.0,,KRISHNADEF,Capital Goods,Industrials & Infrastructure,2025-12-30,EQ,,,,,post_listing,2025-12-31,2026-02-14 22:03:01,9.0,ytd,consolidated,239.91493333333335,38.012,non_financial,1.4875261324041813,2026-03-31,,193.5266,2026-03-31,2026-05-21 00:07:25,1.4875261324041813,xbrl_post_quarter,2025-12-30,,0.3138977635782749,-0.04417016838569243,0.35806793196396736,0.08134676824772669,-0.10717079293471343,0.18851756118244012,0.5763086753502089,0.08860107082870972,0.4877076045214992,,,,0.0856719367588934,0.049692919470751384,0.03597901728814201,0.01462450592885367,0.15226063205714246,-0.1376361261282888,,,,,,,,,,,6,,-0.10734970420699297,-0.01119685197624154,,,,,,,,,,,,,,,,,,,,,,,2025.0
UMAEXPORTS,UMA Exports Limited,BE,2022-03-28,2022-03-30,2022-04-07,Rs.65 to Rs.68,68.0,mainboard,,,,,,,,,,,,,,,,,,,,,,,,,False,2372.0,,UMAEXPORTS,Food & Beverages,Consumer & FMCG,2022-04-07,BE,,,,,pre_listing,2022-03-31,2022-05-23 19:58:04,12.0,ytd,consolidated,1276.9907,24.1599,non_financial,3.3743037974683543,2022-09-30,2.5583333333333336,166.9767,2022-09-30,2022-11-14 20:16:04,3.3743037974683543,xbrl_post_quarter,2022-04-07,,-0.3007518796992481,-0.1540236530347291,-0.146728226664519,-0.3370927318295739,-0.15441415124959446,-0.18267858057997943,-0.4022556390977443,-0.06471620415449542,-0.3375394349432489,-0.47744360902255634,-0.07530022719896157,-0.40214338182359477,-0.05945945945945941,0.0662358928445208,-0.1256953523039802,-0.19909909909909906,0.11458897815894242,-0.3136880772580415,-0.20090090090090085,0.15883655726503765,-0.3597374581659385,,,,,,,,5,,-0.11084478864766012,-0.022779868075124665,229.4526582278481,False,76.0,9.49725198481153,21.67541951087144,53.0,-0.825176385070758,0.18867924528301888,1.3741597374235335,3.354882782572761,44.0,-0.8925743874177916,0.25,0.1796823251945751,1.026985959021242,61.0,-1.74319310633617,0.03278688524590164,-0.8925743874177916,below,industry,"BRITANNIA,TATACONSUM,UNITDSPR,MARICO,VBL,UBL,JUBLFOOD,PATANJALI",2022.0
VERANDA,Veranda Learning Solutions Limited,BE,2022-03-29,2022-03-31,2022-04-11,Rs.130 to Rs.137,137.0,mainboard,,,,,,,,,,,,,,,,,,,,,,,,,False,2429.0,,VERANDA,Education,Services & Others,2022-04-11,EQ,,,,,post_listing,2022-06-30,2022-08-13 18:04:02,3.0,inc,consolidated,112.752,-80.2736,non_financial,5.5740369393139835,2022-09-30,,176.4167,2022-09-30,2022-11-12 19:08:02,5.5740369393139835,xbrl_post_quarter,2022-04-11,,0.5798095238095238,-0.16859896353301784,0.7484084873425416,0.7382857142857144,-0.15794332040676062,0.8962290346924751,1.5333333333333332,-0.07570322729530277,1.609036560628636,0.4731428571428571,-0.08459798024391585,0.5577408373867729,-0.035013262599469464,0.035749521851523136,-0.0707627844509926,-0.2770999115826702,0.005511798003626778,-0.282611709586297,-0.2983200707338638,0.26878282964685907,-0.5671029003807229,,,,,,,,4,,-0.1160635417810606,-0.022178441646243496,763.6430606860157,True,160.0,,17.21370989502053,80.0,,,4.328632497297681,2.4749837666404364,77.0,0.5590178345810956,0.6883116883116883,6.772767318415777,1.9951863999774546,128.0,1.2221722858060435,0.828125,0.8905950601935695,well_above,sector,"BHARTIARTL,ADANIENT,ADANIPORTS,INDIGO,INDUSTOWER,HAL,TATACOMM,CONCOR",2022.0
HARIOMPIPE,Hariom Pipe Industries Limited,BE,2022-03-30,2022-04-05,2022-04-13,Rs.144 to Rs.153,153.0,mainboard,,,,,,,,,,,,,,,,,,,,,,,,,False,902.0,,HARIOMPIPE,Metals & Mining,"Metals, Mining & Chemicals",2022-04-13,EQ,,,,,pre_listing,2022-03-31,2022-05-09 13:26:12,12.0,ytd,standalone,430.5665,31.9572,non_financial,2.546868131868132,2022-09-30,0.4185689802913453,245.3686,2022-09-30,2022-11-15 21:34:02,2.546868131868132,xbrl_post_quarter,2022-04-13,,-0.0941558441558441,-0.12374276599090073,0.029586921835056623,-0.11731601731601726,-0.15300848553705393,0.035692468221036666,0.18333333333333335,-0.0627615274981107,0.24609486083144405,1.347835497835498,-0.07376280058227136,1.4215982984177695,0.060978670012546976,0.04120619434946504,0.019772475663081934,0.47528230865746535,0.0922383914296716,0.38304391722779374,1.9814303638644915,0.1292842888984842,1.8521460749660072,,,,,,,,4,,-0.11075406924277953,-0.020047250474872547,389.6708241758242,False,79.0,12.193522091291609,9.404743925070521,65.0,0.2596905997465574,0.6153846153846154,1.5881038738282902,1.99177500998319,44.0,-0.2264854335714981,0.38636363636363635,0.9050189092180283,0.6558954152597705,68.0,0.32195448936877896,0.6470588235294118,0.2596905997465574,above,industry,"JSWSTEEL,TATASTEEL,VEDL,HINDALCO,HINDZINC,COALINDIA,JINDALSTEL,SAIL",2022.0
JSLL,Jeena Sikho Lifecare Limited,SME,2022-03-30,2022-04-07,2025-08-11,Rs.150,566.0,sme,,,,,,,,,,,,,,,,,,,,,,,,,False,1144.0,,JSLL,Pharmaceuticals,Healthcare & Pharmaceuticals,2025-08-11,EQ,,,,,pre_listing,2025-06-30,2025-08-14 16:43:07,3.0,inc,consolidated,697.1436,205.164,non_financial,12.436735074626865,2025-12-31,12.41912832929782,353.5858,2025-09-30,2025-11-06 22:33:42,12.436735074626865,xbrl_post_quarter,2025-08-11,,0.4117701921283343,0.028494914846241892,0.38327527728209243,0.37922029472113405,0.026120840103508458,0.3530994546176256,0.3552508860287258,-0.02207678883071551,0.3773276748594413,-0.07181495989554187,0.09718962508274664,-0.16900458497828852,0.0006369877556797743,0.004271655992463819,-0.0036346682367840444,0.015924693891995245,-0.041345008798071015,0.05726970269006626,-0.26916271498336763,0.08700018366343376,-0.3561628986468014,,,,,,,,4,,-0.11075406924277953,-0.020047250474872547,7039.192052238805,False,57.0,34.310074146725576,21.881426547902485,35.0,0.4498008438058138,0.7142857142857143,19.90801681583029,3.8845786390011243,35.0,1.634107986164979,0.9714285714285714,10.097190954975138,2.4665655146247527,46.0,1.4094305587773555,0.9130434782608695,1.4094305587773555,well_above,industry,"DIVISLAB,CIPLA,DRREDDY,ALKEM,BIOCON,LUPIN,LAURUSLABS,IPCALAB",2025.0
LEMERITE,LE MERITE EXPORTS LIMITED,SME,2022-04-25,2022-04-28,2025-12-12,Rs.75,507.0,sme,,,,,,,,,,,,,,,,,,,,,,,,,False,1298.0,,LEMERITE,Manufacturing,Industrials & Infrastructure,2025-12-12,EQ,,,,,post_listing,2025-12-31,2026-02-13 20:34:10,9.0,ytd,consolidated,376.21453333333335,14.4012,non_financial,2.2794285714285714,2026-03-31,,134.9312,2026-03-31,2026-05-29 17:18:43,2.2794285714285714,xbrl_post_quarter,2025-12-12,,-0.1021897810218978,-0.011685171237158287,-0.09050460978473951,-0.14257907542579085,-0.09710096756389175,-0.0454781078618991,-0.7345985401459854,0.08031725605832829,-0.8149157962043136,,,,-0.3970345963756178,0.049692919470751384,-0.44672751584636916,-0.7498077979132345,0.15226063205714246,-0.902068429970377,,,,,,,,,,,6,,-0.07176859867167706,-0.05239914991518646,,,,,,,,,,,,,,,,,,,,,,,2025.0
CAMPUS,Campus Activewear Limited,EQ,2022-04-26,2022-04-28,2022-05-09,Rs.278 to Rs.292,292.0,mainboard,,,,,,,,,,,,,,,,,,,,,,,,,False,417.0,,CAMPUS,Consumer Services,Consumer & FMCG,2022-05-09,EQ,,,,,pre_listing,2022-03-31,2022-05-31 16:02:13,12.0,ytd,consolidated,1194.181,125.19,non_financial,30.297916666666666,2022-09-30,30.466923076923074,479.384,2022-09-30,2022-11-11 17:42:12,30.297916666666666,xbrl_post_quarter,2022-05-09,,-0.137503299023489,-0.01788214585750303,-0.11962115316598598,0.12298759567168127,0.020745346584447377,0.1022422490872339,0.3656637635259965,0.08308425582498469,0.2825795077010118,-0.04565848508841375,0.10564696334988755,-0.1513054484383013,0.3354003031555739,0.06679915012055249,0.2686011530350214,0.2553396720407881,0.11768883187391554,0.13765084016687257,-0.12291580542924074,0.17278782221255007,-0.2957036276417908,,,,,,,,6,,-0.09031832961702102,-0.07344509125924636,8846.991666666667,False,25.0,70.66851718720878,35.00431731905197,17.0,0.7025287664173863,0.5882352941176471,18.454916448330913,5.0300465405208055,14.0,1.299901572495407,0.9285714285714286,7.408417707756753,1.6733860273875374,20.0,1.4877677467801707,0.7,1.299901572495407,well_above,industry,"TITAN,IRCTC,RELAXO,BATAINDIA,EASEMYTRIP,DELTACORP,JUSTDIAL,KALYANKJIL",2022.0
RAINBOW,Rainbow Childrens Medicare Limited,EQ,2022-04-27,2022-04-29,2022-05-10,Rs.516 to Rs.542,542.0,mainboard,,,,,,,,,,,,,,,,,,,,,,,,,False,1803.0,,RAINBOW,Hospitals,Healthcare & Pharmaceuticals,2022-05-10,EQ,,,,,pre_listing,2022-03-31,2022-05-30 14:24:11,12.0,ytd,consolidated,973.758,138.266,non_financial,10.087953795379539,2022-09-30,8.966176470588236,946.301,2022-09-30,2022-11-06 11:30:03,10.087953795379539,xbrl_post_quarter,2022-05-10,,0.03731674811195029,0.000991936142652028,0.036324811969298265,0.04975566414926713,0.04120619434946504,0.00854946979980209,0.8467347845402045,0.0922383914296716,0.7544963931105328,1.021545979564638,0.1292842888984842,0.8922616906661538,0.22827835880933245,0.07064371447348683,0.15763464433584562,0.554203539823009,0.11769148286079956,0.4365120569622094,0.8739943684633951,0.1674833681152068,0.7065110003481883,,,,,,,,6,,-0.08098855503086855,-0.06285756019183486,5467.67095709571,False,8.0,39.544580425380865,20.743687246673222,5.0,0.6451866825465767,0.6,5.7779405887721875,2.6085588633471968,6.0,0.795249410472905,0.6666666666666666,5.615020320342128,1.3488900391477823,6.0,1.4261631460825523,0.8333333333333334,0.795249410472905,well_above,industry,"LALPATHLAB,NH,KIMS,ASTERDM,SHALBY,INDRAMEDCO,ARTEMISMED,KAYA",2022.0
SONUINFRA,Sonu Infratech Limited,SME,2022-04-29,2022-05-05,2022-05-13,Rs.36,36.0,sme,,,,,,,,,,,,,,,,,,,,,,,,,False,3049.0,,SONUINFRA,Engineering,Industrials & Infrastructure,2022-05-13,ST,,,,,,,,,,,,,,,,,,,,,,,,,,,,,,,,,,,,,,,,,,,,,,,,,,,,6,,-0.08385337834289075,-0.0018467460854184603,,,,,,,,,,,,,,,,,,,,,,,2022.0
LICI,Life Insurance Corporation of India,EQ,2022-05-04,2022-05-09,2022-05-17,Rs.902 to Rs.949,949.0,mainboard,,,,,,,,,,,,,,,,,,,,,,,,,False,1309.0,,LICI,,Financial Services,2022-05-17,EQ,,,,,,,,,,,,,,,,,,,,,,2022-05-17,,-0.21138025594149912,-0.0486565332654173,-0.16272372267608182,-0.20292504570383918,0.05016728215695587,-0.25309232786079505,-0.2643967093235833,0.08771026035818053,-0.3521069696817638,-0.32563985374771476,0.12587837603176633,-0.4515182297794811,,,,,,,,,,,,,,,,,5,,-0.102570223981436,-0.028008336306891812,,,,,,,,,,,,,,,,,,,,,,,2022.0
PRUDENT,Prudent Corporate Advisory Services Limited,EQ,2022-05-10,2022-05-12,2022-05-20,Rs.595 to Rs.630,630.0,mainboard,,,,,,,,,,,,,,,,,,,,,,,,,False,1774.0,,PRUDENT,Asset Management,Financial Services,2022-05-20,EQ,,,,,,,,,,,,,,,,,,,,,,2022-05-20,,-0.13146417445482872,-0.11523418317532386,-0.016229991279504863,0.0949710725411661,0.0447394723006973,0.0502316002404688,0.4355140186915887,0.08097474738721266,0.354539271304376,0.6099688473520248,0.13283186300847527,0.47713698434354956,,,,,,,,,,,,,,,,,5,,-0.16452680280943666,-0.12957030433874217,,,,,,,,,,,,,,,,,,,,,,,2022.0
DELHIVERY,Delhivery Limited,EQ,2022-05-11,2022-05-13,2022-05-24,Rs.462 to Rs.487,487.0,mainboard,,,,,,,,,,,,,,,,,,,,,,,,,False,575.0,,DELHIVERY,Logistics,Services & Others,2022-05-24,EQ,,,,,pre_listing,2022-03-31,2022-05-31 17:26:04,12.0,ytd,consolidated,6882.286,-1011.0,non_financial,74.08425655976676,2022-09-30,59.63233830845772,9386.247,2022-09-30,2022-11-12 18:04:02,74.08425655976676,xbrl_post_quarter,2022-05-24,,-0.06031509275659552,-0.07983648658200415,0.01952139382540863,0.03961965134706813,0.0662358928445208,-0.026616241497452675,-0.3848233429663467,0.11458897815894242,-0.4994123211252891,-0.3181691059942202,0.15883655726503765,-0.47700566325925786,0.06394100625408372,0.06679915012055249,-0.0028581438664687653,-0.3488285260897974,0.11768883187391554,-0.46651735796371296,-0.33137309810510596,0.17278782221255007,-0.504160920317656,,,,,,,,6,,-0.18170141856501,-0.14736595971204403,36079.03294460641,True,27.0,,20.336692176870745,21.0,,,3.8438188281862193,2.2075673829243114,19.0,0.5545751813612251,0.7368421052631579,5.2423036393149625,1.5222804163570136,23.0,1.2365515430585894,0.8260869565217391,0.8955633622099073,well_above,industry,"ADANIPORTS,CONCOR,BLUEDART,VRLLOG,ALLCARGO,AEGISLOG,TCIEXP,GESHIP",2022.0
VENUSPIPES,Venus Pipes and Tubes Limited,EQ,2022-05-11,2022-05-13,2022-05-24,Rs.310 to Rs.326,326.0,mainboard,,,,,,,,,,,,,,,,,,,,,,,,,False,2427.0,,VENUSPIPES,Metals & Mining,"Metals, Mining & Chemicals",2022-05-24,EQ,,,,,pre_listing,2022-03-31,2022-06-30 16:36:10,12.0,ytd,standalone,386.952,31.6679,non_financial,1.9568361581920906,2022-09-30,1.4039478260869565,298.502,2022-09-30,2022-11-10 13:54:13,1.9568361581920906,xbrl_post_quarter,2022-05-24,,-0.07845350642020599,-0.07983648658200415,0.001382980161798164,0.1370114293777338,0.0662358928445208,0.070775536533213,0.8390009877240014,0.11458897815894242,0.724412009565059,1.9473684210526319,0.15883655726503765,1.7885318637875942,0.6796260572785282,0.13058417124174948,0.5490418860367787,1.1509125983083544,0.1802541484177409,0.9706584498906135,2.4640154325567596,0.32531614335944736,2.1386992891973122,,,,,,,,6,,-0.18170141856501,-0.14736595971204403,637.9285875706215,False,79.0,20.144328723111464,9.155443041527487,67.0,0.7885742254799128,0.8059701492537313,2.1370998772893364,1.7318466017488603,45.0,0.21026147329641515,0.6222222222222222,1.6485987604938637,0.6101647765223708,70.0,0.993951923888511,0.8,0.7885742254799128,well_above,industry,"JSWSTEEL,TATASTEEL,HINDZINC,VEDL,COALINDIA,HINDALCO,JINDALSTEL,APLAPOLLO",2022.0
PARADEEP,Paradeep Phosphates Limited,EQ,2022-05-17,2022-05-19,2022-05-27,Rs.39 to Rs.42,42.0,mainboard,,,,,,,,,,,,,,,,,,,,,,,,,False,1665.0,,PARADEEP,Chemicals,"Metals, Mining & Chemicals",2022-05-27,EQ,,,,,pre_listing,2022-03-31,2022-05-29 12:36:01,12.0,ytd,consolidated,7858.72,398.45,non_financial,81.11111111111111,2022-09-30,56.58730158730158,3318.01,2022-09-30,2022-11-05 11:22:03,81.11111111111111,xbrl_post_quarter,2022-05-27,,-0.09567198177676528,-0.027597992223737267,-0.06807398955302801,0.20273348519362178,0.0988049801425448,0.10392850505107698,0.24943052391799547,0.1434797882665364,0.10595073565145907,0.2346241457858771,0.19602612729015712,0.03859801849571998,0.3040380047505937,0.06833614815677613,0.2357018565938176,0.347980997624703,0.12411041872925277,0.22387057889545026,0.2779097387173395,0.17305340399510794,0.10485633472223155,,,,,,,,6,,-0.19815505378705778,-0.14020509827412309,3406.666666666667,False,122.0,8.549797130547539,18.819330839959473,104.0,-0.7889770224854183,0.16346153846153846,1.0267198310633985,2.578278913298182,89.0,-0.9207529979825253,0.14606741573033707,0.43348874456230363,1.5205942174823175,107.0,-1.2549906382175322,0.09345794392523364,-0.9207529979825253,below,industry,"ASIANPAINT,PIDILITIND,GRASIM,SRF,UPL,BERGEPAINT,PIIND,AARTIIND",2022.0
ETHOSLTD,ETHOS Limited,EQ,2022-05-18,2022-05-20,2022-05-30,Rs.836 to Rs.878,878.0,mainboard,,,,,,,,,,,,,,,,,,,,,,,,,False,706.0,,ETHOSLTD,Retail,Consumer & FMCG,2022-05-30,EQ,,,,,pre_listing,2022-03-31,2022-05-31 17:34:08,12.0,ytd,consolidated,577.2837,23.388,non_financial,2.1655136268343815,2022-12-31,,631.4964,2023-03-31,2023-05-12 19:56:02,2.1655136268343815,xbrl_post_quarter,2022-05-30,,-0.0065371684721703405,-0.049653485527925034,0.043116317055754694,0.26223384385506177,0.06833614815677613,0.19389769569828563,0.14450255260864142,0.12411041872925277,0.020392133879388652,0.5928900510521729,0.17305340399510794,0.4198366470570649,0.3018668982199344,0.06679915012055249,0.2350677480993819,0.13750542702970914,0.11768883187391554,0.019816595155793593,0.697264777026608,0.17278782221255007,0.524476954814058,,,,,,,,6,,-0.17511232494735884,-0.11685350754775803,1901.320964360587,False,21.0,81.29472226614446,34.89302586706661,8.0,0.8457941203208688,0.625,3.0108183741991037,6.258004232465014,14.0,-0.7316493946524576,0.35714285714285715,3.2935642637417044,2.166667829103194,16.0,0.4187799164601737,0.625,0.4187799164601737,above,industry,"DMART,NYKAA,ETERNAL,ABFRL,METROBRAND,INDIAMART,VAIBHAVGBL,VMART",2022.0
EMUDHRA,eMudhra Limited,EQ,2022-05-20,2022-05-24,2022-06-01,Rs.243 to Rs.256,256.0,mainboard,,,,,,,,,,,,,,,,,,,,,,,,,False,684.0,,EMUDHRA,IT Services,Technology,2022-06-01,EQ,,,,,pre_listing,2022-03-31,2022-06-20 21:22:04,12.0,ytd,standalone,153.0205,30.0368,non_financial,7.586235186873291,2022-09-30,7.000248447204969,364.6877,2022-09-30,2022-10-20 10:44:13,7.586235186873291,xbrl_post_quarter,2022-06-01,,-0.019387359441643937,-0.07353977080744267,0.054152411365798736,0.38774718883288095,0.06679915012055249,0.32094803871232847,0.19542458317177225,0.11768883187391554,0.0777357512978567,0.5981000387747188,0.17278782221255007,0.4253122165621688,0.24625487379437705,0.19678465553500413,0.04947021825937292,0.2901703262877078,0.18755542605214504,0.10261490023556274,0.6694028319310485,0.32690602275318614,0.3424968091778624,,,,,,,,6,,-0.19082110610828074,-0.07771343985371593,1942.0762078395626,False,14.0,64.65656154582254,18.375331043142047,12.0,1.2580805325393642,0.9166666666666666,5.3253131592855,1.9669927484823473,10.0,0.9959656663091792,0.7,12.691608038397225,2.887989265989093,12.0,1.4803804864112622,0.8333333333333334,1.2580805325393642,well_above,industry,"NAUKRI,AFFLE,FSL,ECLERX,CMSINFO,VAKRANGEE,HGS,MATRIMONY",2022.0
RILINFRA,Rachana Infrastructure Limited,SME,2022-05-20,2022-06-02,2022-06-10,Rs.135,135.0,sme,,,,,,,,,,,,,,,,,,,,,,,,,False,3047.0,,RILINFRA,Engineering,Industrials & Infrastructure,2022-06-10,SM,,,,,,,,,,,,,,,,,,,,,,,,,,,,,,,,,,,,,,,,,,,,,,,,,,,,6,,-0.19082110610828074,-0.07771343985371593,,,,,,,,,,,,,,,,,,,,,,,2022.0
GSTL,Globesecure Technologies Limited,SME,2022-05-23,2022-05-25,2022-06-02,Rs.29,29.0,sme,,,,,,,,,,,,,,,,,,,,,,,,,False,3048.0,,GSTL,,Technology,2022-06-02,SM,,,,,,,,,,,,,,,,,,,,,,,,,,,,,,,,,,,,,,,,,,,,,,,,,,,,7,,-0.17354144683126682,-0.07636031824803502,,,,,,,,,,,,,,,,,,,,,,,2022.0
AETHER,Aether Industries Limited,EQ,2022-05-24,2022-05-26,2022-06-03,Rs.610 to Rs.642,642.0,mainboard,,,,,,,,,,,,,,,,,,,,,,,,,False,79.0,,AETHER,Chemicals,"Metals, Mining & Chemicals",2022-06-03,EQ,,,,,post_listing,2022-09-30,2022-11-12 13:04:03,6.0,ytd,consolidated,600.322,115.64,non_financial,12.420091324200913,2022-09-30,,1202.41,2022-09-30,2022-11-12 13:04:03,12.420091324200913,xbrl_post_quarter,2022-06-03,,0.003163739669421517,-0.06331966859659521,0.06648340826601673,0.1544421487603307,0.08406975340228962,0.07037239535804107,0.18013946280991733,0.12317236541767529,0.05696709739224204,0.3008780991735538,0.16879495420492496,0.13208314496862883,0.018700062333541156,-0.020151160202253715,0.03885122253579487,0.03819346064486884,0.02595482154403883,0.012238639100830007,0.013090043633478654,0.37558964139203055,-0.3624995977585519,,,,,,,,7,,-0.17931406580499143,-0.08968519616981596,7973.698630136986,False,122.0,68.95277265770483,18.395739996118447,105.0,1.3213027001558466,0.9238095238095239,6.631430735054587,2.6332708073724946,90.0,0.9235938515721782,0.7666666666666667,13.282369511923578,1.5079764779662654,108.0,2.1756688839362393,0.9814814814814815,1.3213027001558466,well_above,industry,"ASIANPAINT,PIDILITIND,GRASIM,SRF,UPL,BERGEPAINT,PIIND,FLUOROCHEM",2022.0
FIDEL,Fidel Softech Limited,SME,2022-05-30,2022-06-02,2022-06-10,Rs.37,37.0,sme,,,,,,,,,,,,,,,,,,,,,,,,,False,3046.0,,FIDEL,Software,Technology,2022-06-10,SM,,,,,,,,,,,,,,,,,,,,,,,,,,,,,,,,,,,,,,,,,,,,,,,,,,,,10,,-0.19810253202633732,-0.054091500470287324,,,,,,,,,,,,,,,,,,,,,,,2022.0
KCK,KCK Industries Limited,SME,2022-06-27,2022-06-30,2022-07-08,Rs.30,30.0,sme,,,,,,,,,,,,,,,,,,,,,,,,,False,3045.0,,KCK,Other Services,Services & Others,2022-07-08,ST,,,,,,,,,,,,,,,,,,,,,,,,,,,,,,,,,,,,,,,,,,,,,,,,,,,,13,,-0.23253293353132443,-0.14023770553184212,,,,,,,,,,,,,,,,,,,,,,,2022.0
10MWL29,Mangalam Worldwide Limited,SME,2022-06-30,2022-07-04,2026-05-04,Rs.101,100000.0,sme,,,,,,,,,,,,,,,,,,,,,,,,,False,,,,,,,,,,,,,,,,,,,,,,,,,,,,,,,,,,,,,,,,,,,,,,,,,,,,,,,,,,,13,,-0.22510349174214683,-0.12859144871430017,,,,,,,,,,,,,,,,,,,,,,,2026.0
SKP,SKP Bearing Industries Limited,SME,2022-06-30,2022-07-05,2022-07-13,Rs.70,70.0,sme,,,,,,,,,,,,,,,,,,,,,,,,,False,3044.0,,SKP,Auto Components,Automobile & Mobility,2022-07-13,SM,,,,,,,,,,,,,,,,,,,,,,,,,,,,,,,,,,,,,,,,,,,,,,,,,,,,13,,-0.22510349174214683,-0.12859144871430017,,,,,,,,,,,,,,,,,,,,,,,2022.0
AGNI,Agni Green Power Limited,SME,2022-07-20,2022-07-22,2022-08-01,Rs.10,10.0,sme,,,,,,,,,,,,,,,,,,,,,,,,,False,3043.0,,AGNI,,Energy,2022-08-01,SM,,,,,,,,,,,,,,,,,,,,,,,,,,,,,,,,,,,,,,,,,,,,,,,,,,,,10,,-0.18034540219731954,-0.1080200566366164,,,,,,,,,,,,,,,,,,,,,,,2022.0
USASEEDS,Upsurge Seeds of Agriculture Limited,SME,2022-07-29,2022-08-02,2022-08-11,Rs.120,120.0,sme,,,,,,,,,,,,,,,,,,,,,,,,,False,3042.0,,USASEEDS,Other Services,Services & Others,2022-08-11,SM,,,,,,,,,,,,,,,,,,,,,,,,,,,,,,,,,,,,,,,,,,,,,,,,,,,,10,,-0.17230479810157706,-0.08698766498477872,,,,,,,,,,,,,,,,,,,,,,,2022.0
VEEKAYEM,Veekayem Fashion and Apparels Limited,SME,2022-08-05,2022-08-11,2022-08-22,Rs.28,28.0,sme,,,,,,,,,,,,,,,,,,,,,,,,,False,3041.0,,VEEKAYEM,Manufacturing,Industrials & Infrastructure,2022-08-22,SM,,,,,,,,,,,,,,,,,,,,,,,,,,,,,,,,,,,,,,,,,,,,,,,,,,,,10,,-0.14719462177170217,0.020745346584447377,,,,,,,,,,,,,,,,,,,,,,,2022.0
SYRMA,Syrma SGS Technology Limited,EQ,2022-08-12,2022-08-18,2022-08-26,Rs.209 to Rs.220,220.0,mainboard,,,,,,,,,,,,,,,,,,,,,,,,,False,2227.0,,SYRMA,Hardware,Technology,2022-08-26,EQ,,,,,post_listing,2022-09-30,2022-11-16 15:04:03,6.0,ytd,consolidated,1712.474,87.616,non_financial,17.110309278350517,2022-12-31,,1451.577,2022-09-30,2022-11-16 15:04:03,17.110309278350517,xbrl_post_quarter,2022-08-26,,-0.11674718196457323,-0.019301943741499072,-0.09744523822307416,-0.0780998389694042,0.04065763163741409,-0.1187574706068183,-0.13880837359098241,-0.03617082382776726,-0.10263754976321515,0.7246376811594204,0.30238266835012273,0.42225501280929767,-0.12093953023488246,-0.029194050501556434,-0.09174547973332603,0.19990004997501254,0.03509033339541823,0.1648097165795943,0.8175912043978011,0.3725567410797437,0.4450344633180574,,,,,,,,8,,-0.1431265726686307,0.08289083053752,3764.2680412371137,False,17.0,42.96324919235201,26.970693130291558,9.0,0.4655942434403814,0.6666666666666666,2.5932265675448933,4.505847223986172,14.0,-0.5524730570691123,0.21428571428571427,2.1981460981230163,1.381807895109878,13.0,0.46422161173850535,0.6153846153846154,0.46422161173850535,above,industry,"REDINGTON,TEJASNET,OLECTRA,DATAPATTNS,NELCO,CENTUM,CONTROLPR,HCL-INSYS",2022.0
DREAMFOLKS,Dreamfolks Services Limited,EQ,2022-08-24,2022-08-26,2022-09-06,Rs.308 to Rs.326,326.0,mainboard,,,,,,,,,,,,,,,,,,,,,,,,,False,627.0,,DREAMFOLKS,Infrastructure,Industrials & Infrastructure,2022-09-06,EQ,,,,,post_listing,2022-09-30,2022-11-07 14:30:18,6.0,ytd,consolidated,663.0,56.502,non_financial,5.227823691460055,2022-12-31,,111.682,2022-09-30,2022-11-07 14:30:18,5.227823691460055,xbrl_post_quarter,2022-09-06,,-0.18868944636678198,-0.007407015781543236,-0.18128243058523874,-0.17874134948096887,0.02880329905627943,-0.2075446485372483,-0.06714965397923867,-0.026276137354939277,-0.04087351662429939,0.10326557093425603,0.32042084115361225,-0.2171552702193562,-0.08854599406528196,-0.03424494900193653,-0.05430104506334543,0.1509792284866469,0.020831904261886747,0.13014732422476016,0.2016617210682492,0.3441274397547449,-0.1424657186864957,,,,,,,,4,,-0.135697130879453,0.0662358928445208,1704.270523415978,False,404.0,30.1630123432087,16.54710166997788,263.0,0.6004054561001244,0.7490494296577946,15.260028683368654,1.7411851493251265,275.0,2.1706709038275465,0.9818181818181818,2.5705437758913696,1.0030125072370808,330.0,0.9411094837462788,0.7454545454545455,0.9411094837462788,well_above,sector,"LT,SIEMENS,DLF,HAVELLS,BEL,ABB,PAGEIND,LODHA",2022.0
AMEYA,Ameya Precision Engineers Limited,SME,2022-08-25,2022-08-30,2022-09-08,Rs.34,34.0,sme,,,,,,,,,,,,,,,,,,,,,,,,,False,3038.0,,AMEYA,Engineering,Industrials & Infrastructure,2022-09-08,SM,,,,,,,,,,,,,,,,,,,,,,,,,,,,,,,,,,,,,,,,,,,,,,,,,,,,4,,-0.1281483214522745,0.10884535506515891,,,,,,,,,,,,,,,,,,,,,,,2022.0
JFLLIFE,JFL Life Sciences Limited,SME,2022-08-25,2022-08-30,2022-09-08,Rs.61,61.0,sme,,,,,,,,,,,,,,,,,,,,,,,,,False,3039.0,,JFLLIFE,Pharmaceuticals,Healthcare & Pharmaceuticals,2022-09-08,SM,,,,,,,,,,,,,,,,,,,,,,,,,,,,,,,,,,,,,,,,,,,,,,,,,,,,4,,-0.1281483214522745,0.10884535506515891,,,,,,,,,,,,,,,,,,,,,,,2022.0
KORE,Jay Jalaram Technologies Limited,SME,2022-08-26,2022-08-30,2022-09-08,Rs.36,36.0,sme,,,,,,,,,,,,,,,,,,,,,,,,,False,3040.0,,KORE,,Technology,2022-09-08,SM,,,,,,,,,,,,,,,,,,,,,,,,,,,,,,,,,,,,,,,,,,,,,,,,,,,,3,,-0.12521665226297163,0.10211987776414277,,,,,,,,,,,,,,,,,,,,,,,2022.0
12VPT28A,Viviana Power Tech Limited,SME,2022-09-05,2022-09-08,2026-06-22,Rs.55,10000.0,sme,,,,,,,,,,,,,,,,,,,,,,,,,False,,,,,,,,,,,,,,,,,,,,,,,,,,,,,,,,,,,,,,,,,,,,,,,,,,,,,,,,,,,1,,-0.10866274822500321,0.06395262683947167,,,,,,,,,,,,,,,,,,,,,,,2026.0
TMB,Tamilnad Mercantile Bank Limited,BE,2022-09-05,2022-09-07,2022-09-15,Rs.500 to Rs.525,510.0,mainboard,,,,,,,,,,,,,,,,,,,,,,,,,False,2311.0,,TMB,,Financial Services,2022-09-15,EQ,,,,,,,,,,,,,,,,,,,,,,2022-09-15,,-0.06671244972039636,-0.04652194777116725,-0.02019050194922911,-0.0013734916118904872,0.004360142620523089,-0.005733634232413576,-0.1662905915824585,-0.08611410673835518,-0.08017648484410334,0.07299126851761017,0.242171093028416,-0.16917982451080582,,,,,,,,,,,,,,,,,1,,-0.10866274822500321,0.06395262683947167,,,,,,,,,,,,,,,,,,,,,,,2022.0
MEGAFLEX,Mega Flex Plastics Limited,SME,2022-09-06,2022-09-09,2022-09-19,Rs.40,40.0,sme,,,,,,,,,,,,,,,,,,,,,,,,,False,3037.0,,MEGAFLEX,Manufacturing,Industrials & Infrastructure,2022-09-19,SM,,,,,,,,,,,,,,,,,,,,,,,,,,,,,,,,,,,,,,,,,,,,,,,,,,,,1,,-0.0997340489025339,0.08406975340228962,,,,,,,,,,,,,,,,,,,,,,,2022.0
SABAR,Sabar Flex India Limited,SME,2022-09-08,2022-09-13,2022-09-21,Rs.11,11.0,sme,,,,,,,,,,,,,,,,,,,,,,,,,False,3036.0,,SABAR,Manufacturing,Industrials & Infrastructure,2022-09-21,SM,,,,,,,,,,,,,,,,,,,,,,,,,,,,,,,,,,,,,,,,,,,,,,,,,,,,2,,-0.08960212378901544,0.10951993017166117,,,,,,,,,,,,,,,,,,,,,,,2022.0
ISHAN,Ishan International Limited,SME,2022-09-09,2022-09-14,2022-09-22,Rs.80,80.0,sme,,,,,,,,,,,,,,,,,,,,,,,,,False,3035.0,,ISHAN,Engineering,Industrials & Infrastructure,2022-09-22,SM,,,,,,,,,,,,,,,,,,,,,,,,,,,,,,,,,,,,,,,,,,,,,,,,,,,,2,,-0.08318969427560552,0.11927578809923522,,,,,,,,,,,,,,,,,,,,,,,2022.0
TAPIFRUIT,Tapi Fruit Processing Limited,SME,2022-09-12,2022-09-14,2022-09-22,Rs.48,48.0,sme,,,,,,,,,,,,,,,,,,,,,,,,,False,3034.0,,TAPIFRUIT,Food & Beverages,Consumer & FMCG,2022-09-22,SM,,,,,,,,,,,,,,,,,,,,,,,,,,,,,,,,,,,,,,,,,,,,,,,,,,,,2,,-0.08500885707873973,0.11646265795867006,,,,,,,,,,,,,,,,,,,,,,,2022.0
HARSHA,Harsha Engineers International Limited,EQ,2022-09-14,2022-09-16,2022-09-26,Rs.314 to Rs.330,330.0,mainboard,,,,,,,,,,,,,,,,,,,,,,,,,False,904.0,,HARSHA,Engineering,Industrials & Infrastructure,2022-09-26,EQ,,,,,post_listing,2022-12-31,2023-02-14 16:42:04,9.0,ytd,consolidated,1360.44,120.88,non_financial,9.2,2022-12-31,,1071.77,2023-03-31,2023-05-25 23:26:03,9.2,xbrl_post_quarter,2022-09-26,,-0.12744090441932165,0.043711809798911316,-0.17115271421823297,-0.21387461459403911,0.041778691256527,-0.2556533058505661,-0.32127440904419324,-0.05456060437729149,-0.26671380466690175,-0.13155190133607397,0.3673980668814576,-0.49894996821753157,0.23621399176954738,0.06621754216708964,0.16999644960245774,0.23593964334705086,0.2618278892062118,-0.02588824585916094,0.18093278463648832,0.653635112838419,-0.4727023282019307,,,,,,,,2,,-0.07533052898962456,0.18004058179425164,3035.9999999999995,False,97.0,25.115817339510254,22.6429456743512,63.0,0.10364946638840304,0.5396825396825397,2.8326973137893385,1.583043180386744,63.0,0.581880314050502,0.6507936507936508,2.231630942930228,1.0470899316908426,85.0,0.756717859855708,0.7411764705882353,0.581880314050502,well_above,industry,"LT,BEL,THERMAX,AIAENG,BHEL,IRB,GRINFRA,KEC",2022.0
ANNAPURNA,Annapurna Swadisht Limited,SME,2022-09-15,2022-09-19,2026-08-12,Rs.68 to Rs.70,157.0,sme,,,,,,,,,,,,,,,,,,,,,,,,,False,155.0,,ANNAPURNA,Food & Beverages,Consumer & FMCG,2026-08-12,EQ,,,,,pre_listing,2026-06-30,2026-08-18 19:54:46,3.0,inc,consolidated,507.0296,39.2408,non_financial,,,2.1800444444444445,,,,2.1800444444444445,xbrl_pre_issue,2026-08-12,,-0.08267663043478257,0.005331144519010733,-0.0880077749537933,,,,,,,,,,,,,,,,,,,,,,,,,,2,,-0.07446153258497779,0.18600595933700848,,,,,,,,,,,,,,,,,,,,,,,2026.0
CLOUDPP,Varanium Cloud Limited,SME,2022-09-16,2022-09-20,2023-10-20,Rs.122,61.5,sme,,,,,,,,,,,,,,,,,,,,,,,,,False,,,,,,,,,,,,,,,,,,,,,,,,,,,,,,,,,,,,,,,,,,,,,,,,,,,,,,,,,,,3,,-0.0746572955112994,0.1791537881184746,,,,,,,,,,,,,,,,,,,,,,,2023.0
KANDARP,Kandarp Digi Smart BPO Limited,SME,2022-09-16,2022-09-20,2022-09-28,Rs.30,30.0,sme,,,,,,,,,,,,,,,,,,,,,,,,,False,3033.0,,KANDARP,IT Services,Technology,2022-09-28,SM,,,,,,,,,,,,,,,,,,,,,,,,,,,,,,,,,,,,,,,,,,,,,,,,,,,,3,,-0.0746572955112994,0.1791537881184746,,,,,,,,,,,,,,,,,,,,,,,2022.0
MAKS,Maks Energy Solutions India Limited,SME,2022-09-16,2022-09-20,2022-09-28,Rs.20,20.0,sme,,,,,,,,,,,,,,,,,,,,,,,,,False,3032.0,,MAKS,Capital Goods,Industrials & Infrastructure,2022-09-28,SM,,,,,,,,,,,,,,,,,,,,,,,,,,,,,,,,,,,,,,,,,,,,,,,,,,,,3,,-0.0746572955112994,0.1791537881184746,,,,,,,,,,,,,,,,,,,,,,,2022.0
CMRSL,Cyber Media Research & Services Limited,SME,2022-09-27,2022-09-29,2022-10-10,Rs.171 to Rs.180,180.0,sme,,,,,,,,,,,,,,,,,,,,,,,,,False,3031.0,,CMRSL,Media & Entertainment,Services & Others,2022-10-10,SM,,,,,,,,,,,,,,,,,,,,,,,,,,,,,,,,,,,,,,,,,,,,,,,,,,,,4,,-0.14045751228293002,0.11997312363129597,,,,,,,,,,,,,,,,,,,,,,,2022.0
QMSMEDI,QMS Medical Allied Services Limited,SME,2022-09-27,2022-09-30,2026-06-18,Rs.121,96.0,sme,,,,,,,,,,,,,,,,,,,,,,,,,False,1788.0,,QMSMEDI,Hospitals,Healthcare & Pharmaceuticals,2026-06-18,BE,,,,,post_listing,2026-06-30,2026-08-14 17:25:33,3.0,inc,consolidated,227.4664,14.596,non_financial,,,,,,,,,2026-06-18,,0.0629975429975429,0.023352599843294186,0.03964494315424871,0.66014742014742,0.02252080896630826,0.6376266111811117,,,,,,,,,,,,,,,,,,,,,,,4,,-0.14045751228293002,0.11997312363129597,,,,,,,,,,,,,,,,,,,,,,,2026.0
LLOYDS,Lloyds Luxuries Limited,SME,2022-09-28,2022-09-30,2022-10-11,Rs.40,40.0,sme,,,,,,,,,,,,,,,,,,,,,,,,,False,3030.0,,LLOYDS,Consumer Services,Consumer & FMCG,2022-10-11,SM,,,,,,,,,,,,,,,,,,,,,,,,,,,,,,,,,,,,,,,,,,,,,,,,,,,,4,,-0.1358785696892144,0.10817943568139521,,,,,,,,,,,,,,,,,,,,,,,2022.0
FROG,Frog Cellsat Limited,SME,2022-09-29,2022-10-04,2022-10-13,Rs.97 to Rs.102,102.0,sme,,,,,,,,,,,,,,,,,,,,,,,,,False,3028.0,,FROG,Telecom,Services & Others,2022-10-13,ST,,,,,,,,,,,,,,,,,,,,,,,,,,,,,,,,,,,,,,,,,,,,,,,,,,,,4,,-0.1396887846942041,0.1041584959309736,,,,,,,,,,,,,,,,,,,,,,,2022.0
SWASTIK,Swastik Pipe Limited,SME,2022-09-29,2022-10-03,2022-10-12,Rs.97 to Rs.100,100.0,sme,,,,,,,,,,,,,,,,,,,,,,,,,False,3029.0,,SWASTIK,Metals & Mining,"Metals, Mining & Chemicals",2022-10-12,ST,,,,,,,,,,,,,,,,,,,,,,,,,,,,,,,,,,,,,,,,,,,,,,,,,,,,4,,-0.1396887846942041,0.1041584959309736,,,,,,,,,,,,,,,,,,,,,,,2022.0
EMIL,Electronics Mart India Limited,EQ,2022-10-04,2022-10-07,2022-10-17,Rs.56 to Rs.59,59.0,mainboard,,,,,,,,,,,,,,,,,,,,,,,,,False,677.0,,EMIL,Retail,Consumer & FMCG,2022-10-17,EQ,,,,,pre_listing,2022-09-30,2022-11-28 18:58:04,6.0,ytd,consolidated,5272.374,130.272,non_financial,38.41595744680851,2023-03-31,29.592499999999998,1184.31,2023-03-31,2023-05-26 22:08:03,38.41595744680851,xbrl_post_quarter,2022-10-17,,0.03076923076923066,0.016938604323944118,0.013830626445286542,0.002958579881656709,0.020780907541196436,-0.017822327659539727,-0.09644970414201193,-0.01173796574397279,-0.08471173839803914,0.8928994082840236,0.2912736423410991,0.6016257659429245,-0.2105575326215896,-0.07382683135114887,-0.13673070127044074,-0.07947805456702262,0.045953010768365665,-0.12543106533538828,1.5527876631079476,0.4068703005561223,1.1459173625518253,,,,,,,,4,,-0.12489674699312914,0.13058417124174948,2266.541489361702,False,23.0,17.398531452358927,72.41355611993686,10.0,-1.4260077177212958,0.3,1.913807608955174,5.193425887744008,16.0,-0.998298803197998,0.3125,0.42989011958592127,2.526655605596257,15.0,-1.7711221720403074,0.2,-1.4260077177212958,below,industry,"DMART,NYKAA,ETERNAL,ABFRL,METROBRAND,POLICYBZR,INDIAMART,SHOPERSTOP",2022.0
TRACXN,Tracxn Technologies Limited,EQ,2022-10-10,2022-10-12,2022-10-20,Rs.75 to Rs.80,80.0,mainboard,,,,,,,,,,,,,,,,,,,,,,,,,False,2326.0,,TRACXN,,Technology,2022-10-20,EQ,,,,,pre_listing,2022-09-30,2022-11-10 15:50:14,6.0,ytd,standalone,75.0256,4.7464,non_financial,10.042131147540983,2023-03-31,10.248666666666669,59.6876,2023-03-31,2023-05-12 15:34:04,10.042131147540983,xbrl_post_quarter,2022-10-20,,-0.2611260053619302,0.003039562560308795,-0.264165567922239,0.021983914209115163,0.007494371180443826,0.014489543028671337,-0.2815013404825737,-0.007660555376862943,-0.27384078510571075,-0.2675603217158177,0.2892569958185911,-0.5568173175344088,0.13693219223173125,-0.020471510259713943,0.1574037024914452,-0.1303489137590521,0.03484149886594734,-0.16519041262499945,0.13627386438446343,0.37724547710065903,-0.2409716127161956,,,,,,,,4,,-0.10069376471206148,0.1470505840367351,803.3704918032787,False,142.0,169.25891029059468,20.9718529803614,86.0,2.088248351737827,0.9883720930232558,13.459587783782203,3.167779259799694,96.0,1.4466609050403902,0.9166666666666666,10.707951576572246,2.2216787960717626,106.0,1.572723478930098,0.8679245283018868,1.572723478930098,well_above,sector,"TCS,INFY,HCLTECH,WIPRO,TECHM,LTM,TATAELXSI,NAUKRI",2022.0
PHANTOMFX,Phantom Digital Effects Limited,SME,2022-10-12,2022-10-14,2022-10-21,Rs.91 to Rs.95,95.0,sme,,,,,,,,,,,,,,,,,,,,,,,,,False,3027.0,,PHANTOMFX,Media & Entertainment,Services & Others,2022-10-21,SM,,,,,,,,,,,,,,,,,,,,,,,,,,,,,,,,,,,,,,,,,,,,,,,,,,,,4,,-0.11943448387820688,0.10607787160541227,,,,,,,,,,,,,,,,,,,,,,,2022.0
DCX,DCX System limited,EQ,2022-10-31,2022-11-02,,Rs.197 to Rs.207,,mainboard,,,,,,,,,,,,,,,,,,,,,,,,,False,,,,,,,,,,,,,,,,,,,,,,,,,,,,,,,,,,,,,,,,,,,,,,,,,,,,,,,,,,,6,,-0.10837149118828104,0.08535061462904303,,,,,,,,,,,,,,,,,,,,,,,
IPSL,Integrated Personnel Services Limited,SME,2022-10-31,2022-11-02,2022-11-11,Rs.59,59.0,sme,,,,,,,,,,,,,,,,,,,,,,,,,False,3025.0,,IPSL,Other Services,Services & Others,2022-11-11,SM,,,,,,,,,,,,,,,,,,,,,,,,,,,,,,,,,,,,,,,,,,,,,,,,,,,,6,,-0.10837149118828104,0.08535061462904303,,,,,,,,,,,,,,,,,,,,,,,2022.0
RITEZONE,Rite Zone Chemcon India Limited,SME,2022-10-31,2022-11-02,2022-11-11,Rs.75,75.0,sme,,,,,,,,,,,,,,,,,,,,,,,,,False,3026.0,,RITEZONE,Chemicals,"Metals, Mining & Chemicals",2022-11-11,SM,,,,,,,,,,,,,,,,,,,,,,,,,,,,,,,,,,,,,,,,,,,,,,,,,,,,6,,-0.10837149118828104,0.08535061462904303,,,,,,,,,,,,,,,,,,,,,,,2022.0
VITAL,Vital Chemtech Limited,SME,2022-10-31,2022-11-03,2026-03-11,Rs.95 to Rs.101,46.0,sme,,,,,,,,,,,,,,,,,,,,,,,,,False,2466.0,,VITAL,Chemicals,"Metals, Mining & Chemicals",2026-03-11,BE,,,,,post_listing,2026-03-31,2026-05-29 22:17:45,12.0,ytd,consolidated,126.4416,1.0269,non_financial,2.2698148148148145,2026-06-30,,99.3485,2026-03-31,2026-05-29 22:17:45,2.2698148148148145,xbrl_post_quarter,2026-03-11,,0.5939759036144581,0.04729033184137377,0.5466855717730843,0.3009638554216867,0.13327482938159796,0.16768902604008873,0.2954216867469879,0.16743439510393676,0.12798729164305112,,,,0.0675389647873772,0.09723202686108534,-0.029693062073708143,,,,,,,,,,,,,,6,,-0.10837149118828104,0.08535061462904303,104.41148148148147,False,126.0,101.676386679795,19.46162857782016,107.0,1.6533503283196416,0.9813084112149533,1.0509618311447226,2.668383500846377,98.0,-0.9317670841386124,0.10204081632653061,0.8257684297057415,1.3462209561405096,110.0,-0.4887422715710611,0.23636363636363636,-0.4887422715710611,below,industry,"ASIANPAINT,PIDILITIND,GRASIM,SRF,UPL,PIIND,BERGEPAINT,FLUOROCHEM",2026.0
AMIABLE,Amiable Logistics (India) Limited,SME,2022-11-02,2022-11-07,2022-11-16,Rs.81,81.0,sme,,,,,,,,,,,,,,,,,,,,,,,,,False,3024.0,,AMIABLE,Logistics,Services & Others,2022-11-16,SM,,,,,,,,,,,,,,,,,,,,,,,,,,,,,,,,,,,,,,,,,,,,,,,,,,,,6,,-0.10375912565592527,0.08281511393135266,,,,,,,,,,,,,,,,,,,,,,,2022.0
FUSION,Fusion Micro Finance Limited,EQ,2022-11-02,2022-11-04,2022-11-15,Rs.350 to Rs.368,368.0,mainboard,,,,,,,,,,,,,,,,,,,,,,,,,False,759.0,,FUSION,,Financial Services,2022-11-15,EQ,,,,,,,,,,,,,,,,,,,,,,2022-11-15,,0.24476600985221664,0.043823498251933435,0.2009425116002832,0.2621613300492609,-0.032344528022036134,0.29450585807129703,0.4613608374384235,0.02498675707172371,0.4363740803666998,0.8154248768472905,0.3753045873503549,0.4401202894969356,,,,,,,,,,,,,,,,,6,,-0.10375912565592527,0.08281511393135266,,,,,,,,,,,,,,,,,,,,,,,2022.0
BIKAJI,Bikaji Foods International Limited,EQ,2022-11-03,2022-11-07,2022-11-16,Rs.285 to Rs.300,300.0,mainboard,,,,,,,,,,,,,,,,,,,,,,,,,False,352.0,,BIKAJI,Food & Beverages,Consumer & FMCG,2022-11-16,EQ,,,,,pre_listing,2022-09-30,2022-12-07 16:24:03,6.0,ytd,consolidated,1992.261,115.5374,non_financial,24.9758940397351,2023-03-31,24.8697005988024,953.6363,2023-03-31,2023-05-24 16:16:03,24.9758940397351,xbrl_post_quarter,2022-11-16,,0.2205071664829108,0.04279518687019013,0.17771197961272067,0.2120018900614271,-0.03424359028870272,0.24624548035012983,0.20869428256418332,0.03252157829839697,0.17617270426578635,0.7201134036856196,0.3825577192907861,0.3375556843948335,-0.09358879882092852,-0.0618407065172949,-0.031748092303633624,0.021984770326701097,0.05332611006623589,-0.03134133973953479,0.32338491771063604,0.4026852154714202,-0.07930029776078418,,,,,,,,6,,-0.10360633507928407,0.06783989625222553,7492.76821192053,False,79.0,64.85145253329684,17.29410982708359,59.0,1.3217333377593046,0.864406779661017,7.857050126888553,2.0352957495166932,64.0,1.3507700942823475,0.796875,3.7609370518825247,0.8581138410673081,69.0,1.4776866486778857,0.8985507246376812,1.3507700942823475,well_above,industry,"BRITANNIA,VBL,TATACONSUM,MARICO,UNITDSPR,PATANJALI,UBL,JUBLFOOD",2022.0
MEDANTA,Global Health Limited,EQ,2022-11-03,2022-11-07,2022-11-16,Rs.319 to Rs.336,336.0,mainboard,,,,,,,,,,,,,,,,,,,,,,,,,False,1414.0,,MEDANTA,Hospitals,Healthcare & Pharmaceuticals,2022-11-16,EQ,,,,,post_listing,2022-12-31,2023-02-13 20:16:03,9.0,ytd,consolidated,2654.435333333333,300.00879999999995,non_financial,26.80973474801061,2023-03-31,,2428.2082,2023-03-31,2023-05-27 22:38:02,26.80973474801061,xbrl_post_quarter,2022-11-16,,0.07789549723091738,0.04279518687019013,0.03510031036072725,0.1006501324343847,-0.03424359028870272,0.13489372272308742,0.3883939320972791,0.03252157829839697,0.35587235379888216,1.1526607271851672,0.3825577192907861,0.7701030078943811,0.26143075913366887,0.06913251407470167,0.1922982450589672,0.5065631152920584,0.2583471374560422,0.24821597783601623,2.133340625683658,0.6501274015046032,1.4832132241790545,,,,,,,,6,,-0.10360633507928407,0.06783989625222553,9008.070875331565,False,9.0,30.026022154455358,25.33054018625001,7.0,0.17005362109854044,0.5714285714285714,3.709760503786934,3.111634722882257,5.0,0.1758190978392273,0.8,3.393592136983647,1.801462062041257,8.0,0.633290395922527,0.625,0.1758190978392273,above,industry,"LALPATHLAB,NH,ASTERDM,KIMS,RAINBOW,SHALBY,ARTEMISMED,INDRAMEDCO",2022.0
ACI,Archean Chemical Industries Limited,EQ,2022-11-09,2022-11-11,2022-11-21,Rs.386 to Rs.407,407.0,mainboard,,,,,,,,,,,,,,,,,,,,,,,,,False,49.0,,ACI,Chemicals,"Metals, Mining & Chemicals",2022-11-21,EQ,,,,,post_listing,2022-12-31,2023-02-10 20:58:02,9.0,ytd,consolidated,1411.5881333333332,328.06626666666665,non_financial,12.309242560865645,2023-03-31,,1431.0199,2023-03-31,2023-05-27 02:00:02,12.309242560865645,xbrl_post_quarter,2022-11-21,,0.11415475281021492,0.04032615486482305,0.07382859794539187,0.3935392338753685,-0.021492687146572154,0.41503192102194064,0.16228309505620442,0.04223780256630705,0.12004529248989737,0.22176143184546548,0.3867402134851261,-0.16497878163966062,-0.2019507869651962,0.05924762144585438,-0.2611984084110506,-0.1745363186285377,0.24134250084850595,-0.41587881947704364,0.09340131530333262,0.6543897872713138,-0.5609884719679812,,,,,,,,6,,-0.09158362657983077,0.0623426079479148,5009.861722272318,False,127.0,15.27088345039331,19.120644665233876,108.0,-0.2248206510012719,0.39814814814814814,3.50090290307795,2.6494572673700887,110.0,0.2786660932774529,0.6272727272727273,3.549095946593146,1.342428141335768,111.0,0.9722128881622676,0.7837837837837838,0.2786660932774529,above,industry,"ASIANPAINT,PIDILITIND,GRASIM,SRF,UPL,PIIND,BERGEPAINT,FLUOROCHEM",2022.0
FIVESTAR,FiveStar Business Finance Limited,EQ,2022-11-09,2022-11-11,2022-11-21,Rs.450 to Rs.474,474.0,mainboard,,,,,,,,,,,,,,,,,,,,,,,,,False,743.0,,FIVESTAR,,Financial Services,2022-11-21,EQ,,,,,,,,,,,,,,,,,,,,,,2022-11-21,,0.25479591836734694,0.04032615486482305,0.2144697635025239,0.15306122448979598,-0.021492687146572154,0.17455391163636813,0.1132653061224489,0.04223780256630705,0.07102750355614185,0.6045918367346939,0.3867402134851261,0.21785162324956775,,,,,,,,,,,,,,,,,6,,-0.09158362657983077,0.0623426079479148,,,,,,,,,,,,,,,,,,,,,,,2022.0
KAYNES,Kaynes Technology India Limited,EQ,2022-11-10,2022-11-14,2022-11-22,Rs.559 to Rs.587,587.0,mainboard,,,,,,,,,,,,,,,,,,,,,,,,,False,1189.0,,KAYNES,Hardware,Technology,2022-11-22,EQ,,,,,post_listing,2022-12-31,2023-01-31 17:56:03,9.0,ytd,consolidated,1015.3693333333333,71.88799999999999,non_financial,4.575118483412322,2023-03-31,,959.042,2023-03-31,2023-05-16 22:56:02,4.575118483412322,xbrl_post_quarter,2022-11-22,,0.019131821146459727,0.019737369526527493,-0.0006055483800677663,0.2984274222769765,-0.023751115671781453,0.32217853794875795,0.9177476628741212,0.0479725504657762,0.869775112408345,2.5717805638089715,0.39106500558503954,2.180715558223932,0.19572205736894177,0.04023766874918078,0.155484388619761,1.2333704253214641,0.24001703875223912,0.993353386569225,2.6160361028684473,0.67362051640526,1.9424155864631873,,,,,,,,6,,-0.09511213395913809,0.06107195046162284,2685.5945497630332,False,17.0,37.3580368039594,26.523513776120893,10.0,0.34251641203627853,0.6,2.8002887775123853,5.422800632813406,14.0,-0.6608898572290665,0.2857142857142857,2.6449435309874434,1.780042227532137,14.0,0.3960126283839794,0.6428571428571429,0.34251641203627853,above,industry,"REDINGTON,TEJASNET,DATAPATTNS,OLECTRA,NELCO,CENTUM,CONTROLPR,CNL",2022.0
INOXGREEN,Inox Green Energy Services Limited,EQ,2022-11-11,2022-11-15,2022-11-23,Rs.61 to Rs.65,65.0,mainboard,,,,,,,,,,,,,,,,,,,,,,,,,False,1057.0,,INOXGREEN,,Energy,2022-11-23,EQ,,,,,pre_listing,2022-09-30,2022-12-06 11:50:02,6.0,ytd,consolidated,247.38,-46.9,non_financial,8.14285714285714,2023-03-31,23.74,1127.36,2023-03-31,2023-05-27 18:02:02,8.14285714285714,xbrl_post_quarter,2022-11-23,,-0.23773265651438247,-0.0038416578108394495,-0.23389099870354302,-0.25380710659898476,-0.03281083953241237,-0.22099626706657238,-0.17512690355329952,0.044824654622741766,-0.21995155817604128,0.18950930626057527,0.3934218916046759,-0.20391258534410062,-0.19480519480519476,-0.053537383153556384,-0.14126781165163838,-0.10043290043290043,0.05140986571973305,-0.15184276615263348,0.8692640692640694,0.3995056348378412,0.4697584344262282,,,,,,,,6,,-0.10622287370426431,0.04901257537378667,529.2857142857141,True,87.0,,14.503036900287873,62.0,,,0.4694913020558776,1.9511768320638414,65.0,-1.4245382006410616,0.06153846153846154,2.1395655036208026,1.3685874732958956,73.0,0.4468236061666386,0.6438356164383562,-0.4888572972372115,below_loss_making,sector,"RELIANCE,ADANIENSOL,ATGL,ADANIGREEN,ONGC,NTPC,ADANIPOWER,POWERGRID",2022.0
RUSTOMJEE,Keystone Realtors Limited,EQ,2022-11-14,2022-11-16,2022-11-24,Rs.514 to Rs.541,541.0,mainboard,,,,,,,,,,,,,,,,,,,,,,,,,False,1909.0,,RUSTOMJEE,Construction,Industrials & Infrastructure,2022-11-24,EQ,,,,,post_listing,2022-12-31,2023-02-07 20:10:04,9.0,ytd,consolidated,455.03999999999996,7.1466666666666665,non_financial,10.684485006518905,2023-03-31,,1669.41,2023-03-31,2023-05-22 22:36:03,10.684485006518905,xbrl_post_quarter,2022-11-24,,-0.14016341923318665,-0.05272002790314223,-0.08744339133004442,-0.1458202388434947,-0.04892562332871797,-0.09689461551477674,-0.08242794289305921,0.03969856150846085,-0.12212650440152006,-0.013737990482176499,0.400653187194149,-0.4143911776763255,-0.0377299979326029,0.049316048860623685,-0.08704604679322658,0.20880711184618583,0.22561983919151185,-0.016812727345326017,0.36841017159396316,0.6267410527913773,-0.2583308811974141,,,,,,,,6,,-0.10320525981560091,0.04995947116862798,5780.3063885267275,False,52.0,808.8115282453443,28.29490134979755,30.0,3.3528842970231203,1.0,3.462484583491609,1.4281463192178667,44.0,0.8856090959757963,0.8863636363636364,12.70285335031366,2.7023912417170846,45.0,1.54768961534385,0.8444444444444444,1.54768961534385,well_above,industry,"DLF,LODHA,GODREJPROP,OBEROIRLTY,PRESTIGE,PHOENIXLTD,BRIGADE,MAHLIFE",2022.0
PRITIKA,Pritika Engineering Components Limited,SME,2022-11-25,2022-11-30,2022-12-08,Rs.29,29.0,sme,,,,,,,,,,,,,,,,,,,,,,,,,False,3023.0,,PRITIKA,Auto Components,Automobile & Mobility,2022-12-08,SM,,,,,,,,,,,,,,,,,,,,,,,,,,,,,,,,,,,,,,,,,,,,,,,,,,,,13,,-0.09650157326546893,0.04534933183071188,,,,,,,,,,,,,,,,,,,,,,,2022.0
BAHETI,Baheti Recycling Industries Limited,SME,2022-11-28,2022-11-30,2022-12-08,Rs.45,45.0,sme,,,,,,,,,,,,,,,,,,,,,,,,,False,3022.0,,BAHETI,Metals & Mining,"Metals, Mining & Chemicals",2022-12-08,SM,,,,,,,,,,,,,,,,,,,,,,,,,,,,,,,,,,,,,,,,,,,,,,,,,,,,13,,-0.08950662967861467,0.04432140549184549,,,,,,,,,,,,,,,,,,,,,,,2022.0
DHARMAJ,Dharmaj Crop Guard Limited,EQ,2022-11-28,2022-11-30,2022-12-08,Rs.216 to Rs.237,237.0,mainboard,,,,,,,,,,,,,,,,,,,,,,,,,False,591.0,,DHARMAJ,Chemicals,"Metals, Mining & Chemicals",2022-12-08,EQ,,,,,post_listing,2022-12-31,2023-02-11 17:40:02,9.0,ytd,standalone,142.82666666666665,11.0464,non_financial,2.7733333333333334,2023-03-31,,321.428,2023-03-31,2023-05-16 14:44:03,2.7733333333333334,xbrl_post_quarter,2022-12-08,,-0.28182500938790844,-0.03847922969989381,-0.24334577968801463,-0.36612842658655653,-0.0618407065172949,-0.30428772006926164,-0.3225685317311303,0.05332611006623589,-0.3758946417973662,-0.011828764551258142,0.4026852154714202,-0.41451398002267836,0.08447126071768829,0.05924762144585438,0.02522363927183391,0.3737694506192444,0.24134250084850595,0.13242694977073843,0.5639885677993015,0.6543897872713138,-0.0904012194720123,,,,,,,,13,,-0.08950662967861467,0.04432140549184549,657.28,False,128.0,59.50173812282734,18.773743779695703,109.0,1.1535462380655557,0.9174311926605505,2.044874746443994,2.466882690645143,124.0,-0.18761874605957463,0.43548387096774194,4.601941747572816,1.2903778934905188,114.0,1.2715432173002819,0.8245614035087719,1.1535462380655557,well_above,industry,"ASIANPAINT,PIDILITIND,GRASIM,SRF,UPL,PIIND,BERGEPAINT,FLUOROCHEM",2022.0
UNIPARTS,Uniparts India Limited,EQ,2022-11-30,2022-12-02,2022-12-12,Rs.548 to Rs.577,577.0,mainboard,,,,,,,,,,,,,,,,,,,,,,,,,False,2382.0,,UNIPARTS,Engineering,Industrials & Infrastructure,2022-12-12,EQ,,,,,post_listing,2022-12-31,2023-02-14 22:42:03,9.0,ytd,consolidated,1383.7133333333334,212.77599999999998,non_financial,4.4205853658536585,2023-03-31,,830.624,2023-03-31,2023-05-25 22:26:03,4.4205853658536585,xbrl_post_quarter,2022-12-12,,0.013156675623088976,-0.034443788046130575,0.04760046366921955,-0.04243491151672374,-0.08326612385380017,0.04083121233707643,0.05160752339479302,0.06508103665271103,-0.013473513257918013,0.004539979616418055,0.42581871420132034,-0.4212787345849023,0.00847309573724675,0.06621754216708964,-0.05774444642984289,0.06263102725366876,0.2618278892062118,-0.19919686195254305,-0.04647099930118803,0.653635112838419,-0.700106112139607,,,,,,,,13,,-0.08304645311000436,0.04065763163741409,2550.677756097561,False,98.0,11.987619638011624,22.538253072868486,68.0,-0.6313395817959713,0.20588235294117646,3.0707970827926485,1.724625831882151,85.0,0.5769270460869736,0.7176470588235294,1.8433570701765498,1.0461391915222955,91.0,0.5664819768346927,0.6703296703296703,0.5664819768346927,well_above,industry,"LT,BEL,BHEL,AIAENG,THERMAX,IRB,RVNL,GRINFRA",2022.0
ARHAM,Arham Technologies Limited,SME,2022-12-05,2022-12-07,2022-12-15,Rs.42,42.0,sme,,,,,,,,,,,,,,,,,,,,,,,,,False,3021.0,,ARHAM,,Technology,2022-12-15,SM,,,,,,,,,,,,,,,,,,,,,,,,,,,,,,,,,,,,,,,,,,,,,,,,,,,,13,,-0.06815414659300889,0.04770315175786588,,,,,,,,,,,,,,,,,,,,,,,2022.0
ALLETEC,All E Technologies Limited,SME,2022-12-09,2022-12-13,2022-12-21,Rs.87 to 90,90.0,sme,,,,,,,,,,,,,,,,,,,,,,,,,False,3020.0,,ALLETEC,,Technology,2022-12-21,ST,,,,,,,,,,,,,,,,,,,,,,,,,,,,,,,,,,,,,,,,,,,,,,,,,,,,13,,-0.06576201912747026,0.026186467790067836,,,,,,,,,,,,,,,,,,,,,,,2022.0
AHL,Abans Holdings Limited,EQ,2022-12-12,2022-12-15,2022-12-23,Rs.256 to Rs.270,270.0,mainboard,,,,,,,,,,,,,,,,,,,,,,,,,False,,,,,,,,,,,,,,,,,,,,,,,,,,,,,,,,,,,,,,,,,,,,,,,,,,,,,,,,,,,13,,-0.07544512192210551,0.008447300717655759,,,,,,,,,,,,,,,,,,,,,,,2022.0
SULA,Sula Vineyards Limited,EQ,2022-12-12,2022-12-14,2022-12-22,Rs.340 to Rs.357,357.0,mainboard,,,,,,,,,,,,,,,,,,,,,,,,,False,2170.0,,SULA,Food & Beverages,Consumer & FMCG,2022-12-22,EQ,,,,,post_listing,2022-12-31,2023-02-10 15:28:03,9.0,ytd,consolidated,577.656,93.05199999999999,non_financial,8.428994082840237,2023-03-31,,532.045,2023-03-31,2023-05-04 19:50:03,8.428994082840237,xbrl_post_quarter,2022-12-22,,0.2782306763285025,-0.0030830448535019706,0.2813137211820045,0.08197463768115942,-0.05670562255636702,0.13868026023752644,0.3910024154589371,0.11734239400033064,0.27366002145860646,0.505132850241546,0.4979224118158492,0.007210438425696797,0.06237113402061856,0.05924762144585438,0.0031235125747641757,0.2756443298969071,0.24134250084850595,0.03430182904840118,0.4900773195876289,0.6543897872713138,-0.1643124676836849,,,,,,,,13,,-0.07544512192210551,0.008447300717655759,3009.1508875739646,False,82.0,32.338379482160136,18.964659740696334,66.0,0.5336775105712327,0.6818181818181818,5.65582025500468,2.052734193689637,77.0,1.0135124910527793,0.7792207792207793,5.209243715245691,0.821540640084156,73.0,1.8470085571521282,0.8904109589041096,1.0135124910527793,well_above,industry,"BRITANNIA,VBL,TATACONSUM,MARICO,UNITDSPR,UBL,PATANJALI,JUBLFOOD",2022.0
LANDMARK,Landmark Cars Limited,EQ,2022-12-13,2022-12-15,2022-12-23,Rs.481 to Rs.506,506.0,mainboard,,,,,,,,,,,,,,,,,,,,,,,,,False,1283.0,,LANDMARK,Automobiles,Automobile & Mobility,2022-12-23,EQ,,,,,post_listing,2022-12-31,2023-02-13 20:56:03,9.0,ytd,consolidated,3371.4039999999995,80.58266666666665,non_financial,4.7078277886497055,2023-03-31,,469.732,2023-03-31,2023-06-01 08:44:02,4.7078277886497055,xbrl_post_quarter,2022-12-23,,0.38656195462478204,0.04121617852161785,0.3453457761031642,0.1875,-0.028401673640167324,0.21590167364016732,0.6338350785340316,0.17080055788005577,0.4630345206539759,0.8033376963350787,0.5765355648535566,0.22680213148152206,0.07241323386312026,0.06913251407470167,0.0032807197884185957,0.16850470321115796,0.2583471374560422,-0.08984243424488425,0.19550762244566977,0.6501274015046032,-0.45461977905893347,,,,,,,,14,,-0.07053194994198742,0.015821909587597105,2382.160861056751,False,13.0,29.561703026168797,38.90764845634107,9.0,-0.2747111427693825,0.4444444444444444,5.071319094838654,3.952214766823824,13.0,0.24932483801884428,0.6153846153846154,0.7065782863924795,1.6969859895890602,13.0,-0.8761750044618014,0.15384615384615385,-0.2747111427693825,below,industry,"MARUTI,TMPV,M&M,BAJAJ-AUTO,EICHERMOT,HEROMOTOCO,TVSMOTOR,ASHOKLEY",2022.0
DOLLEX,Dollex Agrotech Limited,SME,2022-12-15,2022-12-20,2026-09-11,Rs.35,38.0,sme,,,,,,,,,,,,,,,,,,,,,,,,,False,3019.0,,DOLLEX,Food & Beverages,Consumer & FMCG,2022-12-28,SM,,,,,,,,,,,,,,,,,,,,,,,,,,,,,,,,,,,,,,,,,,,,,,,,,,,,13,,-0.059129953160138915,0.017520396571310437,,,,,,,,,,,,,,,,,,,,,,,2026.0
UMA,Uma Converter Limited,SME,2022-12-15,2022-12-21,2022-12-29,Rs.33,33.0,sme,,,,,,,,,,,,,,,,,,,,,,,,,False,3018.0,,UMA,Manufacturing,Industrials & Infrastructure,2022-12-29,SM,,,,,,,,,,,,,,,,,,,,,,,,,,,,,,,,,,,,,,,,,,,,,,,,,,,,13,,-0.059129953160138915,0.017520396571310437,,,,,,,,,,,,,,,,,,,,,,,2022.0
AAL,Arihant Academy Limited,SME,2022-12-16,2022-12-21,2022-12-29,Rs.90,90.0,sme,,,,,,,,,,,,,,,,,,,,,,,,,False,,,,,,,,,,,,,,,,,,,,,,,,,,,,,,,,,,,,,,,,,,,,,,,,,,,,,,,,,,,13,,-0.06318367814665027,0.012185181745958173,,,,,,,,,,,,,,,,,,,,,,,2022.0
KFINTECH,KFin Technologies Limited,EQ,2022-12-19,2022-12-21,2022-12-29,Rs.347 to Rs.366,366.0,mainboard,,,,,,,,,,,,,,,,,,,,,,,,,False,1202.0,,KFINTECH,,Technology,2022-12-29,EQ,,,,,post_listing,2022-12-31,2023-02-10 22:48:02,9.0,ytd,consolidated,715.8586666666666,184.96133333333333,non_financial,16.868343195266274,2023-03-31,,870.222,2023-03-31,2023-05-06 10:26:02,16.868343195266274,xbrl_post_quarter,2022-12-29,,-0.11488250652741516,-0.04077229269744431,-0.07411021382997085,-0.22976501305483032,-0.06594673880117141,-0.1638182742536589,-0.012917411021025282,0.13929647600269957,-0.15221388702372485,0.3932939398103612,0.5286846258908309,-0.13539068608046967,0.09034317637669598,0.05924762144585438,0.031095554930841596,0.21324820430965685,0.24134250084850595,-0.028094296538849095,1.0407023144453311,0.6543897872713138,0.3863125271740173,,,,,,,,13,,-0.07062266934686812,0.004360142620523089,6173.813609467456,False,150.0,33.37894195616087,20.173757064074284,103.0,0.5035426162623534,0.6699029126213593,7.094527154527761,3.074600506383538,139.0,0.8361486873089353,0.841726618705036,8.624347091047008,2.376524057096454,127.0,1.2889503205322685,0.8740157480314961,0.8361486873089353,well_above,sector,"TCS,INFY,HCLTECH,WIPRO,TECHM,LTM,NAUKRI,LTTS",2022.0
ELIN,Elin Electronics Limited,EQ,2022-12-20,2022-12-22,2022-12-30,Rs.234 to Rs.247,247.0,mainboard,,,,,,,,,,,,,,,,,,,,,,,,,False,668.0,,ELIN,Consumer Durables,Consumer & FMCG,2022-12-30,EQ,,,,,post_listing,2022-12-31,2023-02-11 12:58:01,9.0,ytd,consolidated,1075.6066666666666,33.602666666666664,non_financial,4.2105263157894735,2023-03-31,,493.098,2023-03-31,2023-05-31 21:16:03,4.2105263157894735,xbrl_post_quarter,2022-12-30,,-0.09268614100593009,-0.023156229400131734,-0.06952991160579836,-0.4012738853503184,-0.06580883322346742,-0.33546505212685096,-0.27608170437074453,0.1400290046143704,-0.41611070898511493,-0.34153305512848675,0.5080500988793673,-0.849583154007854,-0.21597462514417543,0.05924762144585438,-0.2752222465900298,-0.14100346020761256,0.24134250084850595,-0.3823459610561185,-0.08823529411764708,0.6543897872713138,-0.7426250813889609,,,,,,,,13,,-0.06783901602868636,0.031010208231013303,1040.0,False,21.0,30.949924609158007,45.01983038123947,15.0,-0.37473250460406576,0.13333333333333333,2.1091142125906006,5.560936408183134,20.0,-0.9694984579336385,0.05,0.9668962012135788,1.67458798802592,19.0,-0.5492312880527652,0.10526315789473684,-0.5492312880527652,below,industry,"HONAUT,VOLTAS,CROMPTON,WHIRLPOOL,BLUESTARCO,TTKPRESTIG,BAJAJELEC,AMBER",2022.0
HOMESFY,Homesfy Realty Limited,SME,2022-12-21,2022-12-23,2023-01-02,Rs.197,197.0,sme,,,,,,,,,,,,,,,,,,,,,,,,,False,3015.0,,HOMESFY,Construction,Industrials & Infrastructure,2023-01-02,SM,,,,,,,,,,,,,,,,,,,,,,,,,,,,,,,,,,,,,,,,,,,,,,,,,,,,13,,-0.06976799705878145,0.036490641924603384,,,,,,,,,,,,,,,,,,,,,,,2023.0
MOXSH,Moxsh Overseas Educon Limited,SME,2022-12-21,2022-12-23,2022-12-30,Rs.153,153.0,sme,,,,,,,,,,,,,,,,,,,,,,,,,False,3016.0,,MOXSH,Education,Services & Others,2022-12-30,SM,,,,,,,,,,,,,,,,,,,,,,,,,,,,,,,,,,,,,,,,,,,,,,,,,,,,13,,-0.06976799705878145,0.036490641924603384,,,,,,,,,,,,,,,,,,,,,,,2022.0
RADIANTCMS,Radiant Cash Management Services Limited,EQ,2022-12-23,2022-12-27,2023-01-04,Rs.94 to Rs.99,94.0,mainboard,,,,,,,,,,,,,,,,,,,,,,,,,False,1798.0,,RADIANTCMS,Asset Management,Financial Services,2023-01-04,EQ,,,,,pre_listing,2022-12-31,2023-01-28 19:46:02,9.0,ytd,standalone,353.62266666666665,62.916,non_financial,10.63731343283582,2023-06-30,10.133928571428571,229.934,2023-03-31,2023-05-23 18:00:27,10.63731343283582,xbrl_post_quarter,2023-01-04,,-0.08055290753098188,-0.03368351105907674,-0.046869396471905134,-0.1015252621544328,-0.050860150407661564,-0.05066511174677124,-0.13918017159199247,0.1437679967091734,-0.28294816830116587,-0.1086749285033366,0.5292377305951967,-0.6379126590985333,0.020708446866485097,0.052023601761821636,-0.03131515489533654,0.08228882833787465,0.24629491121637725,-0.1640060828785026,0.01089918256130784,0.6964625058865896,-0.6855633233252818,,,,,,,,14,,-0.10485253322001364,-0.00771168767929542,999.907462686567,False,17.0,15.892737343228543,23.223287966538848,8.0,-0.3792933328629912,0.25,4.348671630496434,0.8703184727643711,13.0,1.6087664998339657,0.7692307692307693,2.827611340958254,12.248477018270592,10.0,-1.465969298108849,0.3,-0.3792933328629912,below,industry,"CAMS,MAHSCOOTER,MASKINVEST,PILANIINVS,TSFINV,RANEHOLDIN,OSWALGREEN,MAXIND",2023.0
RBMINFRA,RBM Infracon Limited,SME,2022-12-23,2022-12-27,2023-01-04,Rs.36,36.0,sme,,,,,,,,,,,,,,,,,,,,,,,,,False,3014.0,,RBMINFRA,Engineering,Industrials & Infrastructure,2023-01-04,SM,,,,,,,,,,,,,,,,,,,,,,,,,,,,,,,,,,,,,,,,,,,,,,,,,,,,14,,-0.10485253322001364,-0.00771168767929542,,,,,,,,,,,,,,,,,,,,,,,2023.0
ANLON,Anlon Technology Solutions Limited,SME,2022-12-29,2023-01-02,2023-01-10,Rs.95 to Rs.100,100.0,sme,,,,,,,,,,,,,,,,,,,,,,,,,False,3013.0,,ANLON,Engineering,Industrials & Infrastructure,2023-01-10,SM,,,,,,,,,,,,,,,,,,,,,,,,,,,,,,,,,,,,,,,,,,,,,,,,,,,,15,,-0.10263706985871657,0.03846855159990925,,,,,,,,,,,,,,,,,,,,,,,2023.0
SAH,Sah Polymers Limited,BE,2022-12-30,2023-01-04,2023-01-12,Rs.61 to Rs.65,65.0,mainboard,,,,,,,,,,,,,,,,,,,,,,,,,False,,,,,,,,,,,,,,,,,,,,,,,,,,,,,,,,,,,,,,,,,,,,,,,,,,,,,,,,,,,16,,-0.10155798641118807,0.044322098334452775,,,,,,,,,,,,,,,,,,,,,,,2023.0
CML,Chaman Metallics Limited,SME,2023-01-04,2023-01-06,2023-01-16,Rs.38,,sme,,,,,,,,,,,,,,,,,,,,,,,,,False,,,,,,,,,,,,,,,,,,,,,,,,,,,,,,,,,,,,,,,,,,,,,,,,,,,,,,,,,,,17,,-0.08645081814579092,0.04393302014960776,,,,,,,,,,,,,,,,,,,,,,,2023.0
DUCOL,Ducol Organics And Colours Limited,SME,2023-01-09,2023-01-11,2023-01-19,Rs.78,78.0,sme,,,,,,,,,,,,,,,,,,,,,,,,,False,3011.0,,DUCOL,Chemicals,"Metals, Mining & Chemicals",2023-01-19,SM,,,,,,,,,,,,,,,,,,,,,,,,,,,,,,,,,,,,,,,,,,,,,,,,,,,,18,,-0.10171077698782927,-0.0011308853823772669,,,,,,,,,,,,,,,,,,,,,,,2023.0
ARISTO,Aristo Bio-Tech and Lifescience Limited,SME,2023-01-16,2023-01-19,2023-01-30,Rs.72,72.0,sme,,,,,,,,,,,,,,,,,,,,,,,,,False,3010.0,,ARISTO,Chemicals,"Metals, Mining & Chemicals",2023-01-30,SM,,,,,,,,,,,,,,,,,,,,,,,,,,,,,,,,,,,,,,,,,,,,,,,,,,,,18,,-0.09889370073100745,0.02393198563321275,,,,,,,,,,,,,,,,,,,,,,,2023.0
GRCL,Gayatri Rubbers and Chemicals Limited,SME,2023-01-25,2023-01-30,2023-02-07,Rs.30,30.0,sme,,,,,,,,,,,,,,,,,,,,,,,,,False,3009.0,,GRCL,Manufacturing,Industrials & Infrastructure,2023-02-07,SM,,,,,,,,,,,,,,,,,,,,,,,,,,,,,,,,,,,,,,,,,,,,,,,,,,,,17,,-0.09492416680867632,-0.00671137353389073,,,,,,,,,,,,,,,,,,,,,,,2023.0
ADANIENTPP,Adani Enterprises Limited-FPO,EQ,2023-01-27,2023-01-31,,Rs.1556 to Rs.1638,,mainboard,,,,,,,,,,,,,,,,,,,,,,,,,False,,,,,,,,,,,,,,,,,,,,,,,,,,,,,,,,,,,,,,,,,,,,,,,,,,,,,,,,,,,17,,-0.08583535529456132,-0.019431685729340287,,,,,,,,,,,,,,,,,,,,,,,
SHERA,Shera Energy Limited,SME,2023-02-07,2023-02-09,2023-02-17,Rs.55 TO RS. 57,57.0,sme,,,,,,,,,,,,,,,,,,,,,,,,,False,3008.0,,SHERA,Metals & Mining,"Metals, Mining & Chemicals",2023-02-17,ST,,,,,,,,,,,,,,,,,,,,,,,,,,,,,,,,,,,,,,,,,,,,,,,,,,,,17,,-0.0861729328544566,-0.03444306618450921,,,,,,,,,,,,,,,,,,,,,,,2023.0
LRRPL,Lead Reclaim and Rubber Products Limited,SME,2023-02-09,2023-02-13,2023-02-21,Rs.25,25.0,sme,,,,,,,,,,,,,,,,,,,,,,,,,False,3007.0,,LRRPL,Manufacturing,Industrials & Infrastructure,2023-02-21,SM,,,,,,,,,,,,,,,,,,,,,,,,,,,,,,,,,,,,,,,,,,,,,,,,,,,,17,,-0.0769819743176563,-0.014674929216304311,,,,,,,,,,,,,,,,,,,,,,,2023.0
AGARWALFT,Agarwal Float Glass India Limited,SME,2023-02-10,2023-02-15,2023-02-23,Rs.42,42.0,sme,,,,,,,,,,,,,,,,,,,,,,,,,False,3006.0,,AGARWALFT,Building Materials,Real Estate & Construction,2023-02-23,SM,,,,,,,,,,,,,,,,,,,,,,,,,,,,,,,,,,,,,,,,,,,,,,,,,,,,17,,-0.07702765751438556,-0.020471510259713943,,,,,,,,,,,,,,,,,,,,,,,2023.0
VIAZ,Viaz Tyres Limited,SME,2023-02-16,2023-02-21,2023-03-01,Rs.62,62.0,sme,,,,,,,,,,,,,,,,,,,,,,,,,False,3005.0,,VIAZ,Auto Components,Automobile & Mobility,2023-03-01,SM,,,,,,,,,,,,,,,,,,,,,,,,,,,,,,,,,,,,,,,,,,,,,,,,,,,,14,,-0.08479363470809842,-0.029194050501556434,,,,,,,,,,,,,,,,,,,,,,,2023.0
SRIVASAVI,Srivasavi Adhesive Tapes Limited,SME,2023-02-23,2023-02-28,2023-03-09,Rs.41,41.0,sme,,,,,,,,,,,,,,,,,,,,,,,,,False,3004.0,,SRIVASAVI,Manufacturing,Industrials & Infrastructure,2023-03-09,ST,,,,,,,,,,,,,,,,,,,,,,,,,,,,,,,,,,,,,,,,,,,,,,,,,,,,9,,-0.09713993307613966,-0.04892562332871797,,,,,,,,,,,,,,,,,,,,,,,2023.0
DIVGIITTS,Divgi TorqTransfer Systems Limited,EQ,2023-03-01,2023-03-03,2023-03-14,Rs.560 to Rs.590,590.0,mainboard,,,,,,,,,,,,,,,,,,,,,,,,,False,607.0,,DIVGIITTS,Engineering,Industrials & Infrastructure,2023-03-14,EQ,,,,,post_listing,2023-03-31,2023-05-19 14:22:03,12.0,ytd,standalone,271.043,51.162,non_financial,3.0595307917888563,2023-06-30,,551.283,2023-03-31,2023-05-19 14:22:03,3.0595307917888563,xbrl_post_quarter,2023-03-14,,0.08550892267019172,0.03170304195408802,0.053805880716103704,0.3868968935888961,0.18173696709261566,0.20515992649628045,0.5820389953734302,0.3911172678955106,0.19092172747791958,0.29684401850627884,0.5513287345923328,-0.25448471608605394,0.19822901992352593,0.1769795800711378,0.02124943985238814,0.5157979472730931,0.3390109692131096,0.17678697805998356,0.026631783725766356,0.6405485121299628,-0.6139167284041964,,,,,,,,9,,-0.10458985305848056,-0.07531822962268353,1805.1231671554253,False,101.0,35.282498087553755,17.311717932590252,69.0,0.7120034267437978,0.8115942028985508,3.274403830982318,1.552394485965142,85.0,0.746337247611069,0.7647058823529411,6.659914357336014,1.060054262359644,91.0,1.8377865274916694,0.9340659340659341,0.746337247611069,well_above,industry,"LT,BEL,AIAENG,BHEL,THERMAX,IRB,RVNL,KEC",2023.0
SYSTANGO,Systango Technologies Limited,SME,2023-03-02,2023-03-06,2023-03-15,Rs.85 to Rs.90,90.0,sme,,,,,,,,,,,,,,,,,,,,,,,,,False,3003.0,,SYSTANGO,,Technology,2023-03-15,SM,,,,,,,,,,,,,,,,,,,,,,,,,,,,,,,,,,,,,,,,,,,,,,,,,,,,9,,-0.09346263250573172,-0.06796061420385102,,,,,,,,,,,,,,,,,,,,,,,2023.0
VERTEXPLUS,Vertexplus Technologies Limited,SME,2023-03-02,2023-03-06,2023-03-15,Rs.91 to Rs.96,96.0,sme,,,,,,,,,,,,,,,,,,,,,,,,,False,3002.0,,VERTEXPLUS,,Technology,2023-03-15,SM,,,,,,,,,,,,,,,,,,,,,,,,,,,,,,,,,,,,,,,,,,,,,,,,,,,,9,,-0.09346263250573172,-0.06796061420385102,,,,,,,,,,,,,,,,,,,,,,,2023.0
MCON,MCON Rasayan India Limited,SME,2023-03-06,2023-03-10,2023-03-20,Rs.40,40.0,sme,,,,,,,,,,,,,,,,,,,,,,,,,False,3001.0,,MCON,Chemicals,"Metals, Mining & Chemicals",2023-03-20,SM,,,,,,,,,,,,,,,,,,,,,,,,,,,,,,,,,,,,,,,,,,,,,,,,,,,,9,,-0.08788397188595853,-0.07148255962412542,,,,,,,,,,,,,,,,,,,,,,,2023.0
VELS,Vels Film International Limited,SME,2023-03-10,2023-03-14,2023-03-22,Rs.99,99.0,sme,,,,,,,,,,,,,,,,,,,,,,,,,False,3000.0,,VELS,Media & Entertainment,Services & Others,2023-03-22,ST,,,,,,,,,,,,,,,,,,,,,,,,,,,,,,,,,,,,,,,,,,,,,,,,,,,,8,,-0.0790995881222688,-0.0618407065172949,,,,,,,,,,,,,,,,,,,,,,,2023.0
GSLSU,Global Surfaces Limited,BE,2023-03-13,2023-03-15,2023-03-23,Rs.133 to Rs.140,140.0,mainboard,,,,,,,,,,,,,,,,,,,,,,,,,False,873.0,,GSLSU,Building Materials,Real Estate & Construction,2023-03-23,EQ,,,,,post_listing,2023-03-31,2023-05-30 13:38:04,12.0,ytd,consolidated,178.066,24.234,non_financial,4.26078431372549,2023-06-30,,261.33,2023-03-31,2023-05-30 13:38:04,4.26078431372549,xbrl_post_quarter,2023-03-23,,0.30400467699503064,0.05185867930289634,0.2521459976921343,0.18211049400759993,0.18451081732128527,-0.0024003233136853375,0.05904706226249634,0.3784252965857302,-0.31937823432323387,0.41625255773165737,0.6694921004715968,-0.2532395427399394,-0.00552638850511189,0.19110496903181562,-0.1966313575369275,0.11494888090632771,0.3443016523089959,-0.2293527714026682,0.0494611771207516,0.5383218673714367,-0.4888606902506851,,,,,,,,7,,-0.0857016720931516,-0.05881137804953618,596.5098039215686,False,62.0,24.61458297935003,23.500905398456666,46.0,0.04630012333618635,0.5217391304347826,2.2825921399057463,1.9742262669463584,59.0,0.1451351426262274,0.576271186440678,3.349936562407021,1.0497619808097025,55.0,1.16037795553338,0.8909090909090909,0.1451351426262274,in_line,industry,"ULTRACEMCO,SHREECEM,AMBUJACEM,POLYCAB,ACC,DALBHARAT,JKCEMENT,KAJARIACER",2023.0
QFIL,Quality Foils (India) Limited,SME,2023-03-14,2023-03-16,2023-03-24,Rs.60,60.0,sme,,,,,,,,,,,,,,,,,,,,,,,,,False,2999.0,,QFIL,,Energy,2023-03-24,SM,,,,,,,,,,,,,,,,,,,,,,,,,,,,,,,,,,,,,,,,,,,,,,,,,,,,7,,-0.10472530614906861,-0.08326612385380017,,,,,,,,,,,,,,,,,,,,,,,2023.0
NIRMAN,Nirman Agri Genetics Limited,SME,2023-03-15,2023-03-20,2023-03-28,Rs.99,,sme,,,,,,,,,,,,,,,,,,,,,,,,,False,2998.0,,NIRMAN,Other Services,Services & Others,2023-03-28,SM,,,,,,,,,,,,,,,,,,,,,,,,,,,,,,,,,,,,,,,,,,,,,,,,,,,,8,,-0.11273208883716024,-0.09661139885786674,,,,,,,,,,,,,,,,,,,,,,,2023.0
USK,Udayshivakumar Infra Limited,BE,2023-03-20,2023-03-23,2023-04-03,Rs.33 to Rs.35,35.0,mainboard,,,,,,,,,,,,,,,,,,,,,,,,,False,2397.0,,USK,Engineering,Industrials & Infrastructure,2023-04-03,EQ,,,,,pre_listing,2023-03-31,2023-05-31 22:44:03,12.0,ytd,standalone,286.898,16.0472,non_financial,5.556344086021505,2023-06-30,3.6784251968503936,154.3964,2023-09-30,2023-11-11 21:47:30,5.556344086021505,xbrl_post_quarter,2023-04-03,,-0.03809523809523807,0.07983245458548316,-0.11792769268072123,-0.03492063492063502,0.22033802626082455,-0.25525866118145957,0.18888888888888888,0.3905761349395416,-0.2016872460506527,0.861904761904762,0.72664355954975,0.13526120235501193,-0.019292604501607746,0.19367505890238967,-0.21296766340399742,0.2009646302250805,0.3495325326276717,-0.1485679024025912,0.8553054662379422,0.575322524974113,0.2799829412638293,,,,,,,,8,,-0.11146785999167208,-0.09008148125314663,194.47204301075266,False,101.0,12.118752368684422,17.907607725232847,69.0,-0.39047159967231215,0.2753623188405797,1.2595633253803369,1.5767700944777188,85.0,-0.22461341698205592,0.38823529411764707,0.6778438434940385,1.149672341021499,91.0,-0.5283153178262695,0.3516483516483517,-0.39047159967231215,below,industry,"LT,BEL,BHEL,AIAENG,THERMAX,IRB,RVNL,KEC",2023.0
SOTAC,Sotac Pharmaceuticals Limited,SME,2023-03-29,2023-04-03,2023-04-13,Rs.105 to Rs.111,111.0,sme,,,,,,,,,,,,,,,,,,,,,,,,,False,2997.0,,SOTAC,,Healthcare & Pharmaceuticals,2023-04-13,SM,,,,,,,,,,,,,,,,,,,,,,,,,,,,,,,,,,,,,,,,,,,,,,,,,,,,6,,-0.14615388474447022,-0.09247577862973955,,,,,,,,,,,,,,,,,,,,,,,2023.0
INFINIUM,Infinium Pharmachem Limited,SME,2023-03-31,2023-04-05,2023-04-17,Rs.135,135.0,sme,,,,,,,,,,,,,,,,,,,,,,,,,False,2996.0,,INFINIUM,,Healthcare & Pharmaceuticals,2023-04-17,SM,,,,,,,,,,,,,,,,,,,,,,,,,,,,,,,,,,,,,,,,,,,,,,,,,,,,4,,-0.13160521945909065,-0.07897691296736742,,,,,,,,,,,,,,,,,,,,,,,2023.0
MOS,Mos Utility Limited,SME,2023-03-31,2023-04-06,2023-04-18,Rs.72 to Rs.76,76.0,sme,,,,,,,,,,,,,,,,,,,,,,,,,False,2995.0,,MOS,Retail,Consumer & FMCG,2023-04-18,ST,,,,,,,,,,,,,,,,,,,,,,,,,,,,,,,,,,,,,,,,,,,,,,,,,,,,4,,-0.13160521945909065,-0.07897691296736742,,,,,,,,,,,,,,,,,,,,,,,2023.0
AVALON,Avalon Technologies Limited,EQ,2023-04-03,2023-04-06,2023-04-18,Rs.415 to Rs.436,436.0,mainboard,,,,,,,,,,,,,,,,,,,,,,,,,False,251.0,,AVALON,,Technology,2023-04-18,EQ,,,,,pre_listing,2023-03-31,2023-05-27 23:10:03,12.0,ytd,consolidated,944.719,52.503,non_financial,6.557657657657657,2023-09-30,5.734343434343434,533.046,2023-09-30,2023-11-11 21:43:52,6.557657657657657,xbrl_post_quarter,2023-04-18,,0.010804020100502632,0.06085483950522552,-0.05005081940472289,0.6319095477386936,0.202337957000444,0.4295715907382496,0.34711055276381897,0.3681761633610461,-0.021065610597227113,0.2956030150753768,0.6974028180438105,-0.40179980296843376,0.13557534567611906,0.18262169694257402,-0.047046351266454955,0.18490742910710112,0.3336418560182266,-0.14873442691112548,0.14694164518397002,0.6221597266014363,-0.47521808141746624,,,,,,,,4,,-0.11826058164560449,-0.06594673880117141,2859.1387387387385,False,153.0,54.45667368986036,20.807371990165475,109.0,0.9620980608202554,0.8715596330275229,5.3637748688457245,3.004582921390388,138.0,0.5795292303032121,0.7463768115942029,3.0264435654821575,2.006017022582763,128.0,0.4112370140455194,0.671875,0.5795292303032121,well_above,sector,"TCS,INFY,HCLTECH,WIPRO,TECHM,LTM,NAUKRI,PAYTM",2023.0
PATTECH,Pattech Fitwell Tube Components Limited,SME,2023-04-05,2023-04-12,2023-04-21,Rs.50,50.0,sme,,,,,,,,,,,,,,,,,,,,,,,,,False,2994.0,,PATTECH,Auto Components,Automobile & Mobility,2023-04-21,SM,,,,,,,,,,,,,,,,,,,,,,,,,,,,,,,,,,,,,,,,,,,,,,,,,,,,4,,-0.11129728943315387,-0.06580883322346742,,,,,,,,,,,,,,,,,,,,,,,2023.0
AGUL,A G Universal Limited,SME,2023-04-11,2023-04-13,2023-04-24,Rs.60,60.0,sme,,,,,,,,,,,,,,,,,,,,,,,,,False,2993.0,,AGUL,Other Services,Services & Others,2023-04-24,SM,,,,,,,,,,,,,,,,,,,,,,,,,,,,,,,,,,,,,,,,,,,,,,,,,,,,4,,-0.09710983238934223,-0.050860150407661564,,,,,,,,,,,,,,,,,,,,,,,2023.0
QUICKTOUCH,Quicktouch Technologies Limited,SME,2023-04-18,2023-04-21,2023-05-02,Rs.61,61.0,sme,,,,,,,,,,,,,,,,,,,,,,,,,False,2992.0,,QUICKTOUCH,,Technology,2023-05-02,SM,,,,,,,,,,,,,,,,,,,,,,,,,,,,,,,,,,,,,,,,,,,,,,,,,,,,3,,-0.0852601953534573,-0.02992125984251981,,,,,,,,,,,,,,,,,,,,,,,2023.0
MANKIND,Mankind Pharma Limited,EQ,2023-04-25,2023-04-27,2023-05-09,Rs.1026 to Rs.1080,1080.0,mainboard,,,,,,,,,,,,,,,,,,,,,,,,,False,1379.0,,MANKIND,,Healthcare & Pharmaceuticals,2023-05-09,EQ,,,,,pre_listing,2023-03-31,2023-06-01 06:16:02,12.0,ytd,consolidated,8749.433,1281.8591,non_financial,40.05003996802558,2023-09-30,40.03346423562412,8428.4494,2023-09-30,2023-10-31 20:46:03,40.05003996802558,xbrl_post_quarter,2023-05-09,,0.04489207621458213,0.07509449811003788,-0.030202421895455744,0.26801659284257906,0.19205165896682064,0.07596493387575842,0.29621036349574625,0.31569193616127667,-0.01948157266553041,0.5810658792097307,0.6080900881982361,-0.027024208988505327,0.17070758738277925,0.1965161373830704,-0.02580855000029114,0.3297186700767263,0.3450607112097932,-0.01534204113306692,0.4509803921568627,0.6030348137343242,-0.15205442157746152,,,,,,,,4,,-0.06886979645070102,-0.025892046570644367,43254.04316546763,False,115.0,33.743211844006595,26.72459094429611,88.0,0.2331951158539429,0.6022727272727273,5.13190992941924,2.810293773664929,106.0,0.6021888721543437,0.7264150943396226,4.943639566754511,2.589851418327224,106.0,0.6465013077086387,0.7547169811320755,0.6021888721543437,well_above,sector,"SUNPHARMA,DIVISLAB,DRREDDY,CIPLA,APOLLOHOSP,TORNTPHARM,MAXHEALTH,ALKEM",2023.0
DENEERS,De Neers Tools Limited,SME,2023-04-28,2023-05-03,2023-05-11,Rs.95 TO RS. 101,101.0,sme,,,,,,,,,,,,,,,,,,,,,,,,,False,2991.0,,DENEERS,Engineering,Industrials & Infrastructure,2023-05-11,SM,,,,,,,,,,,,,,,,,,,,,,,,,,,,,,,,,,,,,,,,,,,,,,,,,,,,4,,-0.05600523716969541,-0.004719126373067817,,,,,,,,,,,,,,,,,,,,,,,2023.0
AUROIMPEX,Auro Impex & Chemicals Limited,SME,2023-05-11,2023-05-15,2023-05-23,Rs.74 TO RS. 78,78.0,sme,,,,,,,,,,,,,,,,,,,,,,,,,False,2990.0,,AUROIMPEX,Chemicals,"Metals, Mining & Chemicals",2023-05-23,SM,,,,,,,,,,,,,,,,,,,,,,,,,,,,,,,,,,,,,,,,,,,,,,,,,,,,5,,-0.02844919894647624,0.04097068163034501,,,,,,,,,,,,,,,,,,,,,,,2023.0
KRISHCA,Krishca Strapping Solutions Limited,SME,2023-05-16,2023-05-19,2023-05-26,Rs.51 TO Rs.54,54.0,sme,,,,,,,,,,,,,,,,,,,,,,,,,False,2989.0,,KRISHCA,Metals & Mining,"Metals, Mining & Chemicals",2023-05-26,SM,,,,,,,,,,,,,,,,,,,,,,,,,,,,,,,,,,,,,,,,,,,,,,,,,,,,5,,-0.018208299290038643,0.057029837127855476,,,,,,,,,,,,,,,,,,,,,,,2023.0
REMUS,Remus Pharmaceuticals Limited,SME,2023-05-17,2023-05-19,2023-05-29,Rs.1150 TO Rs.1229,1229.0,sme,,,,,,,,,,,,,,,,,,,,,,,,,False,2988.0,,REMUS,,Healthcare & Pharmaceuticals,2023-05-29,SM,,,,,,,,,,,,,,,,,,,,,,,,,,,,,,,,,,,,,,,,,,,,,,,,,,,,5,,-0.01783276580412363,0.049316048860623685,,,,,,,,,,,,,,,,,,,,,,,2023.0
CRAYONS,Crayons Advertising Limited,SME,2023-05-22,2023-05-25,2023-06-02,Rs.62 TO Rs.65,65.0,sme,,,,,,,,,,,,,,,,,,,,,,,,,False,2987.0,,CRAYONS,Media & Entertainment,Services & Others,2023-06-02,SM,,,,,,,,,,,,,,,,,,,,,,,,,,,,,,,,,,,,,,,,,,,,,,,,,,,,5,,-0.01804590643126458,0.05924762144585438,,,,,,,,,,,,,,,,,,,,,,,2023.0
DENTALKART,Vasa Denticity Limited,SME,2023-05-23,2023-05-25,2023-06-02,Rs.121 TO Rs.128,128.0,sme,,,,,,,,,,,,,,,,,,,,,,,,,False,2986.0,,DENTALKART,Medical Devices,Healthcare & Pharmaceuticals,2023-06-02,SM,,,,,,,,,,,,,,,,,,,,,,,,,,,,,,,,,,,,,,,,,,,,,,,,,,,,5,,-0.014118029159667755,0.06913251407470167,,,,,,,,,,,,,,,,,,,,,,,2023.0
PROV,Proventus Agrocom Limited,SME,2023-05-24,2023-05-26,2023-06-05,Rs.771,771.0,sme,,,,,,,,,,,,,,,,,,,,,,,,,False,2985.0,,PROV,Food & Beverages,Consumer & FMCG,2023-06-05,SM,,,,,,,,,,,,,,,,,,,,,,,,,,,,,,,,,,,,,,,,,,,,,,,,,,,,5,,-0.012910232272535738,0.06621754216708964,,,,,,,,,,,,,,,,,,,,,,,2023.0
INFOLLION,Infollion Research Services Limited,SME,2023-05-29,2023-05-31,2023-06-08,Rs.80 TO Rs.82,82.0,sme,,,,,,,,,,,,,,,,,,,,,,,,,False,2984.0,,INFOLLION,Other Services,Services & Others,2023-06-08,SM,,,,,,,,,,,,,,,,,,,,,,,,,,,,,,,,,,,,,,,,,,,,,,,,,,,,5,,-0.0049225335315880026,0.0734686280199055,,,,,,,,,,,,,,,,,,,,,,,2023.0
SAHANA,Sahana System Limited,SME,2023-05-31,2023-06-02,2023-06-12,Rs.132 To Rs.135,135.0,sme,,,,,,,,,,,,,,,,,,,,,,,,,False,2983.0,,SAHANA,Software,Technology,2023-06-12,SM,,,,,,,,,,,,,,,,,,,,,,,,,,,,,,,,,,,,,,,,,,,,,,,,,,,,5,,-0.0015985547035569647,0.09318323257467998,,,,,,,,,,,,,,,,,,,,,,,2023.0
KDL,Kore Digital Limited,SME,2023-06-02,2023-06-07,2023-06-14,Rs.180,180.0,sme,,,,,,,,,,,,,,,,,,,,,,,,,False,2982.0,,KDL,Telecom,Services & Others,2023-06-14,SM,,,,,,,,,,,,,,,,,,,,,,,,,,,,,,,,,,,,,,,,,,,,,,,,,,,,5,,0.0,0.11070551499594394,,,,,,,,,,,,,,,,,,,,,,,2023.0
IKIO,IKIO Lighting Limited,EQ,2023-06-06,2023-06-08,2023-06-16,Rs.270 to Rs.285,285.0,mainboard,,,,,,,,,,,,,,,,,,,,,,,,,False,1008.0,,IKIO,,Technology,2023-06-16,EQ,,,,,pre_listing,2023-03-31,2023-08-05 16:08:02,12.0,ytd,consolidated,358.765,50.038,non_financial,7.730508474576271,2023-09-30,6.512206572769953,524.248,2023-09-30,2023-11-04 17:44:02,7.730508474576271,xbrl_post_quarter,2023-06-16,,0.03454252816639847,0.04968851972708399,-0.015145991560685523,-0.1054847096694318,0.1771801226782519,-0.2826648323476837,-0.11761792744831001,0.3290734059961149,-0.4466913334444249,-0.21555032809211339,0.631386302523421,-0.8469366306155344,-0.16724053123462856,0.1037205697122372,-0.27096110094686576,-0.1789227742252828,0.3496754190485418,-0.5285981932738246,-0.295376291195278,0.5130140666425911,-0.8083903578378691,,,,,,,,5,,0.0,0.12853885243972818,2203.1949152542375,False,157.0,44.03043517435224,28.503047773088188,124.0,0.43487008234260066,0.6935483870967742,4.202581440948248,3.5853965954495974,148.0,0.15882987100089138,0.581081081081081,6.141053099533782,2.5943420159075363,150.0,0.8616633159848088,0.8066666666666666,0.43487008234260066,above,sector,"TCS,INFY,HCLTECH,WIPRO,LTM,TECHM,NAUKRI,TATAELXSI",2023.0
SPECTSTM,Spectrum Talent Management Limited,SME,2023-06-09,2023-06-14,2023-06-22,Rs.169 to Rs.173,173.0,sme,,,,,,,,,,,,,,,,,,,,,,,,,False,2981.0,,SPECTSTM,Other Services,Services & Others,2023-06-22,SM,,,,,,,,,,,,,,,,,,,,,,,,,,,,,,,,,,,,,,,,,,,,,,,,,,,,5,,-0.006685092585358321,0.11881438621000706,,,,,,,,,,,,,,,,,,,,,,,2023.0
URBAN,Urban Enviro Waste Management Limited,SME,2023-06-12,2023-06-14,2023-06-22,Rs.100,100.0,sme,,,,,,,,,,,,,,,,,,,,,,,,,False,2980.0,,URBAN,Capital Goods,Industrials & Infrastructure,2023-06-22,SM,,,,,,,,,,,,,,,,,,,,,,,,,,,,,,,,,,,,,,,,,,,,,,,,,,,,5,,-0.007319907805297343,0.10672248777778992,,,,,,,,,,,,,,,,,,,,,,,2023.0
CELLPOINT,Cell Point (India) Limited,SME,2023-06-15,2023-06-20,2023-06-28,Rs.100,100.0,sme,,,,,,,,,,,,,,,,,,,,,,,,,False,2979.0,,CELLPOINT,Retail,Consumer & FMCG,2023-06-28,SM,,,,,,,,,,,,,,,,,,,,,,,,,,,,,,,,,,,,,,,,,,,,,,,,,,,,4,,0.0,0.13410846758263473,,,,,,,,,,,,,,,,,,,,,,,2023.0
VILINBIO,Vilin Bio Med Limited,SME,2023-06-16,2023-06-21,2023-06-30,Rs.30,30.0,sme,,,,,,,,,,,,,,,,,,,,,,,,,False,2978.0,,VILINBIO,Pharmaceuticals,Healthcare & Pharmaceuticals,2023-06-30,SM,,,,,,,,,,,,,,,,,,,,,,,,,,,,,,,,,,,,,,,,,,,,,,,,,,,,4,,0.0,0.16182140135383527,,,,,,,,,,,,,,,,,,,,,,,2023.0
AATMAJ,Aatmaj Healthcare Limited,SME,2023-06-19,2023-06-21,2023-06-30,Rs.60,60.0,sme,,,,,,,,,,,,,,,,,,,,,,,,,False,2977.0,,AATMAJ,,Healthcare & Pharmaceuticals,2023-06-30,SM,,,,,,,,,,,,,,,,,,,,,,,,,,,,,,,,,,,,,,,,,,,,,,,,,,,,5,,0.0,0.18173696709261566,,,,,,,,,,,,,,,,,,,,,,,2023.0
HMAAGRO,HMA Agro Industries Limited,EQ,2023-06-20,2023-06-23,2023-07-04,Rs.555 to Rs.585,585.0,mainboard,,,,,,,,,,,,,,,,,,,,,,,,,False,963.0,,HMAAGRO,Food & Beverages,Consumer & FMCG,2023-07-04,EQ,,,,,pre_listing,2023-06-30,2023-08-15 10:10:04,3.0,inc,consolidated,3884.968,177.244,non_financial,2.8755102040816327,2023-09-30,4.790378378378378,669.722,2023-09-30,2023-11-11 20:27:43,2.8755102040816327,xbrl_post_quarter,2023-07-04,,0.009393680614859123,0.05441966129698472,-0.0450259806821256,0.25448334756618296,0.1423435094438812,0.11213983812230177,0.28010247651579867,0.34113439224963393,-0.06103191573383526,-0.08915456874466265,0.6623155345274305,-0.7514701032720932,0.06942277691107646,0.1395261757502071,-0.07010339883913064,0.16224648985959456,0.3302761184824936,-0.16802962862289905,-0.2004680187207487,0.5845051188525312,-0.7849731375732799,,,,,,,,5,,0.0,0.18323324905183314,1682.1734693877552,False,86.0,9.49072165708151,18.75256568490598,74.0,-0.6810159259032535,0.1891891891891892,2.511748859060558,1.9790611014966166,81.0,0.2383567260404039,0.5925925925925926,0.4329954505127855,0.9188104239021038,82.0,-0.7523525948285391,0.24390243902439024,-0.6810159259032535,below,industry,"BRITANNIA,VBL,TATACONSUM,MARICO,UNITDSPR,PATANJALI,UBL,JUBLFOOD",2023.0
ESFL,Essen Speciality Films Limited,SME,2023-06-23,2023-06-27,2023-07-06,Rs.101 to Rs.107,107.0,sme,,,,,,,,,,,,,,,,,,,,,,,,,False,2975.0,,ESFL,Manufacturing,Industrials & Infrastructure,2023-07-06,SM,,,,,,,,,,,,,,,,,,,,,,,,,,,,,,,,,,,,,,,,,,,,,,,,,,,,4,,-0.007349136191647232,0.19073896899701603,,,,,,,,,,,,,,,,,,,,,,,2023.0
GREENCHEF,Greenchef Appliances Limited,SME,2023-06-23,2023-06-27,2023-07-06,Rs.82 to Rs.87,87.0,sme,,,,,,,,,,,,,,,,,,,,,,,,,False,2976.0,,GREENCHEF,Consumer Durables,Consumer & FMCG,2023-07-06,SM,,,,,,,,,,,,,,,,,,,,,,,,,,,,,,,,,,,,,,,,,,,,,,,,,,,,4,,-0.007349136191647232,0.19073896899701603,,,,,,,,,,,,,,,,,,,,,,,2023.0
MAGSON,Magson Retail and Distribution Limited,SME,2023-06-23,2023-06-27,2023-07-06,Rs.65,65.0,sme,,,,,,,,,,,,,,,,,,,,,,,,,False,2974.0,,MAGSON,Retail,Consumer & FMCG,2023-07-06,SM,,,,,,,,,,,,,,,,,,,,,,,,,,,,,,,,,,,,,,,,,,,,,,,,,,,,4,,-0.007349136191647232,0.19073896899701603,,,,,,,,,,,,,,,,,,,,,,,2023.0
IDEAFORGE,Ideaforge Technology Limited,EQ,2023-06-26,2023-06-30,2023-07-07,Rs.638 to Rs.672,672.0,mainboard,,,,,,,,,,,,,,,,,,,,,,,,,False,993.0,,IDEAFORGE,Engineering,Industrials & Infrastructure,2023-07-07,EQ,,,,,pre_listing,2023-06-30,2023-08-09 15:06:04,3.0,inc,consolidated,388.288,75.448,non_financial,4.240401146131805,2023-12-31,3.881069958847736,631.47,2023-09-30,2023-11-10 04:56:05,4.240401146131805,xbrl_post_quarter,2023-07-07,,-0.15394416772848385,0.05342222345938463,-0.20736639118786848,-0.3934514846133055,0.12425132337726819,-0.5177028079905737,-0.3898606123788563,0.3315796554811712,-0.7214402678600275,-0.35970500791536353,0.6404032531188093,-1.000108261034173,-0.1741814685491624,0.11385314023214232,-0.2880346087813047,-0.29441829866909563,0.2835370130097836,-0.5779553116788793,-0.28956024492687604,0.5462048953255954,-0.8357651402524714,,,,,,,,4,,-0.017717684927149535,0.1728975936056234,2849.549570200573,False,103.0,37.7683910799567,21.602341714756143,80.0,0.5586708164528641,0.8,4.51256523698762,2.1584946022308955,93.0,0.7374547451981732,0.8064516129032258,7.338752601678581,1.3503613692757195,99.0,1.6927966453335286,0.9494949494949495,0.7374547451981732,well_above,industry,"LT,BEL,AIAENG,BHEL,RVNL,THERMAX,IRB,KEC",2023.0
PENTAGON,Pentagon Rubber Limited,SME,2023-06-26,2023-06-30,2023-07-07,Rs.65 to Rs.70,70.0,sme,,,,,,,,,,,,,,,,,,,,,,,,,False,2973.0,,PENTAGON,Manufacturing,Industrials & Infrastructure,2023-07-07,SM,,,,,,,,,,,,,,,,,,,,,,,,,,,,,,,,,,,,,,,,,,,,,,,,,,,,4,,-0.017717684927149535,0.1728975936056234,,,,,,,,,,,,,,,,,,,,,,,2023.0
CYIENTDLM,Cyient DLM Limited,EQ,2023-06-27,2023-06-30,2023-07-10,Rs.250 to Rs.265,265.0,mainboard,,,,,,,,,,,,,,,,,,,,,,,,,False,539.0,,CYIENTDLM,Capital Goods,Industrials & Infrastructure,2023-07-10,EQ,,,,,pre_listing,2023-06-30,2023-07-22 14:36:02,3.0,inc,standalone,868.592,21.436,non_financial,7.914163090128755,2023-12-31,5.413131313131313,889.714,2023-09-30,2023-10-17 12:48:05,7.914163090128755,xbrl_post_quarter,2023-07-10,,0.1768901569186876,0.05857191396668315,0.11831824295200444,0.58226343319068,0.14055583740987765,0.4417075957808023,0.5710889205896337,0.33861305952608145,0.23247586106355222,0.7917261055634808,0.651700977905207,0.1400251276582738,0.283530721732969,0.06436739293426785,0.21916332879870115,0.330499038364207,0.29905224547336084,0.031446792890846176,0.6681850389715558,0.6147564167605739,0.05342862221098188,,,,,,,,4,,-0.011018956783471201,0.17434564713708278,2097.25321888412,False,59.0,97.83789974268147,41.48418099314193,51.0,0.8579998512238521,0.8823529411764706,2.3572217801272317,4.7796954343042435,57.0,-0.7068931140317034,0.2807017543859649,2.414543558867823,2.403672269488709,56.0,0.0045125864902915295,0.5,0.0045125864902915295,in_line,industry,"SIEMENS,ABB,HAVELLS,CUMMINSIND,MAZDOCK,GRINDWELL,CARBORUNIV,BDL",2023.0
GLOBALPET,Global Pet Industries Limited,SME,2023-06-28,2023-07-03,2023-07-10,Rs.49,49.0,sme,,,,,,,,,,,,,,,,,,,,,,,,,False,2972.0,,GLOBALPET,Engineering,Industrials & Infrastructure,2023-07-10,ST,,,,,,,,,,,,,,,,,,,,,,,,,,,,,,,,,,,,,,,,,,,,,,,,,,,,4,,-0.005511852143735507,0.18451081732128527,,,,,,,,,,,,,,,,,,,,,,,2023.0
PKH,PKH Ventures Limited - Issue Withdrawn,EQ,2023-06-30,2023-07-04,,Rs.140 to Rs.148,,mainboard,,,,,,,,,,,,,,,,,,,,,,,,,False,,,,,,,,,,,,,,,,,,,,,,,,,,,,,,,,,,,,,,,,,,,,,,,,,,,,,,,,,,,4,,-0.003660325583824453,0.20502529297940364,,,,,,,,,,,,,,,,,,,,,,,
SYNOPTICS,Synoptics Technologies Limited,SME,2023-06-30,2023-07-05,2023-07-13,Rs.237,237.0,sme,,,,,,,,,,,,,,,,,,,,,,,,,False,2971.0,,SYNOPTICS,,Technology,2023-07-13,ST,,,,,,,,,,,,,,,,,,,,,,,,,,,,,,,,,,,,,,,,,,,,,,,,,,,,4,,-0.003660325583824453,0.20502529297940364,,,,,,,,,,,,,,,,,,,,,,,2023.0
TRIDHYA,Tridhya Tech Limited,SME,2023-06-30,2023-07-05,2023-07-13,Rs.35 to Rs.42,42.0,sme,,,,,,,,,,,,,,,,,,,,,,,,,False,2970.0,,TRIDHYA,Software,Technology,2023-07-13,ST,,,,,,,,,,,,,,,,,,,,,,,,,,,,,,,,,,,,,,,,,,,,,,,,,,,,4,,-0.003660325583824453,0.20502529297940364,,,,,,,,,,,,,,,,,,,,,,,2023.0
SENCO,Senco Gold Limited,EQ,2023-07-04,2023-07-06,2023-07-14,Rs.301 to Rs.317,317.0,mainboard,,,,,,,,,,,,,,,,,,,,,,,,,False,1993.0,,SENCO,Consumer Services,Consumer & FMCG,2023-07-14,EQ,,,,,pre_listing,2023-06-30,2023-08-15 08:42:02,3.0,inc,consolidated,5221.6,110.672,non_financial,7.4928032899246055,2023-12-31,6.917,1235.207,2023-09-30,2023-11-11 22:06:30,7.4928032899246055,xbrl_post_quarter,2023-07-14,,0.0017271157167531026,0.031004428552533714,-0.02927731283578061,0.6318776215149271,0.13534678166004577,0.49653083985488133,0.9022945965951146,0.3271108597594623,0.5751837368356523,1.3232173698494942,0.5795930839783086,0.7436242858711857,0.7291457286432161,0.1395261757502071,0.589619552893009,0.9693467336683417,0.3302761184824936,0.6390706151858481,1.7562814070351758,0.5845051188525312,1.1717762881826446,,,,,,,,3,,0.0,0.25006169285185487,2375.2186429061,False,28.0,21.46178475952454,25.660982040154323,25.0,-0.1786977291562374,0.44,1.9229316567232049,2.1498516760964943,28.0,-0.11154792584814965,0.42857142857142855,0.45488330069444227,1.1020167293384964,27.0,-0.8848562664219761,0.3333333333333333,-0.1786977291562374,below,industry,"TITAN,IRCTC,RELAXO,BATAINDIA,KALYANKJIL,CAMPUS,EASEMYTRIP,DELTACORP",2023.0
DRONE,Drone Destination Limited,SME,2023-07-07,2023-07-13,2023-07-21,Rs.62 to Rs.65,65.0,sme,,,,,,,,,,,,,,,,,,,,,,,,,False,2969.0,,DRONE,Aviation,Services & Others,2023-07-21,SM,,,,,,,,,,,,,,,,,,,,,,,,,,,,,,,,,,,,,,,,,,,,,,,,,,,,4,,0.0,0.22033802626082455,,,,,,,,,,,,,,,,,,,,,,,2023.0
UTKARSHBNK,Utkarsh Small Finance Bank Limited,EQ,2023-07-12,2023-07-14,2023-07-21,Rs.23 to Rs.25,25.0,mainboard,,,,,,,,,,,,,,,,,,,,,,,,,False,2399.0,,UTKARSHBNK,,Financial Services,2023-07-21,EQ,,,,,,,,,,,,,,,,,,,,,,2023-07-21,,-0.00520833333333337,0.03592531422836864,-0.041133647561702014,0.04270833333333335,0.07379022640643362,-0.031081893073100275,0.22499999999999987,0.27962612111911667,-0.0546261211191168,0.036666666666666625,0.6053705712138464,-0.5687039045471798,,,,,,,,,,,,,,,,,6,,0.0,0.2050573971795926,,,,,,,,,,,,,,,,,,,,,,,2023.0
SERVICE,Service Care Limited,SME,2023-07-14,2023-07-18,2023-07-26,Rs.63 to Rs.67,67.0,sme,,,,,,,,,,,,,,,,,,,,,,,,,False,2968.0,,SERVICE,Other Services,Services & Others,2023-07-26,SM,,,,,,,,,,,,,,,,,,,,,,,,,,,,,,,,,,,,,,,,,,,,,,,,,,,,6,,-0.007075049667582767,0.19239076533142319,,,,,,,,,,,,,,,,,,,,,,,2023.0
NETWEB,Netweb Technologies India Limited,EQ,2023-07-17,2023-07-19,2023-07-27,Rs.475 to Rs.500,500.0,mainboard,,,,,,,,,,,,,,,,,,,,,,,,,False,1545.0,,NETWEB,,Technology,2023-07-27,EQ,,,,,pre_listing,2023-06-30,2023-08-13 17:16:02,3.0,inc,standalone,239.216,20.364,non_financial,5.453668763102725,2023-12-31,5.091,371.753,2023-09-30,2023-11-01 20:14:03,5.453668763102725,xbrl_post_quarter,2023-07-27,,-0.05124121265377857,0.03872679519019462,-0.08996800784397319,-0.17278119507908607,0.07504600761135638,-0.24782720269044245,0.547396748681898,0.3176892565527347,0.2297074921291633,1.5769442003514942,0.5792358269756475,0.9977083733758467,-0.05628827131417813,0.13935865732978847,-0.1956469286439666,0.6886481394253414,0.32728028771504514,0.3613678517102963,1.9505416862929814,0.5861265079161451,1.3644151783768363,,,,,,,,7,,0.0,0.20438890414721245,2726.8343815513626,False,156.0,133.90465436806926,30.458331893176567,123.0,1.4807684300044182,0.943089430894309,7.335070279328916,3.8718593348829167,146.0,0.6389321529627887,0.7945205479452054,11.399046809374635,2.8778475914425226,149.0,1.3764870880422833,0.8791946308724832,1.3764870880422833,well_above,sector,"TCS,INFY,HCLTECH,WIPRO,LTM,TECHM,NAUKRI,TATAELXSI",2023.0
YCCL,Yasons Chemex Care Limited,SME,2023-07-24,2023-07-26,2023-08-03,Rs.40,40.0,sme,,,,,,,,,,,,,,,,,,,,,,,,,False,2967.0,,YCCL,Chemicals,"Metals, Mining & Chemicals",2023-08-03,SM,,,,,,,,,,,,,,,,,,,,,,,,,,,,,,,,,,,,,,,,,,,,,,,,,,,,7,,0.0,0.21682108906119946,,,,,,,,,,,,,,,,,,,,,,,2023.0
SHRITECH,Shri Techtex Limited,SME,2023-07-26,2023-07-28,2023-08-04,Rs.54 to Rs. 61,61.0,sme,,,,,,,,,,,,,,,,,,,,,,,,,False,2966.0,,SHRITECH,Manufacturing,Industrials & Infrastructure,2023-08-04,SM,,,,,,,,,,,,,,,,,,,,,,,,,,,,,,,,,,,,,,,,,,,,,,,,,,,,7,,0.0,0.21040624439845534,,,,,,,,,,,,,,,,,,,,,,,2023.0
YATHARTH,Yatharth Hospital and Trauma Care Services Limited,EQ,2023-07-26,2023-07-28,2023-08-07,Rs.285 to Rs.300,300.0,mainboard,,,,,,,,,,,,,,,,,,,,,,,,,False,2534.0,,YATHARTH,,Healthcare & Pharmaceuticals,2023-08-07,EQ,,,,,pre_listing,2023-06-30,2023-08-18 15:52:58,3.0,inc,consolidated,618.028,76.148,non_financial,7.6992167101827675,2023-12-31,6.5419243986254285,806.479,2023-09-30,2023-11-10 07:56:05,7.6992167101827675,xbrl_post_quarter,2023-08-07,,0.09989516249812769,0.07664866864556807,0.023246493852559613,0.1601018421446756,0.1037205697122372,0.0563812724324384,0.2727272727272725,0.3496754190485418,-0.07694814632126934,0.3245469522240525,0.5130140666425911,-0.18846711441853858,0.11795092552733544,0.13766712004653336,-0.019716194519197927,0.3333333333333335,0.31134513870362523,0.021988194629708246,0.5385277658200605,0.5936418940490613,-0.05511412822900086,,,,,,,,7,,0.0,0.21040624439845534,2309.7650130548304,False,119.0,30.332576207580377,32.94715480417873,97.0,-0.08268265098582796,0.4536082474226804,2.8640113543623955,3.1983265824105085,113.0,-0.11040451642403734,0.4336283185840708,3.7373145117289677,2.9653319594701935,117.0,0.2313783229845624,0.6324786324786325,-0.08268265098582796,in_line,sector,"SUNPHARMA,DIVISLAB,DRREDDY,CIPLA,MANKIND,APOLLOHOSP,TORNTPHARM,MAXHEALTH",2023.0
ZEAL,Zeal Global Services Limited,SME,2023-07-28,2023-08-01,2023-08-09,Rs.103,103.0,sme,,,,,,,,,,,,,,,,,,,,,,,,,False,2965.0,,ZEAL,Logistics,Services & Others,2023-08-09,SM,,,,,,,,,,,,,,,,,,,,,,,,,,,,,,,,,,,,,,,,,,,,,,,,,,,,8,,0.0,0.20352440905938685,,,,,,,,,,,,,,,,,,,,,,,2023.0
ORIANA,Oriana Power Limited,SME,2023-08-01,2023-08-03,2023-08-11,Rs.115 to Rs.118,118.0,sme,,,,,,,,,,,,,,,,,,,,,,,,,False,2964.0,,ORIANA,,Energy,2023-08-11,SM,,,,,,,,,,,,,,,,,,,,,,,,,,,,,,,,,,,,,,,,,,,,,,,,,,,,8,,0.0,0.20122502737269699,,,,,,,,,,,,,,,,,,,,,,,2023.0
VINSYS,Vinsys IT Services India Limited,SME,2023-08-01,2023-08-04,2023-08-11,Rs.121 to Rs.128,128.0,sme,,,,,,,,,,,,,,,,,,,,,,,,,False,2963.0,,VINSYS,Software,Technology,2023-08-11,ST,,,,,,,,,,,,,,,,,,,,,,,,,,,,,,,,,,,,,,,,,,,,,,,,,,,,8,,0.0,0.20122502737269699,,,,,,,,,,,,,,,,,,,,,,,2023.0
SBFC,SBFC Finance Limited,EQ,2023-08-03,2023-08-07,2023-08-16,Rs.54 to Rs.57,57.0,mainboard,,,,,,,,,,,,,,,,,,,,,,,,,False,1969.0,,SBFC,,Financial Services,2023-08-16,EQ,,,,,post_listing,2024-06-30,2024-07-27 18:05:08,3.0,inc,consolidated,1191.028,315.628,non_financial,106.63108108108108,2024-06-30,,,,,106.63108108108108,xbrl_post_quarter,2023-08-16,,-0.061822125813449036,0.0810029779210939,-0.14282510373454294,-0.017353579175705125,0.1395261757502071,-0.15687975492591222,-0.03633405639913245,0.3302761184824936,-0.36661017488162606,-0.060737527114967604,0.5845051188525312,-0.6452426459674988,-0.029587210689572818,-0.03840148459203152,0.008814273902458702,0.0036984013361966994,-0.1514558588964794,0.1551542602326761,0.24934383202099752,-0.03881355979715806,0.2881573918181556,,,,,,,,8,,-0.012792624135915531,0.1765180320313402,6077.971621621621,False,47.0,19.256756756756754,17.24811467148922,21.0,0.11015915640070315,0.5238095238095238,,1.1804818429577535,32.0,,,5.103130758992753,6.030678323032671,26.0,-0.16700527009545751,0.5,-0.028423056847377184,in_line,sector,"BAJFINANCE,NAM-INDIA,CDSL,CAMS,SHRIRAMFIN,SPANDANA,RBA,JSWHL",2023.0
CONCORDBIO,Concord Biotech Limited,EQ,2023-08-04,2023-08-08,2023-08-18,Rs.705 to Rs.741,741.0,mainboard,,,,,,,,,,,,,,,,,,,,,,,,,False,501.0,,CONCORDBIO,Pharmaceuticals,Healthcare & Pharmaceuticals,2023-08-18,EQ,,,,,pre_listing,2023-06-30,2023-09-06 16:10:32,3.0,inc,consolidated,779.3108,217.9772,non_financial,10.468650472334682,2023-12-31,10.459558541266794,1354.3087,2023-09-30,2023-11-11 20:41:41,10.468650472334682,xbrl_post_quarter,2023-08-18,,0.06337505303351709,0.07966096462795647,-0.016285911594439373,0.3073292320746712,0.1449499693509908,0.16237926272368042,0.4714679677556215,0.3327424027941315,0.13872556496149002,0.7107551972846842,0.5947318983423078,0.1160232989423764,0.3425116846169476,0.10205052900475509,0.2404611556121925,0.4693659825238772,0.1802155068967901,0.28915047562708707,1.112680349522455,0.5085604806397683,0.6041198688826868,,,,,,,,8,,-0.011439093310129933,0.18466440213813629,7757.2699999999995,False,60.0,35.587529337930754,30.342899338685285,44.0,0.1594327460463159,0.5909090909090909,5.727844766854115,3.5227613422462682,55.0,0.4860941742308572,0.7818181818181819,9.954013212700247,3.403982174863353,58.0,1.0730298336406479,0.9310344827586207,0.4860941742308572,above,industry,"DIVISLAB,CIPLA,DRREDDY,ALKEM,LUPIN,SYNGENE,BIOCON,IPCALAB",2023.0
SANGANI,Sangani Hospitals Limited,SME,2023-08-04,2023-08-08,2023-08-17,Rs.37 to Rs.40,40.0,sme,,,,,,,,,,,,,,,,,,,,,,,,,False,2962.0,,SANGANI,,Healthcare & Pharmaceuticals,2023-08-17,SM,,,,,,,,,,,,,,,,,,,,,,,,,,,,,,,,,,,,,,,,,,,,,,,,,,,,8,,-0.011439093310129933,0.18466440213813629,,,,,,,,,,,,,,,,,,,,,,,2023.0
YUDIZ,Yudiz Solutions Limited,SME,2023-08-04,2023-08-08,2023-08-17,Rs.162 to Rs.165,165.0,sme,,,,,,,,,,,,,,,,,,,,,,,,,False,2961.0,,YUDIZ,Software,Technology,2023-08-17,SM,,,,,,,,,,,,,,,,,,,,,,,,,,,,,,,,,,,,,,,,,,,,,,,,,,,,8,,-0.011439093310129933,0.18466440213813629,,,,,,,,,,,,,,,,,,,,,,,2023.0
SSFL,Srivari Spices and Foods Limited,SME,2023-08-07,2023-08-09,2023-08-18,Rs.40 to Rs.42,42.0,sme,,,,,,,,,,,,,,,,,,,,,,,,,False,2960.0,,SSFL,Food & Beverages,Consumer & FMCG,2023-08-18,ST,,,,,,,,,,,,,,,,,,,,,,,,,,,,,,,,,,,,,,,,,,,,,,,,,,,,8,,-0.0052647075626337525,0.1833204382919995,,,,,,,,,,,,,,,,,,,,,,,2023.0
TVSSCS,TVS Supply Chain Solutions Limited,EQ,2023-08-10,2023-08-14,2023-08-23,Rs.187 to Rs.197,197.0,mainboard,,,,,,,,,,,,,,,,,,,,,,,,,False,2354.0,,TVSSCS,Logistics,Services & Others,2023-08-23,EQ,,,,,pre_listing,2023-06-30,2023-09-12 18:54:03,3.0,inc,consolidated,9369.72,-262.16,non_financial,43.45454545454545,2023-12-31,38.7810650887574,1788.83,2023-09-30,2023-11-09 11:36:05,43.45454545454545,xbrl_post_quarter,2023-08-23,,0.06194029850746263,0.038553946624912294,0.023386351882550338,0.05149253731343273,0.1182628725235193,-0.06677033521008657,-0.06766169154228852,0.30866881478318264,-0.37633050632547116,-0.04323383084577115,0.5595023961420174,-0.6027362269877885,-0.06799186808222268,0.1401882651882651,-0.2081801332704878,-0.31917777275807546,0.14859502359502352,-0.467772796353099,-0.11289812514117903,0.5073095073095073,-0.6202076324506863,,,,,,,,8,,0.0,0.18622188337923284,8560.545454545454,True,31.0,,25.505456783715804,26.0,,,4.78555561710473,2.300014550883808,29.0,0.7326866852049351,0.8620689655172413,0.9136394102006735,1.5574340521663972,30.0,-0.5333589324256112,0.43333333333333335,0.09966387638966195,in_line_loss_making,industry,"ADANIPORTS,CONCOR,DELHIVERY,BLUEDART,AEGISLOG,VRLLOG,GESHIP,ALLCARGO",2023.0
CLSL,Crop Life Science Limited,SME,2023-08-18,2023-08-22,2023-08-30,Rs.52,52.0,sme,,,,,,,,,,,,,,,,,,,,,,,,,False,2959.0,,CLSL,Chemicals,"Metals, Mining & Chemicals",2023-08-30,ST,,,,,,,,,,,,,,,,,,,,,,,,,,,,,,,,,,,,,,,,,,,,,,,,,,,,9,,-0.005683830377012811,0.17486090375107866,,,,,,,,,,,,,,,,,,,,,,,2023.0
PYRAMID,Pyramid Technoplast Limited,BE,2023-08-18,2023-08-22,2023-08-29,Rs.151 to Rs.166,166.0,mainboard,,,,,,,,,,,,,,,,,,,,,,,,,False,1787.0,,PYRAMID,Manufacturing,Industrials & Infrastructure,2023-08-29,EQ,,,,,pre_listing,2023-06-30,2023-09-15 13:42:04,3.0,inc,standalone,554.068,31.0292,non_financial,3.6605681818181814,2023-12-31,3.10292,208.1145,2023-09-30,2023-11-11 20:34:38,3.6605681818181814,xbrl_post_quarter,2023-08-29,,-0.037151702786377694,0.0380171290660174,-0.07516883185239509,0.141570503799606,0.13214156041092662,0.00942894338867939,-0.03405572755417963,0.27849042096495147,-0.3125461485191311,-0.017224880382775143,0.5651609320604001,-0.5823858124431752,0.14038748137108792,0.09672214847339933,0.04366533289768859,-0.14515648286140082,0.12190748493822112,-0.26706396779962194,0.06611028315946355,0.5180884305115898,-0.45197814735212627,,,,,,,,9,,-0.005683830377012811,0.17486090375107866,607.6543181818181,False,213.0,19.58330598861131,19.168082615105426,146.0,0.021430936051705547,0.5136986301369864,2.9198076932737416,1.5106575390660013,194.0,0.6589727432651912,0.6958762886597938,1.0967143350307509,0.8366427169608951,185.0,0.27067690283838075,0.5675675675675675,0.27067690283838075,above,industry,"SUPREMEIND,ASTRAL,PAGEIND,3MINDIA,MANYAVAR,KPRMILL,TRIDENT,RHIM",2023.0
SEL,Sungarner Energies Limited,SME,2023-08-21,2023-08-23,2023-08-31,Rs.83,83.0,sme,,,,,,,,,,,,,,,,,,,,,,,,,False,2958.0,,SEL,Power,Energy,2023-08-31,SM,,,,,,,,,,,,,,,,,,,,,,,,,,,,,,,,,,,,,,,,,,,,,,,,,,,,10,,-0.008560722983224078,0.1719096420099535,,,,,,,,,,,,,,,,,,,,,,,2023.0
AEROFLEX,Aeroflex Industries Limited,EQ,2023-08-22,2023-08-24,2023-08-31,Rs.102 to Rs.108,108.0,mainboard,,,,,,,,,,,,,,,,,,,,,,,,,False,76.0,,AEROFLEX,Metals & Mining,"Metals, Mining & Chemicals",2023-08-31,EQ,,,,,pre_listing,2023-06-30,2023-09-20 14:04:04,3.0,inc,consolidated,331.722,44.3512,non_financial,12.90857142857143,2023-12-31,11.430721649484536,274.0772,2023-09-30,2023-11-03 20:00:27,12.90857142857143,xbrl_post_quarter,2023-08-31,,-0.07197549770290967,0.031576874078047545,-0.10355237178095722,-0.0318529862174578,0.13056943140673183,-0.16242241762418963,-0.1065849923430322,0.2713012940860935,-0.3778862864291257,0.14781010719754972,0.5344516896875418,-0.38664158248999203,-0.01814582645991425,0.145829006289099,-0.16397483274901326,-0.15704387990762136,0.1765184809790057,-0.33356236088662705,0.15440448696799725,0.5315618068075136,-0.3771573198395164,,,,,,,,10,,-0.00028856369606378163,0.1769795800711378,1394.1257142857144,False,89.0,31.433776634808403,15.983621670480183,70.0,0.6763184514201631,0.8285714285714286,5.086616888547148,2.1708029654537877,78.0,0.8515158218692858,0.8333333333333334,4.2026929606288235,0.6881759939155477,78.0,1.8094361695741785,0.8846153846153846,0.8515158218692858,well_above,industry,"JSWSTEEL,TATASTEEL,HINDZINC,COALINDIA,HINDALCO,VEDL,JINDALSTEL,APLAPOLLO",2023.0
VPRPL,Vishnu Prakash R Punglia Limited,EQ,2023-08-24,2023-08-28,2023-09-05,Rs.94 to Rs.99,99.0,mainboard,,,,,,,,,,,,,,,,,,,,,,,,,False,2482.0,,VPRPL,Engineering,Industrials & Infrastructure,2023-09-05,EQ,,,,,pre_listing,2023-06-30,2023-09-26 14:24:03,3.0,inc,standalone,1112.68,65.7472,non_financial,12.49568345323741,2023-12-31,8.742978723404256,639.117,2023-09-30,2023-11-11 21:01:40,12.49568345323741,xbrl_post_quarter,2023-09-05,,0.1904598490048044,0.00822674716054439,0.18223310184426,0.4042553191489362,0.11214161465261441,0.2921137044963218,0.13692518874399462,0.20202189706333784,-0.06509670831934322,0.607206588881263,0.492994986186432,0.114211602694831,0.2084499160604365,0.1520168684287173,0.05643304763171919,-0.09513150531617232,0.21115892504789358,-0.3062904303640659,0.4829322887520986,0.491510405342763,-0.00857811659066443,,,,,,,,11,,0.0,0.19138187984994093,1237.0726618705037,False,103.0,18.815594608903552,24.074911181307954,75.0,-0.24648424196334234,0.3333333333333333,1.9355965525412464,2.244330446320913,92.0,-0.14799165968258068,0.41304347826086957,1.111795540380436,1.4383104220850482,90.0,-0.25749279435644884,0.4,-0.24648424196334234,below,industry,"LT,BEL,BHEL,AIAENG,THERMAX,RVNL,KEC,IRB",2023.0
SAHAJ,Sahaj Fashions Limited,SME,2023-08-25,2023-08-29,2023-09-06,Rs.30,30.0,sme,,,,,,,,,,,,,,,,,,,,,,,,,False,,,,,,,,,,,,,,,,,,,,,,,,,,,,,,,,,,,,,,,,,,,,,,,,,,,,,,,,,,,11,,-0.001259538198083776,0.18626622195580578,,,,,,,,,,,,,,,,,,,,,,,2023.0
MONOPHARMA,Mono Pharmacare Limited,SME,2023-08-28,2023-08-30,2023-09-07,Rs.26 to Rs.28,28.0,sme,,,,,,,,,,,,,,,,,,,,,,,,,False,2957.0,,MONOPHARMA,,Healthcare & Pharmaceuticals,2023-09-07,SM,,,,,,,,,,,,,,,,,,,,,,,,,,,,,,,,,,,,,,,,,,,,,,,,,,,,11,,-0.0036794043937178333,0.17796035352376283,,,,,,,,,,,,,,,,,,,,,,,2023.0
CPS,C P S Shapers Limited,SME,2023-08-29,2023-08-31,2023-09-07,Rs.185,185.0,sme,,,,,,,,,,,,,,,,,,,,,,,,,False,2956.0,,CPS,Manufacturing,Industrials & Infrastructure,2023-09-07,SM,,,,,,,,,,,,,,,,,,,,,,,,,,,,,,,,,,,,,,,,,,,,,,,,,,,,11,,0.0,0.18262169694257402,,,,,,,,,,,,,,,,,,,,,,,2023.0
RISHABH,Rishabh Instruments Limited,EQ,2023-08-30,2023-09-01,2023-09-11,Rs.418 to Rs.441,441.0,mainboard,,,,,,,,,,,,,,,,,,,,,,,,,False,1863.0,,RISHABH,Capital Goods,Industrials & Infrastructure,2023-09-11,EQ,,,,,pre_listing,2023-06-30,2023-09-30 23:04:06,3.0,inc,consolidated,689.868,31.792,non_financial,3.8055,2023-12-31,3.6458715596330276,515.5528,2023-09-30,2023-11-10 18:42:06,3.8055,xbrl_post_quarter,2023-09-11,,0.18695701229831885,-0.004992973001109013,0.19194998529942786,0.12693219000338485,0.09042206037213085,0.036510129631253996,-0.06521493850840565,0.07893061489243292,-0.14414555340083857,-0.16078077400428747,0.4845426044340162,-0.6453233784383037,0.19093649308803662,0.1489321942321833,0.04200429885585333,-0.04510965596091876,0.23166327455018898,-0.27677293051110774,-0.22991373038145724,0.4529511413354781,-0.6828648717169353,,,,,,,,12,,0.0,0.1899328040337911,1678.2255,False,62.0,52.78766670860593,49.833669743971605,49.0,0.05758672350769944,0.5102040816326531,3.255196170014012,5.58226708087262,57.0,-0.5393424396458387,0.3508771929824561,2.4326762511089077,3.143034714132375,53.0,-0.25619681342846373,0.37735849056603776,-0.25619681342846373,below,industry,"SIEMENS,ABB,HAVELLS,CUMMINSIND,MAZDOCK,SUZLON,GRINDWELL,CARBORUNIV",2023.0
SAROJA,Saroja Pharma Industries India Limited,SME,2023-08-31,2023-09-05,2023-09-13,Rs.84,84.0,sme,,,,,,,,,,,,,,,,,,,,,,,,,False,2953.0,,SAROJA,,Healthcare & Pharmaceuticals,2023-09-13,SM,,,,,,,,,,,,,,,,,,,,,,,,,,,,,,,,,,,,,,,,,,,,,,,,,,,,12,,0.0,0.19110496903181562,,,,,,,,,,,,,,,,,,,,,,,2023.0
BASILIC,Basilic Fly Studio Limited,SME,2023-09-01,2023-09-05,2023-09-11,Rs.92 to Rs 97,97.0,sme,,,,,,,,,,,,,,,,,,,,,,,,,False,2955.0,,BASILIC,Media & Entertainment,Services & Others,2023-09-11,SM,,,,,,,,,,,,,,,,,,,,,,,,,,,,,,,,,,,,,,,,,,,,,,,,,,,,13,,0.0,0.19367505890238967,,,,,,,,,,,,,,,,,,,,,,,2023.0
PRAMARA,Pramara Promotions Limited,SME,2023-09-01,2023-09-05,2023-09-13,Rs.63,63.0,sme,,,,,,,,,,,,,,,,,,,,,,,,,False,2954.0,,PRAMARA,Manufacturing,Industrials & Infrastructure,2023-09-13,SM,,,,,,,,,,,,,,,,,,,,,,,,,,,,,,,,,,,,,,,,,,,,,,,,,,,,13,,0.0,0.19367505890238967,,,,,,,,,,,,,,,,,,,,,,,2023.0
RATNAVEER,Ratnaveer Precision Engineering Limited,BE,2023-09-04,2023-09-06,2023-09-11,Rs.93 to Rs.98,98.0,mainboard,,,,,,,,,,,,,,,,,,,,,,,,,False,1826.0,,RATNAVEER,Metals & Mining,"Metals, Mining & Chemicals",2023-09-11,EQ,,,,,pre_listing,2023-06-30,2023-09-25 16:00:28,3.0,inc,standalone,470.644,32.832,non_financial,4.077092511013216,2023-12-31,3.463291139240506,237.716,2023-09-30,2023-10-28 15:42:02,4.077092511013216,xbrl_post_quarter,2023-09-11,,-0.0664862775415539,-0.004992973001109013,-0.06149330454044488,-0.09818322381136446,0.09042206037213085,-0.18860528418349531,-0.14186316196366444,0.07893061489243292,-0.22079377685609736,0.6586780054116739,0.4845426044340162,0.17413540097765767,0.01485364788117094,0.1533623948928784,-0.13850874701170746,0.007863695937090354,0.18426543809268026,-0.1764017421555899,0.6249890782000873,0.5314587938764126,0.09353028432367472,,,,,,,,13,,0.0,0.1965161373830704,399.55506607929516,False,89.0,12.169684030192956,16.60496540928417,70.0,-0.31075382802151597,0.2857142857142857,1.6808084692628815,2.1587115594942006,78.0,-0.2502366341204411,0.38461538461538464,0.8489539143796482,0.7565750568315748,78.0,0.11520315838857076,0.5256410256410257,-0.2502366341204411,below,industry,"JSWSTEEL,TATASTEEL,COALINDIA,HINDZINC,HINDALCO,VEDL,JINDALSTEL,APLAPOLLO",2023.0
JLHL,Jupiter Life Line Hospitals Limited,EQ,2023-09-06,2023-09-08,2023-09-18,Rs.695 to Rs.735,735.0,mainboard,,,,,,,,,,,,,,,,,,,,,,,,,False,1134.0,,JLHL,,Healthcare & Pharmaceuticals,2023-09-18,EQ,,,,,pre_listing,2023-06-30,2023-10-09 13:02:05,3.0,inc,consolidated,972.888,215.988,non_financial,6.656554878048781,2023-12-31,5.437764350453173,1081.032,2023-09-30,2023-11-10 19:28:05,6.656554878048781,xbrl_post_quarter,2023-09-18,,-0.019981412639405116,0.021186561829878547,-0.041167974469283664,0.08039033457249078,0.09672214847339933,-0.016331813900908543,0.07527881040892193,0.12190748493822112,-0.0466286745292992,0.2871747211895912,0.5180884305115898,-0.23091370932199862,0.04201680672268915,0.17364973780326065,-0.1316329310805715,0.1797385620915033,0.2505580607643494,-0.07081949867284609,0.25770308123249297,0.5072864167805915,-0.24958333554809853,,,,,,,,14,,0.0,0.20645980031010192,4892.567835365854,False,120.0,22.65203546199721,37.390754599239216,92.0,-0.5011737568686446,0.25,4.5258307204281225,3.5802302382742446,113.0,0.23437403421552902,0.6283185840707964,5.028911689080196,3.244830245246363,112.0,0.4381405606269094,0.7589285714285714,0.23437403421552902,above,sector,"SUNPHARMA,CIPLA,DIVISLAB,DRREDDY,MANKIND,APOLLOHOSP,TORNTPHARM,MAXHEALTH",2023.0
EMSLIMITED,EMS Limited,EQ,2023-09-08,2023-09-12,2023-09-21,Rs.200 to Rs.211,211.0,mainboard,,,,,,,,,,,,,,,,,,,,,,,,,False,683.0,,EMSLIMITED,Engineering,Industrials & Infrastructure,2023-09-21,EQ,,,,,post_listing,2023-09-30,2023-11-14 15:36:05,6.0,ytd,consolidated,696.9844,135.9056,non_financial,5.065712347354138,2023-12-31,,730.1201,2023-09-30,2023-11-14 15:36:05,5.065712347354138,xbrl_post_quarter,2023-09-21,,0.04626652375848539,-0.008831324200154644,0.055097847958640034,0.4894605216148624,0.145829006289099,0.3436315153257634,0.4144337263308324,0.1765184809790057,0.23791524535182673,1.761521972132905,0.5315618068075136,1.2299601653253913,0.1927176907414061,0.16493632551638449,0.027781365225021615,0.09102886573242297,0.2321594968162759,-0.14113063108385293,0.770152114025632,0.30050085416990213,0.46965125985572986,,,,,,,,14,,0.0,0.20855885750805014,1068.8653052917232,False,103.0,7.864762786020026,26.495871529768007,75.0,-1.214596554180009,0.05333333333333334,1.463958197140064,2.469493978986325,92.0,-0.5228694015792852,0.2717391304347826,1.5335569996856788,1.5603444224755803,90.0,-0.017316706981253153,0.5,-0.5228694015792852,below,industry,"LT,BEL,BHEL,AIAENG,THERMAX,RVNL,IRB,KEC",2023.0
JIWANRAM,Jiwanram Sheoduttrai Industries Limited,SME,2023-09-08,2023-09-12,2023-09-18,Rs.23,23.0,sme,,,,,,,,,,,,,,,,,,,,,,,,,False,2952.0,,JIWANRAM,,Technology,2023-09-18,SM,,,,,,,,,,,,,,,,,,,,,,,,,,,,,,,,,,,,,,,,,,,,,,,,,,,,14,,0.0,0.20855885750805014,,,,,,,,,,,,,,,,,,,,,,,2023.0
UNIHEALTH,Unihealth Consultancy Limited,SME,2023-09-08,2023-09-12,2023-09-21,Rs.126 to Rs.132,132.0,sme,,,,,,,,,,,,,,,,,,,,,,,,,False,2951.0,,UNIHEALTH,,Healthcare & Pharmaceuticals,2023-09-21,SM,,,,,,,,,,,,,,,,,,,,,,,,,,,,,,,,,,,,,,,,,,,,,,,,,,,,14,,0.0,0.20855885750805014,,,,,,,,,,,,,,,,,,,,,,,2023.0
CHAVDA,Chavda Infra Limited,SME,2023-09-12,2023-09-14,2023-09-25,Rs.60 to Rs.65,65.0,sme,,,,,,,,,,,,,,,,,,,,,,,,,False,2950.0,,CHAVDA,Construction,Industrials & Infrastructure,2023-09-25,SM,,,,,,,,,,,,,,,,,,,,,,,,,,,,,,,,,,,,,,,,,,,,,,,,,,,,16,,0.0,0.22069727317604837,,,,,,,,,,,,,,,,,,,,,,,2023.0
KEL,Kundan Edifice Limited,SME,2023-09-12,2023-09-15,2023-09-26,Rs.91,91.0,sme,,,,,,,,,,,,,,,,,,,,,,,,,False,,,,,,,,,,,,,,,,,,,,,,,,,,,,,,,,,,,,,,,,,,,,,,,,,,,,,,,,,,,16,,0.0,0.22069727317604837,,,,,,,,,,,,,,,,,,,,,,,2023.0
RRKABEL,R R Kabel Limited,EQ,2023-09-13,2023-09-15,2023-09-20,Rs.983 to Rs.1035,1035.0,mainboard,,,,,,,,,,,,,,,,,,,,,,,,,False,1892.0,,RRKABEL,Building Materials,Real Estate & Construction,2023-09-20,EQ,,,,,post_listing,2023-09-30,2023-11-09 18:54:06,6.0,ytd,consolidated,6413.968,296.8934,non_financial,11.174551181102363,2023-12-31,,1717.5556,2023-09-30,2023-11-09 18:54:06,11.174551181102363,xbrl_post_quarter,2023-09-20,,0.14127123241934814,0.018781271309677328,0.12248996110967081,0.3770710738283043,0.12165925877239814,0.25541181505590616,0.18809732481949837,0.1540951551549905,0.034002169664507864,0.40937356537707115,0.5214062127722501,-0.11203264739517893,-0.110282513847201,0.16274741871595322,-0.2730299325631542,0.07280997617353102,0.238996417484588,-0.16618644131105698,-0.0549246526595909,0.33908368899462427,-0.39400834165421517,,,,,,,,16,,-0.038802647436847026,0.1647856844801987,11565.660472440944,False,66.0,38.95559979588952,33.37771494532537,48.0,0.1545340707236411,0.6041666666666666,6.733791018142845,2.703359008729023,62.0,0.9126432093261129,0.8870967741935484,1.8031989670732602,1.2674149910310737,59.0,0.3525829054594187,0.6271186440677966,0.3525829054594187,above,industry,"ULTRACEMCO,AMBUJACEM,SHREECEM,POLYCAB,DALBHARAT,ACC,JKCEMENT,KEI",2023.0
SAMHI,SAMHI Hotels Limited,EQ,2023-09-14,2023-09-18,2023-09-22,Rs.119 to Rs.126,126.0,mainboard,,,,,,,,,,,,,,,,,,,,,,,,,False,1940.0,,SAMHI,Hotels & Hospitality,Services & Others,2023-09-22,EQ,,,,,pre_listing,2023-06-30,2023-10-12 16:30:06,3.0,inc,consolidated,761.76,-333.96,non_financial,21.82434017595308,2023-12-31,8.536809815950921,1078.182,2023-09-30,2023-11-11 21:13:16,21.82434017595308,xbrl_post_quarter,2023-09-22,,-0.020571827057182857,-0.01534666007667096,-0.005225166980511897,0.19351464435146437,0.14906819399507398,0.04444645035639039,0.45118549511854944,0.17688323662930028,0.27430225848924916,0.4188981868898187,0.5284235096710954,-0.10952532278127669,0.25184946928272756,0.17582581432929412,0.07602365495343344,0.2373753618526857,0.22350684467799575,0.013868517174689954,0.2857510453522034,0.46982659611765487,-0.18407555076545146,,,,,,,,16,,-0.02933721987099136,0.17289260676668805,2749.866862170088,True,21.0,,26.420166386710417,16.0,,,2.5504663054754095,3.6140622889945733,20.0,-0.34855622014826027,0.2,3.609886134963884,3.7986620481267366,18.0,-0.050972681848867545,0.4444444444444444,-0.1997644509985639,below_loss_making,industry,"INDHOTEL,EIHOTEL,CHALET,LEMONTREE,MHRIL,ITDC,UFBL,ORIENTHOT",2023.0
ZAGGLE,Zaggle Prepaid Ocean Services Limited,EQ,2023-09-14,2023-09-18,2023-09-22,Rs.156 to Rs.164,164.0,mainboard,,,,,,,,,,,,,,,,,,,,,,,,,False,2539.0,,ZAGGLE,,,2023-09-22,EQ,,,,,pre_listing,2023-06-30,2023-10-12 16:36:05,3.0,inc,consolidated,473.916,8.256,non_financial,10.355782312925172,2023-12-31,8.600000000000001,531.18,2023-09-30,2023-11-10 00:06:06,10.355782312925172,xbrl_post_quarter,2023-09-22,,0.25323650142090304,-0.01534666007667096,0.268583161497574,0.40037890748342275,0.14906819399507398,0.25131071348834877,0.7546574044837389,0.17688323662930028,0.5777741678544386,1.7944426902431325,0.5284235096710954,1.266019180572037,-0.0824654622741764,0.17582581432929412,-0.2582912766034705,0.19829968119022312,0.22350684467799575,-0.025207163487772632,0.8928799149840596,0.46982659611765487,0.42305331886640474,,,,,,,,16,,-0.02933721987099136,0.17289260676668805,1698.348299319728,False,0.0,205.7107920687655,,0.0,,,3.1973122092694157,,0.0,,,3.5836483666297996,,0.0,,,,insufficient_data,sector,,2023.0
CELLECOR,Cellecor Gadgets Limited,SME,2023-09-15,2023-09-20,2023-09-28,Rs.87 to Rs.92,92.0,sme,,,,,,,,,,,,,,,,,,,,,,,,,False,2943.0,,CELLECOR,Consumer Durables,Consumer & FMCG,2023-09-28,SM,,,,,,,,,,,,,,,,,,,,,,,,,,,,,,,,,,,,,,,,,,,,,,,,,,,,15,,-0.017453383570035674,0.18355889530901814,,,,,,,,,,,,,,,,,,,,,,,2023.0
HOLMARC,Holmarc Opto-Mechatronics Limited,SME,2023-09-15,2023-09-20,2023-09-25,Rs.40,40.0,sme,,,,,,,,,,,,,,,,,,,,,,,,,False,2949.0,,HOLMARC,Medical Devices,Healthcare & Pharmaceuticals,2023-09-25,SM,,,,,,,,,,,,,,,,,,,,,,,,,,,,,,,,,,,,,,,,,,,,,,,,,,,,15,,-0.017453383570035674,0.18355889530901814,,,,,,,,,,,,,,,,,,,,,,,2023.0
KODYTECH,Kody Technolab Limited,SME,2023-09-15,2023-09-20,2023-09-27,Rs.160,160.0,sme,,,,,,,,,,,,,,,,,,,,,,,,,False,2946.0,,KODYTECH,Software,Technology,2023-09-27,ST,,,,,,,,,,,,,,,,,,,,,,,,,,,,,,,,,,,,,,,,,,,,,,,,,,,,15,,-0.017453383570035674,0.18355889530901814,,,,,,,,,,,,,,,,,,,,,,,2023.0
YATRA,Yatra Online Limited,EQ,2023-09-15,2023-09-20,2023-09-28,Rs.135 to Rs.142,142.0,mainboard,,,,,,,,,,,,,,,,,,,,,,,,,False,2535.0,,YATRA,,,2023-09-28,EQ,,,,,pre_listing,2023-06-30,2023-10-17 12:52:05,3.0,inc,consolidated,440.704,23.972,non_financial,15.128571428571426,2023-12-31,11.525,741.369,2023-09-30,2023-11-15 14:34:16,15.128571428571426,xbrl_post_quarter,2023-09-28,,-0.058498896247240584,-0.010411308409291942,-0.04808758783794864,0.10117733627667391,0.16291434332626897,-0.06173700704959506,0.0901398086828551,0.2269953293142115,-0.13685552063135642,-0.05474613686534213,0.48323285529104343,-0.5379789921563856,0.23439172315376378,0.1532243527861341,0.08116737036762967,0.031751694612914605,0.2406317720621518,-0.2088800774492372,-0.1901534070638602,0.3984706405444487,-0.5886240476083089,,,,,,,,15,,-0.017453383570035674,0.18355889530901814,2148.2571428571428,False,0.0,89.61526542871444,,0.0,,,2.8976894675352525,,0.0,,,4.874603232231028,,0.0,,,,insufficient_data,sector,,2023.0
MADHUSUDAN,Madhusudan Masala Limited,SME,2023-09-18,2023-09-21,2023-09-26,Rs.66 to Rs.70,70.0,sme,,,,,,,,,,,,,,,,,,,,,,,,,False,2948.0,,MADHUSUDAN,Food & Beverages,Consumer & FMCG,2023-09-26,ST,,,,,,,,,,,,,,,,,,,,,,,,,,,,,,,,,,,,,,,,,,,,,,,,,,,,15,,-0.014886827279970816,0.1771801226782519,,,,,,,,,,,,,,,,,,,,,,,2023.0
MASTER,Master Components Limited,SME,2023-09-18,2023-09-21,2023-09-29,Rs.140,140.0,sme,,,,,,,,,,,,,,,,,,,,,,,,,False,2942.0,,MASTER,Manufacturing,Industrials & Infrastructure,2023-09-29,SM,,,,,,,,,,,,,,,,,,,,,,,,,,,,,,,,,,,,,,,,,,,,,,,,,,,,15,,-0.014886827279970816,0.1771801226782519,,,,,,,,,,,,,,,,,,,,,,,2023.0
KALAMANDIR,Sai Silks (Kalamandir) Limited,EQ,2023-09-20,2023-09-22,2023-09-27,Rs.210 to Rs.222,222.0,mainboard,,,,,,,,,,,,,,,,,,,,,,,,,False,1167.0,,KALAMANDIR,,Technology,2023-09-27,EQ,,,,,pre_listing,2023-06-30,2023-10-13 14:18:05,3.0,inc,standalone,1218.492,67.148,non_financial,14.34304932735426,2023-12-31,11.990714285714287,997.658,2023-09-30,2023-11-11 21:04:38,14.34304932735426,xbrl_post_quarter,2023-09-27,,-0.027766435279706014,-0.012684139492716517,-0.015082295786989497,0.12290730910575753,0.1520168684287173,-0.029109559322959777,-0.16884442629644747,0.21115892504789358,-0.38000335134434104,-0.29706002449979585,0.491510405342763,-0.7885704298425589,-0.01736727846852182,0.16890352903368333,-0.18627080750220515,-0.15354253009670416,0.2181653845381326,-0.37170791463483677,-0.3459640813104401,0.44104284250908865,-0.7870069238195287,,,,,,,,16,,-0.019723644750171077,0.167779632721202,3184.1569506726455,False,160.0,47.41998199012101,30.952121021631896,120.0,0.42660217347384877,0.6833333333333333,3.191631752236383,4.107545822977866,147.0,-0.2522934197042575,0.41496598639455784,2.613194793788261,2.7748420441942883,141.0,-0.06002029285930061,0.475177304964539,-0.06002029285930061,in_line,sector,"TCS,INFY,HCLTECH,WIPRO,LTM,TECHM,NAUKRI,PAYTM",2023.0
SIGNATURE,Signatureglobal (India) Limited,EQ,2023-09-20,2023-09-22,2023-09-27,Rs.366 to Rs.385,385.0,mainboard,,,,,,,,,,,,,,,,,,,,,,,,,False,2069.0,,SIGNATURE,Construction,Industrials & Infrastructure,2023-09-27,EQ,,,,,pre_listing,2023-06-30,2023-10-12 18:44:06,3.0,inc,consolidated,663.436,-28.884,non_financial,14.206666666666665,2023-12-31,12.450000000000001,588.412,2023-09-30,2023-11-11 22:57:58,14.206666666666665,xbrl_post_quarter,2023-09-27,,0.23225384363755297,-0.012684139492716517,0.2449379831302695,0.9133137062479555,0.1520168684287173,0.7612968378192382,1.8913967942427212,0.21115892504789358,1.6802378691948276,2.4446625231708645,0.491510405342763,1.9531521178281015,1.2606583382906997,0.17582581432929412,1.0848325239614056,1.5129883006147131,0.22350684467799575,1.2894814559367174,1.9536981955185402,0.46982659611765487,1.4838715994008853,,,,,,,,16,,-0.019723644750171077,0.167779632721202,5469.566666666666,True,57.0,,25.515897460523135,36.0,,,9.295470973852785,2.4217559546549605,52.0,1.3450344113367416,0.9038461538461539,8.244301886944129,2.6269491043938618,46.0,1.1436991448720504,0.8260869565217391,1.2443667781043959,well_above,industry,"DLF,LODHA,GODREJPROP,OBEROIRLTY,PRESTIGE,PHOENIXLTD,BRIGADE,NBCC",2023.0
HIGREEN,HI-Green Carbon Limited,SME,2023-09-21,2023-09-25,2023-09-28,Rs.71 to Rs.75,75.0,sme,,,,,,,,,,,,,,,,,,,,,,,,,False,2944.0,,HIGREEN,Chemicals,"Metals, Mining & Chemicals",2023-09-28,SM,,,,,,,,,,,,,,,,,,,,,,,,,,,,,,,,,,,,,,,,,,,,,,,,,,,,17,,-0.025293192019251065,0.15646704481752804,,,,,,,,,,,,,,,,,,,,,,,2023.0
MAL,Mangalam Alloys Limited,SME,2023-09-21,2023-09-25,2023-10-04,Rs.80,80.0,sme,,,,,,,,,,,,,,,,,,,,,,,,,False,2940.0,,MAL,Metals & Mining,"Metals, Mining & Chemicals",2023-10-04,SM,,,,,,,,,,,,,,,,,,,,,,,,,,,,,,,,,,,,,,,,,,,,,,,,,,,,17,,-0.025293192019251065,0.15646704481752804,,,,,,,,,,,,,,,,,,,,,,,2023.0
MARCO,Marco Cables and Conductors Limited,SME,2023-09-21,2023-09-25,2023-09-28,Rs.36,,sme,,,,,,,,,,,,,,,,,,,,,,,,,False,2945.0,,MARCO,Building Materials,Real Estate & Construction,2023-09-28,SM,,,,,,,,,,,,,,,,,,,,,,,,,,,,,,,,,,,,,,,,,,,,,,,,,,,,17,,-0.025293192019251065,0.15646704481752804,,,,,,,,,,,,,,,,,,,,,,,2023.0
MVGJL,Manoj Vaibhav Gems N Jewellers Limited,EQ,2023-09-22,2023-09-26,2023-10-03,Rs.204 to Rs.215,215.0,mainboard,,,,,,,,,,,,,,,,,,,,,,,,,False,1503.0,,MVGJL,Retail,Consumer & FMCG,2023-10-03,EQ,,,,,pre_listing,2023-09-30,2023-11-15 12:54:06,6.0,ytd,standalone,2256.236,82.804,non_financial,4.885567010309279,2023-12-31,4.881497797356828,617.782,2024-03-31,2024-05-31 12:18:04,4.885567010309279,xbrl_post_quarter,2023-10-03,,0.21252900232018557,-0.014433760293144027,0.2269627626133296,0.5013921113689095,0.1489321942321833,0.3524599171367262,0.2037122969837586,0.23166327455018898,-0.02795097756643039,0.24617169373549896,0.4529511413354781,-0.20677944759997913,-0.1387309878629589,0.16739408606099482,-0.3061250739239537,-0.26931940390228903,0.2252384247536503,-0.49455782865593934,-0.3277001075434014,0.3075998252647123,-0.6352999328081137,,,,,,,,18,,-0.03610395954370538,0.14288562788114145,1050.396907216495,False,25.0,12.68534016734089,57.03609281107007,13.0,-1.503237265460492,0.07692307692307693,1.700271142921767,4.87413440285878,21.0,-1.0531547961161158,0.19047619047619047,0.46555276452307964,1.8720890481380188,21.0,-1.3915847838518214,0.0,-1.3915847838518214,below,industry,"DMART,ETERNAL,NYKAA,POLICYBZR,METROBRAND,ABFRL,INDIAMART,SHOPERSTOP",2023.0
ARABIAN,Arabian Petroleum Limited,SME,2023-09-25,2023-09-27,2023-10-09,Rs.70,70.0,sme,,,,,,,,,,,,,,,,,,,,,,,,,False,2935.0,,ARABIAN,,Energy,2023-10-09,SM,,,,,,,,,,,,,,,,,,,,,,,,,,,,,,,,,,,,,,,,,,,,,,,,,,,,20,,-0.03596381996468467,0.15151442687085392,,,,,,,,,,,,,,,,,,,,,,,2023.0
DIGIKORE,Digikore Studios Limited,SME,2023-09-25,2023-09-27,2023-10-04,Rs.168 to Rs.171,171.0,sme,,,,,,,,,,,,,,,,,,,,,,,,,False,2939.0,,DIGIKORE,Media & Entertainment,Services & Others,2023-10-04,SM,,,,,,,,,,,,,,,,,,,,,,,,,,,,,,,,,,,,,,,,,,,,,,,,,,,,20,,-0.03596381996468467,0.15151442687085392,,,,,,,,,,,,,,,,,,,,,,,2023.0
INSPIRE,Inspire Films Limited,SME,2023-09-25,2023-09-27,2023-10-05,Rs.56 to Rs.59,59.0,sme,,,,,,,,,,,,,,,,,,,,,,,,,False,2938.0,,INSPIRE,Media & Entertainment,Services & Others,2023-10-05,SM,,,,,,,,,,,,,,,,,,,,,,,,,,,,,,,,,,,,,,,,,,,,,,,,,,,,20,,-0.03596381996468467,0.15151442687085392,,,,,,,,,,,,,,,,,,,,,,,2023.0
JSWINFRA,JSW Infrastructure Limited,EQ,2023-09-25,2023-09-27,2023-10-03,Rs.113 to Rs.119,119.0,mainboard,,,,,,,,,,,,,,,,,,,,,,,,,False,1149.0,,JSWINFRA,Logistics,Services & Others,2023-10-03,EQ,,,,,pre_listing,2023-09-30,2023-11-03 20:57:35,6.0,ytd,consolidated,3452.82,1156.12,non_financial,208.88333333333333,2023-12-31,181.468085106383,8026.36,2024-03-31,2024-05-03 15:29:56,208.88333333333333,xbrl_post_quarter,2023-10-03,,0.09186268277177367,-0.014433760293144027,0.1062964430649177,0.3582326764144945,0.1489321942321833,0.20930048218231123,0.5991735537190082,0.23166327455018898,0.3675102791688192,1.0511760966306416,0.4529511413354781,0.5982249552951635,0.16463090812533188,0.23624978299224408,-0.07161887486691221,0.30350504514073284,0.21967644648285933,0.08382859865787351,0.6171003717472119,0.4239140528166596,0.19318631893055227,,,,,,,,20,,-0.03596381996468467,0.15151442687085392,24857.116666666665,False,35.0,21.500464196334867,24.9599562049341,24.0,-0.1491982634619275,0.4583333333333333,3.0969351819089432,2.312977825796785,29.0,0.29187717502470617,0.6206896551724138,7.199076889807944,1.7266138962410154,28.0,1.4277906029398646,0.9642857142857143,0.29187717502470617,above,industry,"ADANIPORTS,CONCOR,DELHIVERY,BLUEDART,VRLLOG,AEGISLOG,GESHIP,TVSSCS",2023.0
NEWJAISA,Newjaisa Technologies Limited,SME,2023-09-25,2023-09-27,2023-10-05,Rs.44 to Rs.47,47.0,sme,,,,,,,,,,,,,,,,,,,,,,,,,False,2937.0,,NEWJAISA,,Technology,2023-10-05,ST,,,,,,,,,,,,,,,,,,,,,,,,,,,,,,,,,,,,,,,,,,,,,,,,,,,,20,,-0.03596381996468467,0.15151442687085392,,,,,,,,,,,,,,,,,,,,,,,2023.0
SAAKSHI,Saakshi Medtech and Panels Limited,SME,2023-09-25,2023-09-27,2023-10-03,Rs.92 to Rs.97,97.0,sme,,,,,,,,,,,,,,,,,,,,,,,,,False,2941.0,,SAAKSHI,Capital Goods,Industrials & Infrastructure,2023-10-03,ST,,,,,,,,,,,,,,,,,,,,,,,,,,,,,,,,,,,,,,,,,,,,,,,,,,,,20,,-0.03596381996468467,0.15151442687085392,,,,,,,,,,,,,,,,,,,,,,,2023.0
UDS,Updater Services Limited,EQ,2023-09-25,2023-09-27,2023-10-04,Rs.280 to Rs.300,300.0,mainboard,,,,,,,,,,,,,,,,,,,,,,,,,False,2362.0,,UDS,Other Services,Services & Others,2023-10-04,EQ,,,,,pre_listing,2023-09-30,2023-11-10 14:00:07,6.0,ytd,consolidated,2353.088,45.686,non_financial,6.67628205128205,2023-12-31,5.342473118279569,840.1348,2024-03-31,2024-05-21 00:20:43,6.67628205128205,xbrl_post_quarter,2023-10-04,,-0.07731595632264876,0.006976916186609783,-0.08429287250925854,0.08453680873547031,0.1740202322351605,-0.08948342349969018,0.14952448045086308,0.25306729560265273,-0.10354281515178965,0.3569918985558296,0.48774725319878054,-0.13075535464295096,0.26103336921420883,0.15233953799535627,0.10869383121885257,0.17402224614280581,0.24299712722836575,-0.06897488108555994,0.3984571223537854,0.31386800991696506,0.08458911243682032,,,,,,,,20,,-0.03596381996468467,0.15151442687085392,2002.884615384615,False,45.0,43.84022710205785,23.808624945549578,31.0,0.6105039151747972,0.7419354838709677,2.3840038710271436,2.232425648148133,38.0,0.06569264404181334,0.5,0.8511728483527241,2.312018269720691,33.0,-0.9992609118926037,0.3939393939393939,0.06569264404181334,in_line,industry,"ADANIENT,CRISIL,BSE,BLS,MMTC,RTNINDIA,QUESS,SIS",2023.0
GOYALSALT,Goyal Salt Limited,SME,2023-09-26,2023-10-03,2023-10-11,Rs.36 to Rs.38,38.0,sme,,,,,,,,,,,,,,,,,,,,,,,,,False,2929.0,,GOYALSALT,Food & Beverages,Consumer & FMCG,2023-10-11,SM,,,,,,,,,,,,,,,,,,,,,,,,,,,,,,,,,,,,,,,,,,,,,,,,,,,,20,,-0.03512298249056045,0.1646842753920883,,,,,,,,,,,,,,,,,,,,,,,2023.0
CANARYS,Canarys Automations Limited,SME,2023-09-27,2023-10-03,2023-10-11,Rs.29 to Rs.31,31.0,sme,,,,,,,,,,,,,,,,,,,,,,,,,False,2931.0,,CANARYS,Software,Technology,2023-10-11,SM,,,,,,,,,,,,,,,,,,,,,,,,,,,,,,,,,,,,,,,,,,,,,,,,,,,,20,,-0.030974850951547728,0.16176865915244165,,,,,,,,,,,,,,,,,,,,,,,2023.0
EFACTOR,E Factor Experiences Limited,SME,2023-09-27,2023-10-03,2023-10-09,Rs.71 to Rs.75,75.0,sme,,,,,,,,,,,,,,,,,,,,,,,,,False,2934.0,,EFACTOR,Media & Entertainment,Services & Others,2023-10-09,SM,,,,,,,,,,,,,,,,,,,,,,,,,,,,,,,,,,,,,,,,,,,,,,,,,,,,20,,-0.030974850951547728,0.16176865915244165,,,,,,,,,,,,,,,,,,,,,,,2023.0
KONTOR,Kontor Space Limited,SME,2023-09-27,2023-10-03,2023-10-10,Rs.93,93.0,sme,,,,,,,,,,,,,,,,,,,,,,,,,False,2932.0,,KONTOR,Real Estate,Real Estate & Construction,2023-10-10,SM,,,,,,,,,,,,,,,,,,,,,,,,,,,,,,,,,,,,,,,,,,,,,,,,,,,,20,,-0.030974850951547728,0.16176865915244165,,,,,,,,,,,,,,,,,,,,,,,2023.0
OLIL,Oneclick Logistics India Limited,SME,2023-09-27,2023-10-03,2023-10-11,Rs.99,99.0,sme,,,,,,,,,,,,,,,,,,,,,,,,,False,2930.0,,OLIL,Logistics,Services & Others,2023-10-11,SM,,,,,,,,,,,,,,,,,,,,,,,,,,,,,,,,,,,,,,,,,,,,,,,,,,,,20,,-0.030974850951547728,0.16176865915244165,,,,,,,,,,,,,,,,,,,,,,,2023.0
VALIANTLAB,Valiant Laboratories Limited,BE,2023-09-27,2023-10-03,2023-10-06,Rs.133 to Rs.140,140.0,mainboard,,,,,,,,,,,,,,,,,,,,,,,,,False,2409.0,,VALIANTLAB,Pharmaceuticals,Healthcare & Pharmaceuticals,2023-10-06,EQ,,,,,pre_listing,2023-09-30,2023-11-09 06:36:06,6.0,ytd,consolidated,221.909,10.124,non_financial,3.7554545454545454,2024-03-31,3.3058333333333336,236.8612,2024-03-31,2024-05-15 15:02:32,3.7554545454545454,xbrl_post_quarter,2023-10-06,,0.08370044052863435,0.01130980169281659,0.07239063883581776,-0.006167400881057383,0.1608744189822804,-0.16704181986333777,-0.011453744493391982,0.241674954837924,-0.253128699331316,-0.32558002936857566,0.4787180059674834,-0.804298035336059,-0.034332425068119954,0.16274741871595322,-0.19707984378407317,-0.22506811989100828,0.238996417484588,-0.4640645373755963,-0.3945504087193461,0.33908368899462427,-0.7336340977139704,,,,,,,,20,,-0.030974850951547728,0.16176865915244165,525.7636363636364,False,61.0,51.9324018533817,30.27070095742731,44.0,0.5397626289351649,0.8409090909090909,2.2197119509807277,3.9018862406097647,55.0,-0.5640826519971324,0.3090909090909091,2.3692758579581557,3.4379395284640277,56.0,-0.37228795435156414,0.39285714285714285,-0.37228795435156414,below,industry,"DIVISLAB,CIPLA,DRREDDY,LUPIN,ALKEM,BIOCON,SYNGENE,IPCALAB",2023.0
VINYAS,Vinyas Innovative Technologies Limited,SME,2023-09-27,2023-10-03,2023-10-06,Rs.162 to Rs.165,165.0,sme,,,,,,,,,,,,,,,,,,,,,,,,,False,2936.0,,VINYAS,,Technology,2023-10-06,SM,,,,,,,,,,,,,,,,,,,,,,,,,,,,,,,,,,,,,,,,,,,,,,,,,,,,20,,-0.030974850951547728,0.16176865915244165,,,,,,,,,,,,,,,,,,,,,,,2023.0
KARNIKA,Karnika Industries Limited,SME,2023-09-29,2023-10-05,2023-10-12,Rs.76,76.0,sme,,,,,,,,,,,,,,,,,,,,,,,,,False,2927.0,,KARNIKA,Manufacturing,Industrials & Infrastructure,2023-10-12,SM,,,,,,,,,,,,,,,,,,,,,,,,,,,,,,,,,,,,,,,,,,,,,,,,,,,,23,,-0.027010902859247787,0.15790552066556773,,,,,,,,,,,,,,,,,,,,,,,2023.0
PLADAINFO,Plada Infotech Services Limited,SME,2023-09-29,2023-10-05,2023-10-13,Rs.48,48.0,sme,,,,,,,,,,,,,,,,,,,,,,,,,False,2926.0,,PLADAINFO,,Technology,2023-10-13,SM,,,,,,,,,,,,,,,,,,,,,,,,,,,,,,,,,,,,,,,,,,,,,,,,,,,,23,,-0.027010902859247787,0.15790552066556773,,,,,,,,,,,,,,,,,,,,,,,2023.0
PLAZACABLE,Plaza Wires Limited,BE,2023-09-29,2023-10-05,2023-10-12,Rs.51 to Rs.54,54.0,mainboard,,,,,,,,,,,,,,,,,,,,,,,,,False,1718.0,,PLAZACABLE,Building Materials,Real Estate & Construction,2023-10-12,EQ,,,,,pre_listing,2023-09-30,2023-11-15 18:02:06,6.0,ytd,standalone,192.382,5.09,non_financial,4.507142857142857,2024-03-31,3.0294117647058822,119.517,2024-03-31,2024-05-31 13:06:48,4.507142857142857,xbrl_post_quarter,2023-10-12,,0.4488778054862843,0.02255899301419695,0.42631881247208736,0.4413965087281795,0.17122863213469386,0.2701678765934856,0.16895261845386522,0.22200849885716134,-0.05305588040329612,0.06284289276807975,0.46833048965006574,-0.405487596881986,-0.11126248864668487,0.16739408606099482,-0.2786565747076797,-0.18664850136239786,0.2252384247536503,-0.41188692611604816,-0.3392370572207084,0.3075998252647123,-0.6468368824854207,,,,,,,,23,,-0.027010902859247787,0.15790552066556773,243.38571428571427,False,66.0,47.81644681448218,35.75828823558448,48.0,0.2905875749065791,0.7083333333333334,2.03641083934264,2.6490337899664524,62.0,-0.26300610012450115,0.3870967741935484,1.2651168731259383,1.2578471947864263,59.0,0.005762823617566243,0.5423728813559322,0.005762823617566243,in_line,industry,"ULTRACEMCO,AMBUJACEM,SHREECEM,POLYCAB,DALBHARAT,ACC,JKCEMENT,KEI",2023.0
SCML,Sharp Chucks and Machines Limited,SME,2023-09-29,2023-10-05,2023-10-12,Rs.58,58.0,sme,,,,,,,,,,,,,,,,,,,,,,,,,False,2928.0,,SCML,Auto Components,Automobile & Mobility,2023-10-12,SM,,,,,,,,,,,,,,,,,,,,,,,,,,,,,,,,,,,,,,,,,,,,,,,,,,,,23,,-0.027010902859247787,0.15790552066556773,,,,,,,,,,,,,,,,,,,,,,,2023.0
VISHNUINFR,Vishnusurya Projects and Infra Limited,SME,2023-09-29,2023-10-05,2023-10-10,Rs.68,68.0,sme,,,,,,,,,,,,,,,,,,,,,,,,,False,2933.0,,VISHNUINFR,Construction,Industrials & Infrastructure,2023-10-10,SM,,,,,,,,,,,,,,,,,,,,,,,,,,,,,,,,,,,,,,,,,,,,,,,,,,,,23,,-0.027010902859247787,0.15790552066556773,,,,,,,,,,,,,,,,,,,,,,,2023.0
COMMITTED,Committed Cargo Care Limited,SME,2023-10-06,2023-10-10,2023-10-18,Rs.77,77.0,sme,,,,,,,,,,,,,,,,,,,,,,,,,False,2925.0,,COMMITTED,Logistics,Services & Others,2023-10-18,SM,,,,,,,,,,,,,,,,,,,,,,,,,,,,,,,,,,,,,,,,,,,,,,,,,,,,24,,-0.01993986010066029,0.14177294311916322,,,,,,,,,,,,,,,,,,,,,,,2023.0
ACSAL,Arvind and Company Shipping Agencies Limited,SME,2023-10-12,2023-10-16,2023-10-25,Rs.45,45.0,sme,,,,,,,,,,,,,,,,,,,,,,,,,False,,,,,,,,,,,,,,,,,,,,,,,,,,,,,,,,,,,,,,,,,,,,,,,,,,,,,,,,,,,24,,-0.012068019747668579,0.13767123603483955,,,,,,,,,,,,,,,,,,,,,,,2023.0
WOMANCART,Womancart Limited,SME,2023-10-16,2023-10-18,2023-10-27,Rs.86,86.0,sme,,,,,,,,,,,,,,,,,,,,,,,,,False,2923.0,,WOMANCART,Retail,Consumer & FMCG,2023-10-27,SM,,,,,,,,,,,,,,,,,,,,,,,,,,,,,,,,,,,,,,,,,,,,,,,,,,,,24,,-0.006414388731176168,0.14667732559482838,,,,,,,,,,,,,,,,,,,,,,,2023.0
RCDL,Rajgor Castor Derivatives Limited,SME,2023-10-17,2023-10-20,2023-10-31,Rs.47 to Rs.50,50.0,sme,,,,,,,,,,,,,,,,,,,,,,,,,False,2922.0,,RCDL,Chemicals,"Metals, Mining & Chemicals",2023-10-31,SM,,,,,,,,,,,,,,,,,,,,,,,,,,,,,,,,,,,,,,,,,,,,,,,,,,,,24,,-0.003267254185168378,0.13534678166004577,,,,,,,,,,,,,,,,,,,,,,,2023.0
IRMENERGY,IRM ENERGY LIMITED,EQ,2023-10-18,2023-10-20,2023-10-26,Rs.480 to Rs.505,505.0,mainboard,,,,,,,,,,,,,,,,,,,,,,,,,False,1082.0,,IRMENERGY,Oil & Gas,Energy,2023-10-26,EQ,,,,,pre_listing,2023-09-30,2023-11-11 22:28:15,6.0,ytd,consolidated,964.0322,105.85,non_financial,4.1,2024-03-31,3.0256744186046514,931.761,2024-03-31,2024-05-21 20:23:30,4.1,xbrl_post_quarter,2023-10-26,,-0.009510725985416912,0.10068533501735599,-0.1101960610027729,0.0740779879530804,0.23282318187019735,-0.15874519391711694,0.1330444890626652,0.3421377197034876,-0.20909323064082241,-0.16643770474479558,0.4820020089597914,-0.648439713704587,0.16584833606110205,0.15233953799535627,0.013508798065745786,0.23109656301145654,0.24299712722836575,-0.011900564216909215,-0.18123295144571738,0.31386800991696506,-0.49510096136268245,,,,,,,,24,,0.0,0.13408574609237123,2070.5,False,21.0,19.560699102503545,16.97795528405674,16.0,0.14160665085043633,0.625,2.2221363632948794,2.078357956766512,19.0,0.06689092087798776,0.5789473684210527,2.147749836571849,1.0828367795273979,19.0,0.6848364612069335,0.7368421052631579,0.14160665085043633,in_line,industry,"RELIANCE,GAIL,LINDEINDIA,PETRONET,GUJENERGY,MRPL,CASTROLIND,RAIN",2023.0
ONDOOR,On Door Concepts Limited,SME,2023-10-23,2023-10-27,2023-11-01,Rs.208,208.0,sme,,,,,,,,,,,,,,,,,,,,,,,,,False,2921.0,,ONDOOR,Retail,Consumer & FMCG,2023-11-01,SM,,,,,,,,,,,,,,,,,,,,,,,,,,,,,,,,,,,,,,,,,,,,,,,,,,,,23,,-0.010382749154057347,0.11924146147736292,,,,,,,,,,,,,,,,,,,,,,,2023.0
BLUEJET,Blue Jet Healthcare Limited,EQ,2023-10-25,2023-10-27,2023-11-01,Rs.329 to Rs.346,346.0,mainboard,,,,,,,,,,,,,,,,,,,,,,,,,False,377.0,,BLUEJET,,Healthcare & Pharmaceuticals,2023-11-01,EQ,,,,,pre_listing,2023-09-30,2023-11-11 13:14:05,6.0,ytd,standalone,721.7854,183.9862,non_financial,17.24585152838428,2024-03-31,17.344347826086956,845.223,2024-03-31,2024-05-26 13:19:40,17.24585152838428,xbrl_post_quarter,2023-11-01,,-0.1607402031930334,0.11050372901129113,-0.2712439322043245,-0.15953072085147557,0.256964293154452,-0.4164950140059276,-0.0797048863086599,0.27821757426773885,-0.35792246057639876,0.21806966618287382,0.4744927294696055,-0.2564230632867317,-0.16548551535496692,0.15233953799535627,-0.3178250533503232,-0.09847071988064149,0.24299712722836575,-0.34146784710900724,0.35882133532264104,0.31386800991696506,0.04495332540567598,,,,,,,,23,,-0.04788354721317756,0.07379022640643362,5967.06462882096,False,122.0,32.4321314795401,34.94096773154008,92.0,-0.07451035756745504,0.4673913043478261,7.059751839243561,3.4059928337104375,113.0,0.7288734224195449,0.8053097345132744,8.267089676267988,3.183830540756902,112.0,0.954197489268249,0.8928571428571429,0.7288734224195449,well_above,sector,"SUNPHARMA,CIPLA,DIVISLAB,DRREDDY,APOLLOHOSP,MANKIND,TORNTPHARM,MAXHEALTH",2023.0
PARAGON,Paragon Fine and Speciality Chemical Limited,SME,2023-10-26,2023-10-30,2023-11-03,Rs.95 to Rs.100,100.0,sme,,,,,,,,,,,,,,,,,,,,,,,,,False,2919.0,,PARAGON,Chemicals,"Metals, Mining & Chemicals",2023-11-03,SM,,,,,,,,,,,,,,,,,,,,,,,,,,,,,,,,,,,,,,,,,,,,,,,,,,,,22,,-0.054004660665261994,0.06436739293426785,,,,,,,,,,,,,,,,,,,,,,,2023.0
MAITREYA,Maitreya Medicare Limited,SME,2023-10-27,2023-11-01,2023-11-07,Rs.78 to Rs.82,82.0,sme,,,,,,,,,,,,,,,,,,,,,,,,,False,2917.0,,MAITREYA,Hospitals,Healthcare & Pharmaceuticals,2023-11-07,SM,,,,,,,,,,,,,,,,,,,,,,,,,,,,,,,,,,,,,,,,,,,,,,,,,,,,23,,-0.058517684990104124,0.058814290265979174,,,,,,,,,,,,,,,,,,,,,,,2023.0
SHANTHALA,Shanthala FMCG Products Limited,SME,2023-10-27,2023-10-31,2023-11-03,Rs.91,91.0,sme,,,,,,,,,,,,,,,,,,,,,,,,,False,2920.0,,SHANTHALA,FMCG,Consumer & FMCG,2023-11-03,SM,,,,,,,,,,,,,,,,,,,,,,,,,,,,,,,,,,,,,,,,,,,,,,,,,,,,23,,-0.058517684990104124,0.058814290265979174,,,,,,,,,,,,,,,,,,,,,,,2023.0
CELLO,Cello World Limited,EQ,2023-10-30,2023-11-01,2023-11-06,Rs.617 to Rs.648,648.0,mainboard,,,,,,,,,,,,,,,,,,,,,,,,,False,443.0,,CELLO,FMCG,Consumer & FMCG,2023-11-06,EQ,,,,,pre_listing,2023-09-30,2023-11-25 23:22:05,6.0,ytd,consolidated,1921.4758,314.8394,non_financial,21.23866028708134,2024-03-31,21.216259946949602,1149.2176,2024-03-31,2024-05-24 16:21:12,21.23866028708134,xbrl_post_quarter,2023-11-06,,0.02298850574712641,0.09375138784029846,-0.07076288209317205,0.09719590754073493,0.23624978299224408,-0.13905387545150916,0.10167992926613612,0.21967644648285933,-0.11799651721672322,0.08778577744094984,0.4239140528166596,-0.3361282753757098,0.06726785279064096,0.1665949484781657,-0.09932709568752474,0.03186692663904456,0.20076610393502325,-0.1688991772959787,-0.004082378747258142,0.38371279939142,-0.38779517813867814,,,,,,,,23,,-0.04034188852710208,0.07569272056356935,13762.65186602871,False,28.0,43.713245121254545,41.71821252059988,26.0,0.04671336364771173,0.5,11.975670983483642,5.863722458333091,27.0,0.7140925400388691,0.8148148148148148,7.162542388526939,3.5013991904218766,28.0,0.7157023428411711,0.75,0.7140925400388691,well_above,industry,"HINDUNILVR,ITC,GODREJCP,DABUR,COLPAL,PGHH,AWL,EMAMILTD",2023.0
TRANSTEEL,Transteel Seating Technologies Limited,SME,2023-10-30,2023-11-01,2023-11-06,Rs.67 to Rs.70,70.0,sme,,,,,,,,,,,,,,,,,,,,,,,,,False,2918.0,,TRANSTEEL,,Technology,2023-11-06,SM,,,,,,,,,,,,,,,,,,,,,,,,,,,,,,,,,,,,,,,,,,,,,,,,,,,,23,,-0.04034188852710208,0.07569272056356935,,,,,,,,,,,,,,,,,,,,,,,2023.0
HONASA,Honasa Consumer Limited,EQ,2023-10-31,2023-11-02,2023-11-07,Rs.308 to Rs.324,324.0,mainboard,,,,,,,,,,,,,,,,,,,,,,,,,False,968.0,,HONASA,FMCG,Consumer & FMCG,2023-11-07,EQ,,,,,pre_listing,2023-09-30,2023-11-22 18:46:05,6.0,ytd,consolidated,1921.19,110.8,non_financial,31.416907216494845,2024-03-31,30.664583333333333,1095.2714,2024-03-31,2024-05-23 22:28:20,31.416907216494845,xbrl_post_quarter,2023-11-07,,0.15781667161079804,0.09073101023197583,0.06708566137882221,0.2724710768318006,0.23558030033598154,0.036890776495819066,0.262236725007416,0.20830841237792086,0.053928312629495156,0.12830020765351535,0.39883028729011216,-0.2705300796365968,0.04979351032448376,0.17026939455656365,-0.12047588423207989,0.00967551622418883,0.21784546071715116,-0.20816994449296233,-0.3771091445427729,0.3667569277294329,-0.7438660722722058,,,,,,,,23,,-0.0396276256145055,0.07504600761135638,10179.07793814433,False,28.0,91.86893445978637,41.827247443614695,26.0,0.786814955983236,0.9230769230769231,9.293658118110569,5.885337807423171,27.0,0.45686810426416674,0.6666666666666666,5.298319238672036,3.5285872385407933,28.0,0.4064920703578188,0.6785714285714286,0.45686810426416674,above,industry,"HINDUNILVR,ITC,GODREJCP,DABUR,COLPAL,PGHH,AWL,EMAMILTD",2023.0
SARTELE,SAR Televenture Limited,SME,2023-11-01,2023-11-03,2023-11-08,Rs.52 to Rs.57,55.0,sme,,,,,,,,,,,,,,,,,,,,,,,,,False,2916.0,,SARTELE,Telecom,Services & Others,2023-11-08,SM,,,,,,,,,,,,,,,,,,,,,,,,,,,,,,,,,,,,,,,,,,,,,,,,,,,,23,,-0.04043366532592729,0.06981430897491792,,,,,,,,,,,,,,,,,,,,,,,2023.0
BABAFP,Baba Food Processing (India) Limited,SME,2023-11-03,2023-11-07,2023-11-15,Rs.72 to Rs.76,76.0,sme,,,,,,,,,,,,,,,,,,,,,,,,,False,2914.0,,BABAFP,Food & Beverages,Consumer & FMCG,2023-11-15,SM,,,,,,,,,,,,,,,,,,,,,,,,,,,,,,,,,,,,,,,,,,,,,,,,,,,,24,,-0.03193034539998729,0.06615162181997158,,,,,,,,,,,,,,,,,,,,,,,2023.0
MICROPRO,Micropro Software Solutions Limited,SME,2023-11-03,2023-11-07,2023-11-10,Rs.81,81.0,sme,,,,,,,,,,,,,,,,,,,,,,,,,False,2915.0,,MICROPRO,,Technology,2023-11-10,SM,,,,,,,,,,,,,,,,,,,,,,,,,,,,,,,,,,,,,,,,,,,,,,,,,,,,24,,-0.03193034539998729,0.06615162181997158,,,,,,,,,,,,,,,,,,,,,,,2023.0
PROTEAN,Protean eGov Technologies Limited,EQ,2023-11-06,2023-11-08,2025-02-06,Rs.752 to Rs.792,1381.0,mainboard,,,,,,,,,,,,,,,,,,,,,,,,,False,1771.0,,PROTEAN,,Technology,2025-02-06,EQ,,,,,post_listing,2025-03-31,2025-05-21 23:13:28,12.0,ytd,consolidated,840.7,92.46,non_financial,4.056122448979592,2025-06-30,,998.78,2025-03-31,2025-05-21 23:13:28,4.056122448979592,xbrl_post_quarter,2025-02-06,,-0.08644621351296178,-0.11016451690048545,0.023718303387523676,-0.0623256446893925,0.003764290794569858,-0.06608993548396236,-0.5102742056201945,0.032459243476937516,-0.5427334490971321,-0.5688916105327617,-0.006854612032686003,-0.5620369985000757,-0.12737775121999795,0.03821080586136305,-0.165588557081361,-0.17886664674833186,0.017479443553808816,-0.19634609030214067,-0.38218304949706206,0.033805961749647784,-0.41598901124670984,,,,,,,,23,,-0.022090276447679136,0.09094470312764313,5601.505102040817,False,161.0,60.58300997232119,28.139647356737484,119.0,0.7668349704088228,0.7815126050420168,5.608347285729407,3.9956141541557586,148.0,0.33905877655160493,0.6418918918918919,6.662906033116233,2.7894420140187677,139.0,0.8707141498355956,0.7913669064748201,0.7668349704088228,well_above,sector,"TCS,INFY,HCLTECH,WIPRO,LTM,TECHM,NAUKRI,PAYTM",2025.0
ASKAUTOLTD,ASK Automotive Limited,EQ,2023-11-07,2023-11-09,2023-11-15,Rs.268 to Rs.282,282.0,mainboard,,,,,,,,,,,,,,,,,,,,,,,,,False,220.0,,ASKAUTOLTD,Auto Components,Automobile & Mobility,2023-11-15,EQ,,,,,pre_listing,2023-09-30,2023-12-02 15:42:06,6.0,ytd,consolidated,2900.7484,152.1396,non_financial,19.735082644628097,2024-03-31,19.73263157894737,816.7343,2024-03-31,2024-05-18 18:58:26,19.735082644628097,xbrl_post_quarter,2023-11-15,,-0.07400838439213175,0.07318294766268063,-0.14719133205481238,-0.02273460174137376,0.16493632551638449,-0.18767092725775825,0.01838116736536599,0.2321594968162759,-0.2137783294509099,0.417607223476298,0.30050085416990213,0.11710636930639584,0.021588946459412783,0.12447874387002789,-0.1028897974106151,0.08255613126079431,0.16730978089635662,-0.08475364963556231,0.6604490500863558,0.3638061983608929,0.2966428517254629,,,,,,,,24,,-0.011655653450807546,0.101075794621027,5565.293305785123,False,90.0,36.5801757450731,28.564894721743748,72.0,0.24732794075307665,0.6388888888888888,6.814080547107086,3.6073443687698754,83.0,0.6360192702795652,0.7951807228915663,1.9185715333963895,1.3471389355297365,80.0,0.35359787959058253,0.6875,0.35359787959058253,above,industry,"MOTHERSON,TIINDIA,BOSCHLTD,BHARATFORG,BALKRISIND,MRF,SCHAEFFLER,UNOMINDA",2023.0
ROXHITECH,ROX Hi-Tech Limited,SME,2023-11-07,2023-11-09,2023-11-16,Rs.80 to Rs.83,83.0,sme,,,,,,,,,,,,,,,,,,,,,,,,,False,2913.0,,ROXHITECH,IT Services,Technology,2023-11-16,SM,,,,,,,,,,,,,,,,,,,,,,,,,,,,,,,,,,,,,,,,,,,,,,,,,,,,24,,-0.011655653450807546,0.101075794621027,,,,,,,,,,,,,,,,,,,,,,,2023.0
SUNREST,Sunrest Lifescience Limited,SME,2023-11-07,2023-11-09,2023-11-20,Rs.84,84.0,sme,,,,,,,,,,,,,,,,,,,,,,,,,False,2912.0,,SUNREST,Pharmaceuticals,Healthcare & Pharmaceuticals,2023-11-20,SM,,,,,,,,,,,,,,,,,,,,,,,,,,,,,,,,,,,,,,,,,,,,,,,,,,,,24,,-0.011655653450807546,0.101075794621027,,,,,,,,,,,,,,,,,,,,,,,2023.0
FEDFINA,Fedbank Financial Services Limited,EQ,2023-11-22,2023-11-24,2023-11-30,Rs.133 to Rs.140,140.0,mainboard,,,,,,,,,,,,,,,,,,,,,,,,,False,728.0,,FEDFINA,,Financial Services,2023-11-30,EQ,,,,,,,,,,,,,,,,,,,,,,2023-11-30,,-0.021746880570410076,0.06623151222457002,-0.0879783927949801,-0.14723707664884145,0.12926728041050395,-0.2765043570593454,-0.18573975044563273,0.11387715061877457,-0.2996169010644073,-0.16563279857397506,0.37567159674011474,-0.5413043953140898,,,,,,,,,,,,,,,,,23,,0.0,0.13766712004653336,,,,,,,,,,,,,,,,,,,,,,,2023.0
FLAIR,Flair Writing Industries Limited,EQ,2023-11-22,2023-11-24,2023-12-01,Rs.288 to Rs.304,304.0,mainboard,,,,,,,,,,,,,,,,,,,,,,,,,False,744.0,,FLAIR,Manufacturing,Industrials & Infrastructure,2023-12-01,EQ,,,,,pre_listing,2023-09-30,2023-12-20 20:46:05,6.0,ytd,consolidated,1007.406,130.938,non_financial,9.752272727272729,2024-03-31,9.327450980392157,898.937,2024-03-31,2024-05-28 17:45:37,9.752272727272729,xbrl_post_quarter,2023-12-01,,-0.238855622089155,0.059853976258010366,-0.2987095983471654,-0.37946329563096026,0.13017198685336084,-0.5096352824843211,-0.365158571745398,0.14432788558221898,-0.509486457327617,-0.3470836105566645,0.37536580973391565,-0.7224494202905801,-0.25689384197742526,0.028917780626258827,-0.2858116226036841,-0.1508786969567082,0.25220289324299583,-0.403081590199704,-0.13430490070010004,0.2975791979490936,-0.43188409864919364,,,,,,,,23,,0.0,0.13766712004653336,2964.6909090909094,False,214.0,22.641944348400845,22.53259072040595,150.0,0.004841393117782876,0.5,3.297996310187376,1.7131705450713905,196.0,0.6549693316529474,0.7346938775510204,2.9428958226285227,1.0462031361169835,191.0,1.0342265206889658,0.837696335078534,0.6549693316529474,well_above,industry,"SUPREMEIND,ASTRAL,PAGEIND,3MINDIA,MANYAVAR,KPRMILL,TRIDENT,WELSPUNLIV",2023.0
GANDHAR,Gandhar Oil Refinery (India) Limited,EQ,2023-11-22,2023-11-24,2023-11-30,Rs.160 to Rs.169,169.0,mainboard,,,,,,,,,,,,,,,,,,,,,,,,,False,766.0,,GANDHAR,,Energy,2023-11-30,EQ,,,,,pre_listing,2023-09-30,2023-12-15 20:06:05,6.0,ytd,consolidated,4142.7162,168.1212,non_financial,8.624622641509433,2024-03-31,7.989329268292683,1172.2115,2024-03-31,2024-05-23 17:24:55,8.624622641509433,xbrl_post_quarter,2023-11-30,,-0.0875912408759123,0.06623151222457002,-0.15382275310048232,-0.23390842733908424,0.12926728041050395,-0.3631757077495882,-0.37076974120769735,0.11387715061877457,-0.4846468918264719,-0.22541473125414724,0.37567159674011474,-0.601086327994262,-0.24716786817713698,0.0003170519929238669,-0.24748492017006085,-0.2638860281496739,0.22832787499504592,-0.4922139031447198,-0.2595262615859939,0.26951220830315914,-0.529038469889153,,,,,,,,23,,0.0,0.13766712004653336,1457.561226415094,False,94.0,8.669705108071405,15.393743569853168,69.0,-0.57412638787097,0.18840579710144928,1.2434285335155766,2.0497269958219055,82.0,-0.4998341009446508,0.2804878048780488,0.35183709335799884,1.5712675190704137,83.0,-1.496469644097149,0.0963855421686747,-0.57412638787097,below,sector,"RELIANCE,NTPC,ONGC,ADANIGREEN,ADANIPOWER,POWERGRID,IOC,PFC",2023.0
ROCKPP,Rockingdeals Circular Economy Limited,SME,2023-11-22,2023-11-24,2025-11-28,Rs.136 to Rs.140,80.0,sme,,,,,,,,,,,,,,,,,,,,,,,,,False,,,,,,,,,,,,,,,,,,,,,,,,,,,,,,,,,,,,,,,,,,,,,,,,,,,,,,,,,,,23,,0.0,0.13766712004653336,,,,,,,,,,,,,,,,,,,,,,,2025.0
TATATECH,Tata Technologies Limited,EQ,2023-11-22,2023-11-24,2023-11-30,Rs.475 to Rs.500,500.0,mainboard,,,,,,,,,,,,,,,,,,,,,,,,,False,2252.0,,TATATECH,,Technology,2023-11-30,EQ,,,,,post_listing,2023-12-31,2024-01-25 17:40:16,9.0,ytd,consolidated,5088.2,696.1733333333333,non_financial,40.52577319587629,2024-03-31,,3220.82,2024-03-31,2024-05-03 16:33:22,40.52577319587629,xbrl_post_quarter,2023-11-30,,-0.10095201827875089,0.06623151222457002,-0.1671835305033209,-0.17486671744097482,0.12926728041050395,-0.30413399785147877,-0.22814166031987815,0.11387715061877457,-0.3420188109386527,-0.27319116527037324,0.37567159674011474,-0.648862762010488,-0.042508343579834795,0.07590841974847673,-0.11841676332831153,-0.12576848761637094,0.2100982671712972,-0.33586675478766814,-0.3082733181099595,0.0760883216510242,-0.3843616397609837,,,,,,,,23,,0.0,0.13766712004653336,20262.886597938144,False,162.0,29.106094168987816,30.7705917368797,117.0,-0.05561184625035077,0.4358974358974359,6.291219812947679,4.468059657418971,151.0,0.3422007475663913,0.6490066225165563,3.9823290354031182,2.903058261246235,140.0,0.31610207875251073,0.6285714285714286,0.31610207875251073,above,sector,"TCS,INFY,HCLTECH,WIPRO,LTM,TECHM,NAUKRI,TATAELXSI",2023.0
CBAZAAR,Net Avenue Technologies Limited,SME,2023-11-30,2023-12-04,2023-12-08,Rs.16 to Rs.18,18.0,sme,,,,,,,,,,,,,,,,,,,,,,,,,False,2910.0,,CBAZAAR,,Technology,2023-12-08,ST,,,,,,,,,,,,,,,,,,,,,,,,,,,,,,,,,,,,,,,,,,,,,,,,,,,,21,,0.0,0.12769946591212067,,,,,,,,,,,,,,,,,,,,,,,2023.0
GRAPHISAD,Graphisads Limited,SME,2023-11-30,2023-12-05,2023-12-13,Rs.111,111.0,sme,,,,,,,,,,,,,,,,,,,,,,,,,False,2907.0,,GRAPHISAD,Media & Entertainment,Services & Others,2023-12-13,SM,,,,,,,,,,,,,,,,,,,,,,,,,,,,,,,,,,,,,,,,,,,,,,,,,,,,21,,0.0,0.12769946591212067,,,,,,,,,,,,,,,,,,,,,,,2023.0
MARINETRAN,Marinetrans India Limited,SME,2023-11-30,2023-12-05,2023-12-08,Rs.26,26.0,sme,,,,,,,,,,,,,,,,,,,,,,,,,False,2909.0,,MARINETRAN,Logistics,Services & Others,2023-12-08,ST,,,,,,,,,,,,,,,,,,,,,,,,,,,,,,,,,,,,,,,,,,,,,,,,,,,,21,,0.0,0.12769946591212067,,,,,,,,,,,,,,,,,,,,,,,2023.0
SHEETAL,Sheetal Universal Limited,SME,2023-12-04,2023-12-06,2023-12-11,Rs.70,70.0,sme,,,,,,,,,,,,,,,,,,,,,,,,,False,2908.0,,SHEETAL,Food & Beverages,Consumer & FMCG,2023-12-11,SM,,,,,,,,,,,,,,,,,,,,,,,,,,,,,,,,,,,,,,,,,,,,,,,,,,,,25,,0.0,0.12861728165042052,,,,,,,,,,,,,,,,,,,,,,,2023.0
ACCENTMIC,Accent Microcell Limited,SME,2023-12-08,2023-12-12,2023-12-15,Rs.133 to Rs.140,140.0,sme,,,,,,,,,,,,,,,,,,,,,,,,,False,2906.0,,ACCENTMIC,Pharmaceuticals,Healthcare & Pharmaceuticals,2023-12-15,SM,,,,,,,,,,,,,,,,,,,,,,,,,,,,,,,,,,,,,,,,,,,,,,,,,,,,24,,0.0,0.11214161465261441,,,,,,,,,,,,,,,,,,,,,,,2023.0
PRESSTONIC,Presstonic Engineering Limited,SME,2023-12-11,2023-12-13,2023-12-18,Rs.72,72.0,sme,,,,,,,,,,,,,,,,,,,,,,,,,False,2905.0,,PRESSTONIC,Engineering,Industrials & Infrastructure,2023-12-18,SM,,,,,,,,,,,,,,,,,,,,,,,,,,,,,,,,,,,,,,,,,,,,,,,,,,,,22,,-0.008493912941072712,0.10205918205394626,,,,,,,,,,,,,,,,,,,,,,,2023.0
SJLOGISTIC,S J Logistics (India) Limited,SME,2023-12-12,2023-12-14,2023-12-19,Rs.121 to Rs.125,125.0,sme,,,,,,,,,,,,,,,,,,,,,,,,,False,2904.0,,SJLOGISTIC,Logistics,Services & Others,2023-12-19,SM,,,,,,,,,,,,,,,,,,,,,,,,,,,,,,,,,,,,,,,,,,,,,,,,,,,,22,,-0.002933123316306241,0.10205052900475509,,,,,,,,,,,,,,,,,,,,,,,2023.0
DOMS,DOMS Industries Limited,EQ,2023-12-13,2023-12-15,2023-12-20,Rs.750 to Rs.790,790.0,mainboard,,,,,,,,,,,,,,,,,,,,,,,,,False,620.0,,DOMS,Manufacturing,Industrials & Infrastructure,2023-12-20,EQ,,,,,post_listing,2023-12-31,2024-02-10 16:12:05,9.0,ytd,consolidated,1511.2043999999999,143.95999999999998,non_financial,5.5357352941176465,2024-03-31,,814.404,2024-03-31,2024-05-25 16:09:05,5.5357352941176465,xbrl_post_quarter,2023-12-20,,0.08053994947400178,0.08367069514534164,-0.003130745671339863,0.0723954602013499,0.022964190610975432,0.04943126959037447,0.5121978809245504,0.27071749129438927,0.24148038963016116,0.9257192413559066,0.31598666691495514,0.6097325744409514,0.20379805465493295,0.06557657969504538,0.13822147495988757,0.5150863495004301,0.19071495402373717,0.3243713954766929,0.6769337656322372,0.027997025166135003,0.6489367404661022,,,,,,,,22,,-0.004165991962432503,0.09400824775612526,4373.230882352941,False,214.0,30.378097265580312,22.794909267837593,150.0,0.28718463074970124,0.64,5.369854374920728,1.7945145074937627,197.0,1.0960662738947688,0.8426395939086294,2.8938711946265783,1.0676053910045447,191.0,0.9971769313040245,0.8272251308900523,0.9971769313040245,well_above,industry,"SUPREMEIND,ASTRAL,PAGEIND,3MINDIA,MANYAVAR,KPRMILL,TRIDENT,CENTURYPLY",2023.0
INDIASHLTR,India Shelter Finance Corporation Limited,EQ,2023-12-13,2023-12-15,2023-12-20,Rs.469 to Rs.493,493.0,mainboard,,,,,,,,,,,,,,,,,,,,,,,,,False,1027.0,,INDIASHLTR,,Financial Services,2023-12-20,EQ,,,,,post_listing,2023-12-31,2024-02-08 19:28:05,9.0,ytd,consolidated,793.1504,226.22506666666666,non_financial,10.70451923076923,2024-03-31,,2298.6657,2024-03-31,2024-05-08 20:27:42,10.70451923076923,xbrl_post_quarter,2023-12-20,,0.05700385533321084,0.08367069514534164,-0.026666839812130805,0.00394712685882137,0.022964190610975432,-0.019017063752154062,0.3572608775472734,0.27071749129438927,0.08654338625288416,0.26904718193501,0.31598666691495514,-0.046939484979945156,-0.09718112443544613,0.02001870660052152,-0.11719983103596765,0.14117738669989088,0.12901605264288585,0.012161334057005035,0.03636505217255892,-0.0051393575637792566,0.04150440973633818,,,,,,,,22,,-0.004165991962432503,0.09400824775612526,5277.327980769231,False,51.0,23.32777732604299,18.11360539663353,18.0,0.2529814751549585,0.5555555555555556,2.2958223028121187,1.3326575265120075,36.0,0.5439159923753263,0.75,6.653628341824238,6.701674865955448,25.0,-0.0071951539647141455,0.48,0.2529814751549585,above,sector,"BAJFINANCE,ABCAPITAL,NAM-INDIA,CDSL,CAMS,SHRIRAMFIN,SAMMAANCAP,SPANDANA",2023.0
INOXINDIA,INOX India Limited,EQ,2023-12-14,2023-12-18,2023-12-21,Rs.627 to Rs.660,660.0,mainboard,,,,,,,,,,,,,,,,,,,,,,,,,False,1058.0,,INOXINDIA,Engineering,Industrials & Infrastructure,2023-12-21,EQ,,,,,post_listing,2023-12-31,2024-02-14 12:28:05,9.0,ytd,consolidated,1140.0666666666666,202.54666666666665,non_financial,9.069382716049383,2024-03-31,,649.0677,2024-03-31,2024-05-14 13:01:11,9.069382716049383,xbrl_post_quarter,2023-12-21,,-0.09473908186605673,0.07044131111518048,-0.1651803929812372,0.21740518112665552,0.028917780626258827,0.1884874005003967,0.38794616734932696,0.25220289324299583,0.13574327410633114,0.19703175700835152,0.2975791979490936,-0.10054744094074208,0.14810508182601212,0.05770544692225399,0.09039963490375813,0.02428940568475446,0.19502001393142954,-0.17073060824667508,-0.23376399655469426,-0.048933312447298816,-0.18483068410739545,,,,,,,,22,,0.0,0.09042206037213085,5985.792592592593,False,105.0,29.552659103709072,29.67178335203151,78.0,-0.0040228123400430195,0.5,9.222139065913453,2.9318984935481907,95.0,1.1459568502541362,0.9368421052631579,5.2503882164135955,1.9526001763656058,91.0,0.9891401117203058,0.8571428571428571,0.9891401117203058,well_above,industry,"LT,BEL,BHEL,RVNL,AIAENG,THERMAX,IRB,KEC",2023.0
SHREEOSFM,Shree OSFM E-Mobility Limited,SME,2023-12-14,2023-12-18,2023-12-21,Rs.65,65.0,sme,,,,,,,,,,,,,,,,,,,,,,,,,False,2903.0,,SHREEOSFM,Mobility Services,Automobile & Mobility,2023-12-21,SM,,,,,,,,,,,,,,,,,,,,,,,,,,,,,,,,,,,,,,,,,,,,,,,,,,,,22,,0.0,0.09042206037213085,,,,,,,,,,,,,,,,,,,,,,,2023.0
MOTISONS,Motisons Jewellers Limited,BE,2023-12-18,2023-12-20,2023-12-26,Rs.52 to Rs.55,55.0,mainboard,,,,,,,,,,,,,,,,,,,,,,,,,False,1476.0,,MOTISONS,Consumer Services,Consumer & FMCG,2023-12-26,EQ,,,,,post_listing,2023-12-31,2024-02-08 18:16:26,9.0,ytd,standalone,400.11466666666666,28.5908,non_financial,9.807272727272727,2024-03-31,,328.1443,2024-03-31,2024-05-28 15:38:57,9.807272727272727,xbrl_post_quarter,2023-12-26,,0.826086956521739,0.04585773151160266,0.7802292250101364,0.4685990338164252,0.024206607388129964,0.44439242642829524,0.5942028985507246,0.23697318007662838,0.35722971847409624,1.6396135265700482,0.2833261042434758,1.3562874223265724,-0.08918918918918917,0.02001870660052152,-0.10920789578971069,-0.0864864864864866,0.12901605264288585,-0.21550253912937245,0.1821621621621623,-0.0051393575637792566,0.18730151972594156,,,,,,,,21,,0.0,0.1401882651882651,539.4,False,29.0,18.866208710494284,28.944681178813756,26.0,-0.4280140397952329,0.34615384615384615,1.64378902818059,2.9546920528073413,29.0,-0.5863904731377545,0.3103448275862069,1.348113540784975,1.6430691230261496,28.0,-0.19785967138525767,0.5,-0.4280140397952329,below,industry,"TITAN,IRCTC,KALYANKJIL,RELAXO,BATAINDIA,CAMPUS,EASEMYTRIP,THOMASCOOK",2023.0
MUTHOOTMF,Muthoot Microfin Limited,EQ,2023-12-18,2023-12-20,2023-12-26,Rs.277 to Rs.291,291.0,mainboard,,,,,,,,,,,,,,,,,,,,,,,,,False,1501.0,,MUTHOOTMF,NBFC,Financial Services,2023-12-26,EQ,,,,,post_listing,2023-12-31,2024-01-29 22:38:06,9.0,ytd,standalone,2164.4962666666665,439.7646666666667,non_financial,17.051852409638556,2024-06-30,,,,,17.051852409638556,xbrl_post_quarter,2023-12-26,,-0.13394702235581435,0.04585773151160266,-0.179804753867417,-0.2506105579560398,0.024206607388129964,-0.2748171653441698,-0.09712568100695085,0.23697318007662838,-0.3340988610835792,-0.34334022167950395,0.2833261042434758,-0.6266663259229798,-0.04954777821470713,0.0707358330028236,-0.12028361121753073,-0.059496657491152294,0.19848880843663874,-0.25798546592779104,-0.3607550137632718,0.08172909060708689,-0.4424841043703587,,,,,,,,21,,0.0,0.1401882651882651,4962.08905120482,False,16.0,11.283510084647135,25.00234477923296,5.0,-0.7956272362582891,0.4,,1.7396396539004475,11.0,,,2.2924913882371616,2.283718200662234,7.0,0.003834264210501978,0.5714285714285714,-0.3958964860238936,below,industry,"ABCAPITAL,CDSL,SAMMAANCAP,SPANDANA,RBA,PNBGILTS,SUMMITSEC,CONSOFINVT",2023.0
SURAJEST,Suraj Estate Developers Limited,EQ,2023-12-18,2023-12-20,2023-12-26,Rs.340 to Rs.360,360.0,mainboard,,,,,,,,,,,,,,,,,,,,,,,,,False,2198.0,,SURAJEST,Construction,Industrials & Infrastructure,2023-12-26,EQ,,,,,pre_listing,2023-09-30,2024-01-15 20:06:05,6.0,ytd,consolidated,411.74,63.332,non_financial,4.385193621867882,2024-03-31,3.1821763602251405,516.189,2024-03-31,2024-05-07 22:01:39,4.385193621867882,xbrl_post_quarter,2023-12-26,,-0.01584454409566516,0.04585773151160266,-0.06170227560726782,-0.2103139013452916,0.024206607388129964,-0.23452050873342156,0.49327354260089695,0.23697318007662838,0.2563003625242686,0.812406576980568,0.2833261042434758,0.5290804727370921,0.03169907016060858,0.04214364511772262,-0.010444574957114039,0.6083403775711467,0.19024953519301957,0.4180908423781271,0.4201183431952664,0.13300181111481502,0.2871165320804514,,,,,,,,21,,0.0,0.1401882651882651,1578.6697038724374,False,59.0,24.926888521954737,34.39932926098933,39.0,-0.3220899848018295,0.41025641025641024,3.0583172130216596,2.4362863445914744,57.0,0.2273899443316627,0.5614035087719298,3.8341421865071097,4.004926192427735,49.0,-0.04357942187511271,0.4897959183673469,-0.04357942187511271,in_line,industry,"DLF,LODHA,GODREJPROP,OBEROIRLTY,PRESTIGE,PHOENIXLTD,NBCC,BRIGADE",2023.0
EFORCE,Electro Force (India) Limited,SME,2023-12-19,2023-12-21,2023-12-27,Rs.93,93.0,sme,,,,,,,,,,,,,,,,,,,,,,,,,False,2902.0,,EFORCE,Hardware,Technology,2023-12-27,SM,,,,,,,,,,,,,,,,,,,,,,,,,,,,,,,,,,,,,,,,,,,,,,,,,,,,21,,0.0,0.13107599269739834,,,,,,,,,,,,,,,,,,,,,,,2023.0
HAPPYFORGE,Happy Forging Limited,EQ,2023-12-19,2023-12-21,2023-12-27,Rs.808 to Rs.850,850.0,mainboard,,,,,,,,,,,,,,,,,,,,,,,,,False,900.0,,HAPPYFORGE,Auto Components,Automobile & Mobility,2023-12-27,EQ,,,,,post_listing,2023-12-31,2024-02-10 17:02:16,9.0,ytd,standalone,1353.1886666666664,236.26693333333333,non_financial,9.073641379310345,2024-03-31,,1612.4922,2024-03-31,2024-05-25 14:19:28,9.073641379310345,xbrl_post_quarter,2023-12-27,,-0.05946837407838568,0.048247131407484156,-0.10771550548586983,-0.13916375630578182,0.029493167272098386,-0.1686569235778802,0.21119518820333716,0.251776653404832,-0.04058146520149486,-0.029831199068684477,0.2907801418439717,-0.3206113409126562,0.042878711625566,0.06557657969504538,-0.022697868069479377,0.21575239053850015,0.19071495402373717,0.02503743651476298,-0.06406643180674376,0.027997025166135003,-0.09206345697287877,,,,,,,,21,,0.0,0.13107599269739834,7712.595172413793,False,91.0,32.64356574829117,30.176639819005786,74.0,0.07857965973238974,0.5675675675675675,4.783027894593099,3.8083389203837466,86.0,0.2278806815395453,0.6162790697674418,5.699571214568597,1.5361823729975579,80.0,1.3110905863990128,0.9375,0.2278806815395453,above,industry,"TIINDIA,MOTHERSON,BOSCHLTD,BHARATFORG,MRF,BALKRISIND,SCHAEFFLER,UNOMINDA",2023.0
MUFTI,Credo Brands Marketing Limited,EQ,2023-12-19,2023-12-21,2023-12-27,Rs.266 to Rs.280,280.0,mainboard,,,,,,,,,,,,,,,,,,,,,,,,,False,1491.0,,MUFTI,Consumer Services,Consumer & FMCG,2023-12-27,EQ,,,,,pre_listing,2023-09-30,2024-01-16 21:18:05,6.0,ytd,consolidated,568.216,73.094,non_financial,6.423636363636363,2024-03-31,6.430344827586207,341.669,2024-03-31,2024-05-31 16:33:27,6.423636363636363,xbrl_post_quarter,2023-12-27,,-0.1920243433696348,0.048247131407484156,-0.24027147477711897,-0.45852017937219725,0.029493167272098386,-0.48801334664429563,-0.45586162716207557,0.251776653404832,-0.7076382805669076,-0.43164638052530424,0.2907801418439717,-0.722426522369276,-0.3245117722212082,0.065390439409305,-0.3899022116305132,-0.42182880087607233,0.19557048191934223,-0.6173992827954146,-0.4447891951085965,0.12671394634844346,-0.57150314145704,,,,,,,,21,,0.0,0.13107599269739834,1798.6181818181817,False,29.0,24.60691960787728,28.662754112705848,26.0,-0.1525708255718512,0.4230769230769231,5.264212386310089,2.8959895616919638,29.0,0.597604670023666,0.6206896551724138,3.1653775708853353,1.6620404607644055,28.0,0.6442263034188215,0.6071428571428571,0.597604670023666,well_above,industry,"TITAN,IRCTC,KALYANKJIL,RELAXO,BATAINDIA,CAMPUS,EASEMYTRIP,JUSTDIAL",2023.0
RBZJEWEL,RBZ Jewellers Limited,BE,2023-12-19,2023-12-21,2023-12-27,Rs.95 to Rs.100,100.0,mainboard,,,,,,,,,,,,,,,,,,,,,,,,,False,1832.0,,RBZJEWEL,Consumer Services,Consumer & FMCG,2023-12-27,EQ,,,,,post_listing,2023-12-31,2024-02-06 12:48:17,9.0,ytd,standalone,321.6812,25.16533333333333,non_financial,4.021940298507462,2024-03-31,,207.4922,2024-03-31,2024-05-15 14:53:52,4.021940298507462,xbrl_post_quarter,2023-12-27,,0.897142857142857,0.048247131407484156,0.8488957257353729,0.40380952380952384,0.029493167272098386,0.37431635653742545,0.3039999999999998,0.251776653404832,0.05222334659516781,0.8781904761904762,0.2907801418439717,0.5874103343465045,-0.2557178286029208,-0.022072129145021768,-0.23364569945789904,-0.2697161752548911,0.13006117429964692,-0.39977734955453803,0.0767704601818684,0.019697279806633272,0.05707318037523512,,,,,,,,21,,0.0,0.13107599269739834,402.19402985074623,False,29.0,15.982066461166669,28.662754112705848,26.0,-0.5841312663852003,0.3076923076923077,1.9383573447616163,2.8959895616919638,29.0,-0.4014859852358346,0.3448275862068966,1.2502876445709175,1.6620404607644055,28.0,-0.28467240026212315,0.4642857142857143,-0.4014859852358346,below,industry,"TITAN,IRCTC,KALYANKJIL,RELAXO,BATAINDIA,CAMPUS,EASEMYTRIP,JUSTDIAL",2023.0
AZAD,Azad Engineering Limited,EQ,2023-12-20,2023-12-22,2023-12-28,Rs.499 to Rs.524,524.0,mainboard,,,,,,,,,,,,,,,,,,,,,,,,,False,269.0,,AZAD,Capital Goods,Industrials & Infrastructure,2023-12-28,EQ,,,,,post_listing,2023-12-31,2024-02-07 15:38:27,9.0,ytd,consolidated,330.6306666666667,58.1804,non_financial,5.238245614035088,2024-03-31,,645.063,2024-03-31,2024-05-22 16:55:23,5.238245614035088,xbrl_post_quarter,2023-12-28,,0.050848708487085004,0.05543633634386724,-0.004587627856782239,1.0189667896678967,0.02679387097814301,0.9921729186897537,1.720147601476015,0.24238081760893637,1.4777667838670787,1.7289298892988927,0.29028663960649315,1.4386432496923995,0.3165405950579929,-0.0004927233570448664,0.3170333184150378,0.6410993444276349,0.12102068785485876,0.5200786565727762,0.4216843166918809,-0.010836650786399504,0.4325209674782804,,,,,,,,20,,0.0,0.12903147138798454,2744.840701754386,False,63.0,47.17809952757949,46.2162137071203,49.0,0.020599109291563902,0.5102040816326531,4.255151360028998,6.186760006738533,60.0,-0.3742811922048376,0.35,8.301833370228973,4.253198084032643,54.0,0.6688051880717624,0.8518518518518519,0.020599109291563902,in_line,industry,"SIEMENS,ABB,HAVELLS,CUMMINSIND,SUZLON,MAZDOCK,BDL,GRINDWELL",2023.0
INDIFRA,Indifra Limited,SME,2023-12-21,2023-12-26,2023-12-29,Rs.65,65.0,sme,,,,,,,,,,,,,,,,,,,,,,,,,False,2901.0,,INDIFRA,Engineering,Industrials & Infrastructure,2023-12-29,SM,,,,,,,,,,,,,,,,,,,,,,,,,,,,,,,,,,,,,,,,,,,,,,,,,,,,21,,-0.033386253100486374,0.09672214847339933,,,,,,,,,,,,,,,,,,,,,,,2023.0
INNOVACAP,Innova Captab Limited,EQ,2023-12-21,2023-12-26,2023-12-29,Rs.426 to Rs.448,448.0,mainboard,,,,,,,,,,,,,,,,,,,,,,,,,False,1054.0,,INNOVACAP,Pharmaceuticals,Healthcare & Pharmaceuticals,2023-12-29,EQ,,,,,pre_listing,2023-09-30,2024-01-19 17:58:06,6.0,ytd,consolidated,1032.372,80.996,non_financial,5.721354581673308,2024-03-31,4.801886792452831,830.894,2024-03-31,2024-05-30 19:33:51,5.721354581673308,xbrl_post_quarter,2023-12-29,,-0.05144070927225719,0.05046897367052927,-0.10190968294278646,-0.16817510158847426,0.05133783908897338,-0.21951294067744764,-0.07342076099002581,0.24594588820123509,-0.3193666491912609,1.1849833764314743,0.28001324663670735,0.904970129794767,-0.10360873694207029,0.0769765023059763,-0.1805852392480466,0.15811965811965822,0.2075515594421864,-0.04943190132252817,0.780721747388414,0.05488497488743804,0.725836772500976,,,,,,,,21,,-0.033386253100486374,0.09672214847339933,2563.1668525896416,False,62.0,31.645597962734477,35.598742328636874,43.0,-0.11771125537538386,0.46511627906976744,3.0848301378871934,3.640558338008256,59.0,-0.1656404642593726,0.3898305084745763,2.482793850075013,3.4298494415502727,56.0,-0.323131887080239,0.4107142857142857,-0.1656404642593726,below,industry,"CIPLA,DIVISLAB,DRREDDY,ALKEM,LUPIN,BIOCON,SYNGENE,IPCALAB",2023.0
SAIFL,Sameera Agro and Infra Limited,SME,2023-12-21,2023-12-27,2024-01-01,Rs.180,180.0,sme,,,,,,,,,,,,,,,,,,,,,,,,,False,2898.0,,SAIFL,FMCG,Consumer & FMCG,2024-01-01,SM,,,,,,,,,,,,,,,,,,,,,,,,,,,,,,,,,,,,,,,,,,,,,,,,,,,,21,,-0.033386253100486374,0.09672214847339933,,,,,,,,,,,,,,,,,,,,,,,2024.0
SUPREMEPWR,Supreme Power Equipment Limited,SME,2023-12-21,2023-12-26,2023-12-29,Rs.61 to Rs.65,65.0,sme,,,,,,,,,,,,,,,,,,,,,,,,,False,2900.0,,SUPREMEPWR,,Energy,2023-12-29,SM,,,,,,,,,,,,,,,,,,,,,,,,,,,,,,,,,,,,,,,,,,,,,,,,,,,,21,,-0.033386253100486374,0.09672214847339933,,,,,,,,,,,,,,,,,,,,,,,2023.0
TECHLABS,Trident Techlabs Limited,SME,2023-12-21,2023-12-26,2023-12-29,Rs.33 to Rs.35,35.0,sme,,,,,,,,,,,,,,,,,,,,,,,,,False,2899.0,,TECHLABS,Software,Technology,2023-12-29,SM,,,,,,,,,,,,,,,,,,,,,,,,,,,,,,,,,,,,,,,,,,,,,,,,,,,,21,,-0.033386253100486374,0.09672214847339933,,,,,,,,,,,,,,,,,,,,,,,2023.0
AKANKSHA,Akanksha Power and Infrastructure Limited,SME,2023-12-27,2023-12-29,2024-01-03,Rs.52 to Rs.55,55.0,sme,,,,,,,,,,,,,,,,,,,,,,,,,False,2896.0,,AKANKSHA,,Energy,2024-01-03,SM,,,,,,,,,,,,,,,,,,,,,,,,,,,,,,,,,,,,,,,,,,,,,,,,,,,,21,,-0.0040283822751180365,0.14906819399507398,,,,,,,,,,,,,,,,,,,,,,,2024.0
HRHNEXT,HRH Next Services Limited,SME,2023-12-27,2023-12-29,2024-01-03,Rs.36,36.0,sme,,,,,,,,,,,,,,,,,,,,,,,,,False,2897.0,,HRHNEXT,IT Services,Technology,2024-01-03,SM,,,,,,,,,,,,,,,,,,,,,,,,,,,,,,,,,,,,,,,,,,,,,,,,,,,,21,,-0.0040283822751180365,0.14906819399507398,,,,,,,,,,,,,,,,,,,,,,,2024.0
KCEIL,Kay Cee Energy & Infra Limited,SME,2023-12-28,2024-01-02,2024-01-05,Rs.51 to Rs.54,54.0,sme,,,,,,,,,,,,,,,,,,,,,,,,,False,2895.0,,KCEIL,Engineering,Industrials & Infrastructure,2024-01-05,SM,,,,,,,,,,,,,,,,,,,,,,,,,,,,,,,,,,,,,,,,,,,,,,,,,,,,23,,-0.0010475953905804136,0.15150282804725723,,,,,,,,,,,,,,,,,,,,,,,2024.0
KLL,Kaushalya Logistics Limited,SME,2023-12-29,2024-01-03,2024-01-08,Rs.71 to Rs.75,75.0,sme,,,,,,,,,,,,,,,,,,,,,,,,,False,2894.0,,KLL,Logistics,Services & Others,2024-01-08,SM,,,,,,,,,,,,,,,,,,,,,,,,,,,,,,,,,,,,,,,,,,,,,,,,,,,,24,,0.0,0.1533623948928784,,,,,,,,,,,,,,,,,,,,,,,2024.0
IBLFL,IBL Finance Limited,SME,2024-01-09,2024-01-11,2024-01-16,Rs.51,51.0,sme,,,,,,,,,,,,,,,,,,,,,,,,,False,2893.0,,IBLFL,,Financial Services,2024-01-16,SM,,,,,,,,,,,,,,,,,,,,,,,,,,,,,,,,,,,,,,,,,,,,,,,,,,,,21,,-0.005854377572588665,0.1608744189822804,,,,,,,,,,,,,,,,,,,,,,,2024.0
JYOTICNC,Jyoti CNC Automation Limited,EQ,2024-01-09,2024-01-11,2024-01-16,Rs.315 to Rs.331,331.0,mainboard,,,,,,,,,,,,,,,,,,,,,,,,,False,1161.0,,JYOTICNC,Engineering,Industrials & Infrastructure,2024-01-16,EQ,,,,,pre_listing,2023-12-31,2024-02-15 12:14:05,9.0,ytd,consolidated,1184.444,68.29333333333332,non_financial,22.731249999999996,2024-06-30,19.60816326530612,1364.626,2024-03-31,2024-05-18 20:38:36,22.731249999999996,xbrl_post_quarter,2024-01-16,,0.44748963611239057,0.031136053556761523,0.41635358255562904,0.7015200368493781,0.04214364511772262,0.6593763917316555,1.6277061262091204,0.19024953519301957,1.4374565910161008,1.89912482726854,0.13300181111481502,1.766123016153725,0.39036966523877537,0.04954996721615479,0.3408196980226206,0.939155957480565,0.1911099484068377,0.7480460090737273,0.43415833729969866,-0.033793852532303714,0.4679521898320024,,,,,,,,21,,-0.005854377572588665,0.1608744189822804,7524.043749999999,False,104.0,110.17244850644279,28.981088389812502,77.0,1.335403359135477,0.974025974025974,5.513630657777295,3.0063483255883687,94.0,0.6064971663345158,0.7446808510638298,6.352384536542039,2.0655569193008505,90.0,1.1234303753525665,0.9,1.1234303753525665,well_above,industry,"LT,BEL,BHEL,RVNL,THERMAX,AIAENG,IRB,IRCON",2024.0
APS,Australian Premium Solar (India) Limited,SME,2024-01-11,2024-01-15,2024-01-18,Rs.51 to Rs.54,54.0,sme,,,,,,,,,,,,,,,,,,,,,,,,,False,2892.0,,APS,,Energy,2024-01-18,SM,,,,,,,,,,,,,,,,,,,,,,,,,,,,,,,,,,,,,,,,,,,,,,,,,,,,20,,-0.00017730003337412814,0.17364973780326065,,,,,,,,,,,,,,,,,,,,,,,2024.0
MAXPOSURE,Maxposure Limited,SME,2024-01-15,2024-01-17,2024-01-23,Rs.31 to Rs.33,33.0,sme,,,,,,,,,,,,,,,,,,,,,,,,,False,2891.0,,MAXPOSURE,Media & Entertainment,Services & Others,2024-01-23,SM,,,,,,,,,,,,,,,,,,,,,,,,,,,,,,,,,,,,,,,,,,,,,,,,,,,,20,,0.0,0.17122863213469386,,,,,,,,,,,,,,,,,,,,,,,2024.0
MEDIASSIST,Medi Assist Healthcare Services Limited,EQ,2024-01-15,2024-01-17,2024-01-23,Rs.397 to Rs.418,418.0,mainboard,,,,,,,,,,,,,,,,,,,,,,,,,False,1415.0,,MEDIASSIST,,Healthcare & Pharmaceuticals,2024-01-23,EQ,,,,,pre_listing,2023-12-31,2024-02-13 18:31:27,9.0,ytd,consolidated,623.9133333333333,58.2268,non_financial,7.02097014925373,2024-06-30,7.108791946308725,471.742,2024-03-31,2024-05-16 18:23:15,7.02097014925373,xbrl_post_quarter,2024-01-23,,0.10116354234001279,0.06092555926385712,0.04023798307615567,0.09599224305106646,0.11233809394859096,-0.016345850897524494,0.2422969187675068,0.25456220744372193,-0.012265288676215125,0.20146520146520142,0.06455141077626991,0.1369137906889315,0.0029700942236787764,0.07459918741676086,-0.07162909319308208,0.10743547726341651,0.19577861321374979,-0.08834313595033327,-0.0353338795575584,-0.024343780029333906,-0.010990099528224495,,,,,,,,20,,0.0,0.17122863213469386,2934.7655223880593,False,123.0,50.402315126162854,41.72284528747475,89.0,0.1889882816542696,0.6404494382022472,6.2211240940769725,3.9210004508544545,117.0,0.4616037746484076,0.7264957264957265,4.703803181619337,3.7810301629760943,108.0,0.2183748666890061,0.6759259259259259,0.2183748666890061,above,sector,"SUNPHARMA,CIPLA,DIVISLAB,DRREDDY,MANKIND,TORNTPHARM,APOLLOHOSP,MAXHEALTH",2024.0
EPACK,EPACK Durable Limited,EQ,2024-01-19,2024-01-24,2024-01-30,Rs.218 to Rs.230,230.0,mainboard,,,,,,,,,,,,,,,,,,,,,,,,,False,692.0,,EPACK,Consumer Durables,Consumer & FMCG,2024-01-30,EQ,,,,,pre_listing,2023-12-31,2024-02-16 14:44:05,9.0,ytd,consolidated,1191.8114666666665,10.062,non_financial,9.593360655737706,2024-06-30,7.8909677419354844,892.2017,2024-03-31,2024-05-29 15:53:44,9.593360655737706,xbrl_post_quarter,2024-01-30,,-0.1134393063583814,0.00985088085044361,-0.12329018720882501,-0.049132947976878505,0.0707358330028236,-0.1198687809797021,0.22133911368015413,0.19848880843663874,0.02285030524351539,1.1204238921001926,0.08172909060708689,1.0386948014931057,-0.05286230015471893,0.047119504317447714,-0.09998180447216665,0.34811758638473433,0.18690593896249408,0.16121164742224026,0.9894275399690562,-0.026609979566277864,1.0160375195353342,,,,,,,,21,,-0.013301117280142494,0.1532243527861341,2206.4729508196724,False,22.0,219.28771127208034,56.227030070771775,20.0,1.3609870143149165,0.95,2.4730651721686616,5.880058514395056,22.0,-0.8661083716116151,0.13636363636363635,1.8513607332465722,1.8908004437635955,22.0,-0.021079354428973577,0.5,-0.021079354428973577,in_line,industry,"VOLTAS,HONAUT,BLUESTARCO,CROMPTON,WHIRLPOOL,AMBER,BAJAJELEC,TTKPRESTIG",2024.0
KONSTELEC,Konstelec Engineers Limited,SME,2024-01-19,2024-01-24,2024-01-30,Rs.66 to Rs.70,70.0,sme,,,,,,,,,,,,,,,,,,,,,,,,,False,2889.0,,KONSTELEC,Engineering,Industrials & Infrastructure,2024-01-30,ST,,,,,,,,,,,,,,,,,,,,,,,,,,,,,,,,,,,,,,,,,,,,,,,,,,,,21,,-0.013301117280142494,0.1532243527861341,,,,,,,,,,,,,,,,,,,,,,,2024.0
LAWSIKHO,Addictive Learning Technology Limited,SME,2024-01-19,2024-01-24,2024-01-30,Rs.133 to Rs.140,140.0,sme,,,,,,,,,,,,,,,,,,,,,,,,,False,,,,,,,,,,,,,,,,,,,,,,,,,,,,,,,,,,,,,,,,,,,,,,,,,,,,,,,,,,,21,,-0.013301117280142494,0.1532243527861341,,,,,,,,,,,,,,,,,,,,,,,2024.0
NOVAAGRI,Nova Agritech Limited,BE,2024-01-23,2024-01-25,2024-01-31,Rs.39 to Rs.41,41.0,mainboard,,,,,,,,,,,,,,,,,,,,,,,,,False,1584.0,,NOVAAGRI,Chemicals,"Metals, Mining & Chemicals",2024-01-31,BE,,,,,pre_listing,2023-12-31,2024-02-14 20:12:40,9.0,ytd,consolidated,242.2668,26.700533333333333,non_financial,9.100851063829788,2024-06-30,6.2619480519480515,193.1038,2024-03-31,2024-05-27 23:27:23,9.100851063829788,xbrl_post_quarter,2024-01-31,,0.1359307359307358,-0.006535665681946523,0.14246640161268231,-0.10995670995671003,0.03675440634646665,-0.14671111630317668,0.33939393939393936,0.12443323264845496,0.2149607067454844,0.06199134199134204,0.04077073721246727,0.021220604778874774,-0.24597364568081992,0.05770544692225399,-0.3036790926030739,0.1128843338213763,0.19502001393142954,-0.08213568011005323,-0.25065885797950216,-0.048933312447298816,-0.20172554553220334,,,,,,,,21,,0.0,0.17853600316121399,373.1348936170213,False,136.0,13.974810501301647,32.455150376868275,116.0,-0.8426026887568066,0.15517241379310345,1.9323021795377475,2.7798751420899586,129.0,-0.3636938825884872,0.3643410852713178,1.540181707179941,1.6317968963363392,122.0,-0.057781396882619115,0.4672131147540984,-0.3636938825884872,below,industry,"ASIANPAINT,GRASIM,PIDILITIND,SRF,BERGEPAINT,FACT,PIIND,UPL",2024.0
DELAPLEX,Delaplex Limited,SME,2024-01-25,2024-01-30,2024-02-02,Rs.186 to Rs.192,192.0,sme,,,,,,,,,,,,,,,,,,,,,,,,,False,2886.0,,DELAPLEX,Software,Technology,2024-02-02,SM,,,,,,,,,,,,,,,,,,,,,,,,,,,,,,,,,,,,,,,,,,,,,,,,,,,,21,,-0.01004844603194155,0.2204923357263977,,,,,,,,,,,,,,,,,,,,,,,2024.0
DHTL,Docmode Health Technologies Limited,SME,2024-01-25,2024-01-30,2024-02-02,Rs.79,79.0,sme,,,,,,,,,,,,,,,,,,,,,,,,,False,2887.0,,DHTL,,Technology,2024-02-02,SM,,,,,,,,,,,,,,,,,,,,,,,,,,,,,,,,,,,,,,,,,,,,,,,,,,,,21,,-0.01004844603194155,0.2204923357263977,,,,,,,,,,,,,,,,,,,,,,,2024.0
FONEBOX,Fonebox Retail Limited,SME,2024-01-25,2024-01-30,2024-02-02,Rs.66 to Rs.70,70.0,sme,,,,,,,,,,,,,,,,,,,,,,,,,False,2888.0,,FONEBOX,Retail,Consumer & FMCG,2024-02-02,SM,,,,,,,,,,,,,,,,,,,,,,,,,,,,,,,,,,,,,,,,,,,,,,,,,,,,21,,-0.01004844603194155,0.2204923357263977,,,,,,,,,,,,,,,,,,,,,,,2024.0
BAWEJA,Baweja Studios Limited,SME,2024-01-29,2024-02-01,2024-02-06,Rs.170 to Rs.180,180.0,sme,,,,,,,,,,,,,,,,,,,,,,,,,False,2884.0,,BAWEJA,Media & Entertainment,Services & Others,2024-02-06,ST,,,,,,,,,,,,,,,,,,,,,,,,,,,,,,,,,,,,,,,,,,,,,,,,,,,,21,,-0.0048172325546387285,0.23282318187019735,,,,,,,,,,,,,,,,,,,,,,,2024.0
MEGATHERM,Megatherm Induction Limited,SME,2024-01-29,2024-01-31,2024-02-05,Rs.100 to Rs.108,108.0,sme,,,,,,,,,,,,,,,,,,,,,,,,,False,2885.0,,MEGATHERM,Engineering,Industrials & Infrastructure,2024-02-05,SM,,,,,,,,,,,,,,,,,,,,,,,,,,,,,,,,,,,,,,,,,,,,,,,,,,,,21,,-0.0048172325546387285,0.23282318187019735,,,,,,,,,,,,,,,,,,,,,,,2024.0
BLSE,BLS E- Services Limited,EQ,2024-01-30,2024-02-01,2024-02-06,Rs.129 to Rs.135,135.0,mainboard,,,,,,,,,,,,,,,,,,,,,,,,,False,372.0,,BLSE,Other Services,Services & Others,2024-02-06,EQ,,,,,,,,,,,,,,,,,,,,,,2024-02-06,,-0.05724043715846994,-0.021590252218299577,-0.03565018494017036,-0.25874316939890707,-0.013406139064607414,-0.24533703033429966,-0.42420765027322405,0.13231418372778858,-0.5565218340010126,-0.5105737704918033,0.0473933958844297,-0.557967166376233,,,,,,,,,,,,,,,,,21,,0.0,0.2249790019043818,,,,,,,,,,,,,,,,,,,,,,,2024.0
ITALIANE,Italian Edibles Limited,SME,2024-02-02,2024-02-07,2024-02-12,Rs.68,68.0,sme,,,,,,,,,,,,,,,,,,,,,,,,,False,2883.0,,ITALIANE,Food & Beverages,Consumer & FMCG,2024-02-12,SM,,,,,,,,,,,,,,,,,,,,,,,,,,,,,,,,,,,,,,,,,,,,,,,,,,,,22,,0.0,0.256964293154452,,,,,,,,,,,,,,,,,,,,,,,2024.0
PARKHOTELS,Apeejay Surrendra Park Hotels Limited,EQ,2024-02-05,2024-02-07,2024-02-12,Rs.147 to Rs.155,155.0,mainboard,,,,,,,,,,,,,,,,,,,,,,,,,False,1670.0,,PARKHOTELS,Hotels & Hospitality,Services & Others,2024-02-12,EQ,,,,,pre_listing,2023-12-31,2024-03-05 17:58:05,9.0,ytd,consolidated,564.3866666666667,67.14666666666666,non_financial,20.88888888888889,2024-06-30,17.46496815286624,1197.99,2024-03-31,2024-05-29 19:40:42,20.88888888888889,xbrl_post_quarter,2024-02-12,,-0.10611643330876941,-0.026074350283260328,-0.08004208302550908,-0.13608450012282003,0.06557657969504538,-0.2016610798178654,-0.14468189633996564,0.19071495402373717,-0.3353968503637028,-0.1819209039548022,0.027997025166135003,-0.2099179291209372,-0.1589618021547502,0.11777624930197095,-0.27673805145672115,-0.150048971596474,0.2420697075768512,-0.3921186791733252,-0.28790401567091084,-0.03340665477179561,-0.25449736089911523,,,,,,,,21,,0.0,0.25107375745035165,3237.777777777778,False,22.0,48.219486364839824,46.607610955437025,15.0,0.033999367765590864,0.5333333333333333,2.7026751289892053,5.7714463255271635,19.0,-0.7586806410944319,0.15789473684210525,5.736807704725681,5.961350944065243,17.0,-0.03839421723840455,0.47058823529411764,-0.03839421723840455,in_line,industry,"INDHOTEL,EIHOTEL,CHALET,LEMONTREE,MHRIL,ITDC,UFBL,SAMHI",2024.0
CAPITALSFB,Capital Small Finance Bank Limited,EQ,2024-02-07,2024-02-09,2024-02-14,Rs.445 to Rs.468,468.0,mainboard,,,,,,,,,,,,,,,,,,,,,,,,,False,425.0,,CAPITALSFB,,Financial Services,2024-02-14,EQ,,,,,,,,,,,,,,,,,,,,,,2024-02-14,,-0.1920689655172414,-0.06315558777416252,-0.12891337774307887,-0.21057471264367822,0.07459918741676086,-0.2851739000604391,-0.30850574712643675,0.19577861321374979,-0.5042843603401865,-0.33218390804597697,-0.024343780029333906,-0.30784012801664307,,,,,,,,,,,,,,,,,21,,0.0,0.23624978299224408,,,,,,,,,,,,,,,,,,,,,,,2024.0
JSFB,Jana Small Finance Bank Limited,EQ,2024-02-07,2024-02-09,2024-02-14,Rs.393 to Rs.414,414.0,mainboard,,,,,,,,,,,,,,,,,,,,,,,,,False,1142.0,,JSFB,,Financial Services,2024-02-14,EQ,,,,,,,,,,,,,,,,,,,,,,2024-02-14,,0.06668477522748884,-0.06315558777416252,0.12984036300165136,0.7085427135678393,0.07459918741676086,0.6339435261510784,0.6077685725926931,0.19577861321374979,0.41198995937894334,0.12617139752818152,-0.024343780029333906,0.15051517755751542,,,,,,,,,,,,,,,,,21,,0.0,0.23624978299224408,,,,,,,,,,,,,,,,,,,,,,,2024.0
RPTECH,Rashi Peripherals Limited,EQ,2024-02-07,2024-02-09,2024-02-14,Rs.295 to Rs.311,311.0,mainboard,,,,,,,,,,,,,,,,,,,,,,,,,False,1889.0,,RPTECH,Hardware,Technology,2024-02-14,EQ,,,,,pre_listing,2023-12-31,2024-03-01 14:42:06,9.0,ytd,consolidated,10789.961333333333,129.06266666666664,non_financial,6.588066825775655,2024-06-30,4.102483443708609,1550.584,2024-03-31,2024-05-24 21:38:24,6.588066825775655,xbrl_post_quarter,2024-02-14,,-0.04012441679626744,-0.06315558777416252,0.023031170977895088,0.02052877138413689,0.07459918741676086,-0.05407041603262397,0.2636080870917574,0.19577861321374979,0.06782947387800764,-0.11150855365474344,-0.024343780029333906,-0.08716477362540953,-0.10380137466685369,0.03808968133885804,-0.14189105600571172,0.1158647776686772,0.20699294244848576,-0.09112816477980856,-0.19315472015710466,-0.037262289732103104,-0.15589243042500156,,,,,,,,21,,0.0,0.23624978299224408,2048.8887828162287,False,20.0,15.875146823890946,63.73599091806767,15.0,-1.3899946161000567,0.06666666666666667,1.3213658742875127,6.547307015822594,18.0,-1.6003878676240795,0.0,0.1898884267996971,5.059424907205995,19.0,-3.2825714288150034,0.05263157894736842,-1.6003878676240795,below,industry,"KAYNES,REDINGTON,OLECTRA,TEJASNET,DATAPATTNS,SYRMA,DCXINDIA,APOLLO",2024.0
ALPEXSOLAR,Alpex Solar Limited,SME,2024-02-08,2024-02-12,2024-02-15,Rs.109 to Rs.115,115.0,sme,,,,,,,,,,,,,,,,,,,,,,,,,False,2882.0,,ALPEXSOLAR,,Energy,2024-02-15,SM,,,,,,,,,,,,,,,,,,,,,,,,,,,,,,,,,,,,,,,,,,,,,,,,,,,,21,,0.0,0.23558030033598154,,,,,,,,,,,,,,,,,,,,,,,2024.0
POLYSIL,Polysil Irrigation Systems Limited,SME,2024-02-08,2024-02-13,2024-02-16,Rs.54,54.0,sme,,,,,,,,,,,,,,,,,,,,,,,,,False,2881.0,,POLYSIL,Manufacturing,Industrials & Infrastructure,2024-02-16,SM,,,,,,,,,,,,,,,,,,,,,,,,,,,,,,,,,,,,,,,,,,,,,,,,,,,,21,,0.0,0.23558030033598154,,,,,,,,,,,,,,,,,,,,,,,2024.0
ENTERO,Entero Healthcare Solutions Limited,EQ,2024-02-09,2024-02-13,2024-02-16,Rs.1195 to Rs.1258,1258.0,mainboard,,,,,,,,,,,,,,,,,,,,,,,,,False,691.0,,ENTERO,,Healthcare & Pharmaceuticals,2024-02-16,EQ,,,,,pre_listing,2023-12-31,2024-03-09 17:46:05,9.0,ytd,consolidated,3850.845333333333,24.18933333333333,non_financial,4.443744588744589,2024-06-30,3.548167539267016,1638.056,2024-03-31,2024-05-30 19:26:24,4.443744588744589,xbrl_post_quarter,2024-02-16,,-0.09447174981514495,-0.08057871765492852,-0.013893032160216423,-0.0900352311774173,0.04954996721615479,-0.13958519839357209,0.11426210256187219,0.1911099484068377,-0.07684784584496551,0.09629855160715062,-0.033793852532303714,0.13009240413945433,-0.08455058697015871,0.15127023571135623,-0.23582082268151494,0.28340353078232816,0.2782076424383839,0.005195888343944244,0.02657048122591621,-0.025191026493832314,0.05176150771974852,,,,,,,,21,,-0.004382587903537627,0.22284159241539747,5590.230692640693,False,124.0,231.10313193035608,40.027212574966896,93.0,1.753304532282601,0.967741935483871,3.4127225764202764,4.1050065273711756,118.0,-0.18469695076221157,0.3898305084745763,1.4516892289209986,3.7534140110611895,110.0,-0.9499379649403047,0.14545454545454545,-0.18469695076221157,below,sector,"SUNPHARMA,CIPLA,DRREDDY,DIVISLAB,MANKIND,APOLLOHOSP,TORNTPHARM,MAXHEALTH",2024.0
WTICAB,Wise Travel India Limited,SME,2024-02-12,2024-02-14,2024-02-19,Rs.140 to Rs.147,147.0,sme,,,,,,,,,,,,,,,,,,,,,,,,,False,2880.0,,WTICAB,Consumer Services,Consumer & FMCG,2024-02-19,SM,,,,,,,,,,,,,,,,,,,,,,,,,,,,,,,,,,,,,,,,,,,,,,,,,,,,21,,-0.017030041356815406,0.21081528851040665,,,,,,,,,,,,,,,,,,,,,,,2024.0
VSTL,Vibhor Steel Tubes Limited,BE,2024-02-13,2024-02-15,2024-02-20,Rs.141 to Rs.151,151.0,mainboard,,,,,,,,,,,,,,,,,,,,,,,,,False,2487.0,,VSTL,Metals & Mining,"Metals, Mining & Chemicals",2024-02-20,EQ,,,,,pre_listing,2023-12-31,2024-03-07 13:00:06,9.0,ytd,standalone,1042.0206666666666,17.1104,non_financial,1.899559748427673,2024-06-30,1.4182565789473682,177.7834,2024-03-31,2024-05-29 18:16:33,1.899559748427673,xbrl_post_quarter,2024-02-20,,-0.40918767507002807,-0.09113740594413244,-0.3180502691258956,-0.4057142857142857,0.04996128571144953,-0.4556755714257352,-0.43753501400560224,0.19657924517064074,-0.634114259176243,-0.6270252100840337,-0.02827797520961972,-0.598747234874414,-0.007447808914801679,0.15127023571135623,-0.1587180446261579,-0.02463795373330835,0.2782076424383839,-0.30284559617169227,-0.527741207447809,-0.025191026493832314,-0.5025501809539766,,,,,,,,22,,-0.05207125197768758,0.16274741871595322,286.8335220125786,False,92.0,16.763694712723176,18.41140803537294,70.0,-0.09375495540363278,0.4142857142857143,1.6133875379398674,2.683946194929512,81.0,-0.508952142917311,0.13580246913580246,0.2752666345190006,1.1844416706288219,79.0,-1.4592865705137557,0.0759493670886076,-0.508952142917311,below,industry,"COALINDIA,JSWSTEEL,TATASTEEL,HINDZINC,HINDALCO,VEDL,JINDALSTEL,NMDC",2024.0
ATMASTCO,Atmastco Limited,SME,2024-02-15,2024-02-20,2024-02-23,Rs.77,77.0,sme,,,,,,,,,,,,,,,,,,,,,,,,,False,2879.0,,ATMASTCO,Engineering,Industrials & Infrastructure,2024-02-23,SM,,,,,,,,,,,,,,,,,,,,,,,,,,,,,,,,,,,,,,,,,,,,,,,,,,,,24,,-0.036464170963162235,0.16428837811843677,,,,,,,,,,,,,,,,,,,,,,,2024.0
INM,Interiors & More Limited,SME,2024-02-15,2024-02-20,2024-02-23,Rs.216 to Rs.227,227.0,sme,,,,,,,,,,,,,,,,,,,,,,,,,False,2878.0,,INM,Building Materials,Real Estate & Construction,2024-02-23,SM,,,,,,,,,,,,,,,,,,,,,,,,,,,,,,,,,,,,,,,,,,,,,,,,,,,,24,,-0.036464170963162235,0.16428837811843677,,,,,,,,,,,,,,,,,,,,,,,2024.0
KTL,Kalahridhaan Trendz Limited,SME,2024-02-15,2024-02-20,2024-02-23,Rs.45,10.0,sme,,,,,,,,,,,,,,,,,,,,,,,,,False,,,,,,,,,,,,,,,,,,,,,,,,,,,,,,,,,,,,,,,,,,,,,,,,,,,,,,,,,,,24,,-0.036464170963162235,0.16428837811843677,,,,,,,,,,,,,,,,,,,,,,,2024.0
TCL,Thaai Casting Limited,SME,2024-02-15,2024-02-20,2024-02-23,Rs.73 to Rs.77,77.0,sme,,,,,,,,,,,,,,,,,,,,,,,,,False,2876.0,,TCL,,Technology,2024-02-23,SM,,,,,,,,,,,,,,,,,,,,,,,,,,,,,,,,,,,,,,,,,,,,,,,,,,,,24,,-0.036464170963162235,0.16428837811843677,,,,,,,,,,,,,,,,,,,,,,,2024.0
ESCONET,Esconet Technologies Limited,SME,2024-02-16,2024-02-20,2024-02-23,Rs.80 to Rs.84,84.0,sme,,,,,,,,,,,,,,,,,,,,,,,,,False,2877.0,,ESCONET,,Technology,2024-02-23,SM,,,,,,,,,,,,,,,,,,,,,,,,,,,,,,,,,,,,,,,,,,,,,,,,,,,,24,,-0.02523642908426993,0.16493632551638449,,,,,,,,,,,,,,,,,,,,,,,2024.0
ZENITHDRUG,Zenith Drugs Limited,SME,2024-02-19,2024-02-22,2024-02-27,Rs.75 to Rs.79,79.0,sme,,,,,,,,,,,,,,,,,,,,,,,,,False,2874.0,,ZENITHDRUG,,Healthcare & Pharmaceuticals,2024-02-27,SM,,,,,,,,,,,,,,,,,,,,,,,,,,,,,,,,,,,,,,,,,,,,,,,,,,,,25,,-0.018943565652726257,0.16739408606099482,,,,,,,,,,,,,,,,,,,,,,,2024.0
DEEM,Deem Roll-Tech Limited,SME,2024-02-20,2024-02-22,2024-02-27,Rs.129,129.0,sme,,,,,,,,,,,,,,,,,,,,,,,,,False,2875.0,,DEEM,Metals & Mining,"Metals, Mining & Chemicals",2024-02-27,ST,,,,,,,,,,,,,,,,,,,,,,,,,,,,,,,,,,,,,,,,,,,,,,,,,,,,25,,-0.014258842334044841,0.16907736054065303,,,,,,,,,,,,,,,,,,,,,,,2024.0
JUNIPER,Juniper Hotels Limited,EQ,2024-02-21,2024-02-23,2024-02-28,Rs.342 to Rs.360,360.0,mainboard,,,,,,,,,,,,,,,,,,,,,,,,,False,1157.0,,JUNIPER,Hotels & Hospitality,Services & Others,2024-02-28,EQ,,,,,pre_listing,2023-12-31,2024-03-19 10:00:07,9.0,ytd,consolidated,763.1768,-30.610933333333335,non_financial,22.432884615384616,2024-06-30,16.875714285714285,2655.2662,2024-03-31,2024-05-28 13:01:06,22.432884615384616,xbrl_post_quarter,2024-02-28,,0.2660024906600249,-0.008935734546247964,0.27493822520627287,0.06139476961394763,0.07072724526275165,-0.009332475648804017,-0.006724782067247803,0.22618284352394213,-0.23290762559118994,-0.38804483188044836,-0.06586999211157918,-0.3221748397688692,-0.0631180307174416,0.24219156736604885,-0.30530959808349045,-0.21986114033242166,0.35313156467191664,-0.5729927050043383,-0.45802650957290125,0.09003134659283285,-0.5480578561657341,,,,,,,,26,,-0.018176856427200017,0.16401802565188928,8075.838461538462,True,22.0,,47.648226618874,17.0,,,3.0414421203939788,6.062689708614334,21.0,-0.6898217632733381,0.23809523809523808,10.581871018011112,4.879571505789121,20.0,0.7740848457784044,0.75,0.042131541252533156,in_line_loss_making,industry,"INDHOTEL,EIHOTEL,CHALET,LEMONTREE,MHRIL,ITDC,HLVLTD,EIHAHOTELS",2024.0
GPTHEALTH,GPT Healthcare Limited,EQ,2024-02-22,2024-02-26,2024-02-29,Rs.177 to Rs.186,186.0,mainboard,,,,,,,,,,,,,,,,,,,,,,,,,False,849.0,,GPTHEALTH,,Healthcare & Pharmaceuticals,2024-02-29,EQ,,,,,pre_listing,2023-12-31,2024-03-19 18:54:06,9.0,ytd,standalone,401.02306666666664,46.6036,non_financial,8.23512396694215,2024-06-30,7.965277777777779,218.4903,2024-03-31,2024-05-21 18:26:07,8.23512396694215,xbrl_post_quarter,2024-02-29,,-0.08868958644743385,-0.0037921690873067293,-0.08489741736012713,-0.3405580468360737,-0.01362842088733407,-0.32692962594873964,-0.08878923766816138,0.22422577939933364,-0.313015017067495,-0.3571998006975585,-0.04503827250827763,-0.3121615281892809,-0.13249643366619113,0.24219156736604885,-0.37468800103224,0.03857346647646209,0.35313156467191664,-0.31455809819545455,-0.22647646219686157,0.09003134659283285,-0.3165078087896944,,,,,,,,26,,-0.025879685129414742,0.152661543606875,1531.7330578512397,False,125.0,32.86726900606905,40.38652750414207,94.0,-0.2060189522016203,0.3723404255319149,7.010531167064349,4.14605394917495,119.0,0.5252564446661389,0.7394957983193278,3.8195634744482856,3.7370593668458465,111.0,0.02183710577578676,0.5135135135135135,0.02183710577578676,in_line,sector,"SUNPHARMA,CIPLA,DRREDDY,APOLLOHOSP,DIVISLAB,TORNTPHARM,MANKIND,MAXHEALTH",2024.0
SADHAV,Sadhav Shipping Limited,SME,2024-02-23,2024-02-27,2024-03-01,Rs.95,95.0,sme,,,,,,,,,,,,,,,,,,,,,,,,,False,2873.0,,SADHAV,Logistics,Services & Others,2024-03-01,SM,,,,,,,,,,,,,,,,,,,,,,,,,,,,,,,,,,,,,,,,,,,,,,,,,,,,26,,-0.01994093739949132,0.16961197872241418,,,,,,,,,,,,,,,,,,,,,,,2024.0
OWAIS,Owais Metal and Mineral Processing Limited,SME,2024-02-26,2024-02-28,2024-03-04,Rs.83 to Rs.87,87.0,sme,,,,,,,,,,,,,,,,,,,,,,,,,False,2872.0,,OWAIS,Metals & Mining,"Metals, Mining & Chemicals",2024-03-04,ST,,,,,,,,,,,,,,,,,,,,,,,,,,,,,,,,,,,,,,,,,,,,,,,,,,,,26,,-0.014356305371188038,0.17026939455656365,,,,,,,,,,,,,,,,,,,,,,,2024.0
EXICOM,Exicom Telesystems Limited,EQ,2024-02-27,2024-02-29,2024-03-05,Rs.135 to Rs.142,142.0,mainboard,,,,,,,,,,,,,,,,,,,,,,,,,False,715.0,,EXICOM,Capital Goods,Industrials & Infrastructure,2024-03-05,EQ,,,,,pre_listing,2023-12-31,2024-03-22 13:26:06,9.0,ytd,consolidated,958.2597333333333,48.60133333333333,non_financial,12.080529801324502,2024-06-30,9.171632653061225,721.5487,2024-03-31,2024-05-29 18:25:46,12.080529801324502,xbrl_post_quarter,2024-03-05,,0.025338964214269843,0.020491201367192735,0.004847762847077108,0.3871971549233164,0.08898101417928372,0.2982161407440327,0.5463436319182042,0.22720232850009348,0.31914130341811076,-0.36150255612358295,-0.049907874709605116,-0.31159468141397784,1.2233104799216457,0.20773794188955974,1.015572538032086,0.5541136141038199,0.29870446115677374,0.25540915294704614,-0.24187071498530843,0.06085962231390085,-0.3027303372992093,,,,,,,,26,,-0.01605216221747907,0.1662270551677132,1715.4352317880794,False,64.0,35.29605288856436,43.823800106874,50.0,-0.21640590974026946,0.44,2.37743513610111,7.643855942600277,60.0,-1.1678799477185406,0.08333333333333333,1.7901568563471721,3.8962175994525223,54.0,-0.7777029909784815,0.2037037037037037,-0.7777029909784815,below,industry,"SIEMENS,ABB,HAVELLS,CUMMINSIND,SUZLON,MAZDOCK,BDL,POWERINDIA",2024.0
PLATIND,Platinum Industries Limited,BE,2024-02-27,2024-02-29,2024-03-05,Rs.162 to Rs.171,171.0,mainboard,,,,,,,,,,,,,,,,,,,,,,,,,False,1717.0,,PLATIND,Chemicals,"Metals, Mining & Chemicals",2024-03-05,EQ,,,,,pre_listing,2023-12-31,2024-03-22 16:02:05,9.0,ytd,consolidated,245.38799999999998,44.14666666666666,non_financial,5.560188087774295,2024-06-30,4.018800000000001,331.136,2024-03-31,2024-05-16 14:31:58,5.560188087774295,xbrl_post_quarter,2024-03-05,,-0.09312839059674505,0.020491201367192735,-0.11361959196393778,-0.11143761301989141,0.08898101417928372,-0.20041862719917514,0.8259493670886076,0.22720232850009348,0.5987470385885141,0.17766726943942146,-0.049907874709605116,0.22757514414902658,0.15242521057217528,0.20773794188955974,-0.055312731317384456,1.2712750508277666,0.29870446115677374,0.9725705896709929,0.5718849840255591,0.06085962231390085,0.5110253617116582,,,,,,,,26,,-0.01605216221747907,0.1662270551677132,950.7921630094044,False,138.0,21.537122387709253,33.80394898716849,107.0,-0.4507995606858958,0.27102803738317754,2.8713041258256555,2.6802830300784133,130.0,0.06884392862102477,0.5384615384615384,3.874648161317605,1.695212038874349,123.0,0.8266470319141702,0.7154471544715447,0.06884392862102477,in_line,industry,"ASIANPAINT,GRASIM,PIDILITIND,SRF,BERGEPAINT,PIIND,FACT,FLUOROCHEM",2024.0
PURVFLEXI,Purv Flexipack Limited,SME,2024-02-27,2024-02-29,2024-03-05,Rs.70 to Rs.71,71.0,sme,,,,,,,,,,,,,,,,,,,,,,,,,False,2871.0,,PURVFLEXI,Manufacturing,Industrials & Infrastructure,2024-03-05,SM,,,,,,,,,,,,,,,,,,,,,,,,,,,,,,,,,,,,,,,,,,,,,,,,,,,,26,,-0.01605216221747907,0.1662270551677132,,,,,,,,,,,,,,,,,,,,,,,2024.0
MUKKA,Mukka Proteins Limited,BE,2024-02-29,2024-03-04,2024-03-07,Rs.26 to Rs.28,28.0,mainboard,,,,,,,,,,,,,,,,,,,,,,,,,False,1494.0,,MUKKA,Food & Beverages,Consumer & FMCG,2024-03-07,EQ,,,,,pre_listing,2023-12-31,2024-03-28 21:04:05,9.0,ytd,consolidated,1497.5093333333334,57.17733333333334,non_financial,30.183571428571423,2024-06-30,21.820833333333333,396.09,2024-03-31,2024-05-15 11:16:22,30.183571428571423,xbrl_post_quarter,2024-03-07,,-0.10059171597633132,0.03926853653264151,-0.13986025250897283,-0.19360946745562124,0.11919720060527461,-0.31280666806089585,0.05136094674556224,0.2417382728058799,-0.19037732606031765,-0.21254437869822473,-0.047800475572849166,-0.16474390312537557,-0.0900129701686122,0.185105150672497,-0.2751181208411092,0.04928664072632949,0.23147373519439918,-0.1821870944680697,-0.14811932555123197,0.0012430438655615106,-0.14936236941679348,,,,,,,,24,,-0.03217579732886311,0.1359927090244888,845.1399999999999,False,90.0,14.781032110626585,22.638105340489716,72.0,-0.4262898188055205,0.3611111111111111,2.1337069857860587,2.2418858960121324,84.0,-0.04945659356762939,0.4523809523809524,0.5643637613388274,0.9716137708612883,82.0,-0.5432593599039082,0.24390243902439024,-0.4262898188055205,below,industry,"NESTLEIND,VBL,BRITANNIA,TATACONSUM,UNITDSPR,MARICO,PATANJALI,UBL",2024.0
MVKAGRO,M.V.K. Agro food product limited,SME,2024-02-29,2024-03-04,2024-03-07,Rs.120,120.0,sme,,,,,,,,,,,,,,,,,,,,,,,,,False,2870.0,,MVKAGRO,Food & Beverages,Consumer & FMCG,2024-03-07,SM,,,,,,,,,,,,,,,,,,,,,,,,,,,,,,,,,,,,,,,,,,,,,,,,,,,,24,,-0.03217579732886311,0.1359927090244888,,,,,,,,,,,,,,,,,,,,,,,2024.0
RKSWAMY,R K Swamy Limited,EQ,2024-03-04,2024-03-06,2024-03-12,Rs.270 to Rs.288,288.0,mainboard,,,,,,,,,,,,,,,,,,,,,,,,,False,1869.0,,RKSWAMY,Media & Entertainment,Services & Others,2024-03-12,EQ,,,,,pre_listing,2023-12-31,2024-03-27 09:50:06,9.0,ytd,consolidated,284.31146666666666,18.066,non_financial,5.068139534883721,2024-06-30,4.4580158730158725,241.3487,2024-03-31,2024-05-25 09:50:53,5.068139534883721,xbrl_post_quarter,2024-03-12,,0.03255902513328235,0.06179334419526139,-0.02923431906197904,0.03903274942878898,0.18558413360875248,-0.1465513841799635,-0.03332063975628341,0.30715444465167363,-0.34047508440795704,-0.175894897182026,0.021743796912444324,-0.19763869409447032,-0.023522975929978096,0.20996127141411658,-0.23348424734409468,-0.10499635302698762,0.2931719060744564,-0.39816825910144404,-0.1818380743982494,0.0666375911517394,-0.2484756655499888,,,,,,,,24,,-0.014444022104616927,0.12447874387002789,1459.6241860465116,False,48.0,80.7939879357086,27.500021963719654,24.0,1.07771575266953,0.9166666666666666,6.047781430132051,2.005525856859769,33.0,1.1037851999073902,0.8787878787878788,5.133891373286779,1.9573557661300482,40.0,0.9642694604489764,0.825,1.07771575266953,well_above,industry,"SUNTV,NETWORK18,PVRINOX,SAREGAMA,TIPSMUSIC,DBCORP,DISHTV,NAVNETEDUL",2024.0
VR,V R Infraspace Limited,SME,2024-03-04,2024-03-06,2024-03-12,Rs.85,85.0,sme,,,,,,,,,,,,,,,,,,,,,,,,,False,2869.0,,VR,Construction,Industrials & Infrastructure,2024-03-12,SM,,,,,,,,,,,,,,,,,,,,,,,,,,,,,,,,,,,,,,,,,,,,,,,,,,,,24,,-0.014444022104616927,0.12447874387002789,,,,,,,,,,,,,,,,,,,,,,,2024.0
JGCHEM,J G Chemicals Limited,EQ,2024-03-05,2024-03-07,2024-03-13,Rs.210 to Rs.221,221.0,mainboard,,,,,,,,,,,,,,,,,,,,,,,,,False,1116.0,,JGCHEM,Chemicals,"Metals, Mining & Chemicals",2024-03-13,EQ,,,,,post_listing,2024-03-31,2024-05-09 18:14:53,12.0,ytd,consolidated,667.6885,30.8557,non_financial,3.9161082474226805,2024-06-30,,398.3942,2024-03-31,2024-05-09 18:14:53,3.9161082474226805,xbrl_post_quarter,2024-03-13,,0.20048701298701288,0.12695573434670315,0.07353127864030973,0.2422077922077921,0.26234673277320897,-0.020138940565416874,1.333333333333333,0.375938900929252,0.9573944324040811,0.7391774891774889,0.09899652643766887,0.6401809627398201,0.4448537378114843,0.14770041509708776,0.29715332271439654,0.5191765980498375,0.16745228369601928,0.35172431435381823,0.5731310942578549,0.0861177498692478,0.4870133443886071,,,,,,,,24,,-0.020360028459206814,0.11607403925516602,865.4599226804124,False,138.0,28.048623841961533,33.05005825100381,107.0,-0.16408375893506047,0.42990654205607476,2.1723707892344124,2.6491084385823083,130.0,-0.1984040443419036,0.4307692307692308,1.2962031286751419,1.6560408189585423,123.0,-0.2449903840515714,0.3821138211382114,-0.1984040443419036,below,industry,"ASIANPAINT,GRASIM,PIDILITIND,SRF,BERGEPAINT,PIIND,FACT,FLUOROCHEM",2024.0
SONAMAC,Sona Machinery Limited,SME,2024-03-05,2024-03-07,2024-03-13,Rs.136 to Rs.143,143.0,sme,,,,,,,,,,,,,,,,,,,,,,,,,False,2868.0,,SONAMAC,,,2024-03-13,SM,,,,,,,,,,,,,,,,,,,,,,,,,,,,,,,,,,,,,,,,,,,,,,,,,,,,24,,-0.020360028459206814,0.11607403925516602,,,,,,,,,,,,,,,,,,,,,,,2024.0
GOPAL,Gopal Snacks Limited,EQ,2024-03-06,2024-03-11,2024-03-14,Rs.381 to Rs.401,401.0,mainboard,,,,,,,,,,,,,,,,,,,,,,,,,False,845.0,,GOPAL,Food & Beverages,Consumer & FMCG,2024-03-14,EQ,,,,,pre_listing,2023-12-31,2024-04-02 17:32:05,9.0,ytd,standalone,1391.6986666666664,97.94386666666665,non_financial,12.461538461538462,2024-06-30,12.425416666666669,390.3641,2024-03-31,2024-05-09 17:48:34,12.461538461538462,xbrl_post_quarter,2024-03-14,,-0.13496002205679625,0.09270336219741293,-0.22766338425420918,-0.07857733664185274,0.21954695631518706,-0.2981242929570398,-0.032258064516129004,0.32989267744930784,-0.36215074196543684,-0.23959194926936855,0.07411446299135505,-0.3137064122607236,-0.07596548309520434,0.17569787625246014,-0.2516633593476645,0.08261423115009192,0.16256841029249225,-0.07995417914240033,-0.2277549865610412,-0.03763271347827968,-0.19012227308276153,,,,,,,,26,,-0.026695125873512526,0.10588096327904672,4997.076923076923,False,90.0,51.019804436387275,22.822605279184124,72.0,0.8044623752265694,0.7222222222222222,12.801066806801453,2.290063887399972,84.0,1.7209487961290635,0.9166666666666666,3.590631393680713,0.9762671494198842,82.0,1.302347074068203,0.8536585365853658,1.302347074068203,well_above,industry,"NESTLEIND,VBL,BRITANNIA,TATACONSUM,UNITDSPR,MARICO,PATANJALI,UBL",2024.0
SHREEKARNI,Shree Karni Fabcom Limited,SME,2024-03-06,2024-03-11,2024-03-14,Rs.220 to Rs.227,227.0,sme,,,,,,,,,,,,,,,,,,,,,,,,,False,2867.0,,SHREEKARNI,,,2024-03-14,SM,,,,,,,,,,,,,,,,,,,,,,,,,,,,,,,,,,,,,,,,,,,,,,,,,,,,26,,-0.026695125873512526,0.10588096327904672,,,,,,,,,,,,,,,,,,,,,,,2024.0
PRATHAM,Pratham EPC Projects Limited,SME,2024-03-11,2024-03-13,2024-03-18,Rs.71 to Rs.75,75.0,sme,,,,,,,,,,,,,,,,,,,,,,,,,False,2866.0,,PRATHAM,,,2024-03-18,SM,,,,,,,,,,,,,,,,,,,,,,,,,,,,,,,,,,,,,,,,,,,,,,,,,,,,27,,-0.03815677904154846,0.09891023547228084,,,,,,,,,,,,,,,,,,,,,,,2024.0
PVSL,Popular Vehicles and Services Limited,EQ,2024-03-12,2024-03-14,2024-03-19,Rs.280 to Rs.295,295.0,mainboard,,,,,,,,,,,,,,,,,,,,,,,,,False,1785.0,,PVSL,Automobiles,Automobile & Mobility,2024-03-19,EQ,,,,,pre_listing,2023-12-31,2024-04-10 14:50:06,9.0,ytd,consolidated,5669.086266666666,74.6232,non_financial,7.077922077922078,2024-06-30,6.268818897637796,653.157,2024-03-31,2024-05-29 18:36:37,7.077922077922078,xbrl_post_quarter,2024-03-19,,-0.13507151910193727,0.12884884534639607,-0.26392036444833333,-0.0779286619590801,0.24272145439701442,-0.32065011635609453,-0.1985515118594966,0.357530761604852,-0.5560822734643486,-0.6454825276118051,0.1068674189409844,-0.7523499465527895,-0.04155444401692954,0.15800654607871634,-0.19956099009564587,-0.2240092343208926,0.20529103291639883,-0.4293002672372914,-0.6245094267025779,0.02804436714168701,-0.6525537938442649,,,,,,,,27,,-0.05739273380570431,0.07092685483543537,2087.987012987013,False,14.0,27.98040037129221,30.349861791131215,13.0,-0.0812876853303764,0.38461538461538464,3.19676128861363,5.441850724680819,14.0,-0.5319810097723374,0.14285714285714285,0.3683110319319089,2.6541512368806415,13.0,-1.9749524211157297,0.0,-0.5319810097723374,below,industry,"TMPV,MARUTI,BAJAJ-AUTO,M&M,TVSMOTOR,EICHERMOT,HEROMOTOCO,ASHOKLEY",2024.0
SIGNORIA,Signoria Creation Limited,SME,2024-03-12,2024-03-14,2024-03-19,Rs.61 to Rs.65,65.0,sme,,,,,,,,,,,,,,,,,,,,,,,,,False,2865.0,,SIGNORIA,,,2024-03-19,ST,,,,,,,,,,,,,,,,,,,,,,,,,,,,,,,,,,,,,,,,,,,,,,,,,,,,27,,-0.05739273380570431,0.07092685483543537,,,,,,,,,,,,,,,,,,,,,,,2024.0
12AIL28,AVP Infracon Limited,SME,2024-03-13,2024-03-15,2026-09-02,Rs.71 to Rs.75,10000.0,sme,,,,,,,,,,,,,,,,,,,,,,,,,False,,,,,,,,,,,,,,,,,,,,,,,,,,,,,,,,,,,,,,,,,,,,,,,,,,,,,,,,,,,28,,-0.07678787819719379,0.05018995387890257,,,,,,,,,,,,,,,,,,,,,,,2026.0
KRYSTAL,Krystal Integrated Services Limited,EQ,2024-03-14,2024-03-18,2024-03-21,Rs.680 to Rs.715,715.0,mainboard,,,,,,,,,,,,,,,,,,,,,,,,,False,1260.0,,KRYSTAL,Other Services,Services & Others,2024-03-21,EQ,,,,,pre_listing,2023-12-31,2024-04-10 18:56:06,9.0,ytd,consolidated,979.576,31.16,non_financial,0.977406392694064,2024-06-30,0.8125000000000001,373.7747,2024-03-31,2024-05-27 20:08:22,0.977406392694064,xbrl_post_quarter,2024-03-21,,0.0761731079469734,0.12043951506695239,-0.04426640711997898,0.20523251735989323,0.21700967445701314,-0.011777157097119906,0.07294662271165042,0.3182675674328874,-0.245320944721237,-0.3595426807883847,0.07576900899105166,-0.43531168977943635,-0.2584866673226409,0.15800654607871634,-0.41649321340135725,-0.268424677752632,0.20529103291639883,-0.47371571066903084,-0.4755485584965069,0.02804436714168701,-0.5035929256381939,,,,,,,,29,,-0.12457400530848672,-0.010538529893439619,698.8455707762558,False,46.0,22.427649896542228,23.47993568954979,33.0,-0.045851687976655314,0.48484848484848486,1.8696973625455544,2.619004468032879,39.0,-0.3370176919729827,0.358974358974359,0.7134163870656853,1.7975677376464612,36.0,-0.924124530214171,0.3611111111111111,-0.3370176919729827,below,industry,"ADANIENT,CRISIL,BSE,BLS,MMTC,RTNINDIA,QUESS,SIS",2024.0
ENFUSE,Enfuse Solutions Limited,SME,2024-03-15,2024-03-19,2024-03-22,Rs.91 to Rs.96,96.0,sme,,,,,,,,,,,,,,,,,,,,,,,,,False,2863.0,,ENFUSE,,,2024-03-22,SM,,,,,,,,,,,,,,,,,,,,,,,,,,,,,,,,,,,,,,,,,,,,,,,,,,,,30,,-0.09731684258744866,0.012384543914302881,,,,,,,,,,,,,,,,,,,,,,,2024.0
ENSER,Enser Communications Limited,SME,2024-03-15,2024-03-19,2024-03-22,Rs.70,70.0,sme,,,,,,,,,,,,,,,,,,,,,,,,,False,2862.0,,ENSER,,,2024-03-22,SM,,,,,,,,,,,,,,,,,,,,,,,,,,,,,,,,,,,,,,,,,,,,,,,,,,,,30,,-0.09731684258744866,0.012384543914302881,,,,,,,,,,,,,,,,,,,,,,,2024.0
OMFURNFPO,Omfurn India Limited - FPO,SME,2024-03-20,2024-03-22,2024-03-28,Rs.71 to Rs.75,75.0,sme,,,,,,,,,,,,,,,,,,,,,,,,,False,,,,,,,,,,,,,,,,,,,,,,,,,,,,,,,,,,,,,,,,,,,,,,,,,,,,,,,,,,,29,,-0.10864204750348438,-0.012279545969997807,,,,,,,,,,,,,,,,,,,,,,,2024.0
VISHWAS,Vishwas Agri Seeds Limited,SME,2024-03-21,2024-03-26,2024-04-01,Rs.86,86.0,sme,,,,,,,,,,,,,,,,,,,,,,,,,False,2861.0,,VISHWAS,,,2024-04-01,ST,,,,,,,,,,,,,,,,,,,,,,,,,,,,,,,,,,,,,,,,,,,,,,,,,,,,28,,-0.10765767082833844,0.022964190610975432,,,,,,,,,,,,,,,,,,,,,,,2024.0
NAMAN,Naman In-Store (India) Limited,SME,2024-03-22,2024-03-27,2024-04-02,Rs.84 to Rs.89,89.0,sme,,,,,,,,,,,,,,,,,,,,,,,,,False,2860.0,,NAMAN,,,2024-04-02,SM,,,,,,,,,,,,,,,,,,,,,,,,,,,,,,,,,,,,,,,,,,,,,,,,,,,,29,,-0.08727165222589339,0.028917780626258827,,,,,,,,,,,,,,,,,,,,,,,2024.0
ASPIRE,Aspire and Innovative Advertising Limited,SME,2024-03-26,2024-03-28,2024-04-03,Rs.51 to Rs.54,54.0,sme,,,,,,,,,,,,,,,,,,,,,,,,,False,2859.0,,ASPIRE,,,2024-04-03,SM,,,,,,,,,,,,,,,,,,,,,,,,,,,,,,,,,,,,,,,,,,,,,,,,,,,,26,,-0.07985796386720345,0.0267836426914152,,,,,,,,,,,,,,,,,,,,,,,2024.0
BLUEPEBBLE,Blue Pebble Limited,SME,2024-03-26,2024-03-28,2024-04-03,Rs.159 to Rs.168,168.0,sme,,,,,,,,,,,,,,,,,,,,,,,,,False,2858.0,,BLUEPEBBLE,,,2024-04-03,SM,,,,,,,,,,,,,,,,,,,,,,,,,,,,,,,,,,,,,,,,,,,,,,,,,,,,26,,-0.07985796386720345,0.0267836426914152,,,,,,,,,,,,,,,,,,,,,,,2024.0
SRM,SRM Contractors Limited,BE,2024-03-26,2024-03-28,2024-04-03,Rs.200 to Rs.210,210.0,mainboard,,,,,,,,,,,,,,,,,,,,,,,,,False,2138.0,,SRM,Engineering,Industrials & Infrastructure,2024-04-03,EQ,,,,,pre_listing,2024-03-31,2024-05-31 19:30:32,12.0,ytd,consolidated,342.421,26.9663,non_financial,0.57328125,2024-06-30,0.4187169042769857,235.6545,2024-09-30,2024-11-14 20:01:50,0.57328125,xbrl_post_quarter,2024-04-03,,-0.15287610619469028,0.018180792348003738,-0.171056898542694,-0.21469026548672576,0.17569787625246014,-0.3903881417391859,0.1207964601769913,0.16256841029249225,-0.041771950115500944,0.3982300884955752,-0.03763271347827968,0.43586280197385485,0.4972551285755562,0.1451869268751469,0.3520682017004093,0.9748627564287777,0.13761580061133305,0.8372469558174447,1.6194741404218433,0.0982145936201897,1.5212595468016537,,,,,,,,26,,-0.07985796386720345,0.0267836426914152,120.3890625,False,108.0,4.464426432250623,28.88510355017701,78.0,-1.8671852666841255,0.05128205128205128,0.5108710527488335,2.920914479030191,96.0,-1.7435348085798874,0.020833333333333332,0.3515820072367057,2.1989944907004038,94.0,-1.8333124946411778,0.07446808510638298,-1.8333124946411778,below,industry,"LT,BEL,BHEL,RVNL,THERMAX,IRB,AIAENG,IRCON",2024.0
TRUST,Trust Fintech Limited,SME,2024-03-26,2024-03-28,2024-04-04,Rs.95 to Rs.101,101.0,sme,,,,,,,,,,,,,,,,,,,,,,,,,False,2857.0,,TRUST,,,2024-04-04,SM,,,,,,,,,,,,,,,,,,,,,,,,,,,,,,,,,,,,,,,,,,,,,,,,,,,,26,,-0.07985796386720345,0.0267836426914152,,,,,,,,,,,,,,,,,,,,,,,2024.0
RADIOWALLA,Radiowalla Network Limited,SME,2024-03-27,2024-04-02,2024-04-05,Rs.72 to Rs.76,76.0,sme,,,,,,,,,,,,,,,,,,,,,,,,,False,2855.0,,RADIOWALLA,,,2024-04-05,ST,,,,,,,,,,,,,,,,,,,,,,,,,,,,,,,,,,,,,,,,,,,,,,,,,,,,23,,-0.07943887280748774,0.024206607388129964,,,,,,,,,,,,,,,,,,,,,,,2024.0
TAC,TAC Infosec Limited,SME,2024-03-27,2024-04-02,2024-04-05,Rs.100 to Rs.106,106.0,sme,,,,,,,,,,,,,,,,,,,,,,,,,False,2856.0,,TAC,,,2024-04-05,ST,,,,,,,,,,,,,,,,,,,,,,,,,,,,,,,,,,,,,,,,,,,,,,,,,,,,23,,-0.07943887280748774,0.024206607388129964,,,,,,,,,,,,,,,,,,,,,,,2024.0
YASHOPTICS,Yash Optics and Lens Limited,SME,2024-03-27,2024-04-03,2024-04-08,Rs.75 to Rs.81,81.0,sme,,,,,,,,,,,,,,,,,,,,,,,,,False,2854.0,,YASHOPTICS,,,2024-04-08,SM,,,,,,,,,,,,,,,,,,,,,,,,,,,,,,,,,,,,,,,,,,,,,,,,,,,,23,,-0.07943887280748774,0.024206607388129964,,,,,,,,,,,,,,,,,,,,,,,2024.0
ALUWIND,Aluwind Architectural Limited,SME,2024-03-28,2024-04-04,2024-04-09,Rs.45,45.0,sme,,,,,,,,,,,,,,,,,,,,,,,,,False,2851.0,,ALUWIND,,,2024-04-09,SM,,,,,,,,,,,,,,,,,,,,,,,,,,,,,,,,,,,,,,,,,,,,,,,,,,,,22,,-0.07191797510794029,0.029493167272098386,,,,,,,,,,,,,,,,,,,,,,,2024.0
CGRAPHICS,Creative Graphics Solutions India Limited,SME,2024-03-28,2024-04-04,2024-04-09,Rs.80 to Rs.85,85.0,sme,,,,,,,,,,,,,,,,,,,,,,,,,False,2852.0,,CGRAPHICS,,,2024-04-09,SM,,,,,,,,,,,,,,,,,,,,,,,,,,,,,,,,,,,,,,,,,,,,,,,,,,,,22,,-0.07191797510794029,0.029493167272098386,,,,,,,,,,,,,,,,,,,,,,,2024.0
K2INFRA,K2 Infragen Limited,SME,2024-03-28,2024-04-03,2024-04-08,Rs.111 to Rs.119,119.0,sme,,,,,,,,,,,,,,,,,,,,,,,,,False,2853.0,,K2INFRA,,,2024-04-08,ST,,,,,,,,,,,,,,,,,,,,,,,,,,,,,,,,,,,,,,,,,,,,,,,,,,,,22,,-0.07191797510794029,0.029493167272098386,,,,,,,,,,,,,,,,,,,,,,,2024.0
BHARTIHEXA,Bharti Hexacom Limited,EQ,2024-04-03,2024-04-05,2024-04-12,Rs.542 to Rs.570,570.0,mainboard,,,,,,,,,,,,,,,,,,,,,,,,,False,348.0,,BHARTIHEXA,Telecom,Services & Others,2024-04-12,EQ,,,,,pre_listing,2024-03-31,2024-05-14 22:44:44,12.0,ytd,standalone,7088.8,504.3754,non_financial,50.019762845849804,2024-09-30,50.03391011235955,5202.7023,2024-09-30,2024-10-28 22:18:58,50.019762845849804,xbrl_post_quarter,2024-04-12,,0.17306037132669383,0.007117147397721624,0.1659432239289722,0.3098487642936185,0.15800654607871634,0.15184221821490218,0.8121849256117053,0.20529103291639883,0.6068938926953065,1.0212713635804747,0.02804436714168701,0.9932269964387876,0.18180388868507946,0.10685818342060238,0.07494570526447708,0.49468057229704954,0.08030159676499538,0.41437897553205416,0.7689848540432893,0.06518611643942118,0.7037987376038681,,,,,,,,21,,-0.03132786890571759,0.05510378847392361,28511.264822134388,False,18.0,56.52786559799385,40.204044729973205,10.0,0.34076610725861145,0.7,5.4800876886871634,6.130466787963959,11.0,-0.11214979274995131,0.45454545454545453,4.022015689839519,1.8974482755623785,15.0,0.7512732216867632,0.8,0.34076610725861145,above,industry,"BHARTIARTL,INDUSTOWER,IDEA,TATACOMM,ITI,TTML,HFCL,RAILTEL",2024.0
DCG,DCG Cables & Wires Limited,SME,2024-04-08,2024-04-10,2024-04-16,Rs.100,100.0,sme,,,,,,,,,,,,,,,,,,,,,,,,,False,2849.0,,DCG,,,2024-04-16,SM,,,,,,,,,,,,,,,,,,,,,,,,,,,,,,,,,,,,,,,,,,,,,,,,,,,,22,,-0.00924274468907671,0.06733023946018224,,,,,,,,,,,,,,,,,,,,,,,2024.0
TGL,Teerth Gopicon Limited,SME,2024-04-08,2024-04-10,2024-04-16,Rs.111,111.0,sme,,,,,,,,,,,,,,,,,,,,,,,,,False,2848.0,,TGL,,,2024-04-16,ST,,,,,,,,,,,,,,,,,,,,,,,,,,,,,,,,,,,,,,,,,,,,,,,,,,,,22,,-0.00924274468907671,0.06733023946018224,,,,,,,,,,,,,,,,,,,,,,,2024.0
BIRDYS,Grill Splendour Services Limited,SME,2024-04-15,2024-04-18,2024-04-23,Rs.120,120.0,sme,,,,,,,,,,,,,,,,,,,,,,,,,False,2846.0,,BIRDYS,,,2024-04-23,SM,,,,,,,,,,,,,,,,,,,,,,,,,,,,,,,,,,,,,,,,,,,,,,,,,,,,23,,-0.004437816957918783,0.0655291953671282,,,,,,,,,,,,,,,,,,,,,,,2024.0
RBS,Ramdevbaba Solvent Limited,SME,2024-04-15,2024-04-18,2024-04-23,Rs.80 to Rs.85,85.0,sme,,,,,,,,,,,,,,,,,,,,,,,,,False,2847.0,,RBS,,,2024-04-23,SM,,,,,,,,,,,,,,,,,,,,,,,,,,,,,,,,,,,,,,,,,,,,,,,,,,,,23,,-0.004437816957918783,0.0655291953671282,,,,,,,,,,,,,,,,,,,,,,,2024.0
IDEAFPO,Vodafone Idea Limited - FPO,EQ,2024-04-18,2024-04-22,2024-04-25,Rs.10 to Rs.11,,mainboard,,,,,,,,,,,,,,,,,,,,,,,,,False,,,,,,,,,,,,,,,,,,,,,,,,,,,,,,,,,,,,,,,,,,,,,,,,,,,,,,,,,,,22,,-0.013433655286232749,0.04335606672278436,,,,,,,,,,,,,,,,,,,,,,,2024.0
JNKINDIA,JNK India Limited,EQ,2024-04-23,2024-04-25,2024-04-30,Rs.395 to Rs.415,415.0,mainboard,,,,,,,,,,,,,,,,,,,,,,,,,False,1137.0,,JNKINDIA,Engineering,Industrials & Infrastructure,2024-04-30,EQ,,,,,pre_listing,2024-03-31,2024-05-31 19:18:46,12.0,ytd,consolidated,480.241,62.649,non_financial,5.457042253521127,2024-09-30,4.839825581395349,498.635,2024-09-30,2024-11-15 11:00:57,5.457042253521127,xbrl_post_quarter,2024-04-30,,-0.07587646677704984,-0.017775714628569972,-0.05810075214847987,0.0824274710244044,0.13355312188159219,-0.05112565085718779,-0.06709380174213508,0.10421008753647354,-0.17130388927860862,-0.5106903750629903,-0.029728295880859346,-0.48096207918213096,0.1603449652639144,0.1451869268751469,0.015158038388767503,-0.02539327637147648,0.13761580061133305,-0.16300907698280953,-0.42330112592829183,0.0982145936201897,-0.5215157195484815,,,,,,,,21,,-0.0034079575321059874,0.065390439409305,2264.6725352112676,False,108.0,36.148582343074395,32.31721899548904,78.0,0.11203754785751324,0.6153846153846154,4.541744031628882,3.177178910506254,96.0,0.3573174182292379,0.6145833333333334,4.715700107261287,2.3905104845812444,94.0,0.6793904551548152,0.7659574468085106,0.3573174182292379,above,industry,"LT,BEL,BHEL,RVNL,THERMAX,IRB,AIAENG,IRCON",2024.0
SLONE,Slone Infosystems Limited,SME,2024-05-03,2024-05-07,2024-05-10,Rs.79,79.0,sme,,,,,,,,,,,,,,,,,,,,,,,,,False,2845.0,,SLONE,,,2024-05-10,ST,,,,,,,,,,,,,,,,,,,,,,,,,,,,,,,,,,,,,,,,,,,,,,,,,,,,21,,0.0,0.07590841974847673,,,,,,,,,,,,,,,,,,,,,,,2024.0
INDGN,Indegene Limited,EQ,2024-05-06,2024-05-08,2024-05-13,Rs.430 to Rs.452,452.0,mainboard,,,,,,,,,,,,,,,,,,,,,,,,,False,1019.0,,INDGN,Pharmaceuticals,Healthcare & Pharmaceuticals,2024-05-13,EQ,,,,,pre_listing,2024-03-31,2024-05-30 12:48:40,12.0,ytd,consolidated,2589.6,336.7,non_financial,23.880208333333336,2024-09-30,22.62295081967213,2360.0,2024-09-30,2024-10-28 19:35:35,23.880208333333336,xbrl_post_quarter,2024-05-13,,-0.016027325275880133,0.0905536268956697,-0.10658095217154984,0.0027150113855316516,0.1555669983223429,-0.15285198693681123,0.17647574005955513,0.15767652774778673,0.0187992123117684,0.04983359607637072,0.0974071059581747,-0.04757350988180398,0.12182010175674374,0.16197009595786693,-0.040149994201123196,0.2035134875683977,0.1523583109623623,0.05115517660603541,0.11663626763943546,0.10617118832251315,0.01046507931692231,,,,,,,,21,,-0.0034766916534161307,0.0707358330028236,10793.854166666668,False,63.0,32.05777893277894,33.120423052989786,47.0,-0.032610236446557944,0.44680851063829785,4.573667019774012,4.375112286692808,60.0,0.04438310946535107,0.5166666666666667,4.16815499176192,3.8665076357821397,57.0,0.07512180996161115,0.543859649122807,0.04438310946535107,in_line,industry,"CIPLA,DRREDDY,DIVISLAB,LUPIN,ALKEM,BIOCON,IPCALAB,SYNGENE",2024.0
REFRACTORY,Refractory Shapes Limited,SME,2024-05-06,2024-05-09,2024-05-14,Rs.27 to Rs.31,31.0,sme,,,,,,,,,,,,,,,,,,,,,,,,,False,2843.0,,REFRACTORY,,,2024-05-14,SM,,,,,,,,,,,,,,,,,,,,,,,,,,,,,,,,,,,,,,,,,,,,,,,,,,,,21,,-0.0034766916534161307,0.0707358330028236,,,,,,,,,,,,,,,,,,,,,,,2024.0
WINSOL,Winsol Engineers Limited,SME,2024-05-06,2024-05-09,2024-05-14,Rs.71 to Rs.75,75.0,sme,,,,,,,,,,,,,,,,,,,,,,,,,False,2844.0,,WINSOL,,,2024-05-14,SM,,,,,,,,,,,,,,,,,,,,,,,,,,,,,,,,,,,,,,,,,,,,,,,,,,,,21,,-0.0034766916534161307,0.0707358330028236,,,,,,,,,,,,,,,,,,,,,,,2024.0
SILKFLEX,Silkflex Polymers (India) Limited,SME,2024-05-07,2024-05-10,2024-05-15,Rs.52,52.0,sme,,,,,,,,,,,,,,,,,,,,,,,,,False,2842.0,,SILKFLEX,,,2024-05-15,SM,,,,,,,,,,,,,,,,,,,,,,,,,,,,,,,,,,,,,,,,,,,,,,,,,,,,20,,-0.014591378309482317,0.03675440634646665,,,,,,,,,,,,,,,,,,,,,,,2024.0
AADHARHFC,Aadhar Housing Finance Limited,EQ,2024-05-08,2024-05-10,2024-05-15,Rs.300 to Rs.315,315.0,mainboard,,,,,,,,,,,,,,,,,,,,,,,,,False,16.0,,AADHARHFC,,Financial Services,2024-05-15,EQ,,,,,,,,,,,,,,,,,,,,,,2024-05-15,,0.2004856579147063,0.08232995489657324,0.11815570301813305,0.1701320382455609,0.10685818342060238,0.06327385482495851,0.28668993777507956,0.08030159676499538,0.2063883410100842,0.33783578691758986,0.06518611643942118,0.2726496704781687,,,,,,,,,,,,,,,,,20,,-0.03212627142172075,0.01690842073162635,,,,,,,,,,,,,,,,,,,,,,,2024.0
TBOTEK,TBO Tek Limited,EQ,2024-05-08,2024-05-10,2024-05-15,Rs.875 to Rs.920,920.0,mainboard,,,,,,,,,,,,,,,,,,,,,,,,,False,2254.0,,TBOTEK,Consumer Services,Consumer & FMCG,2024-05-15,EQ,,,,,pre_listing,2024-03-31,2024-05-31 14:38:17,12.0,ytd,consolidated,1392.819,202.147,non_financial,10.523292469352015,2024-09-30,10.18056768558952,1075.861,2024-09-30,2024-11-13 13:04:12,10.523292469352015,xbrl_post_quarter,2024-05-15,,0.11174713787954205,0.08232995489657324,0.029417182982968804,0.11978240773661386,0.10685818342060238,0.012924224316011479,0.13165754106520655,0.08030159676499538,0.051355944300211176,-0.12365782549953774,0.06518611643942118,-0.18884394193895893,0.27707347404055405,0.1451869268751469,0.13188654716540715,0.0636982279180629,0.13761580061133305,-0.07391757269327015,-0.08632422536184325,0.0982145936201897,-0.18453881898203295,,,,,,,,20,,-0.03212627142172075,0.01690842073162635,9681.429071803854,False,33.0,47.89301385528281,36.56271712860144,26.0,0.2699405817127386,0.5769230769230769,8.998773142444845,3.620477746628006,29.0,0.9104822592015337,0.6896551724137931,6.950959939377517,2.246071808928539,27.0,1.1296969430891712,0.8148148148148148,0.9104822592015337,well_above,industry,"TITAN,IRCTC,KALYANKJIL,RELAXO,BATAINDIA,THOMASCOOK,JUSTDIAL,EASEMYTRIP",2024.0
EMMIL,Energy-Mission Machineries (India) Limited,SME,2024-05-09,2024-05-13,2024-05-16,Rs.131 to Rs.138,60.0,sme,,,,,,,,,,,,,,,,,,,,,,,,,False,2841.0,,EMMIL,,,2024-05-16,SM,,,,,,,,,,,,,,,,,,,,,,,,,,,,,,,,,,,,,,,,,,,,,,,,,,,,20,,-0.027352918906640378,0.01574865411606563,,,,,,,,,,,,,,,,,,,,,,,2024.0
ABSMARINE,ABS Marine Services Limited,SME,2024-05-10,2024-05-15,2024-05-21,Rs.140 to Rs.147,147.0,sme,,,,,,,,,,,,,,,,,,,,,,,,,False,2837.0,,ABSMARINE,,,2024-05-21,ST,,,,,,,,,,,,,,,,,,,,,,,,,,,,,,,,,,,,,,,,,,,,,,,,,,,,20,,-0.053131546402160446,-0.010683394425252457,,,,,,,,,,,,,,,,,,,,,,,2024.0
PRLIND,Premier Roadlines Limited,SME,2024-05-10,2024-05-14,2024-05-17,Rs.63 to Rs.67,67.0,sme,,,,,,,,,,,,,,,,,,,,,,,,,False,2840.0,,PRLIND,,,2024-05-17,SM,,,,,,,,,,,,,,,,,,,,,,,,,,,,,,,,,,,,,,,,,,,,,,,,,,,,20,,-0.053131546402160446,-0.010683394425252457,,,,,,,,,,,,,,,,,,,,,,,2024.0
IEML,Indian Emulsifiers Limited,SME,2024-05-13,2024-05-16,2024-05-22,Rs.125 to Rs.132,132.0,sme,,,,,,,,,,,,,,,,,,,,,,,,,False,2836.0,,IEML,,,2024-05-22,SM,,,,,,,,,,,,,,,,,,,,,,,,,,,,,,,,,,,,,,,,,,,,,,,,,,,,19,,-0.046913253072865424,-0.013406139064607414,,,,,,,,,,,,,,,,,,,,,,,2024.0
MANDEEP,Mandeep Auto Industries Limited,SME,2024-05-13,2024-05-15,2024-05-21,Rs.67,67.0,sme,,,,,,,,,,,,,,,,,,,,,,,,,False,2839.0,,MANDEEP,,,2024-05-21,SM,,,,,,,,,,,,,,,,,,,,,,,,,,,,,,,,,,,,,,,,,,,,,,,,,,,,19,,-0.046913253072865424,-0.013406139064607414,,,,,,,,,,,,,,,,,,,,,,,2024.0
VERITAAS,Veritaas Advertising Limited,SME,2024-05-13,2024-05-15,2024-05-21,Rs.109 to Rs.114,114.0,sme,,,,,,,,,,,,,,,,,,,,,,,,,False,2838.0,,VERITAAS,,,2024-05-21,SM,,,,,,,,,,,,,,,,,,,,,,,,,,,,,,,,,,,,,,,,,,,,,,,,,,,,19,,-0.046913253072865424,-0.013406139064607414,,,,,,,,,,,,,,,,,,,,,,,2024.0
GODIGIT,Go Digit General Insurance Limited,EQ,2024-05-15,2024-05-17,2024-05-23,Rs.258 to Rs.272,272.0,mainboard,,,,,,,,,,,,,,,,,,,,,,,,,False,832.0,,GODIGIT,,Financial Services,2024-05-23,EQ,,,,,,,,,,,,,,,,,,,,,,2024-05-23,,0.08643790849673194,0.0731657418394358,0.013272166657296136,0.19330065359477122,0.1334961616784749,0.05980449191629633,0.14885620915032693,0.08710267313363773,0.0617535360166892,0.09281045751633976,0.056257612907083976,0.036552844609255786,,,,,,,,,,,,,,,,,17,,-0.03362800030286961,-0.0004927233570448664,,,,,,,,,,,,,,,,,,,,,,,2024.0
QUESTLAB,Quest Laboratories Limited,SME,2024-05-15,2024-05-17,2024-05-23,Rs.93 to Rs.97,97.0,sme,,,,,,,,,,,,,,,,,,,,,,,,,False,2835.0,,QUESTLAB,,,2024-05-23,SM,,,,,,,,,,,,,,,,,,,,,,,,,,,,,,,,,,,,,,,,,,,,,,,,,,,,17,,-0.03362800030286961,-0.0004927233570448664,,,,,,,,,,,,,,,,,,,,,,,2024.0
HOACFOODS,HOAC Foods India Limited,SME,2024-05-16,2024-05-21,2024-05-24,Rs.48,48.0,sme,,,,,,,,,,,,,,,,,,,,,,,,,False,2833.0,,HOACFOODS,,,2024-05-24,ST,,,,,,,,,,,,,,,,,,,,,,,,,,,,,,,,,,,,,,,,,,,,,,,,,,,,19,,-0.02632442391660983,0.02001870660052152,,,,,,,,,,,,,,,,,,,,,,,2024.0
RULKA,Rulka Electricals Limited,SME,2024-05-16,2024-05-21,2024-05-24,Rs.223 to Rs.235,235.0,sme,,,,,,,,,,,,,,,,,,,,,,,,,False,2834.0,,RULKA,,,2024-05-24,SM,,,,,,,,,,,,,,,,,,,,,,,,,,,,,,,,,,,,,,,,,,,,,,,,,,,,19,,-0.02632442391660983,0.02001870660052152,,,,,,,,,,,,,,,,,,,,,,,2024.0
AWFIS,Awfis Space Solutions Limited,EQ,2024-05-22,2024-05-27,2024-05-30,Rs.364 to Rs.383,383.0,mainboard,,,,,,,,,,,,,,,,,,,,,,,,,False,260.0,,AWFIS,Real Estate,Real Estate & Construction,2024-05-30,EQ,,,,,pre_listing,2024-03-31,2024-06-20 12:11:34,12.0,ytd,consolidated,848.819,-17.5668,non_financial,6.967747747747748,2024-09-30,6.547142857142857,424.263,2024-09-30,2024-11-12 13:53:20,6.967747747747748,xbrl_post_quarter,2024-05-30,,0.22240663900414925,0.11675063255733198,0.10565600644681727,0.7774748073503259,0.1683583087651388,0.6091164985851871,0.655957320687611,0.14712945964975432,0.5088278610378567,0.6231179608772968,0.10426345249309565,0.5188545083842011,0.472103441254327,0.08318985366540455,0.38891358758892247,0.4310731012013844,0.03352877855049852,0.3975443226508859,0.32651191203420904,0.02663002191059194,0.2998818901236171,,,,,,,,17,,-0.0042515139154717385,0.05770544692225399,2668.6473873873874,True,73.0,,32.56890494627308,55.0,,,6.290078058627285,2.9641544119869345,70.0,0.7523816787030323,0.8857142857142857,3.1439534074842665,1.472784308248695,69.0,0.7583263584414373,0.7246376811594203,0.7553540185722347,well_above,sector,"ULTRACEMCO,AMBUJACEM,POLYCAB,SHREECEM,ACC,KEI,DALBHARAT,JKCEMENT",2024.0
GSMFOILS,GSM Foils Limited,SME,2024-05-24,2024-05-28,2024-05-31,Rs.32,32.0,sme,,,,,,,,,,,,,,,,,,,,,,,,,False,2832.0,,GSMFOILS,,Energy,2024-05-31,SM,,,,,,,,,,,,,,,,,,,,,,,,,,,,,,,,,,,,,,,,,,,,,,,,,,,,18,,-0.0031156851055818002,0.047119504317447714,,,,,,,,,,,,,,,,,,,,,,,2024.0
VILAS,Vilas Transcore Limited,SME,2024-05-27,2024-05-29,2024-06-03,Rs.139 to Rs.147,147.0,sme,,,,,,,,,,,,,,,,,,,,,,,,,False,2831.0,,VILAS,,,2024-06-03,SM,,,,,,,,,,,,,,,,,,,,,,,,,,,,,,,,,,,,,,,,,,,,,,,,,,,,18,,-0.004383295158608136,0.04996128571144953,,,,,,,,,,,,,,,,,,,,,,,2024.0
BEACON,Beacon Trusteeship Limited,SME,2024-05-28,2024-05-30,2024-06-04,Rs.57 to Rs.60,60.0,sme,,,,,,,,,,,,,,,,,,,,,,,,,False,2830.0,,BEACON,,,2024-06-04,SM,,,,,,,,,,,,,,,,,,,,,,,,,,,,,,,,,,,,,,,,,,,,,,,,,,,,18,,0.0,0.06292626474521668,,,,,,,,,,,,,,,,,,,,,,,2024.0
ZTECH,Z-Tech (India) Limited,SME,2024-05-29,2024-05-31,2024-06-05,Rs.104 to Rs.110,110.0,sme,,,,,,,,,,,,,,,,,,,,,,,,,False,2829.0,,ZTECH,,,2024-06-05,SM,,,,,,,,,,,,,,,,,,,,,,,,,,,,,,,,,,,,,,,,,,,,,,,,,,,,17,,-0.010197326104213533,0.04571205054513028,,,,,,,,,,,,,,,,,,,,,,,2024.0
AIMTRON,Aimtron Electronics Limited,SME,2024-05-30,2024-06-03,2024-06-06,Rs.153 to Rs.161,161.0,sme,,,,,,,,,,,,,,,,,,,,,,,,,False,2828.0,,AIMTRON,,,2024-06-06,SM,,,,,,,,,,,,,,,,,,,,,,,,,,,,,,,,,,,,,,,,,,,,,,,,,,,,16,,-0.009372127099472438,0.04065394376874654,,,,,,,,,,,,,,,,,,,,,,,2024.0
TBI,TBI Corn Limited,SME,2024-05-31,2024-06-04,2024-06-07,Rs.90 to Rs.94,94.0,sme,,,,,,,,,,,,,,,,,,,,,,,,,False,2827.0,,TBI,,,2024-06-07,SM,,,,,,,,,,,,,,,,,,,,,,,,,,,,,,,,,,,,,,,,,,,,,,,,,,,,17,,-0.02407196488354646,0.02697874981840287,,,,,,,,,,,,,,,,,,,,,,,2024.0
KRONOX,Kronox Lab SciencesLimited,EQ,2024-06-03,2024-06-05,2024-06-10,Rs.129 to Rs.136,136.0,mainboard,,,,,,,,,,,,,,,,,,,,,,,,,False,1257.0,,KRONOX,Chemicals,"Metals, Mining & Chemicals",2024-06-10,EQ,,,,,pre_listing,2024-03-31,2024-06-29 15:36:02,12.0,ytd,standalone,89.8624,21.3513,non_financial,3.677897727272727,2024-09-30,3.6763125,77.155,2024-09-30,2024-11-13 11:54:37,3.677897727272727,xbrl_post_quarter,2024-06-10,,-0.009854381119758893,0.07805057471264365,-0.08790495583240254,0.14718804920913886,0.12692720306513405,0.020260846144004807,0.36410996736128554,0.1342620689655174,0.22984789839576814,0.08448405724328412,0.06030957854406127,0.024174478699222846,0.06863746647937674,0.06005706010888057,0.008580406370496174,0.30813433788788136,0.031158504460879755,0.2769758334270016,0.2640148129229982,0.022717523671884177,0.24129728925111404,,,,,,,,17,,-0.01938433251440963,0.0292913624402662,500.1940909090909,False,141.0,23.426868195804982,33.538387125489294,119.0,-0.35880708998298105,0.31932773109243695,6.482977006144655,2.17614163922083,137.0,1.0916264009651122,0.8832116788321168,5.566222256573282,1.667254907761082,136.0,1.2055380872668462,0.8308823529411765,1.0916264009651122,well_above,industry,"ASIANPAINT,GRASIM,PIDILITIND,SRF,PIIND,BERGEPAINT,FACT,UPL",2024.0
IXIGO,Le Travenues Technology Limited,EQ,2024-06-10,2024-06-12,2024-06-18,Rs.88 to Rs.93,93.0,mainboard,,,,,,,,,,,,,,,,,,,,,,,,,False,1096.0,,IXIGO,Consumer Services,Consumer & FMCG,2024-06-18,EQ,,,,,pre_listing,2024-03-31,2024-07-04 23:18:57,12.0,ytd,consolidated,655.873,75.797,non_financial,38.48529411764706,2024-09-30,37.479166666666664,594.614,2024-09-30,2024-10-24 23:46:01,38.48529411764706,xbrl_post_quarter,2024-06-18,,0.044593289886555754,0.03350217693594448,0.01109111295061127,-0.07886797006999757,0.08998491872870473,-0.1688528887987023,-0.021542360608254874,0.06530807832853647,-0.08685043893679134,0.02872314747767324,0.0023606746296565007,0.026362472848016738,-0.154374229889104,-0.01116738085962854,-0.14320684902947545,-0.0031097811418178134,-0.0005504649311495191,-0.0025593162106682943,0.02740127911752621,0.00329432089564885,0.02410695822187736,,,,,,,,14,,0.0,0.0678446120275118,3579.1323529411766,False,35.0,47.2199737844661,33.37777786057331,32.0,0.3469266314442852,0.59375,6.019253419766733,3.0344424255373155,35.0,0.6849355421608799,0.6285714285714286,5.457050912205833,1.827457131081816,35.0,1.0939830631843166,0.7428571428571429,0.6849355421608799,well_above,industry,"TITAN,IRCTC,KALYANKJIL,RELAXO,BATAINDIA,TBOTEK,THOMASCOOK,CAMPUS",2024.0
GPECO,Gp Eco Solutions India Limited,SME,2024-06-14,2024-06-19,2024-06-24,Rs.90 to Rs.94,94.0,sme,,,,,,,,,,,,,,,,,,,,,,,,,False,2826.0,,GPECO,,,2024-06-24,ST,,,,,,,,,,,,,,,,,,,,,,,,,,,,,,,,,,,,,,,,,,,,,,,,,,,,12,,0.0,0.15127023571135623,,,,,,,,,,,,,,,,,,,,,,,2024.0
DEEDEV,DEE Development Engineers Limited,EQ,2024-06-19,2024-06-21,2024-06-26,Rs.193 to Rs.203,203.0,mainboard,,,,,,,,,,,,,,,,,,,,,,,,,False,570.0,,DEEDEV,Engineering,Industrials & Infrastructure,2024-06-26,EQ,,,,,pre_listing,2024-03-31,2024-07-17 17:03:29,12.0,ytd,consolidated,788.7592,26.2065,non_financial,6.1503591160220985,2024-09-30,5.2985267857142855,780.6676,2024-09-30,2024-11-12 16:27:29,6.1503591160220985,xbrl_post_quarter,2024-06-26,,0.13921030657282607,0.03227127289318377,0.1069390336796423,-0.16467851604437544,0.08320220874254924,-0.2478807247869247,-0.05806393892401285,0.036237182449387895,-0.09430112137340074,-0.051652153167123904,0.03897471293951105,-0.09062686610663495,-0.29247640199888947,0.03792600262264845,-0.3304024046215379,-0.16504719600222095,-0.04990143733661789,-0.11514575866560306,-0.16504719600222095,0.01431363123056828,-0.17936082723278923,,,,,,,,12,,0.0,0.26234673277320897,1248.522900552486,False,111.0,47.6417263103614,34.24176921030074,90.0,0.3302627596038322,0.6666666666666666,1.5993015472301988,3.4082311561144434,101.0,-0.7566264332089079,0.1485148514851485,1.5828948816729946,2.5610794838605226,109.0,-0.48117346880346706,0.3119266055045872,-0.48117346880346706,below,industry,"LT,BEL,BHEL,RVNL,THERMAX,IRB,AIAENG,JYOTICNC",2024.0
DURLAX,Durlax Top Surface Limited,SME,2024-06-19,2024-06-21,2024-06-26,Rs.65 to Rs.68,68.0,sme,,,,,,,,,,,,,,,,,,,,,,,,,False,2825.0,,DURLAX,,,2024-06-26,SM,,,,,,,,,,,,,,,,,,,,,,,,,,,,,,,,,,,,,,,,,,,,,,,,,,,,12,,0.0,0.26234673277320897,,,,,,,,,,,,,,,,,,,,,,,2024.0
FALCONTECH,Falcon Technoprojects India Limited,SME,2024-06-19,2024-06-21,2024-06-26,Rs.92,92.0,sme,,,,,,,,,,,,,,,,,,,,,,,,,False,2824.0,,FALCONTECH,,,2024-06-26,SM,,,,,,,,,,,,,,,,,,,,,,,,,,,,,,,,,,,,,,,,,,,,,,,,,,,,12,,0.0,0.26234673277320897,,,,,,,,,,,,,,,,,,,,,,,2024.0
WINNY,Winny Immigration and Education Services Limited,SME,2024-06-20,2024-06-24,2024-06-27,Rs.140,140.0,sme,,,,,,,,,,,,,,,,,,,,,,,,,False,2823.0,,WINNY,,,2024-06-27,SM,,,,,,,,,,,,,,,,,,,,,,,,,,,,,,,,,,,,,,,,,,,,,,,,,,,,11,,-0.003824704474698404,0.21954695631518706,,,,,,,,,,,,,,,,,,,,,,,2024.0
MEDIORG,Medicamen Organics Limited,SME,2024-06-21,2024-06-25,2024-06-28,Rs.32 to Rs.34,34.0,sme,,,,,,,,,,,,,,,,,,,,,,,,,False,2822.0,,MEDIORG,,,2024-06-28,SM,,,,,,,,,,,,,,,,,,,,,,,,,,,,,,,,,,,,,,,,,,,,,,,,,,,,11,,0.0,0.22493688206373208,,,,,,,,,,,,,,,,,,,,,,,2024.0
STANLEY,Stanley Lifestyles Limited,EQ,2024-06-21,2024-06-25,2024-06-28,Rs.351 to Rs.369,369.0,mainboard,,,,,,,,,,,,,,,,,,,,,,,,,False,2143.0,,STANLEY,FMCG,Consumer & FMCG,2024-06-28,EQ,,,,,pre_listing,2024-03-31,2024-07-19 20:18:20,12.0,ytd,consolidated,432.5,29.1,non_financial,5.277777777777778,2024-09-30,5.202020202020202,443.1,2024-09-30,2024-11-12 23:16:31,5.277777777777778,xbrl_post_quarter,2024-06-28,,0.21537651395471302,0.0509758314071902,0.16440068254752283,0.02538177988414958,0.075319749518586,-0.04993796963443642,-0.13217482885729326,0.0374728611043742,-0.16964768996166746,-0.3014218009478673,0.03781182335391464,-0.33923362430178194,-0.14418327371827633,0.03576254547554414,-0.17994581919382047,-0.3795775847385454,-0.048097245481318995,-0.3314803392572264,-0.421904275251235,0.024120806144251272,-0.44602508139548624,,,,,,,,11,,0.0,0.22493688206373208,1947.5,False,31.0,66.92439862542955,43.08912687243598,27.0,0.44029291502650897,0.8148148148148148,4.395170390431054,5.973942806980197,30.0,-0.3069008465528219,0.3333333333333333,4.502890173410405,3.56571134101153,31.0,0.23335588276550942,0.5806451612903226,0.23335588276550942,above,industry,"HINDUNILVR,ITC,GODREJCP,DABUR,COLPAL,PGHH,AWL,EMAMILTD",2024.0
MASON,Mason Infratech Limited,SME,2024-06-24,2024-06-26,2024-07-01,Rs.62 to Rs.64,64.0,sme,,,,,,,,,,,,,,,,,,,,,,,,,False,2818.0,,MASON,,,2024-07-01,SM,,,,,,,,,,,,,,,,,,,,,,,,,,,,,,,,,,,,,,,,,,,,,,,,,,,,11,,-0.0004368476603729965,0.2279385546291126,,,,,,,,,,,,,,,,,,,,,,,2024.0
SPCL,Shivalic Power Control Limited,SME,2024-06-24,2024-06-26,2024-07-01,Rs.95 to Rs.100,100.0,sme,,,,,,,,,,,,,,,,,,,,,,,,,False,2821.0,,SPCL,,Energy,2024-07-01,SM,,,,,,,,,,,,,,,,,,,,,,,,,,,,,,,,,,,,,,,,,,,,,,,,,,,,11,,-0.0004368476603729965,0.2279385546291126,,,,,,,,,,,,,,,,,,,,,,,2024.0
SYLVANPLY,Sylvan Plyboard (India) Limited,SME,2024-06-24,2024-06-26,2024-07-01,Rs.55,55.0,sme,,,,,,,,,,,,,,,,,,,,,,,,,False,2820.0,,SYLVANPLY,,,2024-07-01,SM,,,,,,,,,,,,,,,,,,,,,,,,,,,,,,,,,,,,,,,,,,,,,,,,,,,,11,,-0.0004368476603729965,0.2279385546291126,,,,,,,,,,,,,,,,,,,,,,,2024.0
VISAMAN,Visaman Global Sales Limited,SME,2024-06-24,2024-06-26,2024-07-01,Rs.43,43.0,sme,,,,,,,,,,,,,,,,,,,,,,,,,False,2819.0,,VISAMAN,,,2024-07-01,SM,,,,,,,,,,,,,,,,,,,,,,,,,,,,,,,,,,,,,,,,,,,,,,,,,,,,11,,-0.0004368476603729965,0.2279385546291126,,,,,,,,,,,,,,,,,,,,,,,2024.0
ABDL,Allied Blenders and Distillers Limited,EQ,2024-06-25,2024-06-27,2024-07-02,Rs.267 to Rs.281,281.0,mainboard,,,,,,,,,,,,,,,,,,,,,,,,,False,35.0,,ABDL,Food & Beverages,Consumer & FMCG,2024-07-02,EQ,,,,,pre_listing,2024-06-30,2024-08-14 10:30:52,3.0,inc,consolidated,7067.7924,44.7912,non_financial,27.976764705882353,2024-09-30,24.34304347826087,1409.444,2024-09-30,2024-10-30 13:53:29,27.976764705882353,xbrl_post_quarter,2024-07-02,,-0.05646429694872601,0.02801143064763112,-0.08447572759635713,0.0761245674740485,0.06877132072424863,0.007353246749799869,0.3749606794589495,0.038559692260667244,0.33640098719828226,0.3667820069204153,0.022319175747649078,0.3444628311727662,0.04832281634008617,-0.032803919085393374,0.08112673542547955,0.15675855197608768,-0.13665565239416522,0.2934142043702529,0.734971770176021,-0.01766696984699001,0.752638740023011,,,,,,,,11,,-0.0003430280286148557,0.24272145439701442,7861.470882352941,False,92.0,175.51373667936872,24.089448307237145,78.0,1.9859433964741342,0.9743589743589743,5.577710701775268,2.434899003188912,89.0,0.8288731451664741,0.7528089887640449,1.1122951039638544,1.0808453352357192,90.0,0.028682089100328025,0.5111111111111111,0.8288731451664741,well_above,industry,"NESTLEIND,VBL,BRITANNIA,TATACONSUM,UNITDSPR,MARICO,UBL,PATANJALI",2024.0
AKIKO,Akiko Global Services Limited,SME,2024-06-25,2024-06-27,2024-07-02,Rs.73 to Rs.77,77.0,sme,,,,,,,,,,,,,,,,,,,,,,,,,False,2815.0,,AKIKO,,,2024-07-02,SM,,,,,,,,,,,,,,,,,,,,,,,,,,,,,,,,,,,,,,,,,,,,,,,,,,,,11,,-0.0003430280286148557,0.24272145439701442,,,,,,,,,,,,,,,,,,,,,,,2024.0
DPEL,Divine Power Energy Limited,SME,2024-06-25,2024-06-27,2024-07-02,Rs.36 to Rs.40,40.0,sme,,,,,,,,,,,,,,,,,,,,,,,,,False,2816.0,,DPEL,,Energy,2024-07-02,SM,,,,,,,,,,,,,,,,,,,,,,,,,,,,,,,,,,,,,,,,,,,,,,,,,,,,11,,-0.0003430280286148557,0.24272145439701442,,,,,,,,,,,,,,,,,,,,,,,2024.0
PCCL,Petro Carbon and Chemicals Limited,SME,2024-06-25,2024-06-27,2024-07-02,Rs.162 to Rs.171,171.0,sme,,,,,,,,,,,,,,,,,,,,,,,,,False,2817.0,,PCCL,,,2024-07-02,SM,,,,,,,,,,,,,,,,,,,,,,,,,,,,,,,,,,,,,,,,,,,,,,,,,,,,11,,-0.0003430280286148557,0.24272145439701442,,,,,,,,,,,,,,,,,,,,,,,2024.0
DTL,Diensten Tech Limited,SME,2024-06-26,2024-06-28,2024-07-03,Rs.95 to Rs.100,100.0,sme,,,,,,,,,,,,,,,,,,,,,,,,,False,2814.0,,DTL,,,2024-07-03,SM,,,,,,,,,,,,,,,,,,,,,,,,,,,,,,,,,,,,,,,,,,,,,,,,,,,,11,,0.0,0.24219156736604885,,,,,,,,,,,,,,,,,,,,,,,2024.0
VRAJ,Vraj Iron and Steel Limited,BE,2024-06-26,2024-06-28,2024-07-03,Rs.195 to Rs.207,207.0,mainboard,,,,,,,,,,,,,,,,,,,,,,,,,False,2483.0,,VRAJ,Metals & Mining,"Metals, Mining & Chemicals",2024-07-03,EQ,,,,,pre_listing,2024-06-30,2024-08-10 17:24:01,3.0,inc,consolidated,458.404,62.16,non_financial,2.8829131652661064,2024-09-30,2.4705882352941173,378.481,2024-09-30,2024-11-12 17:39:38,2.8829131652661064,xbrl_post_quarter,2024-07-03,,-0.1019444444444444,0.010457452828571023,-0.11240189727301542,0.0432539682539681,0.03912613534384701,0.0041278329101210876,-0.11837301587301596,0.027342566605886187,-0.14571558247890215,-0.31198412698412703,0.010866148033404244,-0.3228502750175313,0.06535164531293214,0.0018255362333006175,0.06352610907963152,-0.14494423449165816,-0.0976618761912702,-0.04728235830038796,-0.3044520232279473,-0.04228344396753714,-0.26216857926041015,,,,,,,,11,,0.0,0.24219156736604885,596.763025210084,False,93.0,9.600434768501996,23.419534572803286,82.0,-0.8917620990725567,0.0975609756097561,1.5767317915828907,2.599684402093909,86.0,-0.5000358354234111,0.18604651162790697,1.301827700478364,1.3324006636109855,90.0,-0.0232131248667723,0.5,-0.5000358354234111,below,industry,"COALINDIA,HINDZINC,JSWSTEEL,TATASTEEL,VEDL,HINDALCO,JINDALSTEL,NMDC",2024.0
NEPHROCARE,Nephro Care India Limited,SME,2024-06-28,2024-07-02,2024-07-05,Rs.85 to Rs.90,90.0,sme,,,,,,,,,,,,,,,,,,,,,,,,,False,2813.0,,NEPHROCARE,,,2024-07-05,ST,,,,,,,,,,,,,,,,,,,,,,,,,,,,,,,,,,,,,,,,,,,,,,,,,,,,12,,-0.005624221295413512,0.2004145070402643,,,,,,,,,,,,,,,,,,,,,,,2024.0
BANSALWIRE,Bansal Wire Industries Limited,EQ,2024-07-03,2024-07-05,2024-07-10,Rs.243 to Rs.256,256.0,mainboard,,,,,,,,,,,,,,,,,,,,,,,,,False,304.0,,BANSALWIRE,Metals & Mining,"Metals, Mining & Chemicals",2024-07-10,EQ,,,,,pre_listing,2024-06-30,2024-08-01 16:34:01,3.0,inc,consolidated,3267.66,120.752,non_financial,15.668421052631578,2024-12-31,12.737552742616034,1190.734,2024-09-30,2024-11-11 18:16:04,15.668421052631578,xbrl_post_quarter,2024-07-10,,0.004281432852861533,-0.014204723155745835,0.01848615600860737,0.22677322677322675,0.030800593664170206,0.19597263310905655,0.2009419152276295,-0.04277907618121535,0.24372099140884484,0.16640502354788045,0.020837953564543987,0.14556706998333646,0.09692451071761421,0.01477571962336599,0.08214879109424822,0.061642923711889175,-0.09742245151363449,0.15906537522552366,0.006124350951937085,-0.05133883745859902,0.057463188410536103,,,,,,,,13,,-0.0016294662778212343,0.20996127141411658,4011.115789473684,False,93.0,33.217800032079666,23.027729406019482,82.0,0.3663867616983511,0.6951219512195121,3.368607757461939,2.6498113303769264,86.0,0.2400110892742793,0.627906976744186,1.2275193225346837,1.3494894855480895,90.0,-0.09473104014188514,0.4666666666666667,0.2400110892742793,above,industry,"COALINDIA,HINDZINC,JSWSTEEL,TATASTEEL,VEDL,HINDALCO,JINDALSTEL,NMDC",2024.0
EMCURE,Emcure Pharmaceuticals Limited,EQ,2024-07-03,2024-07-05,2024-07-10,Rs.960 to Rs.1008,1008.0,mainboard,,,,,,,,,,,,,,,,,,,,,,,,,False,676.0,,EMCURE,,Healthcare & Pharmaceuticals,2024-07-10,EQ,,,,,pre_listing,2024-06-30,2024-08-13 22:12:51,3.0,inc,consolidated,7260.552,576.324,non_financial,18.931280788177343,2024-12-31,18.123396226415093,4118.372,2024-09-30,2024-11-08 14:05:33,18.931280788177343,xbrl_post_quarter,2024-07-10,,-0.05326858698451242,-0.014204723155745835,-0.03906386382876659,0.08181584078284199,0.030800593664170206,0.05101524711867178,-0.0009196924548431351,-0.04277907618121535,0.04185938372637221,0.0018025972114923405,0.020837953564543987,-0.019035356353051647,0.07242239022036356,-0.023992763529594452,0.09641515374995802,-0.13704359015602385,-0.11882506886649125,-0.018218521289532608,0.18240308830625707,-0.004314950395634787,0.18671803870189185,,,,,,,,13,,-0.0016294662778212343,0.20996127141411658,19082.73103448276,False,129.0,33.111116376348654,38.52421602359941,106.0,-0.15141796300347546,0.4056603773584906,4.633561765300162,3.950125023963374,125.0,0.15957862206815862,0.56,2.6282755132781586,3.632149790175752,127.0,-0.32349676892495116,0.31496062992125984,-0.15141796300347546,below,sector,"SUNPHARMA,DIVISLAB,CIPLA,DRREDDY,TORNTPHARM,MAXHEALTH,APOLLOHOSP,MANKIND",2024.0
AMBEY,Ambey Laboratories Limited,SME,2024-07-04,2024-07-08,2024-07-11,Rs.65 to Rs.68,68.0,sme,,,,,,,,,,,,,,,,,,,,,,,,,False,,,,,,,,,,,,,,,,,,,,,,,,,,,,,,,,,,,,,,,,,,,,,,,,,,,,,,,,,,,14,,0.0,0.185105150672497,,,,,,,,,,,,,,,,,,,,,,,2024.0
EFFWA,Effwa Infra & Research Limited,SME,2024-07-05,2024-07-09,2024-07-12,Rs.78 to Rs.82,82.0,sme,,,,,,,,,,,,,,,,,,,,,,,,,False,2810.0,,EFFWA,,,2024-07-12,ST,,,,,,,,,,,,,,,,,,,,,,,,,,,,,,,,,,,,,,,,,,,,,,,,,,,,14,,0.0,0.18001046396973508,,,,,,,,,,,,,,,,,,,,,,,2024.0
GGBL,Ganesh Green Bharat Limited,SME,2024-07-05,2024-07-09,2024-07-12,Rs.181 to Rs.190,190.0,sme,,,,,,,,,,,,,,,,,,,,,,,,,False,2811.0,,GGBL,,,2024-07-12,SM,,,,,,,,,,,,,,,,,,,,,,,,,,,,,,,,,,,,,,,,,,,,,,,,,,,,14,,0.0,0.18001046396973508,,,,,,,,,,,,,,,,,,,,,,,2024.0
SAHAJSOLAR,Sahaj Solar Limited,SME,2024-07-11,2024-07-15,2024-07-19,Rs.171 to Rs.180,180.0,sme,,,,,,,,,,,,,,,,,,,,,,,,,False,2809.0,,SAHAJSOLAR,,Energy,2024-07-19,SM,,,,,,,,,,,,,,,,,,,,,,,,,,,,,,,,,,,,,,,,,,,,,,,,,,,,16,,-0.007147575413695484,0.1504034592501251,,,,,,,,,,,,,,,,,,,,,,,2024.0
PRIZOR,Prizor Viztech Limited,SME,2024-07-12,2024-07-16,2024-07-22,Rs.82 to Rs.87,87.0,sme,,,,,,,,,,,,,,,,,,,,,,,,,False,2807.0,,PRIZOR,,,2024-07-22,ST,,,,,,,,,,,,,,,,,,,,,,,,,,,,,,,,,,,,,,,,,,,,,,,,,,,,15,,-0.0011376275243756284,0.15684870597774214,,,,,,,,,,,,,,,,,,,,,,,2024.0
SATIPOLY,Sati Poly Plast Limited,SME,2024-07-12,2024-07-16,2024-07-22,Rs.123 to Rs.130,130.0,sme,,,,,,,,,,,,,,,,,,,,,,,,,False,2808.0,,SATIPOLY,,,2024-07-22,ST,,,,,,,,,,,,,,,,,,,,,,,,,,,,,,,,,,,,,,,,,,,,,,,,,,,,15,,-0.0011376275243756284,0.15684870597774214,,,,,,,,,,,,,,,,,,,,,,,2024.0
TUNWAL,Tunwal E-Motors Limited,SME,2024-07-15,2024-07-18,2024-07-23,Rs.59,59.0,sme,,,,,,,,,,,,,,,,,,,,,,,,,False,2806.0,,TUNWAL,,,2024-07-23,SM,,,,,,,,,,,,,,,,,,,,,,,,,,,,,,,,,,,,,,,,,,,,,,,,,,,,15,,-0.0018687578688255657,0.14915661867464003,,,,,,,,,,,,,,,,,,,,,,,2024.0
KATARIA,Kataria Industries Limited,SME,2024-07-16,2024-07-19,2024-07-24,Rs.91 to Rs.96,96.0,sme,,,,,,,,,,,,,,,,,,,,,,,,,False,2804.0,,KATARIA,,,2024-07-24,SM,,,,,,,,,,,,,,,,,,,,,,,,,,,,,,,,,,,,,,,,,,,,,,,,,,,,15,,0.0,0.15800654607871634,,,,,,,,,,,,,,,,,,,,,,,2024.0
MACOBSTECH,Macobs Technologies Limited,SME,2024-07-16,2024-07-19,2024-07-24,Rs.71 to Rs.75,75.0,sme,,,,,,,,,,,,,,,,,,,,,,,,,False,2805.0,,MACOBSTECH,,Technology,2024-07-24,SM,,,,,,,,,,,,,,,,,,,,,,,,,,,,,,,,,,,,,,,,,,,,,,,,,,,,15,,0.0,0.15800654607871634,,,,,,,,,,,,,,,,,,,,,,,2024.0
SANSTAR,Sanstar Limited,EQ,2024-07-19,2024-07-23,2024-07-26,Rs.90 to Rs.95,95.0,mainboard,,,,,,,,,,,,,,,,,,,,,,,,,False,1953.0,,SANSTAR,Food & Beverages,Consumer & FMCG,2024-07-26,EQ,,,,,pre_listing,2024-06-30,2024-08-14 18:52:30,3.0,inc,consolidated,1163.5072,66.0284,non_financial,18.282692307692308,2024-12-31,13.989067796610172,674.8825,2024-09-30,2024-11-14 19:19:48,18.282692307692308,xbrl_post_quarter,2024-07-26,,0.1475623533501349,0.03242120652334046,0.11514114682679444,0.03241505170765624,-0.039175742602309827,0.07159079430996607,-0.13157208655600927,-0.12642655575325557,-0.005145530802753706,-0.2121317458938038,-0.019626120561669236,-0.19250562533213456,0.002490881594164218,-0.032803919085393374,0.03529480067955759,-0.08949381727604311,-0.13665565239416522,0.04716183511812211,-0.2690152121697358,-0.01766696984699001,-0.2513482423227458,,,,,,,,15,,-0.011097108844494219,0.15766578633666373,1736.8557692307693,False,92.0,26.304677521048053,24.61938406618964,76.0,0.06621267305804932,0.5526315789473685,2.573567649525316,2.6680038561476387,89.0,-0.0360374466467385,0.48314606741573035,1.4927761248325488,1.0785072216619553,88.0,0.32505967458699436,0.625,0.06621267305804932,in_line,industry,"NESTLEIND,VBL,BRITANNIA,TATACONSUM,UNITDSPR,MARICO,PATANJALI,UBL",2024.0
RNFI,RNFI Services Limited,SME,2024-07-22,2024-07-24,2024-07-29,Rs.98 to Rs.105,105.0,sme,,,,,,,,,,,,,,,,,,,,,,,,,False,2803.0,,RNFI,,,2024-07-29,SM,,,,,,,,,,,,,,,,,,,,,,,,,,,,,,,,,,,,,,,,,,,,,,,,,,,,15,,-0.03440244389560565,0.13061407322503737,,,,,,,,,,,,,,,,,,,,,,,2024.0
SARTELEFPO,SAR Televenture Limited - FPO,SME,2024-07-22,2024-07-24,,Rs.200 to Rs.210,,sme,,,,,,,,,,,,,,,,,,,,,,,,,False,,,,,,,,,,,,,,,,,,,,,,,,,,,,,,,,,,,,,,,,,,,,,,,,,,,,,,,,,,,15,,-0.03440244389560565,0.13061407322503737,,,,,,,,,,,,,,,,,,,,,,,
VLINFRA,V L Infraprojects Limited,SME,2024-07-23,2024-07-25,2024-07-30,Rs.39 to Rs.42,42.0,sme,,,,,,,,,,,,,,,,,,,,,,,,,False,2802.0,,VLINFRA,,,2024-07-30,SM,,,,,,,,,,,,,,,,,,,,,,,,,,,,,,,,,,,,,,,,,,,,,,,,,,,,15,,-0.02576104506917065,0.14211657938821531,,,,,,,,,,,,,,,,,,,,,,,2024.0
CHETANA,Chetana Education Limited,SME,2024-07-24,2024-07-26,2024-07-31,Rs.80 to Rs.85,85.0,sme,,,,,,,,,,,,,,,,,,,,,,,,,False,2801.0,,CHETANA,,,2024-07-31,SM,,,,,,,,,,,,,,,,,,,,,,,,,,,,,,,,,,,,,,,,,,,,,,,,,,,,15,,-0.031659812432137446,0.12218998565653938,,,,,,,,,,,,,,,,,,,,,,,2024.0
MIEL,Manglam Infra and Engineering Limited,SME,2024-07-24,2024-07-26,2024-07-31,Rs.53 to Rs.56,56.0,sme,,,,,,,,,,,,,,,,,,,,,,,,,False,2800.0,,MIEL,,,2024-07-31,SM,,,,,,,,,,,,,,,,,,,,,,,,,,,,,,,,,,,,,,,,,,,,,,,,,,,,15,,-0.031659812432137446,0.12218998565653938,,,,,,,,,,,,,,,,,,,,,,,2024.0
APRAMEYA,Aprameya Engineering Limited,SME,2024-07-25,2024-07-29,2024-08-01,Rs.56 to Rs.58,58.0,sme,,,,,,,,,,,,,,,,,,,,,,,,,False,2798.0,,APRAMEYA,,,2024-08-01,SM,,,,,,,,,,,,,,,,,,,,,,,,,,,,,,,,,,,,,,,,,,,,,,,,,,,,14,,-0.013625955701579207,0.13216453570967324,,,,,,,,,,,,,,,,,,,,,,,2024.0
TROM,Trom Industries Limited,SME,2024-07-25,2024-07-29,2024-08-01,Rs.110 to Rs.115,115.0,sme,,,,,,,,,,,,,,,,,,,,,,,,,False,2799.0,,TROM,,,2024-08-01,SM,,,,,,,,,,,,,,,,,,,,,,,,,,,,,,,,,,,,,,,,,,,,,,,,,,,,14,,-0.013625955701579207,0.13216453570967324,,,,,,,,,,,,,,,,,,,,,,,2024.0
ESPRIT,Esprit Stones Limited,SME,2024-07-26,2024-07-30,2024-08-02,Rs.82 to Rs.87,87.0,sme,,,,,,,,,,,,,,,,,,,,,,,,,False,2796.0,,ESPRIT,,,2024-08-02,SM,,,,,,,,,,,,,,,,,,,,,,,,,,,,,,,,,,,,,,,,,,,,,,,,,,,,14,,-0.016377026031088926,0.12009584091433245,,,,,,,,,,,,,,,,,,,,,,,2024.0
SATECH,S A Tech Software India Limited,SME,2024-07-26,2024-07-30,2024-08-02,Rs.56 to Rs.59,59.0,sme,,,,,,,,,,,,,,,,,,,,,,,,,False,2797.0,,SATECH,,Technology,2024-08-02,SM,,,,,,,,,,,,,,,,,,,,,,,,,,,,,,,,,,,,,,,,,,,,,,,,,,,,14,,-0.016377026031088926,0.12009584091433245,,,,,,,,,,,,,,,,,,,,,,,2024.0
AKUMS,Akums Drugs and Pharmaceuticals Limited,EQ,2024-07-30,2024-08-01,2024-08-06,Rs.646 to Rs.679,679.0,mainboard,,,,,,,,,,,,,,,,,,,,,,,,,False,113.0,,AKUMS,,Healthcare & Pharmaceuticals,2024-08-06,EQ,,,,,pre_listing,2024-06-30,2024-08-24 17:39:00,3.0,inc,consolidated,4076.452,240.684,non_financial,15.300938967136151,2024-12-31,14.292399049881235,2833.493,2024-09-30,2024-11-09 18:00:53,15.300938967136151,xbrl_post_quarter,2024-08-06,,0.11076923076923073,0.09622536947637639,0.014543861292854343,0.04577708006279435,0.048767621807922934,-0.002990541745128583,-0.28935635792778647,-0.06021272118943677,-0.2291436367383497,-0.396734693877551,-0.019556243091302772,-0.37717845078624823,-0.2819895932412019,-0.039024066500195076,-0.2429655267410068,-0.44418955967101215,-0.18791669777641362,-0.2562728618945985,-0.49169137805628604,-0.087107291295078,-0.40458408676120805,,,,,,,,14,,0.0,0.12786050776186397,10389.337558685447,False,129.0,43.16588372590387,42.573024421512606,107.0,0.013829631524282302,0.5420560747663551,3.6666183959817253,4.397012161899968,125.0,-0.18165543683755192,0.368,2.5486225665567623,4.019261934403456,128.0,-0.4555452441193452,0.28125,-0.18165543683755192,below,sector,"SUNPHARMA,DIVISLAB,CIPLA,DRREDDY,TORNTPHARM,APOLLOHOSP,MAXHEALTH,LUPIN",2024.0
ASHALOG,Ashapura Logistics Limited,SME,2024-07-30,2024-08-01,2024-08-06,Rs.136 to Rs.144,144.0,sme,,,,,,,,,,,,,,,,,,,,,,,,,False,2793.0,,ASHALOG,,,2024-08-06,SM,,,,,,,,,,,,,,,,,,,,,,,,,,,,,,,,,,,,,,,,,,,,,,,,,,,,14,,0.0,0.12786050776186397,,,,,,,,,,,,,,,,,,,,,,,2024.0
BULKCORP,Bulkcorp International Limited,SME,2024-07-30,2024-08-01,2024-08-06,Rs.100 to Rs.105,105.0,sme,,,,,,,,,,,,,,,,,,,,,,,,,False,2794.0,,BULKCORP,,,2024-08-06,SM,,,,,,,,,,,,,,,,,,,,,,,,,,,,,,,,,,,,,,,,,,,,,,,,,,,,14,,0.0,0.12786050776186397,,,,,,,,,,,,,,,,,,,,,,,2024.0
RAJINDLTD,Rajputana Industries Limited,SME,2024-07-30,2024-08-01,2024-08-06,Rs.36 to Rs.38,38.0,sme,,,,,,,,,,,,,,,,,,,,,,,,,False,2792.0,,RAJINDLTD,,,2024-08-06,SM,,,,,,,,,,,,,,,,,,,,,,,,,,,,,,,,,,,,,,,,,,,,,,,,,,,,14,,0.0,0.12786050776186397,,,,,,,,,,,,,,,,,,,,,,,2024.0
SSEGL,Sathlokhar Synergys E&C Global Limited,SME,2024-07-30,2024-08-01,2024-08-06,Rs.133 to Rs.140,140.0,sme,,,,,,,,,,,,,,,,,,,,,,,,,False,2795.0,,SSEGL,,,2024-08-06,SM,,,,,,,,,,,,,,,,,,,,,,,,,,,,,,,,,,,,,,,,,,,,,,,,,,,,14,,0.0,0.12786050776186397,,,,,,,,,,,,,,,,,,,,,,,2024.0
UTSSAV,Utssav CZ Gold Jewels Limited,SME,2024-07-31,2024-08-02,2024-08-07,Rs.104 to Rs.110,110.0,sme,,,,,,,,,,,,,,,,,,,,,,,,,False,2791.0,,UTSSAV,,,2024-08-07,ST,,,,,,,,,,,,,,,,,,,,,,,,,,,,,,,,,,,,,,,,,,,,,,,,,,,,14,,0.0,0.13641778123232573,,,,,,,,,,,,,,,,,,,,,,,2024.0
CEIGALL,Ceigall India Limited,EQ,2024-08-01,2024-08-05,2024-08-08,Rs.380 to Rs.401,401.0,mainboard,,,,,,,,,,,,,,,,,,,,,,,,,False,440.0,,CEIGALL,Engineering,Industrials & Infrastructure,2024-08-08,EQ,,,,,pre_listing,2024-06-30,2024-09-11 17:14:16,3.0,inc,consolidated,3289.576,317.624,non_financial,17.43694581280788,2024-12-31,16.00927419354839,1686.383,2024-09-30,2024-11-05 18:26:09,17.43694581280788,xbrl_post_quarter,2024-08-08,,-0.04473173884938597,0.053973174505040244,-0.09870491335442622,-0.11932773109243688,0.039965401439090886,-0.15929313253152777,-0.23968972204266314,-0.06545281447102236,-0.1742369075716408,-0.36390433096315455,-0.03511811983525048,-0.32878621112790407,-0.04481535024313321,-0.0064167079214654255,-0.038398642321667786,-0.3608884216059929,-0.23317212227378314,-0.12771629933220974,-0.27049546589564977,-0.04955744028027875,-0.22093802561537101,,,,,,,,14,,-0.0019629322760560397,0.13355312188159219,6992.215270935961,False,112.0,22.01412761924779,36.00060205536866,87.0,-0.49185125030633225,0.28735632183908044,4.146279505270131,4.167454038591792,102.0,-0.005093879662040746,0.5,2.1255673287183394,2.6802689713622296,107.0,-0.23187840697095288,0.40186915887850466,-0.23187840697095288,below,industry,"LT,BEL,RVNL,BHEL,THERMAX,AIAENG,IRB,IRCON",2024.0
DHARIWAL,Dhariwalcorp Limited,SME,2024-08-01,2024-08-05,2024-08-08,Rs.102 to Rs.106,106.0,sme,,,,,,,,,,,,,,,,,,,,,,,,,False,2790.0,,DHARIWAL,,,2024-08-08,SM,,,,,,,,,,,,,,,,,,,,,,,,,,,,,,,,,,,,,,,,,,,,,,,,,,,,14,,-0.0019629322760560397,0.13355312188159219,,,,,,,,,,,,,,,,,,,,,,,2024.0
OLAELEC,Ola Electric Mobility Limited,EQ,2024-08-02,2024-08-06,2024-08-09,Rs.72 to Rs.76,76.0,mainboard,,,,,,,,,,,,,,,,,,,,,,,,,False,1609.0,,OLAELEC,Automobiles,Automobile & Mobility,2024-08-09,EQ,,,,,pre_listing,2024-06-30,2024-08-14 23:43:08,3.0,inc,consolidated,6575.44,-1389.92,non_financial,440.625,2024-12-31,365.7684210526316,6573.0,2024-09-30,2024-11-08 22:50:15,440.625,xbrl_post_quarter,2024-08-09,,0.26644736842105265,0.060400671439036824,0.20604669698201583,-0.2026315789473685,0.017209951603320173,-0.21984153055068867,-0.2327850877192983,-0.07499754843994266,-0.15778753927935563,-0.555921052631579,-0.03507172976309281,-0.5208493228684862,-0.4730988878869853,-0.032803919085393374,-0.4402949688015919,-0.5169822663059813,-0.13665565239416522,-0.3803266139118161,-0.600165314096784,-0.01766696984699001,-0.582498344249794,,,,,,,,14,,-0.00879983095427428,0.12472236945054394,33487.5,True,16.0,,30.020112617018096,15.0,,,5.094705613874943,5.037687556325398,16.0,0.011254726984688261,0.5,5.0928150815762905,2.8999672725551413,15.0,0.563131287290926,0.7333333333333333,0.2871930071378071,above,industry,"TMPV,MARUTI,M&M,BAJAJ-AUTO,EICHERMOT,TVSMOTOR,HEROMOTOCO,ASHOKLEY",2024.0
PPSL,Picturepost Studios Limited,SME,2024-08-02,2024-08-06,2024-08-09,Rs.22 to Rs.24,24.0,sme,,,,,,,,,,,,,,,,,,,,,,,,,False,2789.0,,PPSL,,,2024-08-09,SM,,,,,,,,,,,,,,,,,,,,,,,,,,,,,,,,,,,,,,,,,,,,,,,,,,,,14,,-0.00879983095427428,0.12472236945054394,,,,,,,,,,,,,,,,,,,,,,,2024.0
FIRSTCRY,Brainbees Solutions Limited,EQ,2024-08-06,2024-08-08,2024-08-13,Rs.440 to Rs.465,465.0,mainboard,,,,,,,,,,,,,,,,,,,,,,,,,False,741.0,,FIRSTCRY,Retail,Consumer & FMCG,2024-08-13,EQ,,,,,pre_listing,2024-06-30,2024-08-31 16:25:40,3.0,inc,consolidated,6608.292,-226.828,non_financial,48.70625,2024-12-31,44.30234375,4728.317,2024-09-30,2024-11-15 12:02:58,48.70625,xbrl_post_quarter,2024-08-13,,-0.03939036960683262,0.0701095625647652,-0.10949993217159781,-0.21903990575762033,0.0011061045326998808,-0.22014601029032022,-0.3839640700927698,-0.11762257384703156,-0.2663414962457382,-0.45508761596230307,-0.01738912757460387,-0.4376984883876992,-0.03796267004112619,-0.008271972771881964,-0.029690697269244226,-0.40177159126858597,-0.24242057088728208,-0.1593510203813039,-0.365548876937678,-0.06903132004604107,-0.29651755689163695,,,,,,,,14,,-0.05813171108750881,0.0845704882132785,22648.40625,True,29.0,,69.76580933147346,19.0,,,4.789950895847296,7.9814866063649355,23.0,-0.5106045256546297,0.34782608695652173,3.4272708061326584,2.248422003097429,25.0,0.42153562289926366,0.6,-0.044534451377683,in_line_loss_making,industry,"DMART,ETERNAL,POLICYBZR,NYKAA,METROBRAND,ABFRL,INDIAMART,REDTAPE",2024.0
UNIECOM,Unicommerce eSolutions Limited,EQ,2024-08-06,2024-08-08,2024-08-13,Rs.102 to Rs.108,108.0,mainboard,,,,,,,,,,,,,,,,,,,,,,,,,False,2377.0,,UNIECOM,Software,Technology,2024-08-13,EQ,,,,,pre_listing,2024-06-30,2024-08-30 20:35:55,3.0,inc,standalone,109.876,14.048,non_financial,11.316071428571426,2024-12-31,10.034285714285716,77.646,2024-09-30,2024-10-29 14:17:34,11.316071428571426,xbrl_post_quarter,2024-08-13,,0.06859291698400605,0.0701095625647652,-0.0015166455807591461,-0.07920792079207928,0.0011061045326998808,-0.08031402532477916,-0.3821401370906321,-0.11762257384703156,-0.26451756324360054,-0.35862528560548357,-0.01738912757460387,-0.3412361580308797,-0.12139684339854451,-0.008271972771881964,-0.11312487062666254,-0.5132785180984785,-0.24242057088728208,-0.2708579472111964,-0.2957187411397789,-0.06903132004604107,-0.22668742109373785,,,,,,,,14,,-0.05813171108750881,0.0845704882132785,1222.1357142857141,False,51.0,86.99713228115847,28.57650417472512,41.0,1.1132903079948808,0.9024390243902439,15.739841257575588,4.9602718938085,50.0,1.15473460111643,0.86,11.12286317563175,3.7276824085927958,49.0,1.0932160331369072,0.8775510204081632,1.1132903079948808,well_above,industry,"TCS,INFY,WIPRO,LTM,TECHM,PERSISTENT,MPHASIS,TATAELXSI",2024.0
AESTHETIK,Aesthetik Engineers Limited,SME,2024-08-08,2024-08-12,2024-08-16,Rs.55 to Rs.58,58.0,sme,,,,,,,,,,,,,,,,,,,,,,,,,False,2788.0,,AESTHETIK,,,2024-08-16,SM,,,,,,,,,,,,,,,,,,,,,,,,,,,,,,,,,,,,,,,,,,,,,,,,,,,,15,,-0.03939210267303539,0.1206624759161592,,,,,,,,,,,,,,,,,,,,,,,2024.0
POSITRON,Positron Energy Limited,SME,2024-08-12,2024-08-14,2024-08-20,Rs.238 to Rs.250,250.0,sme,,,,,,,,,,,,,,,,,,,,,,,,,False,2787.0,,POSITRON,,,2024-08-20,SM,,,,,,,,,,,,,,,,,,,,,,,,,,,,,,,,,,,,,,,,,,,,,,,,,,,,16,,-0.03600006672857581,0.14770041509708776,,,,,,,,,,,,,,,,,,,,,,,2024.0
SSDL,Saraswati Saree Depot Limited,BE,2024-08-12,2024-08-14,2024-08-20,Rs.152 to Rs.160,160.0,mainboard,,,,,,,,,,,,,,,,,,,,,,,,,False,2140.0,,SSDL,Retail,Consumer & FMCG,2024-08-20,EQ,,,,,pre_listing,2024-06-30,2024-09-09 17:51:12,3.0,inc,standalone,521.492,24.4,non_financial,3.9613065326633166,2024-12-31,3.3152173913043477,184.46,2024-09-30,2024-11-12 19:03:25,3.9613065326633166,xbrl_post_quarter,2024-08-20,,-0.19980363279332347,0.041917383335682956,-0.24172101612900643,-0.3829651448208149,-0.05003524601720011,-0.3329298988036148,-0.43284241531664214,-0.18408289863245453,-0.2487595166841876,-0.5458517427589592,-0.03846891301282962,-0.5073828297461296,-0.16404750479846442,0.006508730892672565,-0.17055623569113698,-0.4338411708253359,-0.22580645161290325,-0.20803471921243266,-0.46545105566218803,-0.06140183865527937,-0.40404921700690866,,,,,,,,16,,-0.03600006672857581,0.14770041509708776,633.8090452261306,False,29.0,25.975780542054533,77.4263351328596,18.0,-1.092162383643259,0.16666666666666666,3.4360243154403696,8.430111790336229,23.0,-0.8974949521708148,0.2608695652173913,1.2153763532827553,2.3827118620470147,24.0,-0.6731854922353023,0.25,-0.8974949521708148,below,industry,"DMART,ETERNAL,POLICYBZR,NYKAA,METROBRAND,ABFRL,INDIAMART,REDTAPE",2024.0
SUNLITE,Sunlite Recycling Industries Limited,SME,2024-08-12,2024-08-14,2024-08-20,Rs.100 to Rs.105,105.0,sme,,,,,,,,,,,,,,,,,,,,,,,,,False,2786.0,,SUNLITE,,,2024-08-20,SM,,,,,,,,,,,,,,,,,,,,,,,,,,,,,,,,,,,,,,,,,,,,,,,,,,,,16,,-0.03600006672857581,0.14770041509708776,,,,,,,,,,,,,,,,,,,,,,,2024.0
BALCO,Solve Plastic Products Limited,SME,2024-08-13,2024-08-16,2024-08-21,Rs.91,91.0,sme,,,,,,,,,,,,,,,,,,,,,,,,,False,2785.0,,BALCO,,,2024-08-21,SM,,,,,,,,,,,,,,,,,,,,,,,,,,,,,,,,,,,,,,,,,,,,,,,,,,,,16,,-0.03287216473061105,0.1555669983223429,,,,,,,,,,,,,,,,,,,,,,,2024.0
BRACEPORT,Brace Port Logistics Limited,SME,2024-08-19,2024-08-21,2024-08-26,Rs.76 to Rs.80,80.0,sme,,,,,,,,,,,,,,,,,,,,,,,,,False,2783.0,,BRACEPORT,,,2024-08-26,SM,,,,,,,,,,,,,,,,,,,,,,,,,,,,,,,,,,,,,,,,,,,,,,,,,,,,16,,-0.034026013023193635,0.11743724168985104,,,,,,,,,,,,,,,,,,,,,,,2024.0
FORCAS,Forcas Studio Limited,SME,2024-08-19,2024-08-21,2024-08-26,Rs.77 to Rs.80,80.0,sme,,,,,,,,,,,,,,,,,,,,,,,,,False,2784.0,,FORCAS,,,2024-08-26,ST,,,,,,,,,,,,,,,,,,,,,,,,,,,,,,,,,,,,,,,,,,,,,,,,,,,,16,,-0.034026013023193635,0.11743724168985104,,,,,,,,,,,,,,,,,,,,,,,2024.0
INTERARCH,Interarch Building Products Limited,EQ,2024-08-19,2024-08-21,2024-08-26,Rs.850 to Rs.900,900.0,mainboard,,,,,,,,,,,,,,,,,,,,,,,,,False,1064.0,,INTERARCH,Engineering,Industrials & Infrastructure,2024-08-26,EQ,,,,,pre_listing,2024-06-30,2024-09-13 13:45:19,3.0,inc,standalone,1213.6896,81.118,non_financial,1.6644982290436834,2024-12-31,1.4413290689410092,676.3577,2024-09-30,2024-10-29 15:12:45,1.6644982290436834,xbrl_post_quarter,2024-08-26,,0.061637534498620195,0.02777201671353846,0.033865517785081733,0.22635276407125526,-0.039024066500195076,0.26537683057145034,0.2899556745002927,-0.18791669777641362,0.4778723722767063,0.7372250564522871,-0.087107291295078,0.8243323477473651,0.34267121657011357,-0.017813588615671283,0.36048480518578485,0.1305451948258074,-0.2183450080493623,0.3488902028751697,0.6675660661852236,-0.057449294402058926,0.7250153605872826,,,,,,,,16,,-0.034026013023193635,0.11743724168985104,1498.0484061393151,False,113.0,18.467521464278153,30.86543638223101,81.0,-0.5136234014694356,0.2716049382716049,2.2148759541575633,3.97336540963743,102.0,-0.5844170465406109,0.23529411764705882,1.2342928588490132,2.155952132578614,98.0,-0.557734228679075,0.24489795918367346,-0.557734228679075,below,industry,"LT,BEL,RVNL,BHEL,THERMAX,AIAENG,IRB,JYOTICNC",2024.0
IDEALTECHO,Ideal Technoplast Industries Limited,SME,2024-08-21,2024-08-23,2024-08-28,Rs.121,121.0,sme,,,,,,,,,,,,,,,,,,,,,,,,,False,2782.0,,IDEALTECHO,,,2024-08-28,SM,,,,,,,,,,,,,,,,,,,,,,,,,,,,,,,,,,,,,,,,,,,,,,,,,,,,17,,-0.013946272374925628,0.11276709234099958,,,,,,,,,,,,,,,,,,,,,,,2024.0
ORIENTTECH,Orient Technologies Limited,BE,2024-08-21,2024-08-23,2024-08-28,Rs.195 to Rs.206,206.0,mainboard,,,,,,,,,,,,,,,,,,,,,,,,,False,1640.0,,ORIENTTECH,,Technology,2024-08-28,EQ,,,,,pre_listing,2024-06-30,2024-09-13 19:30:59,3.0,inc,standalone,595.3872,37.1368,non_financial,3.7666964285714286,2024-12-31,3.584633204633205,307.6626,2024-09-30,2024-11-12 16:30:54,3.7666964285714286,xbrl_post_quarter,2024-08-28,,-0.08184794470716616,0.014006919577784771,-0.09585486428495094,0.32866496907966547,-0.03313751698266809,0.36180248606233356,0.0902146234994543,-0.20564017095427456,0.29585479445372886,0.0032739177882867843,-0.07384091571646234,0.07711483350474913,0.5181644359464628,-0.017813588615671283,0.5359780245621341,-0.027116287154527963,-0.2183450080493623,0.19122872089483434,0.1430557969754911,-0.057449294402058926,0.20050509137755002,,,,,,,,17,,-0.013946272374925628,0.11276709234099958,775.9394642857143,False,163.0,20.89408522774483,34.95539131828442,131.0,-0.5146065993566162,0.1450381679389313,2.522046762543495,5.083948742076698,154.0,-0.7010174918527871,0.23376623376623376,1.3032518406269302,3.8044717640020433,149.0,-1.0713145978689098,0.15436241610738255,-0.7010174918527871,below,sector,"TCS,INFY,HCLTECH,WIPRO,LTM,TECHM,OFSS,NAUKRI",2024.0
QVCEL,QVC Exports Limited,SME,2024-08-21,2024-08-23,2024-08-28,Rs.86,86.0,sme,,,,,,,,,,,,,,,,,,,,,,,,,False,2781.0,,QVCEL,,,2024-08-28,SM,,,,,,,,,,,,,,,,,,,,,,,,,,,,,,,,,,,,,,,,,,,,,,,,,,,,17,,-0.013946272374925628,0.11276709234099958,,,,,,,,,,,,,,,,,,,,,,,2024.0
IPHL,Indian Phosphate Limited,SME,2024-08-26,2024-08-29,2024-09-03,Rs.94 to Rs.99,99.0,sme,,,,,,,,,,,,,,,,,,,,,,,,,False,2778.0,,IPHL,,,2024-09-03,SM,,,,,,,,,,,,,,,,,,,,,,,,,,,,,,,,,,,,,,,,,,,,,,,,,,,,16,,0.0,0.1334961616784749,,,,,,,,,,,,,,,,,,,,,,,2024.0
JAYBEE,Jay Bee Laminations Limited,SME,2024-08-27,2024-08-29,2024-09-03,Rs.138 to Rs.146,146.0,sme,,,,,,,,,,,,,,,,,,,,,,,,,False,2780.0,,JAYBEE,,,2024-09-03,SM,,,,,,,,,,,,,,,,,,,,,,,,,,,,,,,,,,,,,,,,,,,,,,,,,,,,17,,0.0,0.13964130054551838,,,,,,,,,,,,,,,,,,,,,,,2024.0
PARAMATRIX,Paramatrix Technologies Limited,SME,2024-08-27,2024-08-30,2024-09-04,Rs.110,110.0,sme,,,,,,,,,,,,,,,,,,,,,,,,,False,2777.0,,PARAMATRIX,,Technology,2024-09-04,SM,,,,,,,,,,,,,,,,,,,,,,,,,,,,,,,,,,,,,,,,,,,,,,,,,,,,17,,0.0,0.13964130054551838,,,,,,,,,,,,,,,,,,,,,,,2024.0
PREMIERENE,Premier Energies Limited,EQ,2024-08-27,2024-08-29,2024-09-03,Rs.427 to Rs.450,450.0,mainboard,,,,,,,,,,,,,,,,,,,,,,,,,False,1759.0,,PREMIERENE,Solar Energy,Energy,2024-09-03,EQ,,,,,post_listing,2024-09-30,2024-11-09 17:30:40,6.0,ytd,consolidated,6369.174,808.212,non_financial,45.092049469964664,2024-12-31,,2311.827,2024-09-30,2024-11-09 17:30:40,45.092049469964664,xbrl_post_quarter,2024-09-03,,0.2864031432313372,-0.004659362800654709,0.2910625060319919,0.5294677937849743,-0.006611258027956146,0.5360790518129305,0.020954875580426302,-0.2381804941881156,0.2591353697685419,0.18472437194904145,-0.07277311476486903,0.2574974867139105,-0.05434364789544488,-0.09930612549429241,0.04496247759884753,0.04756871035940802,-0.05206067527935776,0.09962938563876578,-0.04295598693061686,-0.02302297419062327,-0.019933012739993594,,,,,,,,17,,0.0,0.13964130054551838,20291.4222614841,False,96.0,25.106558998733128,25.147465091712633,76.0,-0.001627973192368591,0.5,8.777223495306568,3.0024252606295923,87.0,1.0727397447503262,0.8505747126436781,3.1858797171319386,2.5270394190106966,91.0,0.23168002978901583,0.5934065934065934,0.23168002978901583,above,sector,"RELIANCE,ONGC,NTPC,ADANIGREEN,POWERGRID,ADANIPOWER,IOC,PFC",2024.0
VDEAL,Vdeal System Limited,SME,2024-08-27,2024-08-29,2024-09-03,Rs.112,112.0,sme,,,,,,,,,,,,,,,,,,,,,,,,,False,2779.0,,VDEAL,,,2024-09-03,SM,,,,,,,,,,,,,,,,,,,,,,,,,,,,,,,,,,,,,,,,,,,,,,,,,,,,17,,0.0,0.13964130054551838,,,,,,,,,,,,,,,,,,,,,,,2024.0
AERON,Aeron Composite Limited,SME,2024-08-28,2024-08-30,2024-09-04,Rs.121 to Rs.125,125.0,sme,,,,,,,,,,,,,,,,,,,,,,,,,False,2776.0,,AERON,,,2024-09-04,SM,,,,,,,,,,,,,,,,,,,,,,,,,,,,,,,,,,,,,,,,,,,,,,,,,,,,17,,0.0,0.14332734044322293,,,,,,,,,,,,,,,,,,,,,,,2024.0
ECOSMOBLTY,Ecos (India) Mobility & Hospitality Limited,EQ,2024-08-28,2024-08-30,2024-09-04,Rs.318 to Rs.334,334.0,mainboard,,,,,,,,,,,,,,,,,,,,,,,,,False,648.0,,ECOSMOBLTY,,Healthcare & Pharmaceuticals,2024-09-04,BE,,,,,pre_listing,2024-06-30,2024-09-25 15:52:32,3.0,inc,consolidated,595.5548,54.022,non_financial,5.998591549295774,2024-12-31,6.0024444444444445,190.944,2024-09-30,2024-11-12 13:23:04,5.998591549295774,xbrl_post_quarter,2024-09-04,,0.07333859866862236,-0.016317697018656485,0.08965629568727884,-0.24235586144646282,-0.004923419538661267,-0.23743244190780155,-0.5720862010605889,-0.21994639913539948,-0.35213980192518946,-0.365113392756403,-0.07318810519306129,-0.2919252875633417,-0.4119070158830336,-0.043222249043257444,-0.36868476683977613,-0.5981066582518144,-0.18068397256298507,-0.41742268568882934,-0.49563479541390554,-0.0849229317139455,-0.41071186369996004,,,,,,,,17,,0.0,0.14332734044322293,2003.5295774647886,False,131.0,37.08728994603659,44.11452912689068,105.0,-0.1735148649921308,0.4095238095238095,10.492760062975472,5.221062424522861,125.0,0.6979845907375928,0.864,3.3641397524875774,4.074723080544796,122.0,-0.19163050389575906,0.39344262295081966,-0.1735148649921308,below,sector,"SUNPHARMA,DIVISLAB,CIPLA,DRREDDY,TORNTPHARM,LUPIN,APOLLOHOSP,MANKIND",2024.0
BOSS,Boss Packaging Solutions Limited,SME,2024-08-30,2024-09-03,2024-09-06,Rs.66,66.0,sme,,,,,,,,,,,,,,,,,,,,,,,,,False,2775.0,,BOSS,,,2024-09-06,SM,,,,,,,,,,,,,,,,,,,,,,,,,,,,,,,,,,,,,,,,,,,,,,,,,,,,17,,-0.007821268911690993,0.14511725431072708,,,,,,,,,,,,,,,,,,,,,,,2024.0
STYLEBAAZA,Baazar Style Retail Limited,EQ,2024-08-30,2024-09-03,2024-09-06,Rs.370 to Rs.389,389.0,mainboard,,,,,,,,,,,,,,,,,,,,,,,,,False,2162.0,,STYLEBAAZA,Retail,Consumer & FMCG,2024-09-06,EQ,,,,,pre_listing,2024-06-30,2024-09-25 19:54:44,3.0,inc,consolidated,1103.1768,-1.6812,non_financial,7.454828431372549,2024-12-31,,379.8605,2024-09-30,2024-11-07 17:00:23,7.454828431372549,xbrl_post_quarter,2024-09-06,,-0.09224999999999994,-0.023214085761026015,-0.06903591423897393,-0.09950000000000003,0.004839454113945818,-0.10433945411394585,-0.426775,-0.2023667443200593,-0.22440825567994072,-0.08387500000000003,-0.06649333482631758,-0.017381665173682448,-0.12545403744062578,-0.043222249043257444,-0.08223178839736833,-0.32738195026543726,-0.18068397256298507,-0.1466979777024522,0.05364626990779553,-0.0849229317139455,0.13856920162174102,,,,,,,,17,,-0.007821268911690993,0.14511725431072708,2899.9282598039217,True,29.0,,79.80694367741161,18.0,,,7.634192709702435,8.845970849343509,23.0,-0.14732488647950387,0.43478260869565216,2.628706713016374,2.33950453233732,24.0,0.11655281251115096,0.5416666666666666,-0.015386036984176454,in_line_loss_making,industry,"DMART,ETERNAL,POLICYBZR,NYKAA,METROBRAND,ABFRL,INDIAMART,REDTAPE",2024.0
GALAPREC,Gala Precision Engineering Limited,BE,2024-09-02,2024-09-04,2024-09-09,Rs.503 to Rs.529,529.0,mainboard,,,,,,,,,,,,,,,,,,,,,,,,,False,763.0,,GALAPREC,Engineering,Industrials & Infrastructure,2024-09-09,EQ,,,,,pre_listing,2024-06-30,2024-09-29 11:18:12,3.0,inc,consolidated,212.68,25.172,non_financial,1.1203389830508477,2024-12-31,1.0101123595505617,243.973,2024-09-30,2024-11-14 17:50:18,1.1203389830508477,xbrl_post_quarter,2024-09-09,,0.07343326949745754,-0.002861328824238951,0.0762945983216965,0.48405203724493173,0.016231638200254306,0.4678203990446774,0.10275374760615485,-0.21099201912326027,0.3137457667294151,0.09040480750181601,-0.05568713200667563,0.14609193950849164,0.6918758672890122,-0.02726132086232469,0.7191371881513369,0.039169925570833763,-0.17549305566871443,0.2146629812395482,-0.040620663554938874,-0.07498628514939676,0.034365621594457885,,,,,,,,17,,-0.0027058846129569547,0.1683583087651388,592.6593220338984,False,113.0,23.54438749538767,33.46659906684595,81.0,-0.3516604295269839,0.3333333333333333,2.429200452648032,4.044642774955335,102.0,-0.509831062490324,0.2549019607843137,2.7866246099017227,2.247823205208509,98.0,0.21486876260522778,0.5408163265306123,-0.3516604295269839,below,industry,"LT,BEL,RVNL,BHEL,THERMAX,AIAENG,IRB,JYOTICNC",2024.0
JEYYAM,Jeyyam Global Foods Limited,SME,2024-09-02,2024-09-04,2024-09-09,Rs.59 to Rs.61,61.0,sme,,,,,,,,,,,,,,,,,,,,,,,,,False,2774.0,,JEYYAM,,,2024-09-09,ST,,,,,,,,,,,,,,,,,,,,,,,,,,,,,,,,,,,,,,,,,,,,,,,,,,,,17,,-0.0027058846129569547,0.1683583087651388,,,,,,,,,,,,,,,,,,,,,,,2024.0
ADANIENPP1,Adani Enterprises Limited,EQ,2024-09-04,2024-09-06,2026-02-10,Rs.1000,450.0,mainboard,,,,,,,,,,,,,,,,,,,,,,,,,False,,,,,,,,,,,,,,,,,,,,,,,,,,,,,,,,,,,,,,,,,,,,,,,,,,,,,,,,,,,18,,0.0,0.1451869268751469,,,,,,,,,,,,,,,,,,,,,,,2026.0
NAMOEWASTE,Namo eWaste Management Limited,SME,2024-09-04,2024-09-06,2024-09-11,Rs.80 to Rs.85,85.0,sme,,,,,,,,,,,,,,,,,,,,,,,,,False,2773.0,,NAMOEWASTE,,,2024-09-11,ST,,,,,,,,,,,,,,,,,,,,,,,,,,,,,,,,,,,,,,,,,,,,,,,,,,,,18,,0.0,0.1451869268751469,,,,,,,,,,,,,,,,,,,,,,,2024.0
BALAJEE,Shree Tirupati Balajee Agro Trading Company Limited,BE,2024-09-05,2024-09-09,2024-09-12,Rs.78 to Rs.83,83.0,mainboard,,,,,,,,,,,,,,,,,,,,,,,,,False,286.0,,BALAJEE,Manufacturing,Industrials & Infrastructure,2024-09-12,EQ,,,,,pre_listing,2024-06-30,2024-10-03 12:54:27,3.0,inc,consolidated,574.0932,31.6812,non_financial,11.309027777777779,2024-12-31,8.165257731958762,298.2399,2024-09-30,2024-11-15 16:50:15,11.309027777777779,xbrl_post_quarter,2024-09-12,,-0.1873015873015873,-0.006343265312784063,-0.18095832198880324,-0.20190476190476192,-0.0064167079214654255,-0.1954880539832965,-0.4237037037037037,-0.23317212227378314,-0.19053158142992055,-0.44740740740740736,-0.04955744028027875,-0.3978499671271286,-0.1406964921199797,-0.031403894759913786,-0.10929259736006591,-0.432892730045755,-0.2126026196269487,-0.2202901104188063,-0.333248601931876,-0.05625733492771201,-0.276991267004164,,,,,,,,19,,0.0,0.24114056540501716,938.6493055555557,False,223.0,29.627959343571444,28.07784208914368,150.0,0.05373776039278475,0.5333333333333333,3.147296205355339,2.101376983138829,202.0,0.40395090063560196,0.6584158415841584,1.6350120599853049,1.3878629195972256,189.0,0.16388508434949944,0.5343915343915344,0.16388508434949944,above,industry,"SUPREMEIND,ASTRAL,PAGEIND,3MINDIA,MANYAVAR,KPRMILL,FINPIPE,TRIDENT",2024.0
MYMUDRA,My Mudra Fincorp Limited,SME,2024-09-05,2024-09-09,2024-09-12,Rs.104 to Rs.110,110.0,sme,,,,,,,,,,,,,,,,,,,,,,,,,False,2772.0,,MYMUDRA,,,2024-09-12,SM,,,,,,,,,,,,,,,,,,,,,,,,,,,,,,,,,,,,,,,,,,,,,,,,,,,,19,,0.0,0.24114056540501716,,,,,,,,,,,,,,,,,,,,,,,2024.0
1150VIES30,Vision Infra Equipment Solutions Limited,SME,2024-09-06,2024-09-10,2026-09-01,Rs.155 to Rs.163,100000.0,sme,,,,,,,,,,,,,,,,,,,,,,,,,False,,,,,,,,,,,,,,,,,,,,,,,,,,,,,,,,,,,,,,,,,,,,,,,,,,,,,,,,,,,19,,0.0,0.2128098360655737,,,,,,,,,,,,,,,,,,,,,,,2026.0
AUSL,Aditya Ultra Steel Limited,SME,2024-09-09,2024-09-11,2024-09-16,Rs.59 to Rs.62,62.0,sme,,,,,,,,,,,,,,,,,,,,,,,,,False,2768.0,,AUSL,,,2024-09-16,SM,,,,,,,,,,,,,,,,,,,,,,,,,,,,,,,,,,,,,,,,,,,,,,,,,,,,19,,-0.010137683255521002,0.16270584723642334,,,,,,,,,,,,,,,,,,,,,,,2024.0
BAJAJHFL,Bajaj Housing Finance Limited,EQ,2024-09-09,2024-09-11,2024-09-16,Rs.66 to Rs.70,70.0,mainboard,,,,,,,,,,,,,,,,,,,,,,,,,False,279.0,,BAJAJHFL,,Financial Services,2024-09-16,EQ,,,,,,,,,,,,,,,,,,,,,,2024-09-16,,-0.14818181818181808,-0.0036047143957056438,-0.14457710378611244,-0.21927272727272729,-0.017813588615671283,-0.201459138657056,-0.28709090909090906,-0.2183450080493623,-0.06874590104154676,-0.3055757575757576,-0.057449294402058926,-0.24812646317369869,,,,,,,,,,,,,,,,,19,,-0.010137683255521002,0.16270584723642334,,,,,,,,,,,,,,,,,,,,,,,2024.0
GAJANAND,Gajanand International Limited,SME,2024-09-09,2024-09-11,2024-09-16,Rs.36,36.0,sme,,,,,,,,,,,,,,,,,,,,,,,,,False,2770.0,,GAJANAND,,,2024-09-16,SM,,,,,,,,,,,,,,,,,,,,,,,,,,,,,,,,,,,,,,,,,,,,,,,,,,,,19,,-0.010137683255521002,0.16270584723642334,,,,,,,,,,,,,,,,,,,,,,,2024.0
KROSS,Kross Limited,EQ,2024-09-09,2024-09-11,2024-09-16,Rs.228 to Rs.240,240.0,mainboard,,,,,,,,,,,,,,,,,,,,,,,,,False,1258.0,,KROSS,Auto Components,Automobile & Mobility,2024-09-16,EQ,,,,,pre_listing,2024-06-30,2024-09-27 19:40:37,3.0,inc,standalone,585.568,30.624,non_financial,4.184615384615385,2024-12-31,5.391549295774648,403.828,2024-09-30,2024-11-12 18:53:58,4.184615384615385,xbrl_post_quarter,2024-09-16,,-0.2521457988530079,-0.0036047143957056438,-0.24854108445730227,-0.14098764481736648,-0.017813588615671283,-0.12317405620169519,-0.3178861475693776,-0.2183450080493623,-0.09954113952001531,-0.163965975135676,-0.057449294402058926,-0.10651668073361709,0.026134145760936978,-0.02726132086232469,0.05339546662326167,-0.20336078450040462,-0.17549305566871443,-0.027867728831690197,-0.04598467177607468,-0.07498628514939676,0.029001613373322077,,,,,,,,19,,-0.010137683255521002,0.16270584723642334,1004.3076923076924,False,93.0,32.79479141548107,34.8148631898322,83.0,-0.05977469428212761,0.46987951807228917,2.486968938032262,4.629973252496434,89.0,-0.6214864160732857,0.23595505617977527,1.7151000264831624,1.9985116877026954,89.0,-0.1529313439925912,0.42696629213483145,-0.1529313439925912,below,industry,"MOTHERSON,BOSCHLTD,TIINDIA,BHARATFORG,UNOMINDA,SCHAEFFLER,BALKRISIND,MRF",2024.0
SHUBHSHREE,Shubhshree Biofuels Energy Limited,SME,2024-09-09,2024-09-11,2024-09-16,Rs.113 to Rs.119,119.0,sme,,,,,,,,,,,,,,,,,,,,,,,,,False,2769.0,,SHUBHSHREE,,,2024-09-16,SM,,,,,,,,,,,,,,,,,,,,,,,,,,,,,,,,,,,,,,,,,,,,,,,,,,,,19,,-0.010137683255521002,0.16270584723642334,,,,,,,,,,,,,,,,,,,,,,,2024.0
TOLINS,Tolins Tyres Limited,BE,2024-09-09,2024-09-11,2024-09-16,Rs.215 to Rs.226,226.0,mainboard,,,,,,,,,,,,,,,,,,,,,,,,,False,2318.0,,TOLINS,Auto Components,Automobile & Mobility,2024-09-16,EQ,,,,,pre_listing,2024-06-30,2024-10-04 20:48:02,3.0,inc,consolidated,305.192,35.632,non_financial,3.0252777777777777,2024-12-31,3.061168384879725,298.197,2024-09-30,2024-11-14 20:24:57,3.0252777777777777,xbrl_post_quarter,2024-09-16,,-0.21599832915622397,-0.0036047143957056438,-0.21239361476051832,-0.08675856307435259,-0.017813588615671283,-0.06894497445868131,-0.5137009189640769,-0.2183450080493623,-0.2953559109147146,-0.22197159565580626,-0.057449294402058926,-0.16452230125374734,0.15493184501448964,0.010736818065031795,0.14419502694945785,-0.3721691531608887,-0.17220588655114333,-0.1999632666097454,-0.09525598368573573,-0.022938136972223022,-0.07231784671351271,,,,,,,,19,,-0.010137683255521002,0.16270584723642334,683.7127777777778,False,93.0,19.188167315272167,34.8148631898322,83.0,-0.595750595365176,0.21686746987951808,2.292822455550451,4.629973252496434,89.0,-0.7027675190969338,0.15730337078651685,2.240270969677376,1.9985116877026954,89.0,0.11419407976714199,0.5617977528089888,-0.595750595365176,below,industry,"MOTHERSON,BOSCHLTD,TIINDIA,BHARATFORG,UNOMINDA,SCHAEFFLER,BALKRISIND,MRF",2024.0
PNGJL,P N Gadgil Jewellers Limited,EQ,2024-09-10,2024-09-12,2024-09-17,Rs.456 to Rs.480,480.0,mainboard,,,,,,,,,,,,,,,,,,,,,,,,,False,1725.0,,PNGJL,Retail,Consumer & FMCG,2024-09-17,EQ,,,,,pre_listing,2024-06-30,2024-10-06 00:22:15,3.0,inc,consolidated,6672.728,141.284,non_financial,13.570662460567823,2024-12-31,11.813043478260868,1406.417,2024-09-30,2024-11-13 15:34:14,13.570662460567823,xbrl_post_quarter,2024-09-17,,-0.05401487457456189,-0.0158590593527993,-0.03815581522176259,-0.08477246943148875,-0.02263961636180234,-0.06213285306968641,-0.33051808899533586,-0.2012751978336741,-0.12924289116166177,-0.20093281230303794,-0.064320892422714,-0.13661191988032395,-0.026358446684051073,0.010736818065031795,-0.03709526474908287,-0.26562830361547685,-0.17220588655114333,-0.09342241706433352,-0.06441609697653117,-0.022938136972223022,-0.041477960004308145,,,,,,,,20,,-0.018353261765794993,0.1276956521739132,6513.9179810725545,False,31.0,46.10513562096596,76.6826222827577,18.0,-0.5087507697792256,0.2777777777777778,4.631569428606562,9.297147609342566,23.0,-0.6968118643192088,0.34782608695652173,0.9762001359972344,2.3416804062503545,24.0,-0.8749564501885788,0.08333333333333333,-0.6968118643192088,below,industry,"DMART,ETERNAL,POLICYBZR,NYKAA,METROBRAND,ABFRL,FIRSTCRY,INDIAMART",2024.0
SPPPOLY,SPP Polymer Limited,SME,2024-09-10,2024-09-12,2024-09-17,Rs.59,59.0,sme,,,,,,,,,,,,,,,,,,,,,,,,,False,2767.0,,SPPPOLY,,,2024-09-17,SM,,,,,,,,,,,,,,,,,,,,,,,,,,,,,,,,,,,,,,,,,,,,,,,,,,,,20,,-0.018353261765794993,0.1276956521739132,,,,,,,,,,,,,,,,,,,,,,,2024.0
EXCELLENT,Excellent Wires and Packaging Limited,SME,2024-09-11,2024-09-13,2024-09-19,Rs.90,90.0,sme,,,,,,,,,,,,,,,,,,,,,,,,,False,2765.0,,EXCELLENT,,,2024-09-19,ST,,,,,,,,,,,,,,,,,,,,,,,,,,,,,,,,,,,,,,,,,,,,,,,,,,,,20,,-0.006074499806708045,0.12692720306513405,,,,,,,,,,,,,,,,,,,,,,,2024.0
INNOMET,Innomet Advanced Materials Limited,SME,2024-09-11,2024-09-13,2024-09-18,Rs.100,100.0,sme,,,,,,,,,,,,,,,,,,,,,,,,,False,2766.0,,INNOMET,,,2024-09-18,ST,,,,,,,,,,,,,,,,,,,,,,,,,,,,,,,,,,,,,,,,,,,,,,,,,,,,20,,-0.006074499806708045,0.12692720306513405,,,,,,,,,,,,,,,,,,,,,,,2024.0
DECCANTRAN,Deccan Transcon Leasing Limited,SME,2024-09-13,2024-09-19,2024-09-24,Rs.102 to Rs.108,108.0,sme,,,,,,,,,,,,,,,,,,,,,,,,,False,2762.0,,DECCANTRAN,,,2024-09-24,SM,,,,,,,,,,,,,,,,,,,,,,,,,,,,,,,,,,,,,,,,,,,,,,,,,,,,21,,-0.006144787743946334,0.10949015252569749,,,,,,,,,,,,,,,,,,,,,,,2024.0
ENVIRO,Envirotech Systems Limited,SME,2024-09-13,2024-09-19,2024-09-24,Rs.53 to Rs.56,56.0,sme,,,,,,,,,,,,,,,,,,,,,,,,,False,2763.0,,ENVIRO,,,2024-09-24,SM,,,,,,,,,,,,,,,,,,,,,,,,,,,,,,,,,,,,,,,,,,,,,,,,,,,,21,,-0.006144787743946334,0.10949015252569749,,,,,,,,,,,,,,,,,,,,,,,2024.0
WCIL,Western Carriers (India) Limited,EQ,2024-09-13,2024-09-19,2024-09-24,Rs.163 to Rs.172,172.0,mainboard,,,,,,,,,,,,,,,,,,,,,,,,,False,2500.0,,WCIL,Logistics,Services & Others,2024-09-24,EQ,,,,,pre_listing,2024-06-30,2024-10-09 19:04:42,3.0,inc,consolidated,1690.836,75.6,non_financial,11.888288288288287,2024-12-31,7.875,836.263,2024-09-30,2024-11-14 19:23:49,11.888288288288287,xbrl_post_quarter,2024-09-24,,-0.16708479678876054,-0.0662476524621568,-0.10083714432660373,-0.29798043151028597,-0.0492834964726393,-0.24869693503764667,-0.5027596588058203,-0.19443801692917828,-0.308321641876642,-0.17053437029603613,-0.10316520747122404,-0.06736916282481209,-0.26937441643324,-0.07138108990006797,-0.19799332653317203,-0.49513138588768835,-0.15936692346095804,-0.3357644624267303,-0.1852741096438576,-0.05932196377297283,-0.12595214587088477,,,,,,,,21,,-0.006144787743946334,0.10949015252569749,2044.7855855855853,False,41.0,27.047428380761712,28.87102184348194,30.0,-0.0652464560262085,0.4666666666666667,2.445146545507317,3.268204834857456,39.0,-0.29013579605495715,0.41025641025641024,1.2093340723675066,3.0394738533083934,39.0,-0.9216145711760545,0.28205128205128205,-0.29013579605495715,below,industry,"ADANIPORTS,JSWINFRA,CONCOR,DELHIVERY,AEGISLOG,BLUEDART,GESHIP,SCI",2024.0
ARKADE,Arkade Developers Limited,EQ,2024-09-16,2024-09-19,2024-09-24,Rs.121 to Rs.128,128.0,mainboard,,,,,,,,,,,,,,,,,,,,,,,,,False,191.0,,ARKADE,Real Estate,Real Estate & Construction,2024-09-24,EQ,,,,,pre_listing,2024-06-30,2024-10-10 20:11:35,3.0,inc,consolidated,501.5252,120.8856,non_financial,16.475296052631577,2024-12-31,15.186633165829145,826.8549,2024-09-30,2024-11-14 17:24:18,16.475296052631577,xbrl_post_quarter,2024-09-24,,-0.1718919570722297,-0.0662476524621568,-0.1056443046100729,0.0355118774870371,-0.0492834964726393,0.0847953739596764,-0.08784517062582908,-0.19443801692917828,0.1065928463033492,0.01670083202701056,-0.10316520747122404,0.1198660394982346,-0.049535225048923825,-0.11272717289847911,0.06319194784955529,0.0003669275929549798,-0.15541371547795524,0.15578064307091022,0.042196673189823786,-0.06016581562620105,0.10236248881602483,,,,,,,,21,,0.0,0.11025856726730598,2108.837894736842,False,7.0,17.44490571860372,21.54386045637001,5.0,-0.21104320821225828,0.4,2.550432844670621,3.00658295230582,6.0,-0.16454111433128726,0.16666666666666666,4.204849317116751,3.1327860454790404,5.0,0.29431573955023776,0.6,-0.16454111433128726,below,industry,"ABREL,AWFIS,AJMERA,AGIIL,ELDEHSG,FMNL,ASHOKAMET",2024.0
OSELDEVICE,Osel Devices Limited,SME,2024-09-16,2024-09-19,2024-09-24,Rs.155 to Rs.160,160.0,sme,,,,,,,,,,,,,,,,,,,,,,,,,False,2761.0,,OSELDEVICE,,,2024-09-24,SM,,,,,,,,,,,,,,,,,,,,,,,,,,,,,,,,,,,,,,,,,,,,,,,,,,,,21,,0.0,0.11025856726730598,,,,,,,,,,,,,,,,,,,,,,,2024.0
PELATRO,Pelatro Limited,SME,2024-09-16,2024-09-19,2024-09-24,Rs.190 to Rs.200,200.0,sme,,,,,,,,,,,,,,,,,,,,,,,,,False,2764.0,,PELATRO,,,2024-09-24,SM,,,,,,,,,,,,,,,,,,,,,,,,,,,,,,,,,,,,,,,,,,,,,,,,,,,,21,,0.0,0.11025856726730598,,,,,,,,,,,,,,,,,,,,,,,2024.0
PSFL,Paramount Speciality Forgings Limited,SME,2024-09-17,2024-09-20,2024-09-25,Rs.57 to Rs.59,59.0,sme,,,,,,,,,,,,,,,,,,,,,,,,,False,2760.0,,PSFL,,,2024-09-25,SM,,,,,,,,,,,,,,,,,,,,,,,,,,,,,,,,,,,,,,,,,,,,,,,,,,,,23,,0.0,0.1025404335269553,,,,,,,,,,,,,,,,,,,,,,,2024.0
KALANA,Kalana Ispat Limited,SME,2024-09-19,2024-09-23,2024-09-26,Rs.66,66.0,sme,,,,,,,,,,,,,,,,,,,,,,,,,False,2759.0,,KALANA,,,2024-09-26,SM,,,,,,,,,,,,,,,,,,,,,,,,,,,,,,,,,,,,,,,,,,,,,,,,,,,,24,,-0.005228047316251261,0.09048091224590982,,,,,,,,,,,,,,,,,,,,,,,2024.0
AVIANSH,Avi Ansh Textile Limited,SME,2024-09-20,2024-09-24,2024-09-27,Rs.62,62.0,sme,,,,,,,,,,,,,,,,,,,,,,,,,False,2757.0,,AVIANSH,,,2024-09-27,SM,,,,,,,,,,,,,,,,,,,,,,,,,,,,,,,,,,,,,,,,,,,,,,,,,,,,24,,-0.016287171093367192,0.0713263750439781,,,,,,,,,,,,,,,,,,,,,,,2024.0
BIKEWO,Bikewo Green Tech Limited,SME,2024-09-20,2024-09-24,2024-09-27,Rs.59 to Rs.62,62.0,sme,,,,,,,,,,,,,,,,,,,,,,,,,False,2758.0,,BIKEWO,,,2024-09-27,ST,,,,,,,,,,,,,,,,,,,,,,,,,,,,,,,,,,,,,,,,,,,,,,,,,,,,24,,-0.016287171093367192,0.0713263750439781,,,,,,,,,,,,,,,,,,,,,,,2024.0
PHOGLOBAL,Phoenix Overseas Limited,SME,2024-09-20,2024-09-24,2024-09-27,Rs.61 to Rs.64,64.0,sme,,,,,,,,,,,,,,,,,,,,,,,,,False,2756.0,,PHOGLOBAL,,,2024-09-27,SM,,,,,,,,,,,,,,,,,,,,,,,,,,,,,,,,,,,,,,,,,,,,,,,,,,,,24,,-0.016287171093367192,0.0713263750439781,,,,,,,,,,,,,,,,,,,,,,,2024.0
SDREAMS,S D Retail Limited,SME,2024-09-20,2024-09-24,2024-09-27,Rs.124 to Rs.131,131.0,sme,,,,,,,,,,,,,,,,,,,,,,,,,False,2755.0,,SDREAMS,,,2024-09-27,SM,,,,,,,,,,,,,,,,,,,,,,,,,,,,,,,,,,,,,,,,,,,,,,,,,,,,24,,-0.016287171093367192,0.0713263750439781,,,,,,,,,,,,,,,,,,,,,,,2024.0
MANBA,Manba Finance Limited,BE,2024-09-23,2024-09-25,2024-09-30,Rs.114 to Rs.120,120.0,mainboard,,,,,,,,,,,,,,,,,,,,,,,,,False,1371.0,,MANBA,,Financial Services,2024-09-30,EQ,,,,,,,,,,,,,,,,,,,,,,2024-09-30,,-0.08840722495894915,-0.0503674493636852,-0.03803977559526395,0.04643678160919529,-0.02726132086232469,0.07369810247151998,-0.1104761904761904,-0.17549305566871443,0.06501686519252403,-0.10436781609195389,-0.07498628514939676,-0.029381530942557132,,,,,,,,,,,,,,,,,24,,-0.005828384366469375,0.08318985366540455,,,,,,,,,,,,,,,,,,,,,,,2024.0
RAPPID,Rappid Valves (India) Limited,SME,2024-09-23,2024-09-25,2024-09-30,Rs.210 to Rs.222,222.0,sme,,,,,,,,,,,,,,,,,,,,,,,,,False,2754.0,,RAPPID,,,2024-09-30,SM,,,,,,,,,,,,,,,,,,,,,,,,,,,,,,,,,,,,,,,,,,,,,,,,,,,,24,,-0.005828384366469375,0.08318985366540455,,,,,,,,,,,,,,,,,,,,,,,2024.0
WOL3D,WOL 3D India Limited,SME,2024-09-23,2024-09-25,2024-09-30,Rs.142 to Rs.150,150.0,sme,,,,,,,,,,,,,,,,,,,,,,,,,False,2753.0,,WOL3D,,,2024-09-30,ST,,,,,,,,,,,,,,,,,,,,,,,,,,,,,,,,,,,,,,,,,,,,,,,,,,,,24,,-0.005828384366469375,0.08318985366540455,,,,,,,,,,,,,,,,,,,,,,,2024.0
KRN,KRN Heat Exchanger and Refrigeration Limited,EQ,2024-09-25,2024-09-27,2024-10-03,Rs.209 to Rs.220,220.0,mainboard,,,,,,,,,,,,,,,,,,,,,,,,,False,1256.0,,KRN,Engineering,Industrials & Infrastructure,2024-10-03,EQ,,,,,pre_listing,2024-09-30,2024-10-30 18:10:11,6.0,ytd,consolidated,373.7608,48.56,non_financial,6.475660377358491,2024-12-31,,498.6345,2025-03-31,2025-05-13 00:00:25,6.475660377358491,xbrl_post_quarter,2024-10-03,,-0.022849265857682877,-0.013221153846153966,-0.009628112011528911,0.6614799807848952,-0.01133988294314392,0.6728198637280391,0.7137993692433007,-0.18695542158070766,0.9007547908240083,0.7387581194260531,-0.06725543478260876,0.8060135542086618,0.759727022954888,-0.10704346748388849,0.8667704904387765,0.6568067003456528,-0.14482119518680425,0.8016278955324571,0.7650447575999291,-0.041188764703231406,0.8062335223031605,,,,,,,,25,,-0.0021398098603083726,0.08930989407785583,1424.645283018868,False,117.0,29.337835317521993,32.29456687800901,82.0,-0.09602101720141155,0.45121951219512196,2.857093287806736,3.9748613971500126,103.0,-0.3301851037763287,0.32038834951456313,3.8116498119087607,2.2830679381778256,99.0,0.5125419915145608,0.6363636363636364,-0.09602101720141155,in_line,industry,"LT,BEL,RVNL,BHEL,THERMAX,AIAENG,IRB,JYOTICNC",2024.0
TECHERA,Techera Engineering (India) Limited,SME,2024-09-25,2024-09-27,2024-10-03,Rs.75 to Rs.82,82.0,sme,,,,,,,,,,,,,,,,,,,,,,,,,False,2751.0,,TECHERA,,,2024-10-03,SM,,,,,,,,,,,,,,,,,,,,,,,,,,,,,,,,,,,,,,,,,,,,,,,,,,,,25,,-0.0021398098603083726,0.08930989407785583,,,,,,,,,,,,,,,,,,,,,,,2024.0
THESL,Thinking Hats Entertainment Solutions Limited,SME,2024-09-25,2024-09-27,2024-10-03,Rs.42 to Rs.44,44.0,sme,,,,,,,,,,,,,,,,,,,,,,,,,False,2752.0,,THESL,,,2024-10-03,ST,,,,,,,,,,,,,,,,,,,,,,,,,,,,,,,,,,,,,,,,,,,,,,,,,,,,25,,-0.0021398098603083726,0.08930989407785583,,,,,,,,,,,,,,,,,,,,,,,2024.0
UNILEX,Unilex Colours and Chemicals Limited,SME,2024-09-25,2024-09-27,2024-10-03,Rs.82 to Rs.87,87.0,sme,,,,,,,,,,,,,,,,,,,,,,,,,False,2750.0,,UNILEX,,,2024-10-03,SM,,,,,,,,,,,,,,,,,,,,,,,,,,,,,,,,,,,,,,,,,,,,,,,,,,,,25,,-0.0021398098603083726,0.08930989407785583,,,,,,,,,,,,,,,,,,,,,,,2024.0
DIFFNKG,Diffusion Engineers Limited,BE,2024-09-26,2024-09-30,2024-10-04,Rs.159 to Rs.168,168.0,mainboard,,,,,,,,,,,,,,,,,,,,,,,,,False,600.0,,DIFFNKG,Capital Goods,Industrials & Infrastructure,2024-10-04,EQ,,,,,pre_listing,2024-09-30,2024-11-13 17:51:36,6.0,ytd,consolidated,307.099,31.3454,non_financial,3.75625,2024-12-31,2.803887043189369,368.877,2025-03-31,2025-05-15 21:50:12,3.75625,xbrl_post_quarter,2024-10-04,,0.7217108825121821,-0.022869715037191485,0.7445805975493736,0.6668307328837919,-0.031403894759913786,0.6982346276437057,0.319584584338239,-0.2126026196269487,0.5321872039651877,0.8034158586405473,-0.05625733492771201,0.8596731935682593,-0.07259834543305754,-0.1073740220396332,0.034775676606575656,-0.0966402161067027,-0.021730137993220766,-0.07491007811348194,0.0658450109741684,-0.004630525159881049,0.07047553613404944,,,,,,,,25,,-0.005640828753460281,0.08320220874254924,631.0500000000001,False,66.0,20.13214060117274,54.476687013216704,55.0,-0.9954552760736877,0.12727272727272726,1.7107328459079858,9.406086781144296,64.0,-1.7044351660625423,0.015625,2.0548748123569274,4.503172632915421,58.0,-0.784567250364983,0.13793103448275862,-0.9954552760736877,below,industry,"SIEMENS,ABB,HAVELLS,SUZLON,CUMMINSIND,MAZDOCK,POWERINDIA,COCHINSHIP",2024.0
DIVYADHAN,Divyadhan Recycling Industries Limited,SME,2024-09-26,2024-09-30,2024-10-04,Rs.60 to Rs.64,64.0,sme,,,,,,,,,,,,,,,,,,,,,,,,,False,2748.0,,DIVYADHAN,,,2024-10-04,ST,,,,,,,,,,,,,,,,,,,,,,,,,,,,,,,,,,,,,,,,,,,,,,,,,,,,25,,-0.005640828753460281,0.08320220874254924,,,,,,,,,,,,,,,,,,,,,,,2024.0
FORGEAUTO,Forge Auto International Limited,SME,2024-09-26,2024-09-30,2024-10-04,Rs.102 to Rs.108,108.0,sme,,,,,,,,,,,,,,,,,,,,,,,,,False,2749.0,,FORGEAUTO,,,2024-10-04,SM,,,,,,,,,,,,,,,,,,,,,,,,,,,,,,,,,,,,,,,,,,,,,,,,,,,,25,,-0.005640828753460281,0.08320220874254924,,,,,,,,,,,,,,,,,,,,,,,2024.0
SAHASRA,Sahasra Electronic Solutions Limited,SME,2024-09-26,2024-09-30,2024-10-04,Rs.269 to Rs.283,283.0,sme,,,,,,,,,,,,,,,,,,,,,,,,,False,2747.0,,SAHASRA,,,2024-10-04,ST,,,,,,,,,,,,,,,,,,,,,,,,,,,,,,,,,,,,,,,,,,,,,,,,,,,,25,,-0.005640828753460281,0.08320220874254924,,,,,,,,,,,,,,,,,,,,,,,2024.0
HVAX,Hvax Technologies Limited,SME,2024-09-27,2024-10-01,2024-10-07,Rs.435 to Rs.458,458.0,sme,,,,,,,,,,,,,,,,,,,,,,,,,False,2745.0,,HVAX,,Technology,2024-10-07,SM,,,,,,,,,,,,,,,,,,,,,,,,,,,,,,,,,,,,,,,,,,,,,,,,,,,,24,,-0.010105701774404507,0.08443752922871495,,,,,,,,,,,,,,,,,,,,,,,2024.0
SAJHOTELS,Saj Hotels Limited,SME,2024-09-27,2024-10-01,2024-10-07,Rs.65,65.0,sme,,,,,,,,,,,,,,,,,,,,,,,,,False,2746.0,,SAJHOTELS,,,2024-10-07,ST,,,,,,,,,,,,,,,,,,,,,,,,,,,,,,,,,,,,,,,,,,,,,,,,,,,,24,,-0.010105701774404507,0.08443752922871495,,,,,,,,,,,,,,,,,,,,,,,2024.0
PARAMOUNT,Paramount Dye Tec Limited,SME,2024-09-30,2024-10-03,2024-10-08,Rs.111 to Rs.117,117.0,sme,,,,,,,,,,,,,,,,,,,,,,,,,False,2744.0,,PARAMOUNT,,,2024-10-08,SM,,,,,,,,,,,,,,,,,,,,,,,,,,,,,,,,,,,,,,,,,,,,,,,,,,,,24,,-0.01199045274295718,0.075319749518586,,,,,,,,,,,,,,,,,,,,,,,2024.0
GARUDA,Garuda Construction and Engineering Limited,EQ,2024-10-08,2024-10-10,2024-10-15,Rs.90 to Rs.95,95.0,mainboard,,,,,,,,,,,,,,,,,,,,,,,,,False,775.0,,GARUDA,Construction,Industrials & Infrastructure,2024-10-15,EQ,,,,,pre_listing,2024-09-30,2024-11-15 13:33:20,6.0,ytd,consolidated,163.75,37.7894,non_financial,9.296030927835053,2025-03-31,7.478832116788321,332.3312,2025-03-31,2025-05-30 21:36:26,9.296030927835053,xbrl_post_quarter,2024-10-15,,-0.20928920646859728,-0.09732153251767295,-0.11196767395092433,0.15513350883790888,-0.106063846780722,0.2611973556186309,0.07484016547574268,-0.14705715128887542,0.2218973167646181,0.8476871004136894,-0.07040690071557565,0.9180940011292651,0.3131814877635084,-0.13129180182527767,0.44447328958878607,0.2570874727404895,-0.0096086166048156,0.2666960893453051,1.505936515628786,-0.0046425672498330295,1.510579082878619,,,,,,,,25,,-0.0595307453357784,-0.01116738085962854,883.1229381443301,False,61.0,23.36959406988018,33.066259247346416,45.0,-0.34707762570797884,0.4,2.657357895209147,3.767687691825752,58.0,-0.3491291122501874,0.3620689655172414,5.393117179507359,4.69122426415519,58.0,0.1394299586666056,0.5172413793103449,-0.34707762570797884,below,industry,"DLF,LODHA,GODREJPROP,PRESTIGE,OBEROIRLTY,NBCC,PHOENIXLTD,BRIGADE",2024.0
PRANIK,Pranik Logistics Limited,SME,2024-10-10,2024-10-14,2024-10-17,Rs.73 to Rs.77,77.0,sme,,,,,,,,,,,,,,,,,,,,,,,,,False,2743.0,,PRANIK,,,2024-10-17,SM,,,,,,,,,,,,,,,,,,,,,,,,,,,,,,,,,,,,,,,,,,,,,,,,,,,,23,,-0.02787927928411682,0.022380157728439265,,,,,,,,,,,,,,,,,,,,,,,2024.0
HYUNDAI,Hyundai Motor India Limited,EQ,2024-10-15,2024-10-17,2024-10-22,Rs.1865 to Rs.1960,1960.0,mainboard,,,,,,,,,,,,,,,,,,,,,,,,,False,981.0,,HYUNDAI,,Technology,2024-10-22,EQ,,,,,pre_listing,2024-09-30,2024-11-13 11:54:26,6.0,ytd,consolidated,69209.236,5730.242,non_financial,81.2453447408153,2025-03-31,81.24447725930301,16296.465,2025-03-31,2025-05-16 16:51:26,81.2453447408153,xbrl_post_quarter,2024-10-22,,0.005825456144207486,-0.021035327077918775,0.02686078322212626,-0.06435480325346221,-0.06105975445278633,-0.0032950488006758816,-0.0869971422290613,-0.09658364060501168,0.00958649837595038,0.2632996262914926,0.004092453561939546,0.25920717272955307,0.018943791589975945,-0.1073740220396332,0.12631781362960914,0.05014866204162538,-0.021730137993220766,0.07187880003484615,0.3228939544103073,-0.004630525159881049,0.3275244795701884,,,,,,,,23,,-0.01922607077750016,0.03314063984795679,159240.875691998,False,165.0,27.78955508196652,33.567613436943205,131.0,-0.1889014827058028,0.3282442748091603,9.771498032978194,4.883699614414333,154.0,0.6935667338392048,0.7662337662337663,2.3008616319937123,3.7240845108032823,149.0,-0.48153737732598634,0.28187919463087246,-0.1889014827058028,below,sector,"TCS,INFY,HCLTECH,WIPRO,LTM,TECHM,NAUKRI,OFSS",2024.0
LAKSHYA,Lakshya Powertech Limited,SME,2024-10-16,2024-10-18,2024-10-23,Rs.171 to Rs.180,180.0,sme,,,,,,,,,,,,,,,,,,,,,,,,,False,2742.0,,LAKSHYA,,Energy,2024-10-23,SM,,,,,,,,,,,,,,,,,,,,,,,,,,,,,,,,,,,,,,,,,,,,,,,,,,,,24,,-0.008349822666949502,0.040832659364318014,,,,,,,,,,,,,,,,,,,,,,,2024.0
FRESHARA,Freshara Agro Exports Limited,SME,2024-10-17,2024-10-21,2024-10-24,Rs.110 to Rs.116,116.0,sme,,,,,,,,,,,,,,,,,,,,,,,,,False,2741.0,,FRESHARA,,,2024-10-24,ST,,,,,,,,,,,,,,,,,,,,,,,,,,,,,,,,,,,,,,,,,,,,,,,,,,,,24,,-0.006293242550266753,0.04112822013063355,,,,,,,,,,,,,,,,,,,,,,,2024.0
DBEIL,Deepak Builders & Engineers India Limited,EQ,2024-10-21,2024-10-23,2024-10-28,Rs.192 to Rs.203,203.0,mainboard,,,,,,,,,,,,,,,,,,,,,,,,,False,551.0,,DBEIL,Infrastructure,Industrials & Infrastructure,2024-10-28,BE,,,,,pre_listing,2024-09-30,2024-11-16 19:27:35,6.0,ytd,standalone,453.8536,58.5814,non_financial,2.3328958333333336,2025-03-31,3.633180722891566,412.8531,2025-03-31,2025-05-30 22:24:13,2.3328958333333336,xbrl_post_quarter,2024-10-28,,-0.011728395061728292,0.02485190885981492,-0.03658030392154321,-0.004938271604938205,-0.1175692063714171,0.1126309347664789,-0.13703703703703696,-0.09464423144196454,-0.042392805595072414,-0.09197530864197523,0.016514494274586733,-0.10848980291656196,-0.011088011088011052,-0.13129180182527767,0.12020379073726661,-0.006930006930006893,-0.0096086166048156,0.0026786096748087074,-0.06860706860706867,-0.0046425672498330295,-0.06396450135723564,,,,,,,,24,,-0.020745684806276143,0.06254005616602765,473.5778541666667,False,473.0,8.0840992903322,32.14027776129531,334.0,-1.380210920709704,0.08383233532934131,1.147085619961838,3.2125097416660022,430.0,-1.0298280004089622,0.16279069767441862,1.0434595080146258,2.2218319621557874,407.0,-0.7557904209940765,0.257985257985258,-1.0298280004089622,below,sector,"LT,SIEMENS,DLF,BEL,ABB,HAVELLS,LODHA,CUMMINSIND",2024.0
PREMIUM,Premium Plast Limited,SME,2024-10-21,2024-10-23,2024-10-28,Rs.46 to Rs.49,49.0,sme,,,,,,,,,,,,,,,,,,,,,,,,,False,2740.0,,PREMIUM,,,2024-10-28,SM,,,,,,,,,,,,,,,,,,,,,,,,,,,,,,,,,,,,,,,,,,,,,,,,,,,,24,,-0.020745684806276143,0.06254005616602765,,,,,,,,,,,,,,,,,,,,,,,2024.0
WAAREEENER,Waaree Energies Limited,EQ,2024-10-21,2024-10-23,2024-10-28,Rs.1427 to Rs.1503,1503.0,mainboard,,,,,,,,,,,,,,,,,,,,,,,,,False,2491.0,,WAAREEENER,Capital Goods,Industrials & Infrastructure,2024-10-28,EQ,,,,,pre_listing,2024-09-30,2024-11-19 17:14:06,6.0,ytd,consolidated,13966.556,1511.582,non_financial,28.66651227420102,2025-03-31,26.30189090909091,9595.28,2025-03-31,2025-04-23 01:30:13,28.66651227420102,xbrl_post_quarter,2024-10-28,,0.1261062892812861,0.02485190885981492,0.10125438042147117,-0.10558382145453005,-0.1175692063714171,0.011985384916887054,0.15686861345076752,-0.09464423144196454,0.25151284489273207,0.466501346786951,0.016514494274586733,0.44998685251236425,-0.2046151867570596,-0.1480727376946891,-0.05654244906237049,0.027650700913116166,-0.006568007236749773,0.03421870814986594,0.20751805103896825,0.004893165391378629,0.20262488564758963,,,,,,,,24,,-0.020745684806276143,0.06254005616602765,43085.76794812413,False,66.0,28.503758279818182,56.210701215011696,55.0,-0.6790712038039804,0.2,4.490308562973058,9.476784296643677,64.0,-0.7469236278490585,0.21875,3.084924296879211,5.156134295539459,58.0,-0.5136600132389867,0.3103448275862069,-0.6790712038039804,below,industry,"SIEMENS,ABB,HAVELLS,CUMMINSIND,SUZLON,MAZDOCK,POWERINDIA,GVT&D",2024.0
DANISH,Danish Power Limited,SME,2024-10-22,2024-10-24,2024-10-29,Rs.360 to Rs.380,380.0,sme,,,,,,,,,,,,,,,,,,,,,,,,,False,2737.0,,DANISH,,Energy,2024-10-29,SM,,,,,,,,,,,,,,,,,,,,,,,,,,,,,,,,,,,,,,,,,,,,,,,,,,,,24,,-0.03688151574787302,0.03576254547554414,,,,,,,,,,,,,,,,,,,,,,,2024.0
OBSCP,OBSC Perfection Limited,SME,2024-10-22,2024-10-24,2024-10-29,Rs.95 to Rs.100,100.0,sme,,,,,,,,,,,,,,,,,,,,,,,,,False,2738.0,,OBSCP,,,2024-10-29,SM,,,,,,,,,,,,,,,,,,,,,,,,,,,,,,,,,,,,,,,,,,,,,,,,,,,,24,,-0.03688151574787302,0.03576254547554414,,,,,,,,,,,,,,,,,,,,,,,2024.0
UHTL,United Heat Transfer Limited,SME,2024-10-22,2024-10-24,2024-10-29,Rs.56 to Rs.59,59.0,sme,,,,,,,,,,,,,,,,,,,,,,,,,False,2739.0,,UHTL,,,2024-10-29,ST,,,,,,,,,,,,,,,,,,,,,,,,,,,,,,,,,,,,,,,,,,,,,,,,,,,,24,,-0.03688151574787302,0.03576254547554414,,,,,,,,,,,,,,,,,,,,,,,2024.0
GODAVARIB,Godavari Biorefineries Limited,EQ,2024-10-23,2024-10-25,2024-10-30,Rs.334 to Rs.352,352.0,mainboard,,,,,,,,,,,,,,,,,,,,,,,,,False,830.0,,GODAVARIB,Food & Beverages,Consumer & FMCG,2024-10-30,EQ,,,,,pre_listing,2024-09-30,2024-11-18 22:46:48,6.0,ytd,consolidated,1686.9562,-202.208,non_financial,5.119402135231316,2025-03-31,4.194552572706935,781.9644,2025-03-31,2025-05-24 21:39:37,5.119402135231316,xbrl_post_quarter,2024-10-30,,0.00786713286713292,0.02040221009643406,-0.01253507722930114,-0.29793123543123545,-0.10852866147316886,-0.1894025739580666,-0.5033799533799534,-0.12129791688115588,-0.3820820364987976,-0.24490093240093247,-0.024131461843806212,-0.22076947055712626,-0.3829019869761229,-0.1411080274854929,-0.24179395949062998,-0.23596593755217898,-0.013425149522862667,-0.22254078802931632,-0.16580397395224566,-0.012576245529155039,-0.15322772842309063,,,,,,,,25,,-0.07235349551499082,0.0036921593176912904,1802.0295516014232,True,94.0,,32.09879740908662,70.0,,,2.3044905261689963,2.627688253087884,90.0,-0.13124484627272123,0.45555555555555555,1.0682135977219938,1.1346636551093123,82.0,-0.060348549497386016,0.4634146341463415,-0.09579669788505363,in_line_loss_making,industry,"NESTLEIND,VBL,BRITANNIA,UNITDSPR,TATACONSUM,MARICO,PATANJALI,UBL",2024.0
USHAFIN,Usha Financial Services Limited,SME,2024-10-24,2024-10-28,2024-10-31,Rs.160 to Rs.168,168.0,sme,,,,,,,,,,,,,,,,,,,,,,,,,False,2736.0,,USHAFIN,,Financial Services,2024-10-31,SM,,,,,,,,,,,,,,,,,,,,,,,,,,,,,,,,,,,,,,,,,,,,,,,,,,,,25,,-0.06266125762827457,-0.004363275479532525,,,,,,,,,,,,,,,,,,,,,,,2024.0
SAGILITY,Sagility India Limited,EQ,2024-11-05,2024-11-07,2024-11-12,Rs.28 to Rs.30,30.0,mainboard,,,,,,,,,,,,,,,,,,,,,,,,,False,1922.0,,SAGILITY,IT Services,Technology,2024-11-12,EQ,,,,,pre_listing,2024-09-30,2024-11-25 23:52:12,6.0,ytd,consolidated,5096.746,279.272,non_financial,468.1333333333333,2025-03-31,469.368,8336.054,2025-03-31,2025-05-14 23:16:42,468.1333333333333,xbrl_post_quarter,2024-11-12,,0.35607094133697137,0.06206822358167985,0.2940027177552915,0.6654160982264665,-0.11859749715056644,0.784013595377033,0.5051159618008185,-0.0481350747830942,0.5532510365839127,0.7186221009549796,-0.014282059035612193,0.7329041599905918,0.4486366518706404,-0.15493898034882347,0.6035756322194639,0.2533291058972733,-0.03122203325937889,0.2845511391566522,0.5770450221940395,-0.03481616409264743,0.611861186286687,,,,,,,,26,,-0.05442956750066452,0.03965072411574044,14044.0,False,20.0,50.28789137471712,32.16854197711274,17.0,0.4467753022051115,0.6470588235294118,1.6847299693596034,6.170019831643654,18.0,-1.298096756727844,0.05555555555555555,2.75548359678901,4.228827103278333,17.0,-0.42833171263473563,0.23529411764705882,-0.42833171263473563,below,industry,"NAUKRI,FSL,AFFLE,ECLERX,CMSINFO,EMUDHRA,HGS,DLINKINDIA",2024.0
ACMESOLAR,ACME Solar Holdings Limited,EQ,2024-11-06,2024-11-08,2024-11-13,Rs.275 to Rs.289,289.0,mainboard,,,,,,,,,,,,,,,,,,,,,,,,,False,51.0,,ACMESOLAR,,Energy,2024-11-13,EQ,,,,,pre_listing,2024-09-30,2024-11-25 20:56:48,6.0,ytd,consolidated,1138.464,33.376,non_financial,57.37767441860465,2025-03-31,52.755172413793105,4510.58,2025-03-31,2025-05-19 23:40:05,57.37767441860465,xbrl_post_quarter,2024-11-13,,0.04325498716176179,0.10039681230448072,-0.05714182514271893,-0.22927118309302785,-0.09716352686056373,-0.13210765623246412,-0.03709263282638753,-0.013991907788378777,-0.02310072503800875,-0.03456448745802887,0.015842498807763672,-0.05040698626579254,-0.2276284584980237,-0.15493898034882347,-0.07268947814920024,0.041699604743083096,-0.03122203325937889,0.07292163800246199,-0.10458498023715423,-0.03481616409264743,-0.0697688161445068,,,,,,,,26,,-0.04985730126213883,0.048767621807922934,16582.147906976745,False,96.0,496.8284967334835,22.746536394653674,77.0,3.0838320021314067,0.987012987012987,3.676278418069682,2.6647208079648887,88.0,0.3218016513948421,0.6136363636363636,14.565368695871582,2.2133921246439265,90.0,1.8841204671101428,0.9111111111111111,1.8841204671101428,well_above,sector,"RELIANCE,NTPC,ONGC,POWERGRID,ADANIGREEN,ADANIPOWER,IOC,PFC",2024.0
SWIGGY,Swiggy Limited,EQ,2024-11-06,2024-11-08,2024-11-13,Rs.371 to Rs.390,390.0,mainboard,,,,,,,,,,,,,,,,,,,,,,,,,False,2221.0,,SWIGGY,Retail,Consumer & FMCG,2024-11-13,EQ,,,,,pre_listing,2024-09-30,2024-12-04 13:12:16,6.0,ytd,consolidated,13647.334,-2473.074,non_financial,235.03956521739133,2025-03-31,223.40357142857144,10219.487,2025-03-31,2025-05-10 17:19:46,235.03956521739133,xbrl_post_quarter,2024-11-13,,0.30778508771929824,0.10039681230448072,0.20738827541481752,-0.25131578947368427,-0.09716352686056373,-0.15415226261312054,-0.3118421052631579,-0.013991907788378777,-0.29785019747477914,-0.13267543859649122,0.015842498807763672,-0.1485179374042549,-0.33611111111111114,-0.21608686589433046,-0.12002424521678068,-0.3303703703703703,-0.03763493944181162,-0.2927354309285587,-0.2675925925925926,-0.11312971739512034,-0.15446287519747226,,,,,,,,26,,-0.04985730126213883,0.048767621807922934,91665.43043478261,True,33.0,,78.3311856850367,18.0,,,8.969670437937111,7.768490527396126,23.0,0.14377305873207868,0.5652173913043478,6.716728002317713,2.431812218106077,24.0,1.0159643833685603,0.7083333333333334,0.5798687210503195,well_above,industry,"DMART,ETERNAL,POLICYBZR,NYKAA,METROBRAND,ABFRL,FIRSTCRY,INDIAMART",2024.0
NIVABUPA,Niva Bupa Health Insurance Company Limited,EQ,2024-11-07,2024-11-11,2024-11-14,Rs.70 to Rs.74,74.0,mainboard,,,,,,,,,,,,,,,,,,,,,,,,,False,1576.0,,NIVABUPA,,Financial Services,2024-11-14,EQ,,,,,,,,,,,,,,,,,,,,,,2024-11-14,,0.13266684679816287,0.08573613743970054,0.04693070935846233,0.08051877870845736,-0.1073740220396332,0.18789280074809056,0.19616319913536895,-0.021730137993220766,0.21789333712858971,0.020940286409078634,-0.004630525159881049,0.025570811568959684,,,,,,,,,,,,,,,,,25,,-0.03200317883924042,0.04354583818140778,,,,,,,,,,,,,,,,,,,,,,,2024.0
NEELAM,Neelam Linens and Garments (India) Limited,SME,2024-11-08,2024-11-12,2024-11-18,Rs.20 to Rs.24,24.0,sme,,,,,,,,,,,,,,,,,,,,,,,,,False,2735.0,,NEELAM,,,2024-11-18,SM,,,,,,,,,,,,,,,,,,,,,,,,,,,,,,,,,,,,,,,,,,,,,,,,,,,,24,,-0.038046732158630636,0.039965401439090886,,,,,,,,,,,,,,,,,,,,,,,2024.0
BLACKBUCK,Zinka Logistics Solutions Limited,EQ,2024-11-13,2024-11-18,2024-11-22,Rs.259 to Rs.273,273.0,mainboard,,,,,,,,,,,,,,,,,,,,,,,,,False,363.0,,BLACKBUCK,Logistics,Services & Others,2024-11-22,EQ,,,,,pre_listing,2024-09-30,2024-12-14 08:45:40,6.0,ytd,consolidated,381.876,-480.688,non_financial,18.24108072916667,2025-03-31,15.65558789289872,1237.52,2025-03-31,2025-05-27 21:58:31,18.24108072916667,xbrl_post_quarter,2024-11-22,,0.9644299173235915,0.04173293993129268,0.9226969773922988,0.6194962507210151,-0.13739408596110525,0.7568903366821204,0.7169775043260911,-0.012177527598256965,0.729155031924348,1.6006537204383768,-0.008411038120184733,1.6090647585585616,0.005705072553640056,-0.22908307893589186,0.23478815148953192,0.0767704328413743,-0.08345780636720457,0.16022823920857887,0.5640580429120674,-0.10555494984736147,0.6696129927594289,,,,,,,,23,,-0.07661163659209103,0.0011061045326998808,4979.815039062501,True,42.0,,28.458379725085532,32.0,,,4.024027926063821,2.8284532490138363,39.0,0.3525533655293859,0.6666666666666666,13.040398032509247,2.841621457960253,40.0,1.5236772548453739,0.9,0.9381153101873798,well_above,industry,"ADANIPORTS,JSWINFRA,CONCOR,AEGISLOG,DELHIVERY,BLUEDART,GESHIP,SCI",2024.0
ONYX,ONYX BIOTEC LIMITED,SME,2024-11-13,2024-11-18,2024-11-22,Rs.58 to Rs.61,61.0,sme,,,,,,,,,,,,,,,,,,,,,,,,,False,2734.0,,ONYX,,,2024-11-22,ST,,,,,,,,,,,,,,,,,,,,,,,,,,,,,,,,,,,,,,,,,,,,,,,,,,,,23,,-0.07661163659209103,0.0011061045326998808,,,,,,,,,,,,,,,,,,,,,,,2024.0
LAMOSAIC,Lamosaic India Limited,SME,2024-11-21,2024-11-26,2024-11-29,Rs.200,200.0,sme,,,,,,,,,,,,,,,,,,,,,,,,,False,2733.0,,LAMOSAIC,,,2024-11-29,ST,,,,,,,,,,,,,,,,,,,,,,,,,,,,,,,,,,,,,,,,,,,,,,,,,,,,25,,-0.09546720076893556,-0.05003524601720011,,,,,,,,,,,,,,,,,,,,,,,2024.0
C2C,C2C Advanced Systems Limited,SME,2024-11-22,2024-11-26,2024-12-03,Rs.214 to Rs.226,226.0,sme,,,,,,,,,,,,,,,,,,,,,,,,,False,2731.0,,C2C,,,2024-12-03,SM,,,,,,,,,,,,,,,,,,,,,,,,,,,,,,,,,,,,,,,,,,,,,,,,,,,,25,,-0.10069725046514699,-0.06581417076878038,,,,,,,,,,,,,,,,,,,,,,,2024.0
EIEL,Enviro Infra Engineers Limited,EQ,2024-11-22,2024-11-26,2024-11-29,Rs.140 to Rs.148,148.0,mainboard,,,,,,,,,,,,,,,,,,,,,,,,,False,653.0,,EIEL,Engineering,Industrials & Infrastructure,2024-11-29,EQ,,,,,pre_listing,2024-09-30,2024-12-18 19:55:37,6.0,ytd,consolidated,836.3894,132.7162,non_financial,14.947341513292434,2025-03-31,13.684769230769229,994.5106,2025-03-31,2025-06-05 15:45:25,14.947341513292434,xbrl_post_quarter,2024-11-29,,0.5061090452503985,0.0020207208554761102,0.5040883243949223,-0.0252088665668615,-0.19847373486223252,0.17326486829537102,0.11744820592070315,-0.037007978460696256,0.1544561843813994,0.0070024629352394285,-0.06398290853980337,0.0709853714750428,-0.39936649259481216,-0.1736066499789558,-0.22575984261585635,-0.32568558627971345,-0.04856234632168899,-0.27712323995802446,-0.41392004109237224,-0.07822087588330418,-0.33569916520906806,,,,,,,,25,,-0.10069725046514699,-0.06581417076878038,2212.20654396728,False,119.0,16.668700158437932,28.592892027562698,84.0,-0.5396254376084244,0.23809523809523808,2.2244172600747345,3.3562335363741274,108.0,-0.41132439816906063,0.3148148148148148,2.644948087538269,2.1714233212711838,100.0,0.19726857751970653,0.54,-0.41132439816906063,below,industry,"LT,BEL,RVNL,BHEL,THERMAX,AIAENG,JYOTICNC,IRB",2024.0
C2CW,C2C Advanced Systems Limited- Withdrawal Window,SME,2024-11-26,2024-11-29,,Rs.214 to Rs.226,,sme,,,,,,,,,,,,,,,,,,,,,,,,,False,,,,,,,,,,,,,,,,,,,,,,,,,,,,,,,,,,,,,,,,,,,,,,,,,,,,,,,,,,,25,,-0.07268372965905345,-0.040929550635740886,,,,,,,,,,,,,,,,,,,,,,,
RAJPUTANA,Rajputana Biodiesel Limited,SME,2024-11-26,2024-11-28,2024-12-03,Rs.123 to Rs.130,130.0,sme,,,,,,,,,,,,,,,,,,,,,,,,,False,2730.0,,RAJPUTANA,,,2024-12-03,SM,,,,,,,,,,,,,,,,,,,,,,,,,,,,,,,,,,,,,,,,,,,,,,,,,,,,25,,-0.07268372965905345,-0.040929550635740886,,,,,,,,,,,,,,,,,,,,,,,2024.0
ABHAPOWER,Abha Power and Steel Limited,SME,2024-11-27,2024-11-29,2024-12-04,Rs.75,75.0,sme,,,,,,,,,,,,,,,,,,,,,,,,,False,2728.0,,ABHAPOWER,,Energy,2024-12-04,SM,,,,,,,,,,,,,,,,,,,,,,,,,,,,,,,,,,,,,,,,,,,,,,,,,,,,24,,-0.0669918891272423,-0.039024066500195076,,,,,,,,,,,,,,,,,,,,,,,2024.0
APEXECO,Apex Ecotech Limited,SME,2024-11-27,2024-11-29,2024-12-04,Rs.71 to Rs.73,73.0,sme,,,,,,,,,,,,,,,,,,,,,,,,,False,2729.0,,APEXECO,,,2024-12-04,ST,,,,,,,,,,,,,,,,,,,,,,,,,,,,,,,,,,,,,,,,,,,,,,,,,,,,24,,-0.0669918891272423,-0.039024066500195076,,,,,,,,,,,,,,,,,,,,,,,2024.0
AGARWALTUF,Agarwal Toughened Glass India Limited,SME,2024-11-28,2024-12-02,2024-12-05,Rs.105 to Rs.108,108.0,sme,,,,,,,,,,,,,,,,,,,,,,,,,False,2727.0,,AGARWALTUF,,,2024-12-05,SM,,,,,,,,,,,,,,,,,,,,,,,,,,,,,,,,,,,,,,,,,,,,,,,,,,,,24,,-0.05748221971041423,-0.03660353850671383,,,,,,,,,,,,,,,,,,,,,,,2024.0
GANESHIN,Ganesh Infraworld Limited,SME,2024-11-29,2024-12-03,2024-12-06,Rs.78 to Rs.83,83.0,sme,,,,,,,,,,,,,,,,,,,,,,,,,False,2726.0,,GANESHIN,,,2024-12-06,ST,,,,,,,,,,,,,,,,,,,,,,,,,,,,,,,,,,,,,,,,,,,,,,,,,,,,24,,-0.05612906516888938,-0.03313751698266809,,,,,,,,,,,,,,,,,,,,,,,2024.0
SURAKSHA,Suraksha Diagnostic Limited,EQ,2024-11-29,2024-12-03,2024-12-06,Rs.420 to Rs.441,441.0,mainboard,,,,,,,,,,,,,,,,,,,,,,,,,False,2200.0,,SURAKSHA,,Healthcare & Pharmaceuticals,2024-12-06,EQ,,,,,pre_listing,2024-09-30,2024-12-21 12:55:56,6.0,ytd,consolidated,254.97,36.5636,non_financial,5.20330985915493,2025-03-31,5.33139175257732,211.2397,2025-03-31,2025-05-28 19:49:19,5.20330985915493,xbrl_post_quarter,2024-12-06,,-0.07741162372678256,-0.034175443765191216,-0.04323617996159135,-0.3392450569203116,-0.20872172164799407,-0.13052333527231752,-0.2025164769322948,-0.04364679918926073,-0.15886967774303407,-0.3302576393049731,-0.11280515250464429,-0.2174524868003288,-0.2946847960444994,-0.12633030803548617,-0.1683544880090132,-0.17280593325092697,-0.006674953598855615,-0.16613097965207135,-0.3433868974042027,-0.06201009189413165,-0.28137680551007105,,,,,,,,24,,-0.05612906516888938,-0.03313751698266809,2294.6596478873244,False,133.0,62.75803388854829,45.75464547255912,109.0,0.3159932729626667,0.6605504587155964,10.862823834190847,5.541462055073709,129.0,0.6730879274711303,0.8682170542635659,8.999724076900515,4.544883339719178,126.0,0.6831918592726305,0.8174603174603174,0.6730879274711303,well_above,sector,"SUNPHARMA,DIVISLAB,CIPLA,TORNTPHARM,MANKIND,DRREDDY,APOLLOHOSP,MAXHEALTH",2024.0
ETML,Emerald Tyre Manufacturers Limited,SME,2024-12-05,2024-12-09,2024-12-12,Rs.90 to Rs.95,95.0,sme,,,,,,,,,,,,,,,,,,,,,,,,,False,2725.0,,ETML,,,2024-12-12,SM,,,,,,,,,,,,,,,,,,,,,,,,,,,,,,,,,,,,,,,,,,,,,,,,,,,,23,,-0.025752893576006297,-0.006611258027956146,,,,,,,,,,,,,,,,,,,,,,,2024.0
DHANLAXMI,Dhanlaxmi Crop Science Limited,SME,2024-12-09,2024-12-11,2024-12-16,Rs.52 to Rs.55,55.0,sme,,,,,,,,,,,,,,,,,,,,,,,,,False,2724.0,,DHANLAXMI,,,2024-12-16,SM,,,,,,,,,,,,,,,,,,,,,,,,,,,,,,,,,,,,,,,,,,,,,,,,,,,,22,,-0.01579754230621566,-0.008996855966499573,,,,,,,,,,,,,,,,,,,,,,,2024.0
MOBIKWIK,One MobiKwik Systems Limited,EQ,2024-12-11,2024-12-13,2024-12-18,Rs.265 to Rs.279,279.0,mainboard,,,,,,,,,,,,,,,,,,,,,,,,,False,1455.0,,MOBIKWIK,Retail,Consumer & FMCG,2024-12-18,EQ,,,,,pre_listing,2024-09-30,2025-01-07 22:18:20,6.0,ytd,consolidated,1265.826,-20.418,non_financial,6.310472972972972,2025-03-31,5.704761904761905,588.65,2025-03-31,2025-05-20 00:59:05,6.310472972972972,xbrl_post_quarter,2024-12-18,,-0.10738636363636367,-0.07826763657236202,-0.029118727064001648,-0.36856060606060614,-0.18277350347157062,-0.18578710258903552,-0.5526515151515152,-0.05908845054253631,-0.4935630646089789,-0.5555113636363637,-0.08188270616935078,-0.4736286574670129,-0.5733680188602552,-0.17826886395270913,-0.3950991549075461,-0.5898544833753353,0.010742987415439442,-0.6005974707907747,-0.6193805381676286,-0.07175261629405605,-0.5476279218735726,,,,,,,,22,,-0.009265349846830584,0.016231638200254306,1760.6219594594593,True,35.0,,72.22236683272708,19.0,,,2.9909487122389526,7.590333910899524,29.0,-0.9312849518323938,0.27586206896551724,1.3908878151179225,2.589693134937973,25.0,-0.6215971288105407,0.2,-0.7764410403214672,below_loss_making,industry,"ETERNAL,DMART,SWIGGY,POLICYBZR,NYKAA,METROBRAND,ABFRL,FIRSTCRY",2024.0
PURPLEUTED,Purple United Sales Limited,SME,2024-12-11,2024-12-13,2024-12-18,Rs.121 to Rs.126,126.0,sme,,,,,,,,,,,,,,,,,,,,,,,,,False,2722.0,,PURPLEUTED,,,2024-12-18,ST,,,,,,,,,,,,,,,,,,,,,,,,,,,,,,,,,,,,,,,,,,,,,,,,,,,,22,,-0.009265349846830584,0.016231638200254306,,,,,,,,,,,,,,,,,,,,,,,2024.0
SAILIFE,Sai Life Sciences Limited,EQ,2024-12-11,2024-12-13,2024-12-18,Rs.522 to Rs.549,549.0,mainboard,,,,,,,,,,,,,,,,,,,,,,,,,False,1927.0,,SAILIFE,,Technology,2024-12-18,EQ,,,,,post_listing,2024-12-31,2025-02-07 16:02:29,9.0,ytd,consolidated,1486.7506666666668,109.15066666666667,non_financial,20.818160377358492,2025-03-31,,2128.354,2025-03-31,2025-05-14 00:40:58,20.818160377358492,xbrl_post_quarter,2024-12-18,,-0.06303537566206752,-0.07826763657236202,0.015232260910294504,-0.07545936049172819,-0.18277350347157062,0.10731414297984243,-0.013731772706466971,-0.05908845054253631,0.04535667783606934,0.17936310730399518,-0.08188270616935078,0.26124581347334597,0.04419042308496546,0.05245450374675009,-0.008264080661784634,0.23740154736181762,0.061372151705153755,0.17602939565666387,0.2984596082804767,0.025854488453892044,0.27260511982658464,,,,,,,,22,,-0.009265349846830584,0.016231638200254306,11429.170047169811,False,169.0,104.7100342691736,33.66276964339023,135.0,1.134802483269699,0.8814814814814815,5.3699572755142295,4.797763780729053,160.0,0.11267002200280211,0.5625,7.687348190530362,3.613353483378698,153.0,0.7549396014557023,0.738562091503268,0.7549396014557023,well_above,sector,"TCS,INFY,HCLTECH,WIPRO,LTM,TECHM,HYUNDAI,NAUKRI",2024.0
SFML,Supreme Facility Management Limited,SME,2024-12-11,2024-12-13,2024-12-18,Rs.72 to Rs.76,76.0,sme,,,,,,,,,,,,,,,,,,,,,,,,,False,2723.0,,SFML,,,2024-12-18,SM,,,,,,,,,,,,,,,,,,,,,,,,,,,,,,,,,,,,,,,,,,,,,,,,,,,,22,,-0.009265349846830584,0.016231638200254306,,,,,,,,,,,,,,,,,,,,,,,2024.0
VMM,Vishal Mega Mart Limited,EQ,2024-12-11,2024-12-13,2024-12-18,Rs.74 to Rs.78,78.0,mainboard,,,,,,,,,,,,,,,,,,,,,,,,,False,2475.0,,VMM,Retail,Consumer & FMCG,2024-12-18,EQ,,,,,post_listing,2024-12-31,2025-01-31 19:35:27,9.0,ytd,consolidated,10891.268,689.14,non_financial,460.448,2025-03-31,,6401.302,2025-03-31,2025-04-29 19:01:15,460.448,xbrl_post_quarter,2024-12-18,,-0.01867238452604314,-0.07826763657236202,0.05959525204631888,-0.11078352541767178,-0.18277350347157062,0.07198997805389884,0.1534887876351292,-0.05908845054253631,0.2125772381776655,0.22201375859912442,-0.08188270616935078,0.3038964647684752,0.056780402449693845,-0.054840195669818126,0.11162059811951197,0.2805774278215223,0.051057789031333956,0.22951963879018833,0.0696412948381453,0.019639057500728585,0.05000223733741671,,,,,,,,22,,-0.009265349846830584,0.016231638200254306,35914.943999999996,False,35.0,52.115599152566965,72.22236683272708,19.0,-0.3262854759862899,0.42105263157894735,5.610568599950447,7.590333910899524,29.0,-0.302223514857313,0.3448275862068966,3.297590693755768,2.589693134937973,25.0,0.24165272105048782,0.56,-0.302223514857313,below,industry,"ETERNAL,DMART,SWIGGY,POLICYBZR,NYKAA,METROBRAND,ABFRL,FIRSTCRY",2024.0
IKS,Inventurus Knowledge Solutions Limited,EQ,2024-12-12,2024-12-16,2024-12-19,Rs.1265 to Rs.1329,1329.0,mainboard,,,,,,,,,,,,,,,,,,,,,,,,,False,1009.0,,IKS,IT Services,Technology,2024-12-19,EQ,,,,,post_listing,2024-12-31,2025-02-06 12:51:18,9.0,ytd,consolidated,2586.717333333333,451.0106666666666,non_financial,16.644369369369368,2025-03-31,,1789.693,2025-03-31,2025-05-15 22:57:09,16.644369369369368,xbrl_post_quarter,2024-12-19,,-0.017951398628145876,-0.06733048313138246,0.04937908450323658,-0.24229288318841313,-0.1736066499789558,-0.06868623320945733,-0.18351735216870235,-0.04856234632168899,-0.13495500584701337,-0.10763189433153986,-0.07822087588330418,-0.029411018448235682,-0.04038605158844144,0.023070327237578514,-0.06345637882601995,-0.10558970529097489,0.04316293282197603,-0.14875263811295092,-0.06888033549721384,-0.0034048921940040833,-0.06547544330320976,,,,,,,,21,,-0.006470441359275991,0.006508730892672565,22120.366891891892,False,21.0,49.04621670121304,34.10471921408863,18.0,0.36332728347382204,0.5555555555555556,12.359866687689951,5.013642315294956,19.0,0.9022920061911498,0.9473684210526315,8.551520727387258,3.872624118385934,18.0,0.7921767859605796,0.8333333333333334,0.7921767859605796,well_above,industry,"NAUKRI,FSL,AFFLE,SAGILITY,ECLERX,CMSINFO,EMUDHRA,HGS",2024.0
IGIL,International Gemmological Institute (India) Limited,EQ,2024-12-13,2024-12-17,2024-12-20,Rs.397 to Rs.417,417.0,mainboard,,,,,,,,,,,,,,,,,,,,,,,,,False,1002.0,,IGIL,Education,Services & Others,2024-12-20,EQ,,,,,post_listing,2024-12-31,2025-03-01 15:19:43,12.0,ytd,consolidated,1053.16,427.29,non_financial,43.16748466257669,2025-03-31,,1062.749,2024-12-31,2025-03-01 15:19:43,43.16748466257669,xbrl_post_quarter,2024-12-20,,0.08139658282924755,-0.06836068306991505,0.1497572658991626,-0.23304680038204384,-0.13854405394025548,-0.09450274644178835,-0.23941419929958607,-0.013453979252443848,-0.22596022004714222,-0.2889737875411228,-0.061016240289595514,-0.22795754725152728,0.09788395904436875,0.25660625622460187,-0.15872229718023312,-0.04791808873720138,0.22887270189518683,-0.2767907906323882,-0.09720136518771338,0.11849460958570512,-0.2156959747734185,,,,,,,,21,,-0.015725051884348362,0.005016777419567076,18000.84110429448,False,10.0,42.12792507265435,50.904086423333155,5.0,-0.1892323795116766,0.4,16.93799862836331,2.539287344900319,8.0,1.8976760687309322,1.0,17.09221875526461,4.609919996389673,8.0,1.31041281389746,1.0,1.31041281389746,well_above,industry,"NIITLTD,VERANDA,APTECHT,CPCAP,CLEDUCATE,GLOBAL,TREEHOUSE,MTEDUCARE",2024.0
IDENTICAL,Identical Brains Studios Limited,SME,2024-12-18,2024-12-20,2024-12-26,Rs.51 to Rs.54,54.0,sme,,,,,,,,,,,,,,,,,,,,,,,,,False,2721.0,,IDENTICAL,,,2024-12-26,SM,,,,,,,,,,,,,,,,,,,,,,,,,,,,,,,,,,,,,,,,,,,,,,,,,,,,17,,-0.02046377761012519,-0.017813588615671283,,,,,,,,,,,,,,,,,,,,,,,2024.0
CEWATER,Concord Enviro Systems Limited,EQ,2024-12-19,2024-12-23,2024-12-27,Rs.665 to Rs.701,701.0,mainboard,,,,,,,,,,,,,,,,,,,,,,,,,False,454.0,,CEWATER,Capital Goods,Industrials & Infrastructure,2024-12-27,EQ,,,,,pre_listing,2024-09-30,2025-01-17 21:32:09,6.0,ytd,consolidated,529.25,25.852,non_financial,2.1316598824061512,2025-03-31,1.8191377497371188,533.675,2025-03-31,2025-05-24 23:13:30,2.1316598824061512,xbrl_post_quarter,2024-12-27,,-0.29313263208801843,-0.1297699151011561,-0.16336271698686233,-0.38671261032523274,-0.14696701138005785,-0.2397455989451749,-0.31138919114980057,0.0026417991329479307,-0.3140309902827485,-0.45647442872687705,-0.05911872290462428,-0.39735570582225277,-0.2729595359756939,-0.05499245905922323,-0.21796707691647066,-0.12726142797956075,0.06006032752621526,-0.187321755505776,-0.47652257975417756,-0.0888227819539944,-0.38769979780018315,,,,,,,,20,,-0.02709262396533363,-0.02263961636180234,1494.293577566712,False,70.0,57.801855855125794,54.98607685860888,56.0,0.049940878223235424,0.5535714285714286,2.800006703643064,8.516948654691141,68.0,-1.1124363262368058,0.10294117647058823,2.823417246229026,5.253372056342795,57.0,-0.6209222260969816,0.2631578947368421,-0.6209222260969816,below,industry,"SIEMENS,ABB,HAVELLS,MAZDOCK,CUMMINSIND,SUZLON,WAAREEENER,POWERINDIA",2024.0
DAMCAPITAL,DAM Capital Advisors Limited,EQ,2024-12-19,2024-12-23,2024-12-27,Rs.269 to Rs.283,283.0,mainboard,,,,,,,,,,,,,,,,,,,,,,,,,False,544.0,,DAMCAPITAL,Asset Management,Financial Services,2024-12-27,EQ,,,,,post_listing,2024-12-31,2025-01-24 19:28:02,9.0,ytd,consolidated,282.32,127.03999999999999,non_financial,,,,,,,,,2024-12-27,,-0.30582992050108415,-0.1297699151011561,-0.17606000539992805,-0.43218501565887746,-0.14696701138005785,-0.2852180042788196,-0.390990122861961,0.0026417991329479307,-0.39363192199490893,-0.4809684413394363,-0.05911872290462428,-0.421849718434812,-0.27641853201457567,-0.004018473952893897,-0.27240005806168177,-0.21429810862398047,0.12225696178719936,-0.3365550704111798,-0.40735727919486375,0.005893113133501604,-0.41325039232836536,,,,,,,,20,,-0.02709262396533363,-0.02263961636180234,,,25.0,,31.07294011521797,13.0,,,,0.9831923994929759,21.0,,,,20.807977739036357,15.0,,,,insufficient_data,industry,"NAM-INDIA,CAMS,MAHSCOOTER,RELIGARE,TSFINV,PILANIINVS,AIIL,NSIL",2024.0
MAMATA,Mamata Machinery Limited,BE,2024-12-19,2024-12-23,2024-12-27,Rs.230 to Rs.243,243.0,mainboard,,,,,,,,,,,,,,,,,,,,,,,,,False,1364.0,,MAMATA,Engineering,Industrials & Infrastructure,2024-12-27,EQ,,,,,pre_listing,2024-09-30,2025-01-18 17:32:54,6.0,ytd,consolidated,140.194,9.732,non_financial,2.4606170598911072,2025-03-31,2.4592592592592593,171.157,2025-03-31,2025-05-28 19:05:22,2.4606170598911072,xbrl_post_quarter,2024-12-27,,-0.37182539682539684,-0.1297699151011561,-0.24205548172424074,-0.41380952380952374,-0.14696701138005785,-0.2668425124294659,-0.3726190476190476,0.0026417991329479307,-0.37526084675199556,-0.3093650793650793,-0.05911872290462428,-0.250246356460455,-0.19822639540949405,-0.05499245905922323,-0.14323393635027082,0.015336463223787122,0.06006032752621526,-0.04472386430242814,-0.20573813249869588,-0.0888227819539944,-0.11691535054470148,,,,,,,,20,,-0.02709262396533363,-0.02263961636180234,597.929945553539,False,120.0,61.43957516990743,32.70261308705201,84.0,0.6305991886337012,0.8333333333333334,3.493458903542005,3.6534373478572344,109.0,-0.04477612832609227,0.44954128440366975,4.265018086034631,2.4236652899632123,100.0,0.565165444530923,0.66,0.565165444530923,well_above,industry,"LT,BEL,RVNL,BHEL,THERMAX,IRB,AIAENG,JYOTICNC",2024.0
NMSTEEL,NewMalayalam Steel Limited,SME,2024-12-19,2024-12-23,2024-12-27,Rs.85 to Rs.90,90.0,sme,,,,,,,,,,,,,,,,,,,,,,,,,False,2720.0,,NMSTEEL,,,2024-12-27,SM,,,,,,,,,,,,,,,,,,,,,,,,,,,,,,,,,,,,,,,,,,,,,,,,,,,,20,,-0.02709262396533363,-0.02263961636180234,,,,,,,,,,,,,,,,,,,,,,,2024.0
SANATHAN,Sanathan Textiles Limited,EQ,2024-12-19,2024-12-23,2024-12-27,Rs.305 to Rs.321,321.0,mainboard,,,,,,,,,,,,,,,,,,,,,,,,,False,1943.0,,SANATHAN,Manufacturing,Industrials & Infrastructure,2024-12-27,EQ,,,,,pre_listing,2024-09-30,2025-01-17 18:03:36,6.0,ytd,consolidated,3046.6,165.26,non_financial,8.44294003868472,2025-03-31,7.187637969094923,1808.01,2025-03-31,2025-05-26 20:32:17,8.44294003868472,xbrl_post_quarter,2024-12-27,,-0.1362173297283379,-0.1297699151011561,-0.006447414627181791,-0.043646195442255786,-0.14696701138005785,0.10332081593780207,0.2397322003347495,0.0026417991329479307,0.23709040120180158,0.1134286082142395,-0.05911872290462428,0.17254733111886378,0.21362950774715483,-0.05499245905922323,0.26862196680637807,0.4790895379130675,0.06006032752621526,0.41902921038685226,0.19840943370355135,-0.0888227819539944,0.28723221565754575,,,,,,,,20,,-0.02709262396533363,-0.02263961636180234,2710.183752417795,False,227.0,16.399514416179326,28.79716486293043,151.0,-0.5630252144145318,0.24503311258278146,1.4989871474260623,2.1497123005640932,211.0,-0.36054437450958926,0.35545023696682465,0.8895764959029065,1.5647248719862015,190.0,-0.5647197846968881,0.34210526315789475,-0.5630252144145318,below,industry,"SUPREMEIND,PAGEIND,ASTRAL,KPRMILL,3MINDIA,MANYAVAR,LMW,CENTURYPLY",2024.0
TRANSRAILL,Transrail Lighting Limited,EQ,2024-12-19,2024-12-23,2024-12-27,Rs.410 to Rs.432,432.0,mainboard,,,,,,,,,,,,,,,,,,,,,,,,,False,2329.0,,TRANSRAILL,Infrastructure,Industrials & Infrastructure,2024-12-27,EQ,,,,,pre_listing,2024-09-30,2025-01-16 15:13:48,6.0,ytd,consolidated,4008.34,213.7,non_financial,12.695085255767301,2025-03-31,12.524999999999999,1881.07,2025-03-31,2025-05-23 22:39:09,12.695085255767301,xbrl_post_quarter,2024-12-27,,-0.09809411977237825,-0.1297699151011561,0.031675795328777845,-0.1304308553879504,-0.14696701138005785,0.01653615599210745,0.20169813025020344,0.0026417991329479307,0.1990563311172555,0.006864781862523817,-0.05911872290462428,0.0659835047671481,-0.13774220724515585,-0.04654351666117773,-0.09119869058397811,0.2399326032013478,0.06758779677255178,0.17234480642879602,-0.22603201347935964,-0.0829855393551091,-0.14304647412425053,,,,,,,,20,,-0.02709262396533363,-0.02263961636180234,5484.276830491474,False,486.0,25.663438607821593,33.69906336228395,336.0,-0.2724026868184168,0.36607142857142855,2.9155091679158534,3.343891071799344,452.0,-0.13709064425083717,0.44026548672566373,1.3682164762698459,2.2815786669017046,407.0,-0.5113595515649263,0.31203931203931207,-0.2724026868184168,below,sector,"LT,SIEMENS,BEL,DLF,ABB,LODHA,HAVELLS,MAZDOCK",2024.0
CARRARO,Carraro India Limited,EQ,2024-12-20,2024-12-24,2024-12-30,Rs.668 to Rs.704,704.0,mainboard,,,,,,,,,,,,,,,,,,,,,,,,,False,430.0,,CARRARO,Auto Components,Automobile & Mobility,2024-12-30,EQ,,,,,post_listing,2024-12-31,2025-02-06 18:42:35,9.0,ytd,consolidated,1817.7070666666664,85.87813333333334,non_financial,5.688489208633094,2025-03-31,,457.964,2025-03-31,2025-05-27 18:07:01,5.688489208633094,xbrl_post_quarter,2024-12-30,,-0.20033008487896897,-0.14191114147458783,-0.05841894340438114,-0.5142250864508017,-0.14367153017748469,-0.370553556273317,-0.2782929896259039,0.003115406094176487,-0.28140839572008036,-0.1254322540081736,-0.04776011089598409,-0.0776721431121895,0.0011534025374855261,0.023070327237578514,-0.021916924700092988,-0.04971164936562866,0.04316293282197603,-0.09287458218760469,0.2950403690888119,-0.0034048921940040833,0.298445261282816,,,,,,,,21,,-0.03038959574508071,-0.02265666439342262,4004.696402877698,False,94.0,46.63231776747629,34.275597980800704,82.0,0.3078601432302686,0.7682926829268293,8.744565954698837,4.436563310324161,90.0,0.678552426176894,0.8222222222222222,2.2031582955891564,1.9044648792437864,87.0,0.14569085396198464,0.6091954022988506,0.3078601432302686,above,industry,"MOTHERSON,BOSCHLTD,TIINDIA,BHARATFORG,UNOMINDA,MRF,BALKRISIND,SCHAEFFLER",2024.0
SENORES,Senores Pharmaceuticals Limited,EQ,2024-12-20,2024-12-24,2024-12-30,Rs.372 to Rs.391,391.0,mainboard,,,,,,,,,,,,,,,,,,,,,,,,,False,1994.0,,SENORES,,Healthcare & Pharmaceuticals,2024-12-30,EQ,,,,,post_listing,2024-12-31,2025-01-24 12:39:26,9.0,ytd,consolidated,378.71466666666663,54.30666666666666,non_financial,4.716535433070866,2025-03-31,,786.18,2025-03-31,2025-05-19 14:37:16,4.716535433070866,xbrl_post_quarter,2024-12-30,,-0.09810609460551112,-0.14191114147458783,0.043805046869076714,0.024324566914998735,-0.14367153017748469,0.16799609709248342,0.04326362085988689,0.003115406094176487,0.0401482147657104,0.5533614576788439,-0.04776011089598409,0.601121568574828,-0.003541564190850943,-0.004018473952893897,0.0004769097620429541,0.3722577471716675,0.12225696178719936,0.2500007853844681,0.5357599606492867,0.005893113133501604,0.529866847515785,,,,,,,,21,,-0.03038959574508071,-0.02265666439342262,1844.1653543307086,False,133.0,33.958360317899135,44.32267441860465,109.0,-0.2663613064683867,0.3486238532110092,2.3457291642253795,5.380349028841948,129.0,-0.8301569495211428,0.1937984496124031,4.869537719683532,4.595115132586027,126.0,0.05800519694765053,0.5158730158730159,-0.2663613064683867,below,sector,"SUNPHARMA,DIVISLAB,CIPLA,TORNTPHARM,MANKIND,MAXHEALTH,DRREDDY,APOLLOHOSP",2024.0
VENTIVE,Ventive Hospitality Limited,EQ,2024-12-20,2024-12-24,2024-12-30,Rs.610 to Rs.643,643.0,mainboard,,,,,,,,,,,,,,,,,,,,,,,,,False,2426.0,,VENTIVE,,Healthcare & Pharmaceuticals,2024-12-30,EQ,,,,,post_listing,2024-12-31,2025-02-12 20:37:16,9.0,ytd,consolidated,1209.024,-10.109333333333332,non_financial,23.335036496350362,2025-03-31,,4806.549,2025-03-31,2025-05-13 19:04:53,23.335036496350362,xbrl_post_quarter,2024-12-30,,-0.03677149144601399,-0.14191114147458783,0.10513965002857384,0.011499964506282323,-0.14367153017748469,0.155171494683767,-0.025626464115851566,0.003115406094176487,-0.028741870210028053,0.06218499325619353,-0.04776011089598409,0.10994510415217762,0.08540394718159883,0.09594599099849987,-0.010542043816901048,0.041388612807042646,0.1378229704950824,-0.09643435768803976,0.00461451086184872,0.06409734955825974,-0.05948283869641102,,,,,,,,21,,-0.03038959574508071,-0.02265666439342262,15004.428467153282,True,133.0,,44.32267441860465,109.0,,,3.1216634777161913,5.380349028841948,129.0,-0.5443872216452069,0.3178294573643411,12.410364448640626,4.595115132586027,126.0,0.9935381545697264,0.9126984126984127,0.22457546646225973,above,sector,"SUNPHARMA,DIVISLAB,CIPLA,TORNTPHARM,MANKIND,MAXHEALTH,DRREDDY,APOLLOHOSP",2024.0
UNIMECH,Unimech Aerospace and Manufacturing Limited,EQ,2024-12-23,2024-12-26,2024-12-31,Rs.745 to Rs.785,785.0,mainboard,,,,,,,,,,,,,,,,,,,,,,,,,False,2380.0,,UNIMECH,Capital Goods,Industrials & Infrastructure,2024-12-31,EQ,,,,,post_listing,2024-12-31,2025-02-14 20:17:04,9.0,ytd,consolidated,232.7388,72.33959999999999,non_financial,4.740584415584416,2025-03-31,,668.9072,2025-03-31,2025-05-27 22:36:59,4.740584415584416,xbrl_post_quarter,2024-12-31,,-0.050899182561307876,-0.1204861355602811,0.06958695299897322,-0.29594913714804716,-0.15334112577278936,-0.1426080113752578,-0.06223433242506815,0.0003267191482769771,-0.06256105157334513,-0.34128973660308815,-0.05119914377050805,-0.2900905928325801,0.01388493981613137,0.1486599968897413,-0.13477505707360993,0.02577954696237339,0.1784666424757657,-0.15268709551339232,-0.16221211259596235,0.1012423755464551,-0.26345448814241745,,,,,,,,22,,-0.04991099787092945,-0.03156745336719502,3721.3587662337663,False,70.0,51.44289941102476,53.09384042078581,56.0,-0.03158847865888589,0.44642857142857145,5.563340873343517,8.628143700217386,68.0,-0.43883057918078344,0.3235294117647059,15.989421472628399,5.141732126643578,57.0,1.1345373332995483,0.9473684210526315,-0.03158847865888589,in_line,industry,"SIEMENS,ABB,HAVELLS,MAZDOCK,CUMMINSIND,SUZLON,WAAREEENER,POWERINDIA",2024.0
ANYA,Anya Polytech & Fertilizers Limited,SME,2024-12-26,2024-12-30,2025-01-02,Rs.13 to Rs.14,14.0,sme,,,,,,,,,,,,,,,,,,,,,,,,,False,2719.0,,ANYA,,,2025-01-02,SM,,,,,,,,,,,,,,,,,,,,,,,,,,,,,,,,,,,,,,,,,,,,,,,,,,,,20,,-0.051049365977291705,-0.051049365977291705,,,,,,,,,,,,,,,,,,,,,,,2025.0
INDOFARM,Indo Farm Equipment Limited,EQ,2024-12-31,2025-01-02,2025-01-07,Rs.204 to Rs.215,215.0,mainboard,,,,,,,,,,,,,,,,,,,,,,,,,False,1035.0,,INDOFARM,Automobiles,Automobile & Mobility,2025-01-07,EQ,,,,,pre_listing,2024-12-31,2025-02-13 19:26:14,9.0,ytd,consolidated,342.96359999999993,13.3812,non_financial,4.808584070796461,2025-06-30,3.903725490196078,541.7658,2025-09-30,2025-11-12 19:36:10,4.808584070796461,xbrl_post_quarter,2025-01-07,,-0.3174394387811027,-0.10431265552137958,-0.21312678325972312,-0.4604844897511784,-0.18099934755162395,-0.27948514219955445,-0.3309218458840294,0.0038469034122203816,-0.3347687492962498,-0.30644159450473163,-0.09044742141668849,-0.21599417308804314,-0.20774556243818654,0.14007371574958727,-0.3478192781877738,0.23064910728228605,0.17763840666406927,0.05301070061821678,-0.25464577585758164,0.1052500922308841,-0.35989586808846574,,,,,,,,27,,-0.05289115965881175,-0.043222249043257444,1033.8455752212392,False,18.0,77.2610509686156,31.148589115004768,15.0,0.9084210092070131,0.8,1.9082887388263325,4.507383573478558,18.0,-0.8595099540520735,0.1111111111111111,3.0144469419531386,2.3380827527860757,15.0,0.25408512073417006,0.6666666666666666,0.25408512073417006,above,industry,"MARUTI,M&M,TMPV,BAJAJ-AUTO,EICHERMOT,TVSMOTOR,HEROMOTOCO,ASHOKLEY",2025.0
SGLTL,Standard Glass Lining Technology Limited,EQ,2025-01-06,2025-01-08,2025-01-13,Rs.133 to Rs.140,140.0,mainboard,,,,,,,,,,,,,,,,,,,,,,,,,False,,,,,,,,,,,,,,,,,,,,,,,,,,,,,,,,,,,,,,,,,,,,,,,,,,,,,,,,,,,26,,-0.03490816537481589,-0.01133988294314392,,,,,,,,,,,,,,,,,,,,,,,2025.0
DELTIC,Delta Autocorp Limited,SME,2025-01-07,2025-01-09,2025-01-14,Rs.123 to Rs.130,130.0,sme,,,,,,,,,,,,,,,,,,,,,,,,,False,2718.0,,DELTIC,,,2025-01-14,SM,,,,,,,,,,,,,,,,,,,,,,,,,,,,,,,,,,,,,,,,,,,,,,,,,,,,26,,-0.06268810593266982,-0.031403894759913786,,,,,,,,,,,,,,,,,,,,,,,2025.0
QUADFUTURE,Quadrant Future Tek Limited,EQ,2025-01-07,2025-01-09,2025-01-14,Rs.275 to Rs.290,290.0,mainboard,,,,,,,,,,,,,,,,,,,,,,,,,False,1790.0,,QUADFUTURE,Building Materials,Real Estate & Construction,2025-01-14,EQ,,,,,pre_listing,2024-12-31,2025-02-14 17:21:38,9.0,ytd,standalone,122.85679999999999,-28.443199999999997,non_financial,3.9814159292035396,2025-06-30,3.007580071174377,297.908,2025-03-31,2025-05-24 20:34:50,3.9814159292035396,xbrl_post_quarter,2025-01-14,,0.14605855855855854,-0.07707600736782816,0.2231345659263867,0.16677927927927927,-0.05910398684751339,0.22588326612679266,0.14662162162162162,0.09800733738259426,0.04861428423902736,-0.31351351351351353,-0.050390464447184535,-0.263123049066329,-0.0703629032258064,0.1486599968897413,-0.2190229001155477,-0.17207661290322585,0.1784666424757657,-0.35054325537899156,-0.41330645161290325,0.1012423755464551,-0.5145488271593583,,,,,,,,26,,-0.06268810593266982,-0.031403894759913786,1154.6106194690265,True,69.0,,38.8865656054007,49.0,,,3.875728813825162,2.5925283292568873,65.0,0.4021001376562467,0.6923076923076923,9.398019641314331,1.694949054702619,63.0,1.7128463064665616,0.9523809523809523,1.057473222061404,well_above,industry,"ULTRACEMCO,AMBUJACEM,POLYCAB,KEI,ACC,JKCEMENT,DALBHARAT,SHREECEM",2025.0
BARFLEX,Barflex Polyfilms Limited,SME,2025-01-10,2025-01-15,2025-01-20,Rs.57 to Rs.60,60.0,sme,,,,,,,,,,,,,,,,,,,,,,,,,False,2716.0,,BARFLEX,,,2025-01-20,SM,,,,,,,,,,,,,,,,,,,,,,,,,,,,,,,,,,,,,,,,,,,,,,,,,,,,27,,-0.07349991811267176,-0.0469289851109842,,,,,,,,,,,,,,,,,,,,,,,2025.0
SATKARTAR,Sat Kartar Shopping Limited,SME,2025-01-10,2025-01-14,2025-01-17,Rs.77 to Rs.81,81.0,sme,,,,,,,,,,,,,,,,,,,,,,,,,False,2717.0,,SATKARTAR,,,2025-01-17,SM,,,,,,,,,,,,,,,,,,,,,,,,,,,,,,,,,,,,,,,,,,,,,,,,,,,,27,,-0.07349991811267176,-0.0469289851109842,,,,,,,,,,,,,,,,,,,,,,,2025.0
LAXMIDENTL,Laxmi Dental Limited,EQ,2025-01-13,2025-01-15,2025-01-20,Rs.407 to Rs.428,428.0,mainboard,,,,,,,,,,,,,,,,,,,,,,,,,False,1292.0,,LAXMIDENTL,Hospitals,Healthcare & Pharmaceuticals,2025-01-20,EQ,,,,,pre_listing,2024-12-31,2025-02-14 21:26:59,9.0,ytd,consolidated,237.92,36.654666666666664,non_financial,5.483660130718954,2025-06-30,5.454545454545454,208.537,2025-03-31,2025-05-28 19:04:08,5.483660130718954,xbrl_post_quarter,2025-01-20,,-0.3245845064026881,-0.1409116819266808,-0.1836728244760073,-0.27608754881482145,-0.05499245905922323,-0.22109508975559822,-0.1398601398601398,0.06006032752621526,-0.19992046738635505,-0.6379983652710925,-0.0888227819539944,-0.5491755833170981,0.0693828156514722,0.1486599968897413,-0.0792771812382691,-0.05916364125319351,0.1784666424757657,-0.23763028372895922,-0.4956030657523195,0.1012423755464551,-0.5968454412987746,,,,,,,,27,,-0.09610350558310488,-0.07138108990006797,2347.0065359477126,False,10.0,64.0302245084131,59.04504811422593,9.0,0.08105454989818638,0.6666666666666666,11.254628847387814,8.62978704967718,9.0,0.26555966792487556,0.6666666666666666,9.86468786124627,5.313494239948668,10.0,0.6187118301555992,0.8,0.26555966792487556,above,industry,"MEDANTA,NH,KIMS,ASTERDM,LALPATHLAB,RAINBOW,ARTEMISMED,INDRAMEDCO",2025.0
KKJEWELS,Kabra Jewels Limited,SME,2025-01-15,2025-01-17,2025-01-22,Rs.121 to Rs.128,128.0,sme,,,,,,,,,,,,,,,,,,,,,,,,,False,2715.0,,KKJEWELS,,,2025-01-22,SM,,,,,,,,,,,,,,,,,,,,,,,,,,,,,,,,,,,,,,,,,,,,,,,,,,,,28,,-0.11815401798299441,-0.10086722766368639,,,,,,,,,,,,,,,,,,,,,,,2025.0
STALLION,Stallion India Fluorochemicals Limited,BE,2025-01-16,2025-01-20,2025-01-23,Rs.85 to Rs.90,90.0,mainboard,,,,,,,,,,,,,,,,,,,,,,,,,False,2142.0,,STALLION,Chemicals,"Metals, Mining & Chemicals",2025-01-23,BE,,,,,pre_listing,2024-12-31,2025-02-12 17:25:39,9.0,ytd,standalone,301.1765333333333,25.409733333333335,non_financial,7.910916030534351,2025-06-30,6.157358490566038,300.844,2025-03-31,2025-05-17 11:53:41,7.910916030534351,xbrl_post_quarter,2025-01-23,,-0.396904761904762,-0.09695587300034247,-0.2999488889044195,-0.43214285714285716,-0.043607210997504975,-0.3885356461453522,-0.08357142857142863,0.049557262364855026,-0.13312869093628366,0.46825396825396814,-0.036039699623306,0.5042936678772741,-0.17873921118758873,0.09594599099849987,-0.2746852021860886,0.6743144324265269,0.1378229704950824,0.5364914619314445,0.48137222768491217,0.06409734955825974,0.4172748781266524,,,,,,,,28,,-0.11352805513567787,-0.106063846780722,711.9824427480917,False,144.0,28.02006748390741,32.73920606340765,111.0,-0.15565237258054795,0.3783783783783784,2.366616727433792,2.7888359879811837,137.0,-0.16416290609643763,0.4233576642335766,2.3640037119362503,1.994809476989591,128.0,0.16980812421007538,0.59375,-0.15565237258054795,below,industry,"ASIANPAINT,GRASIM,PIDILITIND,SRF,FACT,BERGEPAINT,COROMANDEL,PIIND",2025.0
EMAIN,EMA Partners India Limited,SME,2025-01-17,2025-01-21,2025-01-24,Rs.117 to Rs.124,124.0,sme,,,,,,,,,,,,,,,,,,,,,,,,,False,,,,,,,,,,,,,,,,,,,,,,,,,,,,,,,,,,,,,,,,,,,,,,,,,,,,,,,,,,,28,,-0.1028424299863342,-0.09716064292835547,,,,,,,,,,,,,,,,,,,,,,,2025.0
DENTA,Denta Water and Infra Solutions Limited,BE,2025-01-22,2025-01-24,2025-01-29,Rs.279 to Rs.294,294.0,mainboard,,,,,,,,,,,,,,,,,,,,,,,,,False,581.0,,DENTA,Infrastructure,Industrials & Infrastructure,2025-01-29,EQ,,,,,pre_listing,2024-12-31,2025-02-15 15:58:57,9.0,ytd,consolidated,198.844,52.21706666666666,non_financial,2.6684892086330936,2025-06-30,1.9209370988446726,408.767,2025-03-31,2025-05-29 15:51:08,2.6684892086330936,xbrl_post_quarter,2025-01-29,,-0.10080586080586074,-0.09050908357271181,-0.010296777233148924,-0.16849816849816845,-0.027662224954926318,-0.14083594354324214,-0.09172161172161175,0.08005328773133247,-0.17177489945294422,-0.20307692307692315,0.030153682585735808,-0.23323060566265896,-0.01387618176273242,0.1486599968897413,-0.16253617865247372,0.2912473315035071,0.1784666424757657,0.11278068902774141,-0.23391277828606283,0.1012423755464551,-0.3351551538325179,,,,,,,,28,,-0.11485973103368674,-0.08096430144455657,784.5358273381295,False,490.0,15.024509751692861,29.299062834138883,334.0,-0.6678726792786498,0.18562874251497005,1.9192738830143565,3.1106321039150675,444.0,-0.48287902580684905,0.32207207207207206,3.9454840344095348,2.032191880447648,396.0,0.6634566878269337,0.6893939393939394,-0.48287902580684905,below,sector,"LT,SIEMENS,BEL,DLF,ABB,LODHA,HAVELLS,MAZDOCK",2025.0
REXPRO,Rexpro Enterprises Limited,SME,2025-01-22,2025-01-24,2025-01-29,Rs.145,145.0,sme,,,,,,,,,,,,,,,,,,,,,,,,,False,2713.0,,REXPRO,,,2025-01-29,SM,,,,,,,,,,,,,,,,,,,,,,,,,,,,,,,,,,,,,,,,,,,,,,,,,,,,28,,-0.11485973103368674,-0.08096430144455657,,,,,,,,,,,,,,,,,,,,,,,2025.0
AGARWALEYE,Dr. Agarwal's Health Care Limited,EQ,2025-01-29,2025-01-31,2025-02-04,Rs.382 to Rs.402,402.0,mainboard,,,,,,,,,,,,,,,,,,,,,,,,,False,86.0,,AGARWALEYE,Hospitals,Healthcare & Pharmaceuticals,2025-02-04,EQ,,,,,pre_listing,2024-12-31,2025-02-15 16:51:55,9.0,ytd,consolidated,1667.7066666666665,67.85333333333332,non_financial,31.631578947368425,2025-06-30,30.602739726027398,1866.59,2025-03-31,2025-05-29 00:47:50,31.631578947368425,xbrl_post_quarter,2025-02-04,,0.03311340719531941,-0.08530866961613792,0.11842207681145733,-0.07718162579360144,-0.0025542461977995368,-0.0746273795958019,0.10581351923316329,0.04326136245384227,0.06255215677932102,0.139798331880991,0.03241369958911311,0.10738463229187789,-0.09665646338591949,0.1486599968897413,-0.24531646027566079,0.0728749705674594,0.1784666424757657,-0.10559167190830632,0.07263951024252413,0.1012423755464551,-0.02860286530393097,,,,,,,,26,,-0.18729645629230285,-0.1175692063714171,12715.894736842107,False,10.0,187.40265381472943,54.91135947586472,9.0,1.2275392916944599,1.0,6.8123662597796555,8.040668406445807,9.0,-0.16577268666073397,0.2222222222222222,7.624778980021731,4.977470298407759,10.0,0.42648154607901406,0.6,0.42648154607901406,above,industry,"MEDANTA,NH,KIMS,ASTERDM,LALPATHLAB,RAINBOW,ARTEMISMED,INDRAMEDCO",2025.0
CHAMUNDA,Chamunda Electrical Limited,SME,2025-02-04,2025-02-06,2025-02-11,Rs.47 to Rs.50,50.0,sme,,,,,,,,,,,,,,,,,,,,,,,,,False,2712.0,,CHAMUNDA,,,2025-02-11,SM,,,,,,,,,,,,,,,,,,,,,,,,,,,,,,,,,,,,,,,,,,,,,,,,,,,,27,,-0.15816336119292396,-0.109704988784463,,,,,,,,,,,,,,,,,,,,,,,2025.0
KEN,Ken Enterprises Limited,SME,2025-02-05,2025-02-07,2025-02-12,Rs.94,94.0,sme,,,,,,,,,,,,,,,,,,,,,,,,,False,2711.0,,KEN,,,2025-02-12,SM,,,,,,,,,,,,,,,,,,,,,,,,,,,,,,,,,,,,,,,,,,,,,,,,,,,,28,,-0.14858925584554705,-0.10391276459268761,,,,,,,,,,,,,,,,,,,,,,,2025.0
READYMIX,Readymix Construction Machinery Limited,SME,2025-02-06,2025-02-10,2025-02-13,Rs.121 to Rs.123,123.0,sme,,,,,,,,,,,,,,,,,,,,,,,,,False,2710.0,,READYMIX,,,2025-02-13,SM,,,,,,,,,,,,,,,,,,,,,,,,,,,,,,,,,,,,,,,,,,,,,,,,,,,,28,,-0.13524833339150477,-0.10665856777138938,,,,,,,,,,,,,,,,,,,,,,,2025.0
ELGNZ,Eleganz Interiors Limited,SME,2025-02-07,2025-02-11,2025-02-14,Rs.123 to Rs.130,130.0,sme,,,,,,,,,,,,,,,,,,,,,,,,,False,2709.0,,ELGNZ,,,2025-02-14,SM,,,,,,,,,,,,,,,,,,,,,,,,,,,,,,,,,,,,,,,,,,,,,,,,,,,,29,,-0.1355570888920511,-0.10136704140756692,,,,,,,,,,,,,,,,,,,,,,,2025.0
AJAXENGG,Ajax Engineering Limited,EQ,2025-02-10,2025-02-12,2025-02-17,Rs.599 to Rs.629,629.0,mainboard,,,,,,,,,,,,,,,,,,,,,,,,,False,103.0,,AJAXENGG,Capital Goods,Industrials & Infrastructure,2025-02-17,EQ,,,,,pre_listing,2024-12-31,2025-03-10 10:18:18,9.0,ytd,standalone,1757.5506666666665,225.53066666666666,non_financial,11.444805194805195,2025-06-30,11.449747899159664,1157.137,2025-03-31,2025-05-27 20:53:38,11.444805194805195,xbrl_post_quarter,2025-02-17,,0.04769902586496477,0.03138596582171305,0.016313060043251726,0.14334900906953307,0.1486599968897413,-0.005310987820208224,0.14183742022169987,0.1784666424757657,-0.03662922225406584,-0.17635203224722873,0.1012423755464551,-0.27759440779368383,0.02228412256267398,0.21531056773468227,-0.1930264451720083,0.09926563687009371,0.21235595840359744,-0.11309032153350373,-0.17118257786781466,0.06475196739741418,-0.23593454526522883,,,,,,,,29,,-0.13893460558498438,-0.09064746161588955,7198.782467532467,False,72.0,31.91930646918291,45.90821542471923,56.0,-0.3634330411488985,0.26785714285714285,6.221201523702438,6.945792116308201,69.0,-0.11017296621716613,0.43478260869565216,4.0959174629005295,4.489398638642582,58.0,-0.091728022421968,0.46551724137931033,-0.11017296621716613,in_line,industry,"SIEMENS,ABB,HAVELLS,MAZDOCK,CUMMINSIND,SUZLON,WAAREEENER,POWERINDIA",2025.0
CHANDAN,Chandan Healthcare Limited,SME,2025-02-10,2025-02-12,2025-02-17,Rs.151 to Rs.159,159.0,sme,,,,,,,,,,,,,,,,,,,,,,,,,False,2708.0,,CHANDAN,,Healthcare & Pharmaceuticals,2025-02-17,SM,,,,,,,,,,,,,,,,,,,,,,,,,,,,,,,,,,,,,,,,,,,,,,,,,,,,29,,-0.13893460558498438,-0.09064746161588955,,,,,,,,,,,,,,,,,,,,,,,2025.0
HEXT,Hexaware Technologies Limited,EQ,2025-02-12,2025-02-14,2025-02-19,Rs.674 to Rs.708,708.0,mainboard,,,,,,,,,,,,,,,,,,,,,,,,,False,936.0,,HEXT,,Technology,2025-02-19,EQ,,,,,pre_listing,2024-12-31,2025-03-07 18:04:32,12.0,ytd,consolidated,11974.4,1176.4,non_financial,60.784,2025-06-30,60.74285714285714,5804.4,2025-06-30,2025-07-24 21:44:30,60.784,xbrl_post_quarter,2025-02-19,,-0.03848927939151514,0.05509419994310649,-0.09358347933462163,0.07370008524031224,0.14516079280810756,-0.07146070756779532,0.04117762769654454,0.14773813889564846,-0.10656051119910392,-0.3800406530719297,0.09999554448149772,-0.4800361975534274,0.06778355478528786,0.2014115035444657,-0.13362794875917783,-0.026638423518839494,0.19683563522895042,-0.22347405874778992,-0.47750176519673926,0.03939574803754242,-0.5168975132342817,,,,,,,,26,,-0.18612318539022665,-0.11859749715056644,43035.072,False,173.0,36.58200612036722,27.53820875226979,127.0,0.28398203394896787,0.5984251968503937,7.414215422782717,3.881766660152433,153.0,0.6471087857341877,0.7581699346405228,3.5939230358097274,2.8935524954027887,145.0,0.21675938910477507,0.5655172413793104,0.28398203394896787,above,sector,"TCS,INFY,HCLTECH,WIPRO,LTM,HYUNDAI,TECHM,NAUKRI",2025.0
MAXVOLT,Maxvolt Energy Industries Limited,SME,2025-02-12,2025-02-14,2025-02-19,Rs.171 to Rs.180,180.0,sme,,,,,,,,,,,,,,,,,,,,,,,,,False,2707.0,,MAXVOLT,,,2025-02-19,SM,,,,,,,,,,,,,,,,,,,,,,,,,,,,,,,,,,,,,,,,,,,,,,,,,,,,26,,-0.18612318539022665,-0.11859749715056644,,,,,,,,,,,,,,,,,,,,,,,2025.0
PSRAJ,P S Raj Steels Limited,SME,2025-02-12,2025-02-14,2025-02-19,Rs.132 to Rs.140,140.0,sme,,,,,,,,,,,,,,,,,,,,,,,,,False,2705.0,,PSRAJ,,,2025-02-19,ST,,,,,,,,,,,,,,,,,,,,,,,,,,,,,,,,,,,,,,,,,,,,,,,,,,,,26,,-0.18612318539022665,-0.11859749715056644,,,,,,,,,,,,,,,,,,,,,,,2025.0
VOLERCAR,Voler Car Limited,SME,2025-02-12,2025-02-14,2025-02-19,Rs.85 to Rs.90,90.0,sme,,,,,,,,,,,,,,,,,,,,,,,,,False,2706.0,,VOLERCAR,,,2025-02-19,SM,,,,,,,,,,,,,,,,,,,,,,,,,,,,,,,,,,,,,,,,,,,,,,,,,,,,26,,-0.18612318539022665,-0.11859749715056644,,,,,,,,,,,,,,,,,,,,,,,2025.0
QPOWER,Quality Power Electrical Equipments Limited,EQ,2025-02-14,2025-02-18,2025-02-24,Rs.401 to Rs.425,425.0,mainboard,,,,,,,,,,,,,,,,,,,,,,,,,False,1789.0,,QPOWER,,Energy,2025-02-24,EQ,,,,,pre_listing,2024-12-31,2025-03-16 10:44:27,9.0,ytd,consolidated,304.43066666666664,62.33333333333333,non_financial,7.738461538461538,2025-06-30,7.203125,424.384,2025-03-31,2025-05-28 00:15:41,7.738461538461538,xbrl_post_quarter,2025-02-24,,-0.17001804588811542,0.04171937310644558,-0.211737418994561,0.20817220933230218,0.16870426603338506,0.03946794329891712,1.0876514565609692,0.1538556986719699,0.9337957578889993,1.035060582624388,0.05129787094706151,0.9837627116773264,0.6602986033071121,0.1888987886887714,0.4713998146183407,2.1749879595440684,0.23617740441389645,1.938810555130172,1.5581955370043348,0.00644547685214647,1.5517500601521883,,,,,,,,25,,-0.19468510966189934,-0.1073740220396332,3288.8461538461534,False,99.0,52.76223776223776,20.1895558959446,80.0,0.9606303050977208,0.85,7.749694036170434,2.354476181063225,91.0,1.191335089077865,0.8241758241758241,10.803268244480911,1.8281743258901155,89.0,1.7765308708235674,0.898876404494382,1.191335089077865,well_above,sector,"RELIANCE,NTPC,ONGC,POWERGRID,ADANIPOWER,IOC,ADANIGREEN,TATAPOWER",2025.0
ROYALARC,Royal Arc Electrodes Limited,SME,2025-02-14,2025-02-18,2025-02-24,Rs.114 to Rs.120,120.0,sme,,,,,,,,,,,,,,,,,,,,,,,,,False,2704.0,,ROYALARC,,,2025-02-24,SM,,,,,,,,,,,,,,,,,,,,,,,,,,,,,,,,,,,,,,,,,,,,,,,,,,,,25,,-0.19468510966189934,-0.1073740220396332,,,,,,,,,,,,,,,,,,,,,,,2025.0
TEJASCARGO,Tejas Cargo India Limited,SME,2025-02-14,2025-02-18,2025-02-24,Rs.160 to Rs.168,168.0,sme,,,,,,,,,,,,,,,,,,,,,,,,,False,2703.0,,TEJASCARGO,,,2025-02-24,SM,,,,,,,,,,,,,,,,,,,,,,,,,,,,,,,,,,,,,,,,,,,,,,,,,,,,25,,-0.19468510966189934,-0.1073740220396332,,,,,,,,,,,,,,,,,,,,,,,2025.0
HPTL,HP Telecom India Limited,SME,2025-02-20,2025-02-24,2025-02-28,Rs.108,108.0,sme,,,,,,,,,,,,,,,,,,,,,,,,,False,2702.0,,HPTL,,,2025-02-28,SM,,,,,,,,,,,,,,,,,,,,,,,,,,,,,,,,,,,,,,,,,,,,,,,,,,,,27,,-0.2166389681659655,-0.13739408596110525,,,,,,,,,,,,,,,,,,,,,,,2025.0
BALAJIPHOS,Balaji Phosphates Limited,SME,2025-02-28,2025-03-04,2025-03-07,Rs.66 to Rs.70,70.0,sme,,,,,,,,,,,,,,,,,,,,,,,,,False,2701.0,,BALAJIPHOS,,,2025-03-07,SM,,,,,,,,,,,,,,,,,,,,,,,,,,,,,,,,,,,,,,,,,,,,,,,,,,,,26,,-0.23749741585070194,-0.19847373486223252,,,,,,,,,,,,,,,,,,,,,,,2025.0
DIVINEHIRA,Divine Hira Jewellers Limited,SME,2025-03-17,2025-03-19,2025-03-24,Rs.90,90.0,sme,,,,,,,,,,,,,,,,,,,,,,,,,False,2700.0,,DIVINEHIRA,,,2025-03-24,ST,,,,,,,,,,,,,,,,,,,,,,,,,,,,,,,,,,,,,,,,,,,,,,,,,,,,25,,-0.24311408113020627,-0.22821983437136406,,,,,,,,,,,,,,,,,,,,,,,2025.0
GCHOTELS,Grand Continent Hotels Limited,SME,2025-03-20,2025-03-24,2025-03-27,Rs.107 to Rs.113,113.0,sme,,,,,,,,,,,,,,,,,,,,,,,,,False,2699.0,,GCHOTELS,,,2025-03-27,ST,,,,,,,,,,,,,,,,,,,,,,,,,,,,,,,,,,,,,,,,,,,,,,,,,,,,21,,-0.20491431363652235,-0.18277350347157062,,,,,,,,,,,,,,,,,,,,,,,2025.0
ACTIVEINFR,Active Infrastructures Limited,SME,2025-03-21,2025-03-25,2025-03-28,Rs.178 to Rs.181,181.0,sme,,,,,,,,,,,,,,,,,,,,,,,,,False,2698.0,,ACTIVEINFR,,,2025-03-28,SM,,,,,,,,,,,,,,,,,,,,,,,,,,,,,,,,,,,,,,,,,,,,,,,,,,,,20,,-0.19872040981251837,-0.1736066499789558,,,,,,,,,,,,,,,,,,,,,,,2025.0
RAPIDFLEET,Rapid Fleet Management Services Limited,SME,2025-03-21,2025-03-25,2025-03-28,Rs.183 to Rs.192,192.0,sme,,,,,,,,,,,,,,,,,,,,,,,,,False,2697.0,,RAPIDFLEET,,,2025-03-28,SM,,,,,,,,,,,,,,,,,,,,,,,,,,,,,,,,,,,,,,,,,,,,,,,,,,,,20,,-0.19872040981251837,-0.1736066499789558,,,,,,,,,,,,,,,,,,,,,,,2025.0
ATCENERGY,ATC Energies System Limited,SME,2025-03-25,2025-03-27,2025-04-02,Rs.112 to Rs.118,118.0,sme,,,,,,,,,,,,,,,,,,,,,,,,,False,2695.0,,ATCENERGY,,,2025-04-02,ST,,,,,,,,,,,,,,,,,,,,,,,,,,,,,,,,,,,,,,,,,,,,,,,,,,,,20,,-0.1734803188504631,-0.12633030803548617,,,,,,,,,,,,,,,,,,,,,,,2025.0
SHRIAHIMSA,Shri Ahimsa Naturals Limited,SME,2025-03-25,2025-03-27,2025-04-02,Rs.113 to Rs.119,119.0,sme,,,,,,,,,,,,,,,,,,,,,,,,,False,2696.0,,SHRIAHIMSA,,,2025-04-02,ST,,,,,,,,,,,,,,,,,,,,,,,,,,,,,,,,,,,,,,,,,,,,,,,,,,,,20,,-0.1734803188504631,-0.12633030803548617,,,,,,,,,,,,,,,,,,,,,,,2025.0
TANKUP,Tankup Engineers Limited,SME,2025-04-23,2025-04-25,2025-04-30,Rs.133 TO RS. 140,140.0,sme,,,,,,,,,,,,,,,,,,,,,,,,,False,2694.0,,TANKUP,,,2025-04-30,ST,,,,,,,,,,,,,,,,,,,,,,,,,,,,,,,,,,,,,,,,,,,,,,,,,,,,7,,-0.14740256079127334,-0.049668121068476734,,,,,,,,,,,,,,,,,,,,,,,2025.0
ATHERENERG,Ather Energy Limited,EQ,2025-04-28,2025-04-30,2025-05-06,Rs.304 to Rs.321,321.0,mainboard,,,,,,,,,,,,,,,,,,,,,,,,,False,234.0,,ATHERENERG,Automobiles,Automobile & Mobility,2025-05-06,EQ,,,,,pre_listing,2025-03-31,2025-05-12 17:45:17,12.0,ytd,standalone,2255.0,-812.3,non_financial,38.525,2025-09-30,26.044444444444444,2721.2,2025-09-30,2025-11-10 19:13:23,38.525,xbrl_post_quarter,2025-05-06,,0.01620906384386367,0.12379252311208733,-0.10758345926822366,0.14885874958650347,0.11077993208817327,0.0380788174983302,1.2069136619252396,0.14087916503364295,1.0660344968915967,2.0573933178961297,0.102384818314456,1.9550084995816737,0.4087229472988603,0.045932932670268656,0.3627900146285916,1.0768214108706426,0.08249528151269803,0.9943261293579446,2.007764744754667,0.05369116907833771,1.9540735756763294,,,,,,,,6,,-0.1664057906422921,-0.05823490515102425,12366.525,True,19.0,,28.94616023910546,16.0,,,4.544511612523887,3.7727889940223447,19.0,0.18610575169948435,0.7368421052631579,5.484046563192904,2.010792405978693,16.0,1.003314376187187,0.875,0.5947100639433357,well_above,industry,"MARUTI,M&M,TMPV,BAJAJ-AUTO,EICHERMOT,TVSMOTOR,HEROMOTOCO,ASHOKLEY",2025.0
IWARE,Iware Supplychain Services Limited,SME,2025-04-28,2025-04-30,2025-05-06,Rs.95,95.0,sme,,,,,,,,,,,,,,,,,,,,,,,,,False,2693.0,,IWARE,,,2025-05-06,ST,,,,,,,,,,,,,,,,,,,,,,,,,,,,,,,,,,,,,,,,,,,,,,,,,,,,6,,-0.1664057906422921,-0.05823490515102425,,,,,,,,,,,,,,,,,,,,,,,2025.0
ARUNAYA,Arunaya Organics Limited,SME,2025-04-29,2025-05-02,2025-05-07,Rs.55 TO RS. 58,58.0,sme,,,,,,,,,,,,,,,,,,,,,,,,,False,2692.0,,ARUNAYA,,,2025-05-07,SM,,,,,,,,,,,,,,,,,,,,,,,,,,,,,,,,,,,,,,,,,,,,,,,,,,,,6,,-0.16194897211266635,-0.037834022261472144,,,,,,,,,,,,,,,,,,,,,,,2025.0
VGINFOTECH,Virtual Galaxy Infotech Limited,SME,2025-05-09,2025-05-14,2025-05-19,Rs.135 to Rs.142,142.0,sme,,,,,,,,,,,,,,,,,,,,,,,,,False,2691.0,,VGINFOTECH,,Technology,2025-05-19,SM,,,,,,,,,,,,,,,,,,,,,,,,,,,,,,,,,,,,,,,,,,,,,,,,,,,,4,,-0.1848613150836459,-0.04230634563640889,,,,,,,,,,,,,,,,,,,,,,,2025.0
INTEGRITY,Integrity Infrabuild Developers Limited,SME,2025-05-13,2025-05-15,2025-05-20,Rs.100,100.0,sme,,,,,,,,,,,,,,,,,,,,,,,,,False,2690.0,,INTEGRITY,,,2025-05-20,ST,,,,,,,,,,,,,,,,,,,,,,,,,,,,,,,,,,,,,,,,,,,,,,,,,,,,4,,-0.157811648405345,0.0004177922073780316,,,,,,,,,,,,,,,,,,,,,,,2025.0
ACCPL,Accretion Pharmaceuticals Limited,SME,2025-05-14,2025-05-16,2025-05-21,Rs.96 to Rs.101,101.0,sme,,,,,,,,,,,,,,,,,,,,,,,,,False,2689.0,,ACCPL,,Healthcare & Pharmaceuticals,2025-05-21,ST,,,,,,,,,,,,,,,,,,,,,,,,,,,,,,,,,,,,,,,,,,,,,,,,,,,,4,,-0.15076396850156926,-0.0025542461977995368,,,,,,,,,,,,,,,,,,,,,,,2025.0
BORANA,Borana Weaves Limited,BE,2025-05-20,2025-05-22,2025-05-27,Rs.205 to Rs.216,216.0,mainboard,,,,,,,,,,,,,,,,,,,,,,,,,False,388.0,,BORANA,Manufacturing,Industrials & Infrastructure,2025-05-27,EQ,,,,,pre_listing,2025-03-31,2025-06-10 22:07:05,12.0,ytd,standalone,290.3104,40.2023,non_financial,2.639017432646593,2025-09-30,2.0029595588235294,245.8212,2025-09-30,2025-11-14 17:54:13,2.639017432646593,xbrl_post_quarter,2025-05-27,,-0.1380364491475603,0.04914998031596629,-0.1871864294635266,-0.1525377229080933,0.02542696321940663,-0.17796468612749994,0.14309229864785422,0.011536947382023488,0.13155535126583073,0.2653341171859691,0.01902890096977683,0.24630521621619228,-0.07268657346792251,-0.024913072374557532,-0.04777350109336498,0.18828398868099838,-0.07231465661092085,0.26059864529191923,0.34434261097267393,0.0047721055739218254,0.3395705053987521,,,,,,,,3,,-0.11310385192623174,0.05245450374675009,570.0277654516641,False,230.0,14.178983925090456,21.903695912866954,160.0,-0.4348945226858896,0.21875,2.3188714620694393,1.7425955278325733,208.0,0.2857049441299224,0.5913461538461539,1.9635113500985981,1.155594008313432,195.0,0.5301198708809062,0.717948717948718,0.2857049441299224,above,industry,"PAGEIND,SUPREMEIND,KPRMILL,ASTRAL,3MINDIA,LMW,MANYAVAR,DOMS",2025.0
13DCCL28,Dar Credit & Capital Limited,SME,2025-05-21,2025-05-23,2026-09-16,Rs.57 to Rs.60,100000.0,sme,,,,,,,,,,,,,,,,,,,,,,,,,False,,,,,,,,,,,,,,,,,,,,,,,,,,,,,,,,,,,,,,,,,,,,,,,,,,,,,,,,,,,2,,-0.12105900451856977,0.07994352425784856,,,,,,,,,,,,,,,,,,,,,,,2026.0
BELRISE,Belrise Industries Limited,EQ,2025-05-21,2025-05-23,2025-05-28,Rs.85 to Rs.90,90.0,mainboard,,,,,,,,,,,,,,,,,,,,,,,,,False,326.0,,BELRISE,Auto Components,Automobile & Mobility,2025-05-28,EQ,,,,,pre_listing,2025-03-31,2025-06-16 20:24:43,12.0,ytd,consolidated,8290.816,355.443,non_financial,81.82675585284281,2025-09-30,65.09940828402367,4970.679,2025-09-30,2025-11-11 22:53:11,81.82675585284281,xbrl_post_quarter,2025-05-28,,0.05399856277589565,0.04753581721920108,0.006462745556694571,0.45149368647982735,0.0022506412232474737,0.4492430452565799,0.7210758649009343,0.0038129214340656414,0.7172629434668687,1.2186633815829997,0.020731637969993555,1.1979317436130061,0.4268977060155559,0.011928533587932888,0.414969172427623,0.5506547208821504,-0.056271940293293965,0.6069266611754444,1.4082898493649703,0.03535771046672065,1.3729321388982496,,,,,,,,2,,-0.12105900451856977,0.07994352425784856,7364.408026755853,False,97.0,20.71895641989251,31.818414180004975,85.0,-0.4289961341710024,0.3058823529411765,1.4815698271314348,3.5770118099436936,93.0,-0.8814255422597856,0.15053763440860216,0.8882609415955983,1.6439692949547688,92.0,-0.615603345432909,0.2391304347826087,-0.615603345432909,below,industry,"MOTHERSON,BOSCHLTD,SCHAEFFLER,MRF,BHARATFORG,TIINDIA,UNOMINDA,BALKRISIND",2025.0
THELEELA,Schloss Bangalore Limited,EQ,2025-05-26,2025-05-28,2025-06-02,Rs.413 to Rs.435,435.0,mainboard,,,,,,,,,,,,,,,,,,,,,,,,,False,2288.0,,THELEELA,Hotels & Hospitality,Services & Others,2025-06-02,EQ,,,,,post_listing,2025-06-30,2025-07-22 20:12:03,3.0,inc,consolidated,1099.16,35.064,non_financial,31.79446808510638,2025-09-30,,6140.345,2025-09-30,2025-10-14 19:33:35,31.79446808510638,xbrl_post_quarter,2025-06-02,,-0.06979680863276327,0.04767381847673824,-0.11747062710950151,-0.06945241648490419,-0.01270515372705161,-0.05674726275785258,-0.04683733210882801,-0.015176583351765749,-0.03166074875706226,-0.052118011709332945,0.0013979208139791588,-0.053515932523312104,-0.07885689729265144,-0.0355068364243345,-0.04335006086831694,-0.12011173184357538,-0.1404477703902448,0.020336038546669433,0.062741727546197,0.00375289168706483,0.05898883585913217,,,,,,,,1,,-0.11223665169426222,0.14007371574958727,13830.593617021275,False,27.0,394.4385585506866,42.45999980967259,23.0,2.228900931245134,1.0,2.2524131163674475,3.990841508484799,25.0,-0.5719999753802142,0.24,12.582875665982455,5.210590087963766,26.0,0.8816437054527752,0.9230769230769231,0.8816437054527752,well_above,industry,"INDHOTEL,ITCHOTELS,EIHOTEL,CHALET,LEMONTREE,MHRIL,JUNIPER,ITDC",2025.0
BLUEWATER,Blue Water Logistics Limited,SME,2025-05-27,2025-05-29,2025-06-03,Rs.132 to Rs.135,135.0,sme,,,,,,,,,,,,,,,,,,,,,,,,,False,2686.0,,BLUEWATER,,,2025-06-03,ST,,,,,,,,,,,,,,,,,,,,,,,,,,,,,,,,,,,,,,,,,,,,,,,,,,,,1,,-0.10761068884694602,0.1486599968897413,,,,,,,,,,,,,,,,,,,,,,,2025.0
NIKITA,Nikita Papers Limited,SME,2025-05-27,2025-05-29,2025-06-03,Rs.95 to RS. 104,104.0,sme,,,,,,,,,,,,,,,,,,,,,,,,,False,2687.0,,NIKITA,,,2025-06-03,SM,,,,,,,,,,,,,,,,,,,,,,,,,,,,,,,,,,,,,,,,,,,,,,,,,,,,1,,-0.10761068884694602,0.1486599968897413,,,,,,,,,,,,,,,,,,,,,,,2025.0
PROSTARM,Prostarm Info Systems Limited,BE,2025-05-27,2025-05-29,2025-06-03,Rs.95 to Rs.105,105.0,mainboard,,,,,,,,,,,,,,,,,,,,,,,,,False,1770.0,,PROSTARM,Capital Goods,Industrials & Infrastructure,2025-06-03,EQ,,,,,pre_listing,2025-03-31,2025-06-23 21:06:50,12.0,ytd,consolidated,350.6467,29.7094,non_financial,5.284574468085107,2025-09-30,4.300886075949367,264.0176,2025-09-30,2025-11-14 20:56:13,5.284574468085107,xbrl_post_quarter,2025-06-03,,0.18539682539682545,0.04253369669293661,0.14286312870388884,0.45992063492063484,-0.007860352065994003,0.46778098698662884,0.48428571428571443,-0.020540620166457857,0.5048263344521723,0.11388888888888893,-0.011095234587905956,0.12498412347679488,0.572757779133618,0.004420760987875694,0.5683370181457423,0.3900244051250761,-0.03117233110015538,0.42119673622523146,0.0481238560097621,0.04674248994487873,0.0013813660648833714,,,,,,,,1,,-0.10761068884694602,0.1486599968897413,554.8803191489362,False,77.0,18.676927812373734,45.53508754272458,64.0,-0.8911942282856639,0.09375,2.1016792787637497,6.506446568466738,70.0,-1.1300567834485071,0.08571428571428572,1.582448427858971,4.283097094170641,67.0,-0.9957030825657235,0.14925373134328357,-0.9957030825657235,below,industry,"MAZDOCK,ABB,SIEMENS,HAVELLS,SUZLON,CUMMINSIND,WAAREEENER,BDL",2025.0
NEPTUNE,Neptune Petrochemicals Limited,SME,2025-05-28,2025-05-30,2025-06-04,Rs.115 to RS. 122,122.0,sme,,,,,,,,,,,,,,,,,,,,,,,,,False,2685.0,,NEPTUNE,,,2025-06-04,SM,,,,,,,,,,,,,,,,,,,,,,,,,,,,,,,,,,,,,,,,,,,,,,,,,,,,2,,-0.10660387743212096,0.16609954478393862,,,,,,,,,,,,,,,,,,,,,,,2025.0
NRVANDANA,N R Vandana Tex Industries Limited,SME,2025-05-28,2025-05-30,2025-06-04,Rs.42 to Rs.45,45.0,sme,,,,,,,,,,,,,,,,,,,,,,,,,False,2684.0,,NRVANDANA,,,2025-06-04,ST,,,,,,,,,,,,,,,,,,,,,,,,,,,,,,,,,,,,,,,,,,,,,,,,,,,,2,,-0.10660387743212096,0.16609954478393862,,,,,,,,,,,,,,,,,,,,,,,2025.0
SCODATUBES,Scoda Tubes Limited,BE,2025-05-28,2025-05-30,2025-06-04,Rs.130 Rs.140,140.0,mainboard,,,,,,,,,,,,,,,,,,,,,,,,,False,1981.0,,SCODATUBES,Metals & Mining,"Metals, Mining & Chemicals",2025-06-04,EQ,,,,,pre_listing,2025-03-31,2025-06-24 19:01:58,12.0,ytd,standalone,484.89,31.741,non_financial,5.772314049586777,2025-09-30,4.521192052980132,374.025,2025-09-30,2025-11-13 19:17:33,5.772314049586777,xbrl_post_quarter,2025-06-04,,0.40925170068027206,0.0408685407483822,0.36838315993188986,0.25768707482993203,-0.004791686204632883,0.2624787610345649,0.12074829931972797,-0.02801158210634891,0.14875988142607688,-0.1931292517006803,-0.0245064709743974,-0.1686227807262829,-0.12063302478351756,-0.016814088315497577,-0.10381893646801998,-0.18841445207524632,-0.04821088934210216,-0.14020356273314416,-0.25176669652632633,0.030972868305873202,-0.28273956483219953,,,,,,,,2,,-0.10660387743212096,0.16609954478393862,808.1239669421487,False,101.0,25.45994035922462,23.298955520629637,88.0,0.08869771847193886,0.5681818181818182,2.1606148437728727,2.1910739616456203,92.0,-0.013998985984501779,0.4891304347826087,1.6666129780819336,1.2655973550581392,95.0,0.2752491819391152,0.631578947368421,0.08869771847193886,in_line,industry,"JSWSTEEL,COALINDIA,TATASTEEL,HINDZINC,VEDL,HINDALCO,JINDALSTEL,LLOYDSME",2025.0
GANGABATH,Ganga Bath Fittings Limited,SME,2025-06-04,2025-06-06,2025-06-11,Rs.46 to RS. 49,49.0,sme,,,,,,,,,,,,,,,,,,,,,,,,,False,2683.0,,GANGABATH,,,2025-06-11,SM,,,,,,,,,,,,,,,,,,,,,,,,,,,,,,,,,,,,,,,,,,,,,,,,,,,,5,,-0.08870142806131087,0.1751559719423612,,,,,,,,,,,,,,,,,,,,,,,2025.0
SACHEEROME,Sacheerome Limited,SME,2025-06-09,2025-06-11,2025-06-16,Rs.96 to RS. 102,102.0,sme,,,,,,,,,,,,,,,,,,,,,,,,,False,2682.0,,SACHEEROME,,,2025-06-16,SM,,,,,,,,,,,,,,,,,,,,,,,,,,,,,,,,,,,,,,,,,,,,,,,,,,,,6,,-0.07181384459664453,0.25660625622460187,,,,,,,,,,,,,,,,,,,,,,,2025.0
JAINIK,Jainik Power Cables Limited,SME,2025-06-10,2025-06-12,2025-06-17,Rs.100 to RS. 110,110.0,sme,,,,,,,,,,,,,,,,,,,,,,,,,False,2681.0,,JAINIK,,Energy,2025-06-17,SM,,,,,,,,,,,,,,,,,,,,,,,,,,,,,,,,,,,,,,,,,,,,,,,,,,,,6,,-0.05949584254006435,0.2588058156833717,,,,,,,,,,,,,,,,,,,,,,,2025.0
MONOLITH,Monolithisch India Limited,SME,2025-06-12,2025-06-16,2025-06-19,Rs.135 to RS. 143,143.0,sme,,,,,,,,,,,,,,,,,,,,,,,,,False,2680.0,,MONOLITH,,,2025-06-19,SM,,,,,,,,,,,,,,,,,,,,,,,,,,,,,,,,,,,,,,,,,,,,,,,,,,,,6,,-0.0587548293387532,0.2086180386532721,,,,,,,,,,,,,,,,,,,,,,,2025.0
OSWALPUMPS,Oswal Pumps Limited,EQ,2025-06-13,2025-06-17,2025-06-20,Rs.584 to Rs.614,614.0,mainboard,,,,,,,,,,,,,,,,,,,,,,,,,False,1648.0,,OSWALPUMPS,Capital Goods,Industrials & Infrastructure,2025-06-20,EQ,,,,,pre_listing,2025-03-31,2025-07-10 23:48:02,12.0,ytd,consolidated,1430.307,280.612,non_financial,11.566310794780547,2025-09-30,10.111075949367088,1496.925,2025-09-30,2025-11-13 22:32:06,11.566310794780547,xbrl_post_quarter,2025-06-20,,0.18613576397217546,0.05753105613009435,0.1286047078420811,0.266250899496282,0.03481419523022766,0.23143670426605434,-0.14407931558327336,-0.02076319904001611,-0.12331611654325725,-0.32301910929879263,0.047487874587322176,-0.3705069838861148,0.10145032632342277,-0.033002842092437534,0.1344531684158603,-0.3385061638868745,-0.0816187742449187,-0.2568873896419558,-0.43328498912255253,0.02581685363648978,-0.4591018427590423,,,,,,,,6,,-0.07228905958444198,0.18311026196761615,7101.714827995255,False,78.0,25.307951292158762,45.95920436472244,70.0,-0.5966355146779382,0.2,4.744202166438035,7.031305938207662,75.0,-0.3934491790567419,0.3466666666666667,4.965168196754441,4.526488551429181,73.0,0.09250068871195323,0.5616438356164384,-0.3934491790567419,below,industry,"MAZDOCK,ABB,SIEMENS,HAVELLS,CUMMINSIND,SUZLON,WAAREEENER,POWERINDIA",2025.0
PATILAUTOM,Patil Automation Limited,SME,2025-06-16,2025-06-18,2025-06-23,Rs.114 to RS. 120,120.0,sme,,,,,,,,,,,,,,,,,,,,,,,,,False,2679.0,,PATILAUTOM,,,2025-06-23,SM,,,,,,,,,,,,,,,,,,,,,,,,,,,,,,,,,,,,,,,,,,,,,,,,,,,,6,,-0.07585988406902167,0.2014115035444657,,,,,,,,,,,,,,,,,,,,,,,2025.0
SAMAY,Samay Project Services Limited,SME,2025-06-16,2025-06-18,2025-06-23,Rs.32 to RS. 34,34.0,sme,,,,,,,,,,,,,,,,,,,,,,,,,False,2678.0,,SAMAY,,,2025-06-23,ST,,,,,,,,,,,,,,,,,,,,,,,,,,,,,,,,,,,,,,,,,,,,,,,,,,,,6,,-0.07585988406902167,0.2014115035444657,,,,,,,,,,,,,,,,,,,,,,,2025.0
EEPL,Eppeltone Engineers Limited,SME,2025-06-17,2025-06-19,2025-06-24,Rs.125 to RS. 128,128.0,sme,,,,,,,,,,,,,,,,,,,,,,,,,False,2677.0,,EEPL,,,2025-06-24,SM,,,,,,,,,,,,,,,,,,,,,,,,,,,,,,,,,,,,,,,,,,,,,,,,,,,,6,,-0.07124734537390298,0.21531056773468227,,,,,,,,,,,,,,,,,,,,,,,2025.0
ARISINFRA,Arisinfra Solutions Limited,EQ,2025-06-18,2025-06-20,2025-06-25,Rs.210 to Rs.222,222.0,mainboard,,,,,,,,,,,,,,,,,,,,,,,,,False,,,,,,,,,,,,,,,,,,,,,,,,,,,,,,,,,,,,,,,,,,,,,,,,,,,,,,,,,,,6,,-0.07763724181999299,0.21021019963152532,,,,,,,,,,,,,,,,,,,,,,,2025.0
INFLUX,Influx Healthtech Limited,SME,2025-06-18,2025-06-20,2025-06-25,Rs.91 to RS. 96,96.0,sme,,,,,,,,,,,,,,,,,,,,,,,,,False,2676.0,,INFLUX,,,2025-06-25,SM,,,,,,,,,,,,,,,,,,,,,,,,,,,,,,,,,,,,,,,,,,,,,,,,,,,,6,,-0.07763724181999299,0.21021019963152532,,,,,,,,,,,,,,,,,,,,,,,2025.0
AAKAAR,Aakaar Medical Technologies Limited,SME,2025-06-20,2025-06-24,2025-06-27,Rs.68 to RS. 72,72.0,sme,,,,,,,,,,,,,,,,,,,,,,,,,False,2673.0,,AAKAAR,,Technology,2025-06-27,SM,,,,,,,,,,,,,,,,,,,,,,,,,,,,,,,,,,,,,,,,,,,,,,,,,,,,6,,-0.0971962315719952,0.1888987886887714,,,,,,,,,,,,,,,,,,,,,,,2025.0
MAYASHEEL,Mayasheel Ventures Limited,SME,2025-06-20,2025-06-24,2025-06-27,Rs.44 to RS. 47,47.0,sme,,,,,,,,,,,,,,,,,,,,,,,,,False,2674.0,,MAYASHEEL,,,2025-06-27,SM,,,,,,,,,,,,,,,,,,,,,,,,,,,,,,,,,,,,,,,,,,,,,,,,,,,,6,,-0.0971962315719952,0.1888987886887714,,,,,,,,,,,,,,,,,,,,,,,2025.0
SAFEENTP,Safe Enterprises Retail Fixtures Limited,SME,2025-06-20,2025-06-24,2025-06-27,Rs.131 to RS. 138,138.0,sme,,,,,,,,,,,,,,,,,,,,,,,,,False,2675.0,,SAFEENTP,,,2025-06-27,SM,,,,,,,,,,,,,,,,,,,,,,,,,,,,,,,,,,,,,,,,,,,,,,,,,,,,6,,-0.0971962315719952,0.1888987886887714,,,,,,,,,,,,,,,,,,,,,,,2025.0
ELLEN,Ellenbarrie Industrial Gases Limited,EQ,2025-06-24,2025-06-26,2025-07-01,Rs.380 to Rs.400,400.0,mainboard,,,,,,,,,,,,,,,,,,,,,,,,,False,670.0,,ELLEN,,Energy,2025-07-01,EQ,,,,,pre_listing,2025-06-30,2025-08-05 19:58:24,3.0,inc,standalone,334.52,74.848,non_financial,14.067816091954024,2025-09-30,13.177464788732395,921.856,2025-09-30,2025-11-10 19:01:31,14.067816091954024,xbrl_post_quarter,2025-07-01,,0.05564908342686126,-0.025951469429118412,0.08160055285597967,-0.12139917695473257,-0.060198738880756664,-0.061200438073975905,-0.3706509539842874,-0.06159779304132407,-0.3090531609429633,-0.4996258885147774,0.006401306159216302,-0.5060271946739937,-0.1660835941815504,0.014859780204053763,-0.18094337438560415,-0.491161848646658,-0.029892487224286057,-0.46126936142237196,-0.38758976247468235,0.08996368536860255,-0.4775534478432849,,,,,,,,7,,-0.0845802133366268,0.15134733571959202,5627.126436781609,False,104.0,75.18071874708221,24.96714786115759,87.0,1.1023339232929825,0.8045977011494253,6.104127365642366,2.7608614007680563,95.0,0.7934224269323878,0.7684210526315789,16.82149478889636,2.2961577999758003,96.0,1.991420316020265,0.9270833333333334,1.1023339232929825,well_above,sector,"RELIANCE,NTPC,ONGC,POWERGRID,ADANIPOWER,IOC,ADANIGREEN,SOLARINDS",2025.0
GLOBECIVIL,Globe Civil Projects Limited,BE,2025-06-24,2025-06-26,2025-07-01,Rs.67 to Rs.71,71.0,mainboard,,,,,,,,,,,,,,,,,,,,,,,,,False,815.0,,GLOBECIVIL,Infrastructure,Industrials & Infrastructure,2025-07-01,EQ,,,,,pre_listing,2025-06-30,2025-08-14 20:39:46,3.0,inc,consolidated,269.4,20.2,non_financial,6.159793814432989,2025-09-30,4.353448275862069,224.856,2025-09-30,2025-11-14 19:23:36,6.159793814432989,xbrl_post_quarter,2025-07-01,,-0.1241795468981578,-0.025951469429118412,-0.09822807746903939,-0.2754605123861952,-0.060198738880756664,-0.21526177350543851,-0.37222104594537364,-0.06159779304132407,-0.3106232529040496,-0.5574846495871268,0.006401306159216302,-0.5638859557463431,-0.18404594767070825,0.004271655992463819,-0.18831760366317207,-0.32291001914486284,-0.041345008798071015,-0.2815650103467918,-0.416847479259732,0.08700018366343376,-0.5038476629231657,,,,,,,,7,,-0.0845802133366268,0.15134733571959202,437.3453608247422,False,9.0,21.650760436868428,24.211835285443666,7.0,-0.11180099705663062,0.42857142857142855,1.945001960475781,3.9549419086923985,7.0,-0.7097029280174835,0.2857142857142857,1.623405199794886,3.204355597394965,8.0,-0.6799850901344571,0.375,-0.6799850901344571,below,industry,"GMRAIRPORT,AFCONS,TRANSRAILL,JYOTISTRUC,DREAMFOLKS,ABINFRA,DENTA,TICL",2025.0
KALPATARU,Kalpataru Limited,EQ,2025-06-24,2025-06-26,2025-07-01,Rs.387 to Rs.414,414.0,mainboard,,,,,,,,,,,,,,,,,,,,,,,,,False,1168.0,,KALPATARU,Real Estate,Real Estate & Construction,2025-07-01,EQ,,,,,pre_listing,2025-06-30,2025-08-14 17:10:38,3.0,inc,consolidated,1772.8,-197.68,non_financial,20.923076923076923,2025-09-30,16.924657534246577,3977.42,2025-09-30,2025-11-10 23:57:21,20.923076923076923,xbrl_post_quarter,2025-07-01,,-0.0707933941563691,-0.025951469429118412,-0.04484192472725068,-0.13685183046541172,-0.060198738880756664,-0.07665309158465505,-0.19794433537359968,-0.06159779304132407,-0.1363465423322756,-0.33560457327635984,0.006401306159216302,-0.34200587943557614,-0.06746895403917563,0.004271655992463819,-0.07174061003163945,-0.102291639994879,-0.041345008798071015,-0.06094663119680799,-0.285238765843042,0.08700018366343376,-0.37223894950647574,,,,,,,,7,,-0.0845802133366268,0.15134733571959202,8662.153846153846,True,8.0,,29.510861942605644,7.0,,,2.177832325013161,3.40888509006127,8.0,-0.448055248986912,0.375,4.886142738128298,4.9365043965377975,8.0,-0.010254282580573749,0.5,-0.2291547657837429,below_loss_making,industry,"ABREL,AWFIS,AJMERA,ARKADE,AGIIL,ELDEHSG,FMNL,ASHOKAMET",2025.0
SHKSIL,Shri Hare-Krishna Sponge Iron Limited,SME,2025-06-24,2025-06-26,2025-07-01,Rs.56 to RS. 59,59.0,sme,,,,,,,,,,,,,,,,,,,,,,,,,False,2672.0,,SHKSIL,,,2025-07-01,SM,,,,,,,,,,,,,,,,,,,,,,,,,,,,,,,,,,,,,,,,,,,,,,,,,,,,7,,-0.0845802133366268,0.15134733571959202,,,,,,,,,,,,,,,,,,,,,,,2025.0
HDBFS,HDB Financial Services Limited,EQ,2025-06-25,2025-06-27,2025-07-02,Rs.700 to Rs.740,740.0,mainboard,,,,,,,,,,,,,,,,,,,,,,,,,False,919.0,,HDBFS,,Financial Services,2025-07-02,EQ,,,,,,,,,,,,,,,,,,,,,,2025-07-02,,-0.09798442237945193,-0.0310205673398104,-0.06696385503964153,-0.08490397764433089,-0.04655487167313799,-0.0383491059711929,-0.08419049884059704,-0.050717511346230926,-0.03347298749436611,-0.10167072953207679,0.024065878788906536,-0.12573660832098332,,,,,,,,,,,,,,,,,7,,-0.0774761519936209,0.15131329850861275,,,,,,,,,,,,,,,,,,,,,,,2025.0
RTL,Rama Telecom Limited,SME,2025-06-25,2025-06-27,2025-07-02,Rs.65 to RS.68,68.0,sme,,,,,,,,,,,,,,,,,,,,,,,,,False,2670.0,,RTL,,,2025-07-02,SM,,,,,,,,,,,,,,,,,,,,,,,,,,,,,,,,,,,,,,,,,,,,,,,,,,,,7,,-0.0774761519936209,0.15131329850861275,,,,,,,,,,,,,,,,,,,,,,,2025.0
SAMBHV,Sambhv Steel Tubes Limited,EQ,2025-06-25,2025-06-27,2025-07-02,Rs.77 to Rs.82,82.0,mainboard,,,,,,,,,,,,,,,,,,,,,,,,,False,1939.0,,SAMBHV,Metals & Mining,"Metals, Mining & Chemicals",2025-07-02,EQ,,,,,pre_listing,2025-06-30,2025-07-24 17:57:10,3.0,inc,consolidated,2234.516,135.484,non_financial,29.423076923076923,2025-09-30,24.02198581560284,977.632,2025-09-30,2025-11-08 17:55:16,29.423076923076923,xbrl_post_quarter,2025-07-02,,0.30863818014140776,-0.0310205673398104,0.33965874748121816,0.1570857669843222,-0.04655487167313799,0.20364063865746018,-0.0006148170919151319,-0.050717511346230926,0.050102694254315794,0.2158007992622195,0.024065878788906536,0.19173492047331298,-0.17038600723763553,-0.0019303853003028726,-0.16845562193733266,-0.3183051869722556,-0.10067060031818287,-0.21763458665407276,-0.05963510253317239,0.046855715925534724,-0.10649081845870711,,,,,,,,7,,-0.0774761519936209,0.15131329850861275,2412.6923076923076,False,103.0,17.80795007301458,23.076809206291998,89.0,-0.2591831918859822,0.34831460674157305,2.4678941643607284,2.11321130636822,94.0,0.15515648531569343,0.5425531914893617,1.079738210732126,1.2305677884388109,98.0,-0.13075706520621277,0.4489795918367347,-0.13075706520621277,in_line,industry,"JSWSTEEL,COALINDIA,TATASTEEL,HINDZINC,VEDL,HINDALCO,JINDALSTEL,LLOYDSME",2025.0
SUNTECH,Suntech Infra Solutions Limited,SME,2025-06-25,2025-06-27,2025-07-02,Rs.81 to RS. 86,86.0,sme,,,,,,,,,,,,,,,,,,,,,,,,,False,2671.0,,SUNTECH,,,2025-07-02,ST,,,,,,,,,,,,,,,,,,,,,,,,,,,,,,,,,,,,,,,,,,,,,,,,,,,,7,,-0.0774761519936209,0.15131329850861275,,,,,,,,,,,,,,,,,,,,,,,2025.0
IGCL,Indogulf Cropsciences Limited,BE,2025-06-26,2025-06-30,2025-07-03,Rs.105 to Rs.111,111.0,mainboard,,,,,,,,,,,,,,,,,,,,,,,,,False,1001.0,,IGCL,Chemicals,"Metals, Mining & Chemicals",2025-07-03,EQ,,,,,pre_listing,2025-06-30,2025-08-13 17:10:13,3.0,inc,consolidated,757.488,15.468,non_financial,11.95664739884393,2025-09-30,4.833749999999999,440.212,2025-09-30,2025-11-12 21:30:39,11.95664739884393,xbrl_post_quarter,2025-07-03,,0.005256003624830141,-0.050388415394708286,0.05564441901953843,-0.042048028998640685,-0.04182610140189946,-0.00022192759674122264,-0.253375623017671,-0.05150903393109041,-0.20186658908658062,-0.3165382872677843,0.023302108058035564,-0.3398403953258199,-0.028718778440691706,0.0219730739790176,-0.050691852419709305,-0.32611993123672767,-0.03346391102706103,-0.29265602020966663,-0.2760643138841137,0.10318339411950106,-0.37924770800361474,,,,,,,,8,,-0.06269347559354899,0.14520774423807437,1327.1878612716762,False,149.0,85.80216325780167,33.487359442993906,127.0,0.9408761814067332,0.8976377952755905,3.014883422695602,2.676029104331505,143.0,0.11922714539405631,0.5734265734265734,1.752090939092997,1.861960034561149,142.0,-0.06081981786657488,0.47183098591549294,0.11922714539405631,in_line,industry,"ASIANPAINT,GRASIM,PIDILITIND,SRF,COROMANDEL,FACT,BERGEPAINT,PIIND",2025.0
MMEL,Moving Media Entertainment Limited,SME,2025-06-26,2025-06-30,2025-07-03,Rs.66 to RS.70,70.0,sme,,,,,,,,,,,,,,,,,,,,,,,,,False,2669.0,,MMEL,,,2025-07-03,SM,,,,,,,,,,,,,,,,,,,,,,,,,,,,,,,,,,,,,,,,,,,,,,,,,,,,8,,-0.06269347559354899,0.14520774423807437,,,,,,,,,,,,,,,,,,,,,,,2025.0
PROFX,PRO FX Tech Limited,SME,2025-06-26,2025-06-30,2025-07-03,Rs.82 to RS.87,87.0,sme,,,,,,,,,,,,,,,,,,,,,,,,,False,2668.0,,PROFX,,,2025-07-03,SM,,,,,,,,,,,,,,,,,,,,,,,,,,,,,,,,,,,,,,,,,,,,,,,,,,,,8,,-0.06269347559354899,0.14520774423807437,,,,,,,,,,,,,,,,,,,,,,,2025.0
CEDAAR,Cedaar Textile Limited,SME,2025-06-30,2025-07-02,2025-07-07,Rs.130 to RS.140,140.0,sme,,,,,,,,,,,,,,,,,,,,,,,,,False,2667.0,,CEDAAR,,,2025-07-07,ST,,,,,,,,,,,,,,,,,,,,,,,,,,,,,,,,,,,,,,,,,,,,,,,,,,,,8,,-0.05266831873233058,0.16186625132948507,,,,,,,,,,,,,,,,,,,,,,,2025.0
PUSHPA,Pushpa Jewellers Limited,SME,2025-06-30,2025-07-02,2025-07-07,Rs.143 to RS.147,147.0,sme,,,,,,,,,,,,,,,,,,,,,,,,,False,2665.0,,PUSHPA,,,2025-07-07,SM,,,,,,,,,,,,,,,,,,,,,,,,,,,,,,,,,,,,,,,,,,,,,,,,,,,,8,,-0.05266831873233058,0.16186625132948507,,,,,,,,,,,,,,,,,,,,,,,2025.0
SILKY,Silky Overseas Limited,SME,2025-06-30,2025-07-02,2025-07-07,Rs.153 to RS.161,161.0,sme,,,,,,,,,,,,,,,,,,,,,,,,,False,2666.0,,SILKY,,,2025-07-07,SM,,,,,,,,,,,,,,,,,,,,,,,,,,,,,,,,,,,,,,,,,,,,,,,,,,,,8,,-0.05266831873233058,0.16186625132948507,,,,,,,,,,,,,,,,,,,,,,,2025.0
CRIZAC,CRIZAC LIMITED,EQ,2025-07-02,2025-07-04,2025-07-09,Rs.233 to Rs.245,245.0,mainboard,,,,,,,,,,,,,,,,,,,,,,,,,False,523.0,,CRIZAC,Education,Services & Others,2025-07-09,EQ,,,,,pre_listing,2025-06-30,2025-08-04 15:36:33,3.0,inc,consolidated,838.1412,183.25,non_financial,17.523473684210526,2025-12-31,17.485687022900763,599.926,2025-09-30,2025-10-16 17:43:42,17.523473684210526,xbrl_post_quarter,2025-07-09,,-0.02220199590417049,-0.05788010088598594,0.03567810498181545,-0.08526476611513834,-0.043562613700586894,-0.04170215241455144,-0.1380879628124696,-0.08845800213131483,-0.04962996068115477,-0.39625524168644155,0.012430795531549244,-0.4086860372179908,-0.003409644422795899,0.0026863904279665896,-0.006096034850762488,-0.23169345672998864,-0.06538945297196674,-0.1663040037580219,-0.41448287059587596,0.08197320089899818,-0.49645607149487414,,,,,,,,11,,-0.046240834660087105,0.175384554300821,4293.251052631579,False,202.0,23.42838227902635,26.05952522843953,142.0,-0.10643514784847273,0.4507042253521127,7.156301031513185,2.711141167645308,172.0,0.9706235904422003,0.8313953488372093,5.122348182658935,2.2695645194384055,184.0,0.814024991906403,0.75,0.814024991906403,well_above,sector,"BHARTIARTL,HAL,ADANIPORTS,ADANIENT,INDIGO,BSE,INDUSTOWER,INDHOTEL",2025.0
WHITEFORCE,Happy Square Outsourcing Services Limited,SME,2025-07-03,2025-07-07,2025-07-10,RS.72 to RS.76,76.0,sme,,,,,,,,,,,,,,,,,,,,,,,,,False,2663.0,,WHITEFORCE,,,2025-07-10,SM,,,,,,,,,,,,,,,,,,,,,,,,,,,,,,,,,,,,,,,,,,,,,,,,,,,,13,,-0.049940531005764455,0.17141428954485716,,,,,,,,,,,,,,,,,,,,,,,2025.0
SMARTEN,Smarten Power Systems Limited,SME,2025-07-07,2025-07-09,2025-07-14,RS.100,100.0,sme,,,,,,,,,,,,,,,,,,,,,,,,,False,2662.0,,SMARTEN,,Energy,2025-07-14,ST,,,,,,,,,,,,,,,,,,,,,,,,,,,,,,,,,,,,,,,,,,,,,,,,,,,,14,,-0.04623009533832889,0.170124672672475,,,,,,,,,,,,,,,,,,,,,,,2025.0
TRAVELFOOD,Travel Food Services Limited,EQ,2025-07-07,2025-07-09,2025-07-14,Rs.1045 to Rs.1100,1100.0,mainboard,,,,,,,,,,,,,,,,,,,,,,,,,False,2331.0,,TRAVELFOOD,Consumer Services,Consumer & FMCG,2025-07-14,EQ,,,,,pre_listing,2025-06-30,2025-08-12 14:18:56,3.0,inc,consolidated,1500.216,367.096,non_financial,13.162896825396825,2025-12-31,13.16700143472023,1184.556,2025-09-30,2025-11-12 19:51:30,13.162896825396825,xbrl_post_quarter,2025-07-14,,0.07592110160029786,-0.06667827151412375,0.1425993731144216,0.26023446222553037,-0.050270514609473516,0.3105049768350039,0.06233717901004843,-0.08563535136015366,0.14797253037020208,0.1956643096390025,0.0030940020720267025,0.1925703075669758,0.11935877330545397,0.02809677245798925,0.09126200084746472,0.05340651681477615,-0.044640989006390575,0.09804750582116672,0.13887436835685674,0.10082257784898285,0.038051790507873884,,,,,,,,14,,-0.04623009533832889,0.170124672672475,14479.186507936507,False,36.0,39.44250688630905,30.147359692016188,33.0,0.268746742806145,0.5757575757575758,12.223302661872049,3.1982468053647337,35.0,1.340741397812164,0.8571428571428571,9.651401203517699,2.2656158014922405,36.0,1.4492565082254587,0.9166666666666666,1.340741397812164,well_above,industry,"TITAN,IRCTC,KALYANKJIL,BATAINDIA,TBOTEK,RELAXO,PCJEWELLER,CAMPUS",2025.0
ADANIENPP1,Adani Enterprises Limited,EQ,2025-07-09,2025-07-11,2026-02-10,Rs.1000,450.0,mainboard,,,,,,,,,,,,,,,,,,,,,,,,,False,,,,,,,,,,,,,,,,,,,,,,,,,,,,,,,,,,,,,,,,,,,,,,,,,,,,,,,,,,,14,,-0.05038621285872702,0.19649538242955233,,,,,,,,,,,,,,,,,,,,,,,2026.0
SMARTWORKS,Smartworks Coworking Spaces Limited,EQ,2025-07-10,2025-07-14,2025-07-17,Rs.387 to Rs.407,407.0,mainboard,,,,,,,,,,,,,,,,,,,,,,,,,False,2097.0,,SMARTWORKS,Real Estate,Real Estate & Construction,2025-07-17,EQ,,,,,pre_listing,2025-06-30,2025-08-12 20:33:36,3.0,inc,consolidated,1516.844,-16.788,non_financial,11.272727272727273,2025-12-31,10.23658536585366,509.331,2025-09-30,2025-11-06 23:17:51,11.272727272727273,xbrl_post_quarter,2025-07-17,,0.03010897651949218,-0.06397409093681883,0.09408306745631101,0.21390854960116834,-0.05300211287522949,0.26691066247639783,0.0017975508369847404,-0.13515192182916203,0.13694947266614677,0.08976519492191892,-0.011523765687128096,0.10128896060904702,0.25658397989290793,0.02809677245798925,0.22848720743491868,-0.033876079117036384,-0.044640989006390575,0.01076490988935419,0.1435908643864059,0.10082257784898285,0.04276828653742304,,,,,,,,15,,-0.045142739010317845,0.253150061309918,4588.0,True,8.0,,28.574504609683203,7.0,,,9.007894669674533,3.41619754552187,8.0,0.969573274613643,0.875,3.024701287673617,4.929257974758698,8.0,-0.4883761257767451,0.25,0.24059857441844892,above,industry,"ABREL,AWFIS,AJMERA,ARKADE,AGIIL,ELDEHSG,FMNL,ASHOKAMET",2025.0
ANTHEM,Anthem Biosciences Limited,EQ,2025-07-14,2025-07-16,2025-07-21,Rs.540 to Rs.570,570.0,mainboard,,,,,,,,,,,,,,,,,,,,,,,,,False,160.0,,ANTHEM,Pharmaceuticals,Healthcare & Pharmaceuticals,2025-07-21,EQ,,,,,pre_listing,2025-06-30,2025-08-13 21:37:01,3.0,inc,consolidated,2160.836,543.16,non_financial,56.25212121212122,2025-12-31,55.880658436213984,2752.545,2025-09-30,2025-11-09 12:42:19,56.25212121212122,xbrl_post_quarter,2025-07-21,,0.1513657835284452,-0.04615376015919337,0.19751954368763858,0.016156637228725845,-0.033733552447708814,0.04989018967643466,-0.16971315122886288,-0.1269633654179384,-0.04274978581092448,0.08167317039775446,0.004910509664509011,0.07676266073324545,-0.20049699981817093,0.0219730739790176,-0.22247007379718853,-0.1597066488878114,-0.03346391102706103,-0.12624273786075035,0.07079216922237719,0.10318339411950106,-0.03239122489712387,,,,,,,,15,,-0.052499174414639915,0.2300166600444733,32063.709090909095,False,67.0,59.031793745690216,33.77012283091068,53.0,0.558499704139394,0.7735849056603774,11.648750189700475,4.294558664314513,64.0,0.9978500999355737,0.890625,14.838566689424416,4.068291460272404,63.0,1.2940065261163507,0.9047619047619048,0.9978500999355737,well_above,industry,"DIVISLAB,CIPLA,DRREDDY,LUPIN,ALKEM,BIOCON,LAURUSLABS,COHANCE",2025.0
SPUNWEB,Spunweb Nonwoven Limited,SME,2025-07-14,2025-07-16,2025-07-21,RS.90 to RS.96,96.0,sme,,,,,,,,,,,,,,,,,,,,,,,,,False,2661.0,,SPUNWEB,,,2025-07-21,SM,,,,,,,,,,,,,,,,,,,,,,,,,,,,,,,,,,,,,,,,,,,,,,,,,,,,15,,-0.052499174414639915,0.2300166600444733,,,,,,,,,,,,,,,,,,,,,,,2025.0
SAVY,Savy Infra and Logistics Limited,SME,2025-07-21,2025-07-23,2025-07-28,RS.114 to RS.120,120.0,sme,,,,,,,,,,,,,,,,,,,,,,,,,False,2660.0,,SAVY,,,2025-07-28,SM,,,,,,,,,,,,,,,,,,,,,,,,,,,,,,,,,,,,,,,,,,,,,,,,,,,,17,,-0.03833400901566064,0.13696169021416527,,,,,,,,,,,,,,,,,,,,,,,2025.0
EBGNG,GNG Electronics Limited,EQ,2025-07-23,2025-07-25,2025-07-30,Rs.225 to Rs.237,237.0,mainboard,,,,,,,,,,,,,,,,,,,,,,,,,False,644.0,,EBGNG,Hardware,Technology,2025-07-30,EQ,,,,,pre_listing,2025-06-30,2025-08-19 16:51:41,3.0,inc,consolidated,1249.116,74.08,non_financial,11.582934131736527,2025-12-31,9.123152709359607,668.451,2025-09-30,2025-11-04 17:25:27,11.582934131736527,xbrl_post_quarter,2025-07-30,,0.05956987312156947,-0.032524037558414154,0.09209391067998363,0.004679204535229076,0.0007427294875168577,0.003936475047712218,-0.232430486817241,-0.10368734845572958,-0.1287431383615114,0.5766819640661087,0.06100785790457808,0.5156741061615306,-0.04867709399210651,-0.019968355357613765,-0.028708738634492748,0.054962724747843916,-0.06479533534530757,0.11975806009315149,0.6963894167519369,0.0801810776758769,0.61620833907606,,,,,,,,18,,-0.04262973771891443,0.11970269795016075,2745.155389221557,False,21.0,37.05663322383312,70.86581408316155,17.0,-0.6483407762570977,0.35294117647058826,4.106741390500661,6.368548672064614,20.0,-0.4387417406340981,0.45,2.1976785096192484,3.0249824320116367,20.0,-0.31950370354220997,0.25,-0.4387417406340981,below,industry,"KAYNES,REDINGTON,DATAPATTNS,SYRMA,TEJASNET,OLECTRA,APOLLO,DCXINDIA",2025.0
INDIQUBE,Indiqube Spaces Limited,EQ,2025-07-23,2025-07-25,2025-07-30,Rs.225 to Rs.237,237.0,mainboard,,,,,,,,,,,,,,,,,,,,,,,,,False,1030.0,,INDIQUBE,Real Estate,Real Estate & Construction,2025-07-30,EQ,,,,,pre_listing,2025-06-30,2025-08-12 22:10:43,3.0,inc,standalone,1237.172,-147.02,non_financial,21.07037037037037,2025-12-31,18.286069651741297,550.339,2025-09-30,2025-11-08 21:18:33,21.07037037037037,xbrl_post_quarter,2025-07-30,,0.017341836032481517,-0.032524037558414154,0.04986587359089567,-0.021424966738541995,0.0007427294875168577,-0.022167696226058853,-0.21952562279212728,-0.10368734845572958,-0.1158382743363977,-0.16227003716107724,0.06100785790457808,-0.22327789506565532,-0.001549822226274089,0.02809677245798925,-0.02964659468426334,-0.21223447898623393,-0.044640989006390575,-0.16759348997984336,-0.1380253441517002,0.10082257784898285,-0.23884792200068306,,,,,,,,18,,-0.04262973771891443,0.11970269795016075,4993.677777777778,True,9.0,,32.15408841158917,8.0,,,9.07382136788012,3.046670152945711,9.0,1.0913442538083753,0.8888888888888888,4.036365014547514,4.9810802837965875,9.0,-0.2103022538872976,0.4444444444444444,0.44052099996053884,above,industry,"ABREL,KALPATARU,AWFIS,AJMERA,ARKADE,AGIIL,ELDEHSG,FMNL",2025.0
TSC,TSC India Limited,SME,2025-07-23,2025-07-25,2025-07-30,RS.68 to RS.70,70.0,sme,,,,,,,,,,,,,,,,,,,,,,,,,False,2659.0,,TSC,,,2025-07-30,ST,,,,,,,,,,,,,,,,,,,,,,,,,,,,,,,,,,,,,,,,,,,,,,,,,,,,18,,-0.04262973771891443,0.11970269795016075,,,,,,,,,,,,,,,,,,,,,,,2025.0
BRIGHOTEL,Brigade Hotel Ventures Limited,EQ,2025-07-24,2025-07-28,2025-07-31,Rs.85 to Rs.90,90.0,mainboard,,,,,,,,,,,,,,,,,,,,,,,,,False,399.0,,BRIGHOTEL,Hotels & Hospitality,Services & Others,2025-07-31,EQ,,,,,pre_listing,2025-06-30,2025-08-11 19:59:45,3.0,inc,consolidated,496.64,24.84,non_financial,38.11320754716981,2025-12-31,28.227272727272727,917.8,2025-09-30,2025-10-24 22:04:07,38.11320754716981,xbrl_post_quarter,2025-07-31,,0.008907641819034362,-0.017871881242982446,0.026779523062016808,-0.024730426629160807,0.01695028945564836,-0.041680716084809166,-0.2766057196436943,-0.06893273254881371,-0.20767298709488058,-0.2978199718706047,0.07007014013444746,-0.3678901120050522,-0.06296515062020092,0.02769053979255398,-0.0906556904127549,-0.27454223272297706,-0.03807787644694738,-0.23646435627602969,-0.2922622563496752,0.10332587298149343,-0.3955881293311686,,,,,,,,18,,-0.04135981292101498,0.12174800898509308,3430.188679245283,False,28.0,138.09133169264425,32.56621713304046,24.0,1.4446398233117914,0.9583333333333334,3.7374032242811976,4.270140595276255,26.0,-0.13325570778001883,0.4230769230769231,6.906790993970045,4.923333038751439,25.0,0.3385193815772485,0.72,0.3385193815772485,above,industry,"INDHOTEL,ITCHOTELS,EIHOTEL,CHALET,THELEELA,LEMONTREE,MHRIL,JUNIPER",2025.0
SELLOWRAP,Sellowrap Industries Limited,SME,2025-07-25,2025-07-29,2025-08-01,RS.79 to RS.83,83.0,sme,,,,,,,,,,,,,,,,,,,,,,,,,False,2658.0,,SELLOWRAP,,,2025-08-01,SM,,,,,,,,,,,,,,,,,,,,,,,,,,,,,,,,,,,,,,,,,,,,,,,,,,,,18,,-0.04770675208007247,0.1423942695735354,,,,,,,,,,,,,,,,,,,,,,,2025.0
SHANTIGOLD,Shanti Gold International Limited,EQ,2025-07-25,2025-07-29,2025-08-01,Rs.189 to Rs.199,199.0,mainboard,,,,,,,,,,,,,,,,,,,,,,,,,False,2019.0,,SHANTIGOLD,Consumer Services,Consumer & FMCG,2025-08-01,EQ,,,,,pre_listing,2025-06-30,2025-08-20 18:58:08,3.0,inc,standalone,1171.1,98.572,non_financial,6.410543130990416,2025-12-31,5.404166666666668,541.945,2025-09-30,2025-11-04 18:55:02,6.410543130990416,xbrl_post_quarter,2025-08-01,,0.029863109251024422,0.006867003691459095,0.022996105559565327,0.05314325573284506,0.0270973863282582,0.026045869404586863,-0.1033219984305519,-0.046201058514817706,-0.05712093991573419,-0.007018920568488851,0.09005381524913636,-0.09707273581762521,-0.16165368484122233,-0.02704403988827553,-0.1346096449529468,-0.12810065907729173,-0.0614690502819466,-0.06663160879534513,-0.03219492710205718,0.08305860859483416,-0.11525353569689134,,,,,,,,18,,-0.04770675208007247,0.1423942695735354,1275.698083067093,False,36.0,12.941789585958416,32.94447209388238,32.0,-0.9343619021052116,0.0625,2.3539253670890825,3.6346680949813104,35.0,-0.43443349508049384,0.34285714285714286,1.089316098597125,2.1771527287224846,35.0,-0.6924678685398058,0.2857142857142857,-0.6924678685398058,below,industry,"TITAN,KALYANKJIL,IRCTC,BATAINDIA,TBOTEK,RELAXO,PCJEWELLER,CAMPUS",2025.0
CPPLUS,Aditya Infotech Limited,EQ,2025-07-29,2025-07-31,2025-08-05,Rs.640 to Rs.675,675.0,mainboard,,,,,,,,,,,,,,,,,,,,,,,,,False,515.0,,CPPLUS,,Technology,2025-08-05,EQ,,,,,pre_listing,2025-06-30,2025-08-19 20:45:54,3.0,inc,consolidated,2960.148,130.584,non_financial,11.733374083129585,2025-12-31,10.91839464882943,1586.481,2025-09-30,2025-11-13 16:51:57,11.733374083129585,xbrl_post_quarter,2025-08-05,,0.26375098138826014,-0.004135627369369899,0.26788660875763004,0.4177250265552117,0.0026863904279665896,0.4150386361272451,0.3750519558490739,-0.06538945297196674,0.44044140882104066,2.421419664711587,0.08197320089899818,2.339446463812589,0.3627783452502553,-0.019968355357613765,0.3827467006078691,0.22565883554647614,-0.06479533534530757,0.2904541708917837,1.9660469867211439,0.0801810776758769,1.885865909045267,,,,,,,,18,,-0.0783943640039414,0.09741235445692698,7920.027506112469,False,184.0,60.650826334868505,29.57057100217497,149.0,0.7183536160816059,0.7583892617449665,4.992198145526149,3.8384619159795843,175.0,0.2628045792454807,0.6,2.6755511907217033,3.1795299223260365,170.0,-0.1725779509689595,0.4294117647058823,0.2628045792454807,above,sector,"TCS,INFY,HCLTECH,WIPRO,HYUNDAI,LTM,TECHM,NAUKRI",2025.0
KAYTEX,Kaytex Fabrics Limited,SME,2025-07-29,2025-07-31,2025-08-05,RS.171 to RS.180,180.0,sme,,,,,,,,,,,,,,,,,,,,,,,,,False,2657.0,,KAYTEX,,,2025-08-05,SM,,,,,,,,,,,,,,,,,,,,,,,,,,,,,,,,,,,,,,,,,,,,,,,,,,,,18,,-0.0783943640039414,0.09741235445692698,,,,,,,,,,,,,,,,,,,,,,,2025.0
LAXMIINDIA,Laxmi India Finance Limited,EQ,2025-07-29,2025-07-31,2025-08-05,Rs.150 to Rs.158,158.0,mainboard,,,,,,,,,,,,,,,,,,,,,,,,,False,1293.0,,LAXMIINDIA,,Financial Services,2025-08-05,EQ,,,,,,,,,,,,,,,,,,,,,,2025-08-05,,0.24196555066736258,-0.004135627369369899,0.24610117803673248,0.06740735217358873,0.0026863904279665896,0.06472096174562214,-0.3216762359257327,-0.06538945297196674,-0.25628678295376595,-0.03780478711505497,0.08197320089899818,-0.11977798801405315,,,,,,,,,,,,,,,,,18,,-0.0783943640039414,0.09741235445692698,,,,,,,,,,,,,,,,,,,,,,,2025.0
LOTUSDEV,Sri Lotus Developers and Realty Limited,EQ,2025-07-30,2025-08-01,2025-08-06,Rs.140 to Rs.150,150.0,mainboard,,,,,,,,,,,,,,,,,,,,,,,,,False,1323.0,,LOTUSDEV,Real Estate,Real Estate & Construction,2025-08-06,BE,,,,,pre_listing,2025-06-30,2025-08-26 20:15:20,3.0,inc,consolidated,245.272,102.42,non_financial,48.77552447552448,2025-12-31,43.398305084745765,1747.552,2025-09-30,2025-11-10 19:51:38,48.77552447552448,xbrl_post_quarter,2025-08-06,,-0.06510962334542847,0.009841921038038048,-0.07495154438346652,-0.10226401594521384,0.014859780204053763,-0.1171237961492676,-0.2349874789185874,-0.029892487224286057,-0.20509499169430134,-0.11866918791843406,0.08996368536860255,-0.2086328732870366,-0.06737765927900907,0.01044406131772102,-0.07782172059673009,-0.21535299672276853,-0.04097912697430217,-0.17437386974846636,0.025606843303893623,0.11384902458687218,-0.08824218128297856,,,,,,,,18,,-0.07002574752391522,0.12758269339071382,7316.328671328672,False,9.0,71.43457011646818,30.80907773424622,8.0,0.8409725492851088,0.875,4.186615718060849,2.9828442774004467,9.0,0.33901540222712606,0.6666666666666666,29.82944922913611,4.483184404821502,9.0,1.8951625361274473,1.0,0.8409725492851088,well_above,industry,"ABREL,KALPATARU,AWFIS,AJMERA,ARKADE,AGIIL,ELDEHSG,FMNL",2025.0
MBEL,M&B Engineering Limited,EQ,2025-07-30,2025-08-01,2025-08-06,Rs.366 to Rs.385,385.0,mainboard,,,,,,,,,,,,,,,,,,,,,,,,,False,1407.0,,MBEL,Construction,Industrials & Infrastructure,2025-08-06,EQ,,,,,pre_listing,2025-06-30,2025-08-25 18:21:37,3.0,inc,consolidated,950.6092,71.7912,non_financial,5.67195067264574,2025-12-31,4.9993871866295265,594.8689,2025-09-30,2025-11-11 18:08:00,5.67195067264574,xbrl_post_quarter,2025-08-06,,0.06203352502141213,0.009841921038038048,0.05219160398337408,0.25841184387617777,0.014859780204053763,0.243552063672124,-0.1404624984705738,-0.029892487224286057,-0.11057001124628774,-0.3383090664382724,0.08996368536860255,-0.42827275180687496,-0.14096385542168677,0.0015587719743548334,-0.1425226273960416,-0.3462212486308872,-0.04159711418154022,-0.304624134449347,-0.4170865279299014,0.09032217606956539,-0.5074087039994668,,,,,,,,18,,-0.07002574752391522,0.12758269339071382,2183.70100896861,False,63.0,30.4173911143512,38.00357580919932,45.0,-0.22266573457234132,0.4,3.6708945600763627,3.152745712338393,58.0,0.1521616538262564,0.5862068965517241,2.2971595572277335,4.867827587308688,61.0,-0.7509743723296404,0.22950819672131148,-0.22266573457234132,below,industry,"DLF,LODHA,PRESTIGE,GODREJPROP,OBEROIRLTY,PHOENIXLTD,NBCC,ANANTRAJ",2025.0
NSDL,National Securities Depository Limited,EQ,2025-07-30,2025-08-01,,Rs.760 to Rs.800,,mainboard,,,,,,,,,,,,,,,,,,,,,,,,,False,,,,,,,,,,,,,,,,,,,,,,,,,,,,,,,,,,,,,,,,,,,,,,,,,,,,,,,,,,,18,,-0.07002574752391522,0.12758269339071382,,,,,,,,,,,,,,,,,,,,,,,
CUDML,Cash Ur Drive Marketing Limited,SME,2025-07-31,2025-08-04,2025-08-07,RS.123 to RS.130,130.0,sme,,,,,,,,,,,,,,,,,,,,,,,,,False,2656.0,,CUDML,,,2025-08-07,ST,,,,,,,,,,,,,,,,,,,,,,,,,,,,,,,,,,,,,,,,,,,,,,,,,,,,20,,-0.07099228648214728,0.12678491762920596,,,,,,,,,,,,,,,,,,,,,,,2025.0
RNPL,Renol Polychem Limited,SME,2025-07-31,2025-08-04,2025-08-07,RS.100 to RS.105,105.0,sme,,,,,,,,,,,,,,,,,,,,,,,,,False,2655.0,,RNPL,,,2025-08-07,SM,,,,,,,,,,,,,,,,,,,,,,,,,,,,,,,,,,,,,,,,,,,,,,,,,,,,20,,-0.07099228648214728,0.12678491762920596,,,,,,,,,,,,,,,,,,,,,,,2025.0
FLYSBS,FlySBS Aviation Limited,SME,2025-08-01,2025-08-05,2025-08-08,RS.210 to RS.225,225.0,sme,,,,,,,,,,,,,,,,,,,,,,,,,False,2654.0,,FLYSBS,,,2025-08-08,SM,,,,,,,,,,,,,,,,,,,,,,,,,,,,,,,,,,,,,,,,,,,,,,,,,,,,21,,-0.07941191474052467,0.10406483645988307,,,,,,,,,,,,,,,,,,,,,,,2025.0
AARADHYA,Aaradhya Disposal Industries Limited,SME,2025-08-04,2025-08-06,2025-08-11,RS.110 to RS.116,116.0,sme,,,,,,,,,,,,,,,,,,,,,,,,,False,2653.0,,AARADHYA,,,2025-08-11,SM,,,,,,,,,,,,,,,,,,,,,,,,,,,,,,,,,,,,,,,,,,,,,,,,,,,,22,,-0.09450066181070338,0.11077993208817327,,,,,,,,,,,,,,,,,,,,,,,2025.0
BHADORA,Bhadora Industries Limited,SME,2025-08-04,2025-08-06,2025-08-11,RS.97 to RS.103,103.0,sme,,,,,,,,,,,,,,,,,,,,,,,,,False,2651.0,,BHADORA,,,2025-08-11,ST,,,,,,,,,,,,,,,,,,,,,,,,,,,,,,,,,,,,,,,,,,,,,,,,,,,,22,,-0.09450066181070338,0.11077993208817327,,,,,,,,,,,,,,,,,,,,,,,2025.0
JYOTIGLOBL,Jyoti Global Plast Limited,SME,2025-08-04,2025-08-06,2025-08-11,RS.62 to RS.66,66.0,sme,,,,,,,,,,,,,,,,,,,,,,,,,False,2652.0,,JYOTIGLOBL,,,2025-08-11,SM,,,,,,,,,,,,,,,,,,,,,,,,,,,,,,,,,,,,,,,,,,,,,,,,,,,,22,,-0.09450066181070338,0.11077993208817327,,,,,,,,,,,,,,,,,,,,,,,2025.0
PARTH,Parth Electricals & Engineering Limited,SME,2025-08-04,2025-08-06,2025-08-11,RS.160 to RS.170,170.0,sme,,,,,,,,,,,,,,,,,,,,,,,,,False,2650.0,,PARTH,,,2025-08-11,SM,,,,,,,,,,,,,,,,,,,,,,,,,,,,,,,,,,,,,,,,,,,,,,,,,,,,22,,-0.09450066181070338,0.11077993208817327,,,,,,,,,,,,,,,,,,,,,,,2025.0
HILINFRA,Highway Infrastructure Limited,BE,2025-08-05,2025-08-07,2025-08-12,Rs.65 to Rs.70,70.0,mainboard,,,,,,,,,,,,,,,,,,,,,,,,,False,942.0,,HILINFRA,Construction,Industrials & Infrastructure,2025-08-12,EQ,,,,,pre_listing,2025-06-30,2025-09-01 22:26:32,3.0,inc,consolidated,447.8044,28.778,non_financial,6.513541666666667,2025-12-31,5.755599999999999,210.566,2025-09-30,2025-11-06 22:06:11,6.513541666666667,xbrl_post_quarter,2025-08-12,,-0.2795859213250518,0.03150494549130012,-0.3110908668163519,-0.4270807453416149,0.02769053979255398,-0.45477128513416887,-0.5410351966873705,-0.03807787644694738,-0.5029573202404232,-0.6216149068322981,0.10332587298149343,-0.7249407798137916,-0.3112217865847198,-0.012780729131094404,-0.29844105745362537,-0.44675214580904954,-0.08148902621177878,-0.36526311959727076,-0.5369291088269577,0.10033050537924981,-0.6372596142062075,,,,,,,,21,,-0.08561924271672627,0.10844122452433491,455.9479166666667,False,63.0,15.843627655384902,38.08814959404792,45.0,-0.8771358206609555,0.13333333333333333,2.1653444367403414,3.10261414354627,58.0,-0.35966558626555223,0.3448275862068966,1.0181854324492272,4.922043646355881,61.0,-1.5757017643120765,0.06557377049180328,-0.8771358206609555,below,industry,"DLF,LODHA,PRESTIGE,GODREJPROP,OBEROIRLTY,PHOENIXLTD,NBCC,ANANTRAJ",2025.0
ALLTIME,All Time Plastics Limited,EQ,2025-08-07,2025-08-11,2025-08-14,Rs.260 to Rs.275,275.0,mainboard,,,,,,,,,,,,,,,,,,,,,,,,,False,126.0,,ALLTIME,Manufacturing,Industrials & Infrastructure,2025-08-14,EQ,,,,,pre_listing,2025-06-30,2025-09-02 16:55:00,3.0,inc,consolidated,631.9068,51.2356,non_financial,5.955649350649351,2025-12-31,5.249549180327869,594.4764,2025-09-30,2025-11-10 20:58:03,5.955649350649351,xbrl_post_quarter,2025-08-14,,0.04782915637133778,0.04355291398382044,0.004276242387517337,0.007942110836568927,0.0219730739790176,-0.014030963142448671,-0.11270737733851044,-0.03346391102706103,-0.0792434663114494,-0.28948111542534416,0.10318339411950106,-0.3926645095448452,-0.07217175887696126,-0.02333169405826574,-0.04884006481869552,-0.27478117258464074,-0.09169240917483601,-0.18308876340980473,-0.29466556564822466,0.08557015851888061,-0.38023572416710527,,,,,,,,25,,-0.09950250091955459,0.11204241252747749,1637.8035714285713,False,236.0,31.966124558482214,22.634586613347498,183.0,0.34519761697156487,0.6612021857923497,2.7550354756363267,1.7076054673445076,214.0,0.47833824167321765,0.6915887850467289,2.591843562102151,1.0886021802133006,218.0,0.8674749527573797,0.7981651376146789,0.47833824167321765,above,industry,"SUPREMEIND,PAGEIND,ASTRAL,KPRMILL,3MINDIA,MANYAVAR,CENTURYPLY,LMW",2025.0
CONNPLEX,Connplex Cinemas Limited,SME,2025-08-07,2025-08-11,2025-08-14,RS.168 to RS.177,177.0,sme,,,,,,,,,,,,,,,,,,,,,,,,,False,2649.0,,CONNPLEX,,,2025-08-14,SM,,,,,,,,,,,,,,,,,,,,,,,,,,,,,,,,,,,,,,,,,,,,,,,,,,,,25,,-0.09950250091955459,0.11204241252747749,,,,,,,,,,,,,,,,,,,,,,,2025.0
JSWCEMENT,JSW Cement Limited,EQ,2025-08-07,2025-08-11,2025-08-14,Rs.139 to Rs.147,147.0,mainboard,,,,,,,,,,,,,,,,,,,,,,,,,False,1145.0,,JSWCEMENT,Cement,"Metals, Mining & Chemicals",2025-08-14,EQ,,,,,pre_listing,2025-06-30,2025-09-02 20:27:38,3.0,inc,consolidated,6239.28,-5424.68,non_financial,134.04716981132074,2025-12-31,98.63054545454546,6052.76,2025-09-30,2025-11-07 21:51:00,134.04716981132074,xbrl_post_quarter,2025-08-14,,0.018073526391456207,0.04355291398382044,-0.025479387592364233,-0.13548298760868072,0.0219730739790176,-0.15745606158769831,-0.16320942014102824,-0.03346391102706103,-0.1297455091139672,-0.13199151091942207,0.10318339411950106,-0.23517490503892313,-0.2996167619526292,-0.02333169405826574,-0.27628506789436347,-0.23195325752340257,-0.09169240917483601,-0.14026084834856656,-0.24169127348118358,0.08557015851888061,-0.3272614320000642,,,,,,,,25,,-0.09950250091955459,0.11204241252747749,19704.93396226415,True,257.0,,28.233013996889575,211.0,,,3.25552871124316,2.5456616455324212,240.0,0.24596409814747178,0.6291666666666667,3.15820638956164,1.6326975393148853,235.0,0.6597706891914294,0.7617021276595745,0.4528673936694506,above,sector,"JSWSTEEL,ASIANPAINT,COALINDIA,TATASTEEL,GRASIM,HINDZINC,VEDL,PIDILITIND",2025.0
SAWALIYA,Sawaliya Food Products Limited,SME,2025-08-07,2025-08-11,2025-08-14,RS.114 to RS.120,120.0,sme,,,,,,,,,,,,,,,,,,,,,,,,,False,2648.0,,SAWALIYA,,,2025-08-14,SM,,,,,,,,,,,,,,,,,,,,,,,,,,,,,,,,,,,,,,,,,,,,,,,,,,,,25,,-0.09950250091955459,0.11204241252747749,,,,,,,,,,,,,,,,,,,,,,,2025.0
AMCL,ANB Metal Cast Limited,SME,2025-08-08,2025-08-12,2025-08-18,RS.148 to RS.156,156.0,sme,,,,,,,,,,,,,,,,,,,,,,,,,False,2646.0,,AMCL,,,2025-08-18,SM,,,,,,,,,,,,,,,,,,,,,,,,,,,,,,,,,,,,,,,,,,,,,,,,,,,,25,,-0.10040997360811676,0.06815776386427097,,,,,,,,,,,,,,,,,,,,,,,2025.0
MEDISTEP,Medistep Healthcare Limited,SME,2025-08-08,2025-08-12,2025-08-18,RS.43,43.0,sme,,,,,,,,,,,,,,,,,,,,,,,,,False,2647.0,,MEDISTEP,,Healthcare & Pharmaceuticals,2025-08-18,SM,,,,,,,,,,,,,,,,,,,,,,,,,,,,,,,,,,,,,,,,,,,,,,,,,,,,25,,-0.10040997360811676,0.06815776386427097,,,,,,,,,,,,,,,,,,,,,,,2025.0
BLUESTONE,BlueStone Jewellery and Lifestyle Limited,EQ,2025-08-11,2025-08-13,2025-08-19,Rs.492 to Rs.517,517.0,mainboard,,,,,,,,,,,,,,,,,,,,,,,,,False,379.0,,BLUESTONE,Consumer Services,Consumer & FMCG,2025-08-19,EQ,,,,,pre_listing,2025-06-30,2025-09-04 16:34:48,3.0,inc,consolidated,1970.712,-138.08,non_financial,15.182285714285717,2025-12-31,3.501014198782962,1668.749,2025-09-30,2025-11-04 23:02:27,15.182285714285717,xbrl_post_quarter,2025-08-19,,0.10375457875457861,0.02794233952412184,0.07581223923045677,0.04304029304029311,-0.004233687806685094,0.0472739808469782,-0.21996336996336996,-0.05988610203775635,-0.1600772679256136,0.4614468864468866,0.08522060747539895,0.37622627897148764,-0.11741828713280933,-0.046393658399514925,-0.0710246287332944,-0.16822507240380635,-0.08982060724374052,-0.07840446516006583,0.47347952006619787,0.08492834642175784,0.38855117364444003,,,,,,,,25,,-0.11175606704558572,0.045932932670268656,7849.241714285716,True,36.0,,31.995451808573186,32.0,,,4.703668265440588,3.528357679916523,35.0,0.2875101701050412,0.6285714285714286,3.9829471349876164,1.9989652109709484,34.0,0.6893923792988242,0.6470588235294118,0.4884512747019327,above,industry,"TITAN,IRCTC,KALYANKJIL,BATAINDIA,TBOTEK,RELAXO,IXIGO,PCJEWELLER",2025.0
MRIL,Mahendra Realtors & Infrastructure Limited,SME,2025-08-12,2025-08-14,2025-08-20,RS.75 to RS.85,85.0,sme,,,,,,,,,,,,,,,,,,,,,,,,,False,2645.0,,MRIL,,,2025-08-20,ST,,,,,,,,,,,,,,,,,,,,,,,,,,,,,,,,,,,,,,,,,,,,,,,,,,,,25,,-0.10772345172540632,0.036082377808121846,,,,,,,,,,,,,,,,,,,,,,,2025.0
REGAAL,Regaal Resources Limited,EQ,2025-08-12,2025-08-14,2025-08-20,Rs.96 to Rs.102,102.0,mainboard,,,,,,,,,,,,,,,,,,,,,,,,,False,1839.0,,REGAAL,Metals & Mining,"Metals, Mining & Chemicals",2025-08-20,EQ,,,,,pre_listing,2025-06-30,2025-09-09 15:19:44,3.0,inc,standalone,986.276,36.268,non_financial,10.42992125984252,2025-12-31,8.242727272727272,458.087,2025-09-30,2025-11-12 23:19:53,10.42992125984252,xbrl_post_quarter,2025-08-20,,-0.20732634138926898,0.0258665650912715,-0.23319290648054047,-0.3529411764705883,-0.019968355357613765,-0.33297282111297455,-0.5457516339869282,-0.06479533534530757,-0.4809562986416206,-0.29290165678674573,0.0801810776758769,-0.37308273446262263,-0.3315543071161049,-0.04861267533531277,-0.2829416317807921,-0.14981273408239704,-0.1307463909081601,-0.019066343174236944,-0.250187265917603,0.05365004607351276,-0.30383731199111574,,,,,,,,25,,-0.10772345172540632,0.036082377808121846,1063.8519685039369,False,104.0,29.33307512142762,23.490388685186126,84.0,0.2221243777224637,0.6547619047619048,2.322379741193129,2.378116809033664,95.0,-0.02371650729610378,0.49473684210526314,1.0786554357035323,1.3936914208166962,93.0,-0.25624062685590543,0.45161290322580644,-0.02371650729610378,in_line,industry,"JSWSTEEL,COALINDIA,TATASTEEL,HINDZINC,VEDL,HINDALCO,JINDALSTEL,LLOYDSME",2025.0
STUDIOLSD,Studio LSD Limited,SME,2025-08-18,2025-08-20,2025-08-25,RS.51 to RS.54,54.0,sme,,,,,,,,,,,,,,,,,,,,,,,,,False,2644.0,,STUDIOLSD,,,2025-08-25,SM,,,,,,,,,,,,,,,,,,,,,,,,,,,,,,,,,,,,,,,,,,,,,,,,,,,,28,,-0.1055890115259771,0.008473190932868357,,,,,,,,,,,,,,,,,,,,,,,2025.0
GEMAROMA,Gem Aromatics Limited,EQ,2025-08-19,2025-08-21,2025-08-26,Rs.309 to Rs.325,325.0,mainboard,,,,,,,,,,,,,,,,,,,,,,,,,False,785.0,,GEMAROMA,Chemicals,"Metals, Mining & Chemicals",2025-08-26,EQ,,,,,pre_listing,2025-06-30,2025-09-12 19:40:57,3.0,inc,consolidated,350.532,31.936,non_financial,4.801923076923076,2025-12-31,4.696470588235294,455.216,2025-09-30,2025-11-13 21:34:56,4.801923076923076,xbrl_post_quarter,2025-08-26,,-0.203886538160163,0.018194631493763325,-0.22208116965392632,-0.46660398056730923,0.0015587719743548334,-0.46816275254166406,-0.377997179125529,-0.04159711418154022,-0.3364000649439888,-0.4854411534242282,0.09032217606956539,-0.5757633294937936,-0.4604078633106742,-0.053667936885115286,-0.4067399264255589,-0.37843101230938814,-0.12174971383861954,-0.2566812984707686,-0.4351644313797538,0.058324760566237144,-0.49348919194599095,,,,,,,,28,,-0.09367104920488745,0.031160175090798603,1560.6249999999998,False,152.0,48.86726578156312,30.023292246392565,116.0,0.48713427227868183,0.7844827586206896,3.428317545956205,2.483636705372401,144.0,0.3223457299555094,0.6041666666666666,4.452161286273435,1.7074228992977096,132.0,0.9584045032828054,0.7878787878787878,0.48713427227868183,above,industry,"ASIANPAINT,GRASIM,PIDILITIND,SRF,COROMANDEL,BERGEPAINT,FACT,PIIND",2025.0
PATELRMART,Patel Retail Limited,BE,2025-08-19,2025-08-21,2025-08-26,Rs.237 to Rs.255,255.0,mainboard,,,,,,,,,,,,,,,,,,,,,,,,,False,1677.0,,PATELRMART,Retail,Consumer & FMCG,2025-08-26,EQ,,,,,pre_listing,2025-06-30,2025-09-15 21:24:13,3.0,inc,standalone,729.8168,27.6968,non_financial,3.343732590529248,2025-12-31,2.4907194244604316,368.6904,2025-09-30,2025-11-13 22:53:00,3.343732590529248,xbrl_post_quarter,2025-08-26,,-0.19238790406673623,0.018194631493763325,-0.21058253556049955,-0.09454292665971498,0.0015587719743548334,-0.09610169863406981,-0.3744873131734445,-0.04159711418154022,-0.3328901989919043,-0.24775808133472366,0.09032217606956539,-0.33808025740428904,-0.16632860040567954,-0.06739653208454621,-0.09893206832113333,-0.3249898580121704,-0.15124380112989155,-0.17374605688227884,-0.146734279918864,0.05920999643313274,-0.20594427635199675,,,,,,,,28,,-0.09367104920488745,0.031160175090798603,852.6518105849582,False,37.0,30.785210225909065,63.90628896551408,24.0,-0.7303833882241855,0.2916666666666667,2.312649883438674,5.7526526517671375,31.0,-0.9112670764070155,0.2903225806451613,1.168309376524298,1.8172611380091503,31.0,-0.4417727719165066,0.3225806451612903,-0.7303833882241855,below,industry,"DMART,ETERNAL,SWIGGY,POLICYBZR,VMM,NYKAA,METROBRAND,FIRSTCRY",2025.0
SHREEJISPG,Shreeji Shipping Global Limited,EQ,2025-08-19,2025-08-21,2025-08-26,Rs.240 to Rs.252,252.0,mainboard,,,,,,,,,,,,,,,,,,,,,,,,,False,2046.0,,SHREEJISPG,Logistics,Services & Others,2025-08-26,EQ,,,,,pre_listing,2025-06-30,2025-09-13 20:23:28,3.0,inc,consolidated,644.776,148.824,non_financial,16.314572864321608,2025-12-31,14.648031496062993,713.67,2025-09-30,2025-10-27 21:55:38,16.314572864321608,xbrl_post_quarter,2025-08-26,,-0.013524108192865536,0.018194631493763325,-0.03171873968662886,0.2479419835358685,0.0015587719743548334,0.24638321156151366,0.5678165425323403,-0.04159711418154022,0.6094136567138805,1.5221481771854175,0.09032217606956539,1.4318260011158521,0.2956726062267476,-0.053667936885115286,0.3493405431118629,0.45290777364401813,-0.12174971383861954,0.5746574874826377,1.8171137654200118,0.058324760566237144,1.7587890048537747,,,,,,,,28,,-0.09367104920488745,0.031160175090798603,4111.272361809045,False,45.0,27.625062905237357,22.336428818590395,35.0,0.2125045120122736,0.6571428571428571,5.760747070507441,2.231248085075122,41.0,0.9485060577225841,0.8536585365853658,6.376280075264968,1.9137969171108817,43.0,1.203495683519108,0.813953488372093,0.9485060577225841,well_above,industry,"ADANIPORTS,JSWINFRA,CONCOR,DELHIVERY,AEGISVOPAK,AEGISLOG,GESHIP,BLUEDART",2025.0
VIKRAMSOLR,Vikram Solar Limited,EQ,2025-08-19,2025-08-21,2025-08-26,Rs.315 to Rs.332,332.0,mainboard,,,,,,,,,,,,,,,,,,,,,,,,,False,2445.0,,VIKRAMSOLR,,Energy,2025-08-26,EQ,,,,,pre_listing,2025-06-30,2025-09-09 22:33:52,3.0,inc,consolidated,4534.308,533.456,non_financial,36.15191881918819,2025-12-31,31.67790973871734,2949.656,2025-09-30,2025-10-16 22:18:00,36.15191881918819,xbrl_post_quarter,2025-08-26,,-0.06285072951739612,0.018194631493763325,-0.08104536101115944,-0.2542087542087541,0.0015587719743548334,-0.25576752618310894,-0.5349607182940516,-0.04159711418154022,-0.49336360411251134,-0.5253928170594837,0.09032217606956539,-0.6157149931290491,-0.370116156282999,-0.04861267533531277,-0.3215034809476862,-0.5213569165786696,-0.1307463909081601,-0.39061052567050947,-0.5687170010559662,0.05365004607351276,-0.622367047129479,,,,,,,,28,,-0.09367104920488745,0.031160175090798603,12002.43704797048,False,105.0,22.499394604185685,23.384864308231037,83.0,-0.0386005862801574,0.4939759036144578,4.069097226242816,2.566963369038223,95.0,0.46069753127955354,0.6842105263157895,2.647027296771741,2.1748365483345387,92.0,0.19648372400901074,0.5760869565217391,0.19648372400901074,above,sector,"RELIANCE,NTPC,ONGC,POWERGRID,ADANIPOWER,IOC,ADANIGREEN,SOLARINDS",2025.0
MEIL,Mangal Electrical Industries Limited,EQ,2025-08-20,2025-08-22,2025-08-28,Rs.533 to Rs.561,561.0,mainboard,,,,,,,,,,,,,,,,,,,,,,,,,False,1422.0,,MEIL,Capital Goods,Industrials & Infrastructure,2025-08-28,EQ,,,,,pre_listing,2025-06-30,2025-09-16 19:33:39,3.0,inc,standalone,358.64,14.9308,non_financial,2.6718762475049904,2025-12-31,2.050934065934066,563.7071,2025-09-30,2025-11-08 17:45:25,2.6718762475049904,xbrl_post_quarter,2025-08-28,,-0.1267395162043523,0.007454867705537049,-0.13419438390988936,-0.2535724292518913,0.01044406131772102,-0.2640164905696123,-0.5608480433361352,-0.04097912697430217,-0.5198689163618331,-0.4699729149154759,0.11384902458687218,-0.5838219395023481,-0.2723609991941982,-0.07318518094529425,-0.19917581824890396,-0.5337228041901692,-0.15333056680451607,-0.3803922373856531,-0.45064464141821114,0.03919408153628212,-0.48983872295449327,,,,,,,,29,,-0.08681130743187915,0.03463810526187716,1498.9225748502997,False,80.0,100.39131023456879,45.454472417192676,65.0,0.7923644332625489,0.8615384615384616,2.6590450516771917,7.290736050079587,77.0,-1.008637452805158,0.15584415584415584,4.179462901099431,4.265275066420467,67.0,-0.020323927028378264,0.4925373134328358,-0.020323927028378264,in_line,industry,"SIEMENS,MAZDOCK,ABB,CUMMINSIND,HAVELLS,POWERINDIA,WAAREEENER,SUZLON",2025.0
ARCIIL,ARC Insulation & Insulators Limited,SME,2025-08-21,2025-08-25,2025-08-29,RS.119 to RS.125,125.0,sme,,,,,,,,,,,,,,,,,,,,,,,,,False,2643.0,,ARCIIL,,,2025-08-29,SM,,,,,,,,,,,,,,,,,,,,,,,,,,,,,,,,,,,,,,,,,,,,,,,,,,,,30,,-0.08369421929158072,0.03821080586136305,,,,,,,,,,,,,,,,,,,,,,,2025.0
ANONDITA,Anondita Medicare Limited,SME,2025-08-22,2025-08-26,2025-09-01,RS.137 to RS.145,145.0,sme,,,,,,,,,,,,,,,,,,,,,,,,,False,2640.0,,ANONDITA,,,2025-09-01,SM,,,,,,,,,,,,,,,,,,,,,,,,,,,,,,,,,,,,,,,,,,,,,,,,,,,,30,,-0.08298542405554377,0.03294935265636201,,,,,,,,,,,,,,,,,,,,,,,2025.0
CLASSICEIL,Classic Electrodes (India) Limited,SME,2025-08-22,2025-08-26,2025-09-01,RS.82 to RS.87,87.0,sme,,,,,,,,,,,,,,,,,,,,,,,,,False,2641.0,,CLASSICEIL,,,2025-09-01,SM,,,,,,,,,,,,,,,,,,,,,,,,,,,,,,,,,,,,,,,,,,,,,,,,,,,,30,,-0.08298542405554377,0.03294935265636201,,,,,,,,,,,,,,,,,,,,,,,2025.0
SHIVASHRIT,Shivashrit Foods Limited,SME,2025-08-22,2025-08-26,2025-09-01,RS.135 to RS.142,142.0,sme,,,,,,,,,,,,,,,,,,,,,,,,,False,2642.0,,SHIVASHRIT,,,2025-09-01,SM,,,,,,,,,,,,,,,,,,,,,,,,,,,,,,,,,,,,,,,,,,,,,,,,,,,,30,,-0.08298542405554377,0.03294935265636201,,,,,,,,,,,,,,,,,,,,,,,2025.0
AHCL,Anlon Healthcare Limited,BE,2025-08-26,2025-08-29,2025-09-03,Rs.86 to Rs.91,91.0,mainboard,,,,,,,,,,,,,,,,,,,,,,,,,False,93.0,,AHCL,,Healthcare & Pharmaceuticals,2025-09-03,EQ,,,,,pre_listing,2025-06-30,2025-11-11 21:47:02,3.0,inc,standalone,133.1888,14.1876,non_financial,4.55929203539823,2025-12-31,1.5977027027027024,214.3159,2025-09-30,2025-11-11 21:17:33,4.55929203539823,xbrl_post_quarter,2025-09-03,,0.3827699018538713,0.0021349839949820204,0.38063491785888925,0.653217011995638,-0.02333169405826574,0.6765487060539037,0.2715376226826609,-0.09169240917483601,0.3632300318574969,0.7753544165757909,0.08557015851888061,0.6897842580569102,-0.13083451202263097,-0.043822630058732104,-0.08701188196389886,-0.04738330975954741,-0.02660899583239651,-0.0207743139271509,,,,,,,,,,,29,,-0.083887527083227,0.02542696321940663,414.89557522123897,False,147.0,29.243534862925298,39.62799178833751,116.0,-0.3038772129723438,0.35344827586206895,1.9359066463162042,4.140435692923173,137.0,-0.7602252543226393,0.19708029197080293,3.115093575595238,3.9058626587417877,131.0,-0.22621947811614393,0.4198473282442748,-0.3038772129723438,below,sector,"SUNPHARMA,DIVISLAB,CIPLA,TORNTPHARM,MAXHEALTH,APOLLOHOSP,DRREDDY,MANKIND",2025.0
CURRENT,Current Infraprojects Limited,SME,2025-08-26,2025-08-29,2025-09-03,RS.76 to RS.80,80.0,sme,,,,,,,,,,,,,,,,,,,,,,,,,False,2639.0,,CURRENT,,,2025-09-03,SM,,,,,,,,,,,,,,,,,,,,,,,,,,,,,,,,,,,,,,,,,,,,,,,,,,,,29,,-0.083887527083227,0.02542696321940663,,,,,,,,,,,,,,,,,,,,,,,2025.0
SATTVAENGG,Sattva Engineering Construction Limited,SME,2025-08-26,2025-08-29,2025-09-03,RS.70 to RS.75,75.0,sme,,,,,,,,,,,,,,,,,,,,,,,,,False,2638.0,,SATTVAENGG,,,2025-09-03,SM,,,,,,,,,,,,,,,,,,,,,,,,,,,,,,,,,,,,,,,,,,,,,,,,,,,,29,,-0.083887527083227,0.02542696321940663,,,,,,,,,,,,,,,,,,,,,,,2025.0
VIKRAN,Vikran Engineering Limited,EQ,2025-08-26,2025-08-29,2025-09-03,Rs.92 to Rs.97,97.0,mainboard,,,,,,,,,,,,,,,,,,,,,,,,,False,2446.0,,VIKRAN,Infrastructure,Industrials & Infrastructure,2025-09-03,EQ,,,,,pre_listing,2025-06-30,2025-09-23 16:30:18,3.0,inc,standalone,636.64,22.6,non_financial,25.814814814814813,2025-12-31,18.225806451612904,1160.54,2025-09-30,2025-11-10 20:00:36,25.814814814814813,xbrl_post_quarter,2025-09-03,,0.015463378957266682,0.0021349839949820204,0.013328394962284662,0.00010448229025183942,-0.02333169405826574,0.02343617634851758,-0.34541845157245843,-0.09169240917483601,-0.2537260423976224,-0.38877860202695635,0.08557015851888061,-0.47434876054583697,-0.021654690231112883,-0.031933737712750765,0.010279047481637882,-0.4960186443969703,-0.16744163010354196,-0.32857701429342834,,,,,,,,,,,29,,-0.083887527083227,0.02542696321940663,2504.037037037037,False,11.0,110.79809898393968,28.196246054579888,6.0,1.36852076653026,1.0,2.1576481956994478,3.2653012719031698,9.0,-0.41433320140511876,0.2222222222222222,3.9332072082134912,3.4589767989120603,7.0,0.1284823541037391,0.5714285714285714,0.1284823541037391,in_line,industry,"GMRAIRPORT,AFCONS,TRANSRAILL,JYOTISTRUC,ABINFRA,ARIS,DENTA,DREAMFOLKS",2025.0
SNEHAA,Snehaa Organics Limited,SME,2025-08-29,2025-09-02,2025-09-05,RS.115 to RS.122,122.0,sme,,,,,,,,,,,,,,,,,,,,,,,,,False,2637.0,,SNEHAA,,,2025-09-05,SM,,,,,,,,,,,,,,,,,,,,,,,,,,,,,,,,,,,,,,,,,,,,,,,,,,,,33,,-0.11080295223955128,-0.013105238221525428,,,,,,,,,,,,,,,,,,,,,,,2025.0
AMANTA,Amanta Healthcare Limited,BE,2025-09-01,2025-09-03,2025-09-09,Rs.120 to Rs.126,126.0,mainboard,,,,,,,,,,,,,,,,,,,,,,,,,False,135.0,,AMANTA,,Healthcare & Pharmaceuticals,2025-09-09,BE,,,,,pre_listing,2025-06-30,2025-09-27 12:12:49,3.0,inc,standalone,261.2284,14.0288,non_financial,3.4288148148148143,2025-12-31,2.874754098360656,210.6801,2025-09-30,2025-11-11 18:24:43,3.4288148148148143,xbrl_post_quarter,2025-09-09,,-0.06201058201058196,0.0016519677851558612,-0.06366254979573782,-0.2734391534391535,-0.04780694650981321,-0.22563220692934027,-0.3059611992945327,-0.10090254567941215,-0.20505865361512055,0.3398941798941799,0.052035512890354685,0.28785866700382523,-0.2212225078548985,0.001116034597072435,-0.22233854245197093,-0.23486146815195652,-0.107061318900886,-0.12780014925107053,,,,,,,,,,,32,,-0.11367572080985222,-0.01942012885365385,432.0306666666666,False,147.0,30.795981599756686,37.15844892477318,116.0,-0.18780695869412856,0.41379310344827586,2.050647719773565,4.080391905732778,137.0,-0.6880373350193661,0.2116788321167883,1.6538426398763173,3.8543696379224204,131.0,-0.8461060226522249,0.15267175572519084,-0.6880373350193661,below,sector,"SUNPHARMA,DIVISLAB,CIPLA,TORNTPHARM,MAXHEALTH,APOLLOHOSP,DRREDDY,MANKIND",2025.0
OPTIVALUE,Optivalue Tek Consulting Limited,SME,2025-09-02,2025-09-04,2025-09-10,RS.80 to RS.84,84.0,sme,,,,,,,,,,,,,,,,,,,,,,,,,False,2636.0,,OPTIVALUE,,,2025-09-10,ST,,,,,,,,,,,,,,,,,,,,,,,,,,,,,,,,,,,,,,,,,,,,,,,,,,,,31,,-0.10120736824865839,-0.01270515372705161,,,,,,,,,,,,,,,,,,,,,,,2025.0
VIGOR,Vigor Plast India Limited,SME,2025-09-04,2025-09-09,2025-09-12,RS.77 to RS.81,81.0,sme,,,,,,,,,,,,,,,,,,,,,,,,,False,2635.0,,VIGOR,,,2025-09-12,ST,,,,,,,,,,,,,,,,,,,,,,,,,,,,,,,,,,,,,,,,,,,,,,,,,,,,32,,-0.08828259451274367,-0.004791686204632883,,,,,,,,,,,,,,,,,,,,,,,2025.0
TAURIAN,Taurian MPS Limited,SME,2025-09-09,2025-09-11,2025-09-16,RS.162 to RS.171,171.0,sme,,,,,,,,,,,,,,,,,,,,,,,,,False,2634.0,,TAURIAN,,,2025-09-16,SM,,,,,,,,,,,,,,,,,,,,,,,,,,,,,,,,,,,,,,,,,,,,,,,,,,,,32,,-0.09063987563865405,-0.0331141897157603,,,,,,,,,,,,,,,,,,,,,,,2025.0
DEVX,Dev Accelerator Limited,BE,2025-09-10,2025-09-12,2025-09-17,Rs.56 to Rs.61,61.0,mainboard,,,,,,,,,,,,,,,,,,,,,,,,,False,583.0,,DEVX,Real Estate,Real Estate & Construction,2025-09-17,EQ,,,,,pre_listing,2025-06-30,2025-10-07 20:16:56,3.0,inc,consolidated,222.5136,0.5328,non_financial,6.62,2025-12-31,,182.5134,2025-09-30,2025-11-11 23:24:50,6.62,xbrl_post_quarter,2025-09-17,,-0.33286494925839194,-0.022563427443011985,-0.31030152181537995,-0.3525370804059329,-0.07318518094529425,-0.27935189946063865,-0.4103044496487118,-0.15333056680451607,-0.25697388284419576,-0.43590944574551127,0.03919408153628212,-0.4751035272817934,-0.17839542676917008,-0.027570466869734744,-0.15082495989943534,-0.1797752808988764,-0.053380552058054254,-0.12639472884082215,,,,,,,,,,,33,,-0.0882450068865901,-0.032178542318587744,403.82,False,13.0,757.9204204204203,34.76540712925583,6.0,3.081955549501031,1.0,2.2125498730504174,3.2812102258914453,9.0,-0.39406668651363985,0.3333333333333333,1.81481042057654,4.778965513430844,8.0,-0.968243092508483,0.25,-0.39406668651363985,below,industry,"ABREL,LOTUSDEV,KALPATARU,SMARTWORKS,RAYMONDREL,AWFIS,AJMERA,ARKADE",2025.0
GML,Galaxy Medicare Limited,SME,2025-09-10,2025-09-12,2025-09-17,RS.51 to RS.54,54.0,sme,,,,,,,,,,,,,,,,,,,,,,,,,False,2633.0,,GML,,,2025-09-17,SM,,,,,,,,,,,,,,,,,,,,,,,,,,,,,,,,,,,,,,,,,,,,,,,,,,,,33,,-0.0882450068865901,-0.032178542318587744,,,,,,,,,,,,,,,,,,,,,,,2025.0
SHRINGARMS,Shringar House of Mangalsutra Limited,EQ,2025-09-10,2025-09-12,2025-09-17,Rs.155 to Rs.165,165.0,mainboard,,,,,,,,,,,,,,,,,,,,,,,,,False,2052.0,,SHRINGARMS,Consumer Services,Consumer & FMCG,2025-09-17,EQ,,,,,pre_listing,2025-06-30,2025-10-07 17:14:08,3.0,inc,standalone,1330.424,114.024,non_financial,9.627156549520766,2025-12-31,7.216708860759494,611.083,2025-09-30,2025-11-12 21:07:15,9.627156549520766,xbrl_post_quarter,2025-09-17,,0.06615101687581149,-0.022563427443011985,0.08871444431882347,0.16816313284292517,-0.07318518094529425,0.24134831378821942,0.02855906533967989,-0.15333056680451607,0.18188963214419596,0.13722414539160543,0.03919408153628212,0.09803006385532331,0.15922074117474727,-0.027570466869734744,0.18679120804448202,-0.056442556515795106,-0.053380552058054254,-0.0030620044577408523,,,,,,,,,,,33,,-0.0882450068865901,-0.032178542318587744,1588.4808306709265,False,40.0,13.931109509146552,33.1880028239959,32.0,-0.868064016375185,0.0625,2.5994518431553923,3.4169744260541526,35.0,-0.27345489553386115,0.4,1.1939658565020825,1.8919865891416587,32.0,-0.46034696374591616,0.375,-0.46034696374591616,below,industry,"TITAN,IRCTC,KALYANKJIL,ABLBL,TBOTEK,TRAVELFOOD,BATAINDIA,RELAXO",2025.0
URBANCO,Urban Company Limited,EQ,2025-09-10,2025-09-12,2025-09-17,Rs.98 to Rs.103,103.0,mainboard,,,,,,,,,,,,,,,,,,,,,,,,,False,2394.0,,URBANCO,Retail,Consumer & FMCG,2025-09-17,EQ,,,,,post_listing,2025-09-30,2025-11-01 20:27:17,6.0,ytd,consolidated,1494.6,-104.78,non_financial,151.85714285714286,2025-12-31,,2265.09,2025-09-30,2025-11-01 20:27:17,151.85714285714286,xbrl_post_quarter,2025-09-17,,-0.08343823053407673,-0.022563427443011985,-0.060874803091064744,-0.2638614158125038,-0.07318518094529425,-0.19067623486720953,-0.31595036863873405,-0.15333056680451607,-0.16261980183421798,0.026553977102439452,0.03919408153628212,-0.01264010443384267,-0.18485625945661466,-0.08445154389054099,-0.10040471556607367,-0.17071245312808359,-0.010401580742019467,-0.16031087238606412,,,,,,,,,,,33,,-0.0882450068865901,-0.032178542318587744,15641.285714285716,True,37.0,,61.337824427218315,24.0,,,6.9053705213857794,5.971637654606721,31.0,0.14527824149743726,0.5483870967741935,10.46519852421097,2.1911360200536527,31.0,1.5636351860677833,0.8709677419354839,0.8544567137826102,well_above,industry,"DMART,ETERNAL,SWIGGY,POLICYBZR,NYKAA,VMM,METROBRAND,FIRSTCRY",2025.0
TECHD,TechD Cybersecurity Limited,SME,2025-09-15,2025-09-17,2025-09-22,RS.183 to RS.193,193.0,sme,,,,,,,,,,,,,,,,,,,,,,,,,False,2632.0,,TECHD,,,2025-09-22,ST,,,,,,,,,,,,,,,,,,,,,,,,,,,,,,,,,,,,,,,,,,,,,,,,,,,,33,,-0.07937969677525036,-0.0038087435504114975,,,,,,,,,,,,,,,,,,,,,,,2025.0
EUROPRATIK,Euro Pratik Sales Limited,EQ,2025-09-16,2025-09-18,2025-09-23,Rs.235 to Rs.247,247.0,mainboard,,,,,,,,,,,,,,,,,,,,,,,,,False,709.0,,EUROPRATIK,Building Materials,Real Estate & Construction,2025-09-23,EQ,,,,,pre_listing,2025-06-30,2025-10-13 13:47:29,3.0,inc,consolidated,258.118,37.1876,non_financial,10.20078947368421,2025-12-31,9.786210526315791,267.053,2025-09-30,2025-11-05 23:20:20,10.20078947368421,xbrl_post_quarter,2025-09-23,,0.1556888638376681,-0.002158638174574401,0.1578475020122425,0.18970931637007804,-0.035436436073886246,0.2251457524439643,-0.07903212819067551,-0.1507222021006881,0.07169007391001259,,,,0.036778326644025805,-0.03723674719453218,0.07401507383855799,0.006058968817536314,-0.023661712015325187,0.0297206808328615,,,,,,,,,,,33,,-0.0735052877735507,-0.0024311557963263564,2519.595,False,70.0,67.75363293140722,38.543682704102494,53.0,0.5640858671311677,0.7924528301886793,9.434812565296026,2.366507507421658,68.0,1.3829910699972745,0.9264705882352942,9.761407573280437,1.5497279955078611,68.0,1.840357179837889,1.0,1.3829910699972745,well_above,industry,"ULTRACEMCO,AMBUJACEM,POLYCAB,SHREECEM,JKCEMENT,DALBHARAT,KEI,ACC",2025.0
VMSTMT,VMS TMT Limited,BE,2025-09-17,2025-09-19,2025-09-24,Rs.94 to Rs.99,99.0,mainboard,,,,,,,,,,,,,,,,,,,,,,,,,False,2476.0,,VMSTMT,Metals & Mining,"Metals, Mining & Chemicals",2025-09-24,EQ,,,,,post_listing,2025-09-30,2025-11-14 19:44:03,6.0,ytd,standalone,790.6328,21.4096,non_financial,4.962283950617284,2025-12-31,,232.4114,2025-09-30,2025-11-14 19:44:03,4.962283950617284,xbrl_post_quarter,2025-09-24,,-0.30316106372303064,0.009791925230595577,-0.3129529889536262,-0.4651279478173608,-0.031933737712750765,-0.43319421010461,-0.6536879076768691,-0.16744163010354196,-0.48624627757332717,,,,-0.22485389111042753,-0.07074991714104639,-0.15410397396938114,-0.26530298369732386,-0.024572767605347323,-0.24073021609197653,,,,,,,,,,,33,,-0.06663480667878419,0.011928533587932888,491.2661111111111,False,106.0,22.946066769631898,24.964388875821914,83.0,-0.08430382518285941,0.4457831325301205,2.113778029438793,2.5954595166668373,95.0,-0.20528669698540108,0.37894736842105264,0.6213581211291906,1.3220399284672486,92.0,-0.7550236227292242,0.22826086956521738,-0.20528669698540108,below,industry,"JSWSTEEL,COALINDIA,TATASTEEL,HINDZINC,VEDL,HINDALCO,JINDALSTEL,LLOYDSME",2025.0
IVALUE,Ivalue Infosolutions Limited,EQ,2025-09-18,2025-09-22,2025-09-25,Rs.284 to Rs.299,299.0,mainboard,,,,,,,,,,,,,,,,,,,,,,,,,False,1092.0,,IVALUE,Hardware,Technology,2025-09-25,EQ,,,,,pre_listing,2025-06-30,2025-10-16 21:09:55,3.0,inc,consolidated,911.6,41.56,non_financial,5.486013986013986,2025-12-31,5.411458333333334,504.26,2025-09-30,2025-11-13 16:52:27,5.486013986013986,xbrl_post_quarter,2025-09-25,,-0.07912009934362252,0.01746770995858915,-0.09658780930221167,-0.05694518360830236,-0.03067700573654142,-0.026268177871760945,-0.21905268759978713,-0.13487911030817767,-0.08417357729160946,,,,-0.1509331400616053,-0.08674761588259916,-0.06418552417900614,-0.07450625113245157,-0.038760756710225275,-0.0357454944222263,,,,,,,,,,,36,,-0.06187997197037032,0.01908292307333359,1640.3181818181818,False,22.0,39.46867617464345,66.75066890297502,17.0,-0.5254569691756614,0.35294117647058826,3.252921472689053,6.948510433209323,20.0,-0.7589738032152713,0.45,1.7993837009852804,3.1078727038725615,20.0,-0.5464942561643187,0.15,-0.5464942561643187,below,industry,"KAYNES,REDINGTON,DATAPATTNS,SYRMA,OLECTRA,APOLLO,TEJASNET,EBGNG",2025.0
GKENERGY,GK Energy Limited,EQ,2025-09-19,2025-09-23,2025-09-26,Rs.145 to Rs.153,153.0,mainboard,,,,,,,,,,,,,,,,,,,,,,,,,False,804.0,,GKENERGY,Infrastructure,Industrials & Infrastructure,2025-09-26,EQ,,,,,pre_listing,2025-06-30,2025-10-10 18:39:19,3.0,inc,consolidated,1299.144,149.256,non_financial,18.208982035928145,2025-12-31,17.03835616438356,780.149,2025-09-30,2025-11-14 23:29:00,18.208982035928145,xbrl_post_quarter,2025-09-26,,0.1913079766304997,0.04438623517212026,0.14692174145837944,-0.13580541313938232,-0.011460699750046266,-0.12434471338933606,-0.44753785620603315,-0.11740324040496064,-0.3301346158010725,,,,-0.24004085801838604,-0.05027515515937897,-0.18976570285900707,-0.29632815440030114,-0.04006306005356575,-0.2562650943467354,,,,,,,,,,,35,,-0.06129467893455187,0.03976672882076726,2785.974251497006,False,11.0,18.665743765724702,29.633327422484555,6.0,-0.4622096946626203,0.3333333333333333,3.5710796931060687,3.1775899342782683,9.0,0.11674495795933154,0.5555555555555556,2.144469167003047,3.7439368647286426,7.0,-0.5572456482574789,0.42857142857142855,-0.4622096946626203,below,industry,"GMRAIRPORT,AFCONS,TRANSRAILL,JYOTISTRUC,ABINFRA,ARIS,DENTA,DREAMFOLKS",2025.0
SAATVIK,Saatvik Green Energy Limited,EQ,2025-09-19,2025-09-23,2025-09-26,Rs.442 to Rs.465,465.0,mainboard,,,,,,,,,,,,,,,,,,,,,,,,,False,,,,,,,,,,,,,,,,,,,,,,,,,,,,,,,,,,,,,,,,,,,,,,,,,,,,,,,,,,,35,,-0.06129467893455187,0.03976672882076726,,,,,,,,,,,,,,,,,,,,,,,2025.0
SIDDHICOTS,Siddhi Cotspin Limited,SME,2025-09-19,2025-09-23,2025-09-26,RS.102 to RS.108,108.0,sme,,,,,,,,,,,,,,,,,,,,,,,,,False,2631.0,,SIDDHICOTS,,,2025-09-26,SM,,,,,,,,,,,,,,,,,,,,,,,,,,,,,,,,,,,,,,,,,,,,,,,,,,,,35,,-0.06129467893455187,0.03976672882076726,,,,,,,,,,,,,,,,,,,,,,,2025.0
ATLANTAELE,Atlanta Electricals Limited,EQ,2025-09-22,2025-09-24,2025-09-29,Rs.718 to Rs.754,754.0,mainboard,,,,,,,,,,,,,,,,,,,,,,,,,False,237.0,,ATLANTAELE,Capital Goods,Industrials & Infrastructure,2025-09-29,EQ,,,,,pre_listing,2025-06-30,2025-10-17 14:26:10,3.0,inc,consolidated,1260.4512,124.56,non_financial,1.7931526685974346,2025-12-31,1.7896551724137932,781.9077,2025-09-30,2025-11-11 21:21:08,1.7931526685974346,xbrl_post_quarter,2025-09-29,,0.18564401530333385,0.04472538648698099,0.14091862881635286,0.06807554502945279,0.001116034597072435,0.06695951043238035,0.46984878848606315,-0.107061318900886,0.5769101073869491,,,,-0.263931054744883,-0.09836084672111112,-0.16557020802377187,0.7780824600920575,-0.026436734741428602,0.8045191948334861,,,,,,,,,,,35,,-0.05999253617137812,0.03481419523022766,1352.0371121224657,False,81.0,10.854504753712794,48.250041431233605,65.0,-1.491816507967892,0.0,1.7291518066933804,7.713551325346276,77.0,-1.4953476912787764,0.03896103896103896,1.0726612122091406,4.419516864734229,67.0,-1.415887708555915,0.07462686567164178,-1.491816507967892,below,industry,"MAZDOCK,SIEMENS,ABB,CUMMINSIND,WAAREEENER,HAVELLS,POWERINDIA,SUZLON",2025.0
GANESHCP,Ganesh Consumer Products Limited,EQ,2025-09-22,2025-09-24,2025-09-29,Rs.306 to Rs.322,322.0,mainboard,,,,,,,,,,,,,,,,,,,,,,,,,False,770.0,,GANESHCP,FMCG,Consumer & FMCG,2025-09-29,EQ,,,,,pre_listing,2025-06-30,2025-10-16 17:39:26,3.0,inc,standalone,811.822,38.1188,non_financial,4.039105960264901,2025-12-31,3.6372900763358778,368.2584,2025-09-30,2025-11-06 21:40:19,4.039105960264901,xbrl_post_quarter,2025-09-29,,-0.00849473326537542,0.04472538648698099,-0.05322011975235641,-0.22867821950390765,0.001116034597072435,-0.2297942541009801,-0.33849813115868166,-0.107061318900886,-0.23143681225779567,,,,-0.3023755852262876,-0.08674761588259916,-0.21562796934368844,-0.35113577249869954,-0.038760756710225275,-0.31237501578847426,,,,,,,,,,,35,,-0.05999253617137812,0.03481419523022766,1300.592119205298,False,32.0,34.119440255341146,41.760806021851124,26.0,-0.202090927366317,0.4230769230769231,3.5317378210661268,5.7690757347321595,31.0,-0.49072183267693814,0.3225806451612903,1.6020656242443516,3.3303958631025328,30.0,-0.7317973629805613,0.26666666666666666,-0.49072183267693814,below,industry,"HINDUNILVR,ITC,GODREJCP,DABUR,COLPAL,GODFRYPHLP,PGHH,GILLETTE",2025.0
PRIMECAB,Prime Cable Industries Limited,SME,2025-09-22,2025-09-24,2025-09-29,RS.78 to RS.83,83.0,sme,,,,,,,,,,,,,,,,,,,,,,,,,False,2630.0,,PRIMECAB,,,2025-09-29,ST,,,,,,,,,,,,,,,,,,,,,,,,,,,,,,,,,,,,,,,,,,,,,,,,,,,,35,,-0.05999253617137812,0.03481419523022766,,,,,,,,,,,,,,,,,,,,,,,2025.0
ARSSBL,Anand Rathi Share and Stock Brokers Limited,EQ,2025-09-23,2025-09-25,2025-09-30,Rs.393 to Rs.414,414.0,mainboard,,,,,,,,,,,,,,,,,,,,,,,,,False,196.0,,ARSSBL,Other Services,Services & Others,2025-09-30,EQ,,,,,post_listing,2025-09-30,2025-10-18 20:17:21,6.0,inc,consolidated,856.6166,101.431,non_financial,4.907692307692307,2025-12-31,,1302.8551,2025-09-30,2025-10-18 20:17:21,4.907692307692307,xbrl_post_quarter,2025-09-30,,0.14218381775333855,0.03721076515253641,0.10497305260080214,0.420042643923241,-0.0014886702310882294,0.4215313141543292,0.060262596790483514,-0.10734001287984296,0.16760260967032647,,,,0.18810209554076862,-0.09836084672111112,0.28646294226187974,0.15483166153540573,-0.026436734741428602,0.18126839627683433,,,,,,,,,,,35,,-0.06858399357788558,0.017474190520882393,2031.784615384615,False,45.0,20.031199686334702,21.427337643422433,34.0,-0.06737652438391062,0.5,1.559486250915098,2.106113475498035,40.0,-0.30048785357792296,0.375,2.371871634736725,1.440185172940688,38.0,0.4989076651404773,0.5263157894736842,-0.06737652438391062,in_line,industry,"ADANIENT,BSE,CRISIL,CHOICEIN,BLS,MMTC,ICRA,KSCL",2025.0
ECOLINE,Ecoline Exim Limited,SME,2025-09-23,2025-09-25,2025-09-30,RS.134 to RS.141,141.0,sme,,,,,,,,,,,,,,,,,,,,,,,,,False,2629.0,,ECOLINE,,,2025-09-30,ST,,,,,,,,,,,,,,,,,,,,,,,,,,,,,,,,,,,,,,,,,,,,,,,,,,,,35,,-0.06858399357788558,0.017474190520882393,,,,,,,,,,,,,,,,,,,,,,,2025.0
JARO,Jaro Institute of Technology Management and Research Limited,EQ,2025-09-23,2025-09-25,2025-09-30,Rs.846 to Rs.890,890.0,mainboard,,,,,,,,,,,,,,,,,,,,,,,,,False,1106.0,,JARO,Education,Services & Others,2025-09-30,EQ,,,,,pre_listing,2025-06-30,2025-10-18 23:13:43,3.0,inc,standalone,242.6984,30.132,non_financial,2.2178548895899053,2025-12-31,2.035945945945946,363.4757,2025-09-30,2025-10-18 23:14:10,2.2178548895899053,xbrl_post_quarter,2025-09-30,,-0.15377897211958358,0.03721076515253641,-0.19098973727211999,-0.37877057440376216,-0.0014886702310882294,-0.37728190417267393,-0.4275445078938529,-0.10734001287984296,-0.32020449501400994,,,,-0.2651566628916573,-0.09836084672111112,-0.16679581617054617,-0.3683654209135523,-0.026436734741428602,-0.3419286861721237,,,,,,,,,,,35,,-0.06858399357788558,0.017474190520882393,1973.8908517350158,False,208.0,65.5081259702315,24.879736003453015,134.0,0.9681205385395513,0.8656716417910447,5.430599216770243,2.774923395250176,172.0,0.6714263393516493,0.7325581395348837,8.133102038311813,2.122268417733161,175.0,1.3434568803165003,0.8285714285714286,0.9681205385395513,well_above,sector,"BHARTIARTL,HAL,ADANIENT,ADANIPORTS,INDIGO,INDHOTEL,INDUSTOWER,BSE",2025.0
MGSL,Matrix Geo Solutions Limited,SME,2025-09-23,2025-09-25,2025-09-30,RS.98 to RS.104,104.0,sme,,,,,,,,,,,,,,,,,,,,,,,,,False,2628.0,,MGSL,,,2025-09-30,SM,,,,,,,,,,,,,,,,,,,,,,,,,,,,,,,,,,,,,,,,,,,,,,,,,,,,35,,-0.06858399357788558,0.017474190520882393,,,,,,,,,,,,,,,,,,,,,,,2025.0
SOLARWORLD,Solarworld Energy Solutions Limited,EQ,2025-09-23,2025-09-25,2025-09-30,Rs.333 to Rs.351,351.0,mainboard,,,,,,,,,,,,,,,,,,,,,,,,,False,2107.0,,SOLARWORLD,,Energy,2025-09-30,EQ,,,,,pre_listing,2025-06-30,2025-10-17 18:44:16,3.0,inc,consolidated,272.948,51.648,non_financial,8.66531690140845,2025-12-31,7.420689655172414,749.318,2025-09-30,2025-11-12 20:38:40,8.66531690140845,xbrl_post_quarter,2025-09-30,,-0.014992272024729636,0.03721076515253641,-0.05220303717726604,-0.15486862442040195,-0.0014886702310882294,-0.15337995418931372,-0.47879443585780523,-0.10734001287984296,-0.3714544229779623,,,,-0.20755326016785025,-0.09836084672111112,-0.10919241344673913,-0.35261459005810203,-0.026436734741428602,-0.3261778553166734,,,,,,,,,,,35,,-0.06858399357788558,0.017474190520882393,3041.526232394366,False,106.0,58.88952587504581,22.79197822789021,83.0,0.94925460395463,0.8433734939759037,4.059059347826111,2.794271090621432,95.0,0.37337997692235897,0.6736842105263158,11.143244253097171,2.236828355109036,92.0,1.6057744680760904,0.8804347826086957,0.94925460395463,well_above,sector,"RELIANCE,ADANIPOWER,NTPC,ONGC,POWERGRID,IOC,ADANIGREEN,BPCL",2025.0
STYL,Seshaasai Technologies Limited,EQ,2025-09-23,2025-09-25,2025-09-30,Rs.402 to Rs.423,423.0,mainboard,,,,,,,,,,,,,,,,,,,,,,,,,False,2160.0,,STYL,,Technology,2025-09-30,EQ,,,,,pre_listing,2025-06-30,2025-11-12 11:01:14,3.0,inc,consolidated,1243.492,147.356,non_financial,16.180253164556962,2025-12-31,14.7356,1281.437,2025-09-30,2025-11-12 10:58:54,16.180253164556962,xbrl_post_quarter,2025-09-30,,-0.09162717219589256,0.03721076515253641,-0.12883793734842897,-0.3238546603475514,-0.0014886702310882294,-0.32236599011646316,-0.42875197472353865,-0.10734001287984296,-0.3214119618436957,,,,-0.21015891875835435,-0.046970714413481884,-0.16318820434487247,-0.24277439477201845,-0.02187548567390274,-0.22089890909811571,,,,,,,,,,,35,,-0.06858399357788558,0.017474190520882393,6844.247088607595,False,186.0,46.44702006438554,31.103268051900812,135.0,0.4009994138635151,0.6888888888888889,5.341071850280268,4.101245459190064,175.0,0.2641356557411039,0.6057142857142858,5.504053977514609,3.147696648343595,158.0,0.5588139449284579,0.7341772151898734,0.4009994138635151,above,sector,"TCS,INFY,HCLTECH,WIPRO,HYUNDAI,LTM,TECHM,NAUKRI",2025.0
BMWVENTLTD,BMW Ventures Limited,BE,2025-09-24,2025-09-26,2025-10-01,Rs.94 to Rs.99,99.0,mainboard,,,,,,,,,,,,,,,,,,,,,,,,,False,381.0,,BMWVENTLTD,Manufacturing,Industrials & Infrastructure,2025-10-01,EQ,,,,,pre_listing,2025-09-30,2025-11-10 22:46:19,6.0,inc,standalone,1972.8874,30.2792,non_financial,7.14055900621118,2025-12-31,8.6512,429.4919,2025-09-30,2025-11-10 22:46:19,7.14055900621118,xbrl_post_quarter,2025-10-01,,-0.06545209176788114,0.033519271580494614,-0.09897136334837575,-0.22375168690958158,-0.004365893274212551,-0.21938579363536903,-0.21268556005398098,-0.08215467058698,-0.13053088946700098,,,,-0.11349969933854476,-0.03793397669765797,-0.07556572264088679,-0.09966927239927836,-0.030619630457808578,-0.06904964194146979,,,,,,,,,,,35,,-0.07339789455596935,0.004420760987875694,706.9153416149068,False,239.0,23.34656601280439,22.183308368486927,175.0,0.051109776682016723,0.5257142857142857,1.6459340481506328,1.6646871003757393,215.0,-0.011329144569616898,0.4930232558139535,0.35831509776731646,1.0993184175660498,214.0,-1.1210328857008705,0.13551401869158877,-0.011329144569616898,in_line,industry,"SUPREMEIND,PAGEIND,ASTRAL,KPRMILL,3MINDIA,CENTURYPLY,MANYAVAR,LMW",2025.0
EPACKPEB,Epack Prefab Technologies Limited,EQ,2025-09-24,2025-09-26,2025-10-01,Rs.194 to Rs.204,204.0,mainboard,,,,,,,,,,,,,,,,,,,,,,,,,False,693.0,,EPACKPEB,,Technology,2025-10-01,EQ,,,,,pre_listing,2025-09-30,2025-10-22 22:18:20,6.0,ytd,consolidated,1458.5514,90.9858,non_financial,10.030178571428571,2025-12-31,8.566017441860465,690.0599,2025-09-30,2025-10-22 22:18:20,10.030178571428571,xbrl_post_quarter,2025-10-01,,0.5504038602748349,0.033519271580494614,0.5168845886943403,0.36840448966747075,-0.004365893274212551,0.3727703829416833,-0.08281758103430181,-0.08215467058698,-0.0006629104473218073,,,,-0.20670487352953848,-0.11196801493718667,-0.09473685859235181,-0.14991166458396166,-0.025580512074129147,-0.12433115250983251,,,,,,,,,,,35,,-0.07339789455596935,0.004420760987875694,2046.1564285714285,False,186.0,22.488744711498153,31.124823739793538,135.0,-0.32499074278375917,0.34074074074074073,2.965186686795492,4.153977662748536,175.0,-0.33712635417851966,0.34285714285714286,1.4028689208837126,3.15274570216648,158.0,-0.8097543556336493,0.24050632911392406,-0.33712635417851966,below,sector,"TCS,INFY,HCLTECH,WIPRO,HYUNDAI,LTM,TECHM,NAUKRI",2025.0
GURUNANAK,Gurunanak Agriculture India Limited,SME,2025-09-24,2025-09-26,2025-10-01,RS.75,75.0,sme,,,,,,,,,,,,,,,,,,,,,,,,,False,2627.0,,GURUNANAK,,,2025-10-01,SM,,,,,,,,,,,,,,,,,,,,,,,,,,,,,,,,,,,,,,,,,,,,,,,,,,,,35,,-0.07339789455596935,0.004420760987875694,,,,,,,,,,,,,,,,,,,,,,,2025.0
JAINREC,Jain Resource Recycling Limited,EQ,2025-09-24,2025-09-26,2025-10-01,Rs.220 to Rs.232,232.0,mainboard,,,,,,,,,,,,,,,,,,,,,,,,,False,1103.0,,JAINREC,Metals & Mining,"Metals, Mining & Chemicals",2025-10-01,EQ,,,,,pre_listing,2025-09-30,2025-10-21 21:42:17,6.0,ytd,consolidated,7325.912,313.126,non_financial,34.86584699453552,2025-12-31,32.43562091503268,1366.617,2025-09-30,2025-10-21 21:42:17,34.86584699453552,xbrl_post_quarter,2025-10-01,,0.17179148588316662,0.033519271580494614,0.138272214302672,0.32757970194302954,-0.004365893274212551,0.3319455952172421,0.3984782745393951,-0.08215467058698,0.4806329451263751,,,,0.023727619924700072,-0.11196801493718667,0.13569563486188674,0.24691893063192394,-0.025580512074129147,0.2724994427060531,,,,,,,,,,,35,,-0.07339789455596935,0.004420760987875694,8088.87650273224,False,106.0,25.832656830580152,25.622514970059882,83.0,0.008168004167082315,0.5301204819277109,5.918905225628131,2.511986244022353,95.0,0.8570777312060408,0.8631578947368421,1.1041460097708298,1.3503437783550245,92.0,-0.20128701632856752,0.44565217391304346,0.008168004167082315,in_line,industry,"JSWSTEEL,COALINDIA,TATASTEEL,HINDZINC,VEDL,HINDALCO,JINDALSTEL,LLOYDSME",2025.0
JKIPL,Jinkushal Industries Limited,BE,2025-09-25,2025-09-29,2025-10-03,Rs.115 to Rs.121,121.0,mainboard,,,,,,,,,,,,,,,,,,,,,,,,,False,1130.0,,JKIPL,Capital Goods,Industrials & Infrastructure,2025-10-03,EQ,,,,,pre_listing,2025-09-30,2025-10-25 01:02:57,6.0,ytd,consolidated,243.2814,21.9078,non_financial,3.8429411764705885,2025-12-31,,193.973,2026-03-31,2026-05-29 21:26:37,3.8429411764705885,xbrl_post_quarter,2025-10-03,,-0.02515206312674667,0.01791916686746653,-0.0430712299942132,-0.2760973204011179,-0.01010561083260364,-0.26599170956851426,-0.5478382377116555,-0.08883475460321,-0.4590034831084455,,,,-0.4261963034855262,-0.09755253128218755,-0.3286437722033386,-0.2403578361043125,-0.02505460137390625,-0.21530323473040625,,,,,,,,,,,36,,-0.07845343027361118,-0.016814088315497577,464.99588235294124,False,81.0,21.225129056908553,47.9684639043341,65.0,-0.8153579803958182,0.15384615384615385,2.3972196251691793,7.484325900236928,77.0,-1.1385013774539887,0.1038961038961039,1.9113499114726455,4.424374932637904,67.0,-0.839319257966419,0.23880597014925373,-0.839319257966419,below,industry,"MAZDOCK,SIEMENS,ABB,CUMMINSIND,WAAREEENER,HAVELLS,POWERINDIA,SUZLON",2025.0
TRUALT,TruAlt Bioenergy Limited,EQ,2025-09-25,2025-09-29,2025-10-03,Rs.472 to Rs.496,496.0,mainboard,,,,,,,,,,,,,,,,,,,,,,,,,False,2343.0,,TRUALT,Renewable Energy,Energy,2025-10-03,EQ,,,,,pre_listing,2025-09-30,2025-11-12 13:06:20,6.0,ytd,consolidated,837.4988,-66.368,non_financial,8.591338289962824,2025-12-31,7.05001862197393,1520.3318,2026-03-31,2026-05-22 22:03:16,8.591338289962824,xbrl_post_quarter,2025-10-03,,-0.20463320463320467,0.01791916686746653,-0.2225523715006712,-0.24748093040775976,-0.01010561083260364,-0.23737531957515612,-0.21828797438553538,-0.08883475460321,-0.12945321978232538,,,,-0.0829818641923239,-0.046970714413481884,-0.03601114977884201,0.008435259384226068,-0.02187548567390274,0.030310745058128807,,,,,,,,,,,36,,-0.07845343027361118,-0.016814088315497577,4261.3037918215605,True,106.0,,22.873177235252594,83.0,,,2.8028774980708557,2.797599633419523,95.0,0.0018847916310907313,0.5052631578947369,5.088131220989881,2.249237859582128,92.0,0.8163191862340812,0.7282608695652174,0.4091019889325859,above,sector,"RELIANCE,NTPC,ONGC,ADANIPOWER,POWERGRID,IOC,ADANIGREEN,BPCL",2025.0
MPEL,Manas Polymers and Energies Limited,SME,2025-09-26,2025-09-30,2025-10-06,RS.76 to RS.81,81.0,sme,,,,,,,,,,,,,,,,,,,,,,,,,False,2626.0,,MPEL,,,2025-10-06,ST,,,,,,,,,,,,,,,,,,,,,,,,,,,,,,,,,,,,,,,,,,,,,,,,,,,,37,,-0.08454799537135249,-0.025822119368018148,,,,,,,,,,,,,,,,,,,,,,,2025.0
PACEDIGITK,Pace Digitek Limited,EQ,2025-09-26,2025-09-30,2025-10-06,Rs.208 to Rs.219,219.0,mainboard,,,,,,,,,,,,,,,,,,,,,,,,,False,1650.0,,PACEDIGITK,Infrastructure,Industrials & Infrastructure,2025-10-06,EQ,,,,,pre_listing,2025-09-30,2025-11-15 16:01:30,6.0,ytd,consolidated,1801.05,245.124,non_financial,19.675,2026-03-31,16.43,2207.308,2026-03-31,2026-05-26 02:20:08,19.675,xbrl_post_quarter,2025-10-06,,-0.0201385384650673,0.001840852840403473,-0.021979391305470775,-0.09784852516170472,-0.014013382148718723,-0.083835143012986,-0.27900362401945056,-0.07499053149854829,-0.20401309252090227,,,,-0.15746296643540225,-0.07074991714104639,-0.08671304929435586,-0.10810050628164258,-0.024572767605347323,-0.08352773867629526,,,,,,,,,,,37,,-0.08454799537135249,-0.025822119368018148,4308.825,False,12.0,17.578144122974493,28.497742389708787,6.0,-0.4831685505777678,0.3333333333333333,1.952072388629045,3.0976264073607163,9.0,-0.46174457152537557,0.2222222222222222,2.3923961022736737,3.419520789798995,7.0,-0.35720500433985214,0.42857142857142855,-0.46174457152537557,below,industry,"GMRAIRPORT,AFCONS,TRANSRAILL,JYOTISTRUC,VIKRAN,ABINFRA,ARIS,DENTA",2025.0
FABTECH,Fabtech Technologies Limited,BE,2025-09-29,2025-10-01,2025-10-07,Rs.181 to Rs.191,191.0,mainboard,,,,,,,,,,,,,,,,,,,,,,,,,False,719.0,,FABTECH,,Technology,2025-10-07,EQ,,,,,pre_listing,2025-09-30,2025-10-28 00:04:09,6.0,inc,consolidated,378.975,43.9604,non_financial,3.8357739130434787,2026-03-31,3.237142857142857,419.7696,2026-03-31,2026-04-27 21:20:37,3.8357739130434787,xbrl_post_quarter,2025-10-07,,0.3370614035087718,-0.0016892634987110133,0.3387506670074828,0.07231359649122804,-0.013657812697044025,0.08597140918827206,-0.16600877192982455,-0.07982356581235672,-0.08618520611746783,,,,-0.3203037003045346,-0.09528168690741279,-0.2250220133971218,-0.31429644153351965,-0.010890401524369264,-0.3034060400091504,,,,,,,,,,,39,,-0.10225309821183537,-0.0543693282621881,732.6328173913045,False,186.0,16.665745020320664,28.899059403856473,135.0,-0.5504536315591321,0.18518518518518517,1.7453212843219337,4.007459621906457,175.0,-0.8312188740223823,0.18285714285714286,1.9331956392672456,3.054392591405006,158.0,-0.45740634315876,0.3291139240506329,-0.5504536315591321,below,sector,"TCS,INFY,HCLTECH,WIPRO,HYUNDAI,LTM,TECHM,NAUKRI",2025.0
GLOTTIS,Glottis Limited,EQ,2025-09-29,2025-10-01,2025-10-07,Rs.120 to Rs.129,129.0,mainboard,,,,,,,,,,,,,,,,,,,,,,,,,False,818.0,,GLOTTIS,Logistics,Services & Others,2025-10-07,BE,,,,,pre_listing,2025-09-30,2025-11-14 18:52:18,6.0,inc,standalone,765.7318,48.5988,non_financial,9.280173913043479,2026-03-31,7.993223684210526,280.9386,2026-03-31,2026-05-25 21:14:32,9.280173913043479,xbrl_post_quarter,2025-10-07,,-0.1694145758661888,-0.0016892634987110133,-0.16772531236747779,-0.28088410991636803,-0.013657812697044025,-0.267226297219324,-0.28446833930704896,-0.07982356581235672,-0.20464477349469223,,,,-0.3065817409766455,-0.07074991714104639,-0.23583182383559909,-0.01726822363765035,-0.024572767605347323,0.007304543967696975,,,,,,,,,,,39,,-0.10225309821183537,-0.0543693282621881,1197.1424347826087,False,46.0,24.633168612858935,22.82713433407557,35.0,0.0761439216486097,0.5714285714285714,4.261224462507497,2.2807041636015826,41.0,0.6250723125251044,0.7317073170731707,1.5633965244523065,1.999170136198063,43.0,-0.24587144881932899,0.4186046511627907,0.0761439216486097,in_line,industry,"ADANIPORTS,JSWINFRA,CONCOR,DELHIVERY,AEGISLOG,AEGISVOPAK,GESHIP,BLUEDART",2025.0
OMFREIGHT,Om Freight Forwarders Limited,BE,2025-09-29,2025-10-03,2025-10-08,Rs.128 to Rs.135,135.0,mainboard,,,,,,,,,,,,,,,,,,,,,,,,,False,1613.0,,OMFREIGHT,Logistics,Services & Others,2025-10-08,BE,,,,,pre_listing,2025-09-30,2025-11-13 20:35:05,6.0,ytd,consolidated,416.534,14.616,non_financial,3.4250000000000003,2026-03-31,3.1960629921259844,207.54,2026-03-31,2026-05-27 23:33:00,3.4250000000000003,xbrl_post_quarter,2025-10-08,,0.04838144209419193,0.003700634857916274,0.044680807236275655,0.062405048498305415,-0.027570466869734744,0.08997551536804016,-0.07864905924973697,-0.053380552058054254,-0.02526850719168272,,,,-0.007374793615850139,-0.06399632349712703,0.05662152988127689,-0.011447440836543699,-0.016693547678914955,0.0052461068423712565,,,,,,,,,,,39,,-0.10225309821183537,-0.0543693282621881,462.37500000000006,False,46.0,31.634852216748772,22.82713433407557,35.0,0.326309500355246,0.6857142857142857,2.227883781439723,2.2807041636015826,41.0,-0.023432080993374634,0.4878048780487805,1.1100534410156195,1.999170136198063,43.0,-0.5883240033264922,0.32558139534883723,-0.023432080993374634,in_line,industry,"ADANIPORTS,JSWINFRA,CONCOR,DELHIVERY,AEGISLOG,AEGISVOPAK,GESHIP,BLUEDART",2025.0
SUBAHOTELS,Suba Hotels Limited,SME,2025-09-29,2025-10-01,2025-10-07,RS.105 to RS.111,111.0,sme,,,,,,,,,,,,,,,,,,,,,,,,,False,2624.0,,SUBAHOTELS,,,2025-10-07,SM,,,,,,,,,,,,,,,,,,,,,,,,,,,,,,,,,,,,,,,,,,,,,,,,,,,,39,,-0.10225309821183537,-0.0543693282621881,,,,,,,,,,,,,,,,,,,,,,,2025.0
VIJAYPD,Vijaypd Ceutical Limited,SME,2025-09-29,2025-10-01,2025-10-07,RS.35,35.0,sme,,,,,,,,,,,,,,,,,,,,,,,,,False,2625.0,,VIJAYPD,,,2025-10-07,SM,,,,,,,,,,,,,,,,,,,,,,,,,,,,,,,,,,,,,,,,,,,,,,,,,,,,39,,-0.10225309821183537,-0.0543693282621881,,,,,,,,,,,,,,,,,,,,,,,2025.0
ADVANCE,Advance Agrolife Limited,BE,2025-09-30,2025-10-03,2025-10-08,Rs.95 to Rs.100,100.0,mainboard,,,,,,,,,,,,,,,,,,,,,,,,,False,66.0,,ADVANCE,Chemicals,"Metals, Mining & Chemicals",2025-10-08,EQ,,,,,pre_listing,2025-09-30,2025-11-14 22:31:44,6.0,ytd,standalone,762.518,49.628,non_financial,7.105714285714286,2026-03-31,4.497167138810198,309.915,2026-03-31,2026-05-08 23:13:09,7.105714285714286,xbrl_post_quarter,2025-10-08,,0.3192059095106188,0.003700634857916274,0.3155052746527025,0.1879963065558634,-0.027570466869734744,0.21556677342559816,0.015143120960295464,-0.053380552058054254,0.06852367301834972,,,,-0.07932495217272484,-0.07074991714104639,-0.008575035031678446,-0.28710030062858705,-0.024572767605347323,-0.2625275330232397,,,,,,,,,,,38,,-0.10067289739798602,-0.06358370135634728,710.5714285714286,False,153.0,14.317954150306853,29.287399721099412,116.0,-0.7156430951518371,0.13793103448275862,2.2927945680958604,2.4526098129965583,145.0,-0.06738127842132496,0.47586206896551725,0.9318749571438688,1.6457273065054236,132.0,-0.5687390575724689,0.23484848484848486,-0.5687390575724689,below,industry,"ASIANPAINT,GRASIM,PIDILITIND,SRF,COROMANDEL,BERGEPAINT,FACT,PIIND",2025.0
BAGDIGITAL,B.A.G. Convergence Limited,SME,2025-09-30,2025-10-03,2025-10-08,RS.82 to RS.87,87.0,sme,,,,,,,,,,,,,,,,,,,,,,,,,False,2621.0,,BAGDIGITAL,,,2025-10-08,SM,,,,,,,,,,,,,,,,,,,,,,,,,,,,,,,,,,,,,,,,,,,,,,,,,,,,38,,-0.10067289739798602,-0.06358370135634728,,,,,,,,,,,,,,,,,,,,,,,2025.0
GREENLEAF,Greenleaf Envirotech Limited,SME,2025-09-30,2025-10-06,2025-10-09,RS.136,136.0,sme,,,,,,,,,,,,,,,,,,,,,,,,,False,2620.0,,GREENLEAF,,,2025-10-09,ST,,,,,,,,,,,,,,,,,,,,,,,,,,,,,,,,,,,,,,,,,,,,,,,,,,,,38,,-0.10067289739798602,-0.06358370135634728,,,,,,,,,,,,,,,,,,,,,,,2025.0
MUNISH,Munish Forge Limited,SME,2025-09-30,2025-10-03,2025-10-08,RS.91 to RS.96,96.0,sme,,,,,,,,,,,,,,,,,,,,,,,,,False,2622.0,,MUNISH,,,2025-10-08,SM,,,,,,,,,,,,,,,,,,,,,,,,,,,,,,,,,,,,,,,,,,,,,,,,,,,,38,,-0.10067289739798602,-0.06358370135634728,,,,,,,,,,,,,,,,,,,,,,,2025.0
SHEEL,Sheel Biotech Limited,SME,2025-09-30,2025-10-03,2025-10-08,RS.59 to RS.63,63.0,sme,,,,,,,,,,,,,,,,,,,,,,,,,False,2623.0,,SHEEL,,,2025-10-08,ST,,,,,,,,,,,,,,,,,,,,,,,,,,,,,,,,,,,,,,,,,,,,,,,,,,,,38,,-0.10067289739798602,-0.06358370135634728,,,,,,,,,,,,,,,,,,,,,,,2025.0
WEWORK,WeWork India Management Limited,EQ,2025-10-03,2025-10-07,2025-10-10,Rs.615 to Rs.648,648.0,mainboard,,,,,,,,,,,,,,,,,,,,,,,,,False,2513.0,,WEWORK,Real Estate,Real Estate & Construction,2025-10-10,EQ,,,,,pre_listing,2025-09-30,2025-11-10 18:49:02,6.0,ytd,consolidated,2220.024,-15.626,non_financial,13.432581967213116,2026-03-31,13.385106382978725,297.969,2026-03-31,2026-05-21 17:22:33,13.432581967213116,xbrl_post_quarter,2025-10-10,,-0.025610435059253978,0.00043242611503124806,-0.026042861174285226,-0.03913147220233837,-0.05909920965362081,0.01996773745128244,-0.14165274795196048,-0.039356620063987324,-0.10229612788797315,,,,-0.0453815261044177,-0.03793397669765797,-0.007447549406759735,-0.2227309236947791,-0.030619630457808578,-0.19211129323697052,,,,,,,,,,,42,,-0.0897052633851001,-0.04655487167313799,8704.313114754099,True,13.0,,38.136449093009624,6.0,,,29.21214325904406,3.2714277357769865,9.0,2.189357981796595,1.0,3.920819376166248,4.653395408624267,8.0,-0.17129649204738165,0.375,1.0090307448746065,well_above,industry,"ABREL,LOTUSDEV,KALPATARU,SMARTWORKS,AWFIS,RAYMONDREL,AJMERA,AGIIL",2025.0
LGEINDIA,LG Electronics India Limited,EQ,2025-10-07,2025-10-09,2025-10-14,Rs.1080 to Rs.1140,1140.0,mainboard,,,,,,,,,,,,,,,,,,,,,,,,,False,1304.0,,LGEINDIA,Consumer Durables,Consumer & FMCG,2025-10-14,EQ,,,,,pre_listing,2025-09-30,2025-11-13 19:53:52,6.0,ytd,standalone,24873.932,1805.378,non_financial,67.8482859941234,2026-03-31,67.84564459930314,7665.556,2026-03-31,2026-05-21 20:21:09,67.8482859941234,xbrl_post_quarter,2025-10-14,,-0.04266524646428793,0.009935908806035343,-0.052601155270323274,-0.17646014557074385,-0.03723674719453218,-0.13922339837621167,-0.04674832830344988,-0.023661712015325187,-0.023086616288124695,,,,-0.06589195203362586,-0.06399632349712703,-0.001895628536498828,-0.05414760786252926,-0.016693547678914955,-0.0374540601836143,,,,,,,,,,,45,,-0.08103098457786062,-0.04121392620283515,77347.04603330068,False,24.0,42.84257703001847,55.36366533914218,21.0,-0.25639111974583095,0.3333333333333333,10.090206898664713,4.949552289521104,24.0,0.7122682135452214,0.875,3.1095624943133506,1.803922471737506,23.0,0.5445185942638485,0.6956521739130435,0.5445185942638485,well_above,industry,"VOLTAS,BLUESTARCO,HONAUT,AMBER,CROMPTON,WHIRLPOOL,PGEL,EUREKAFORB",2025.0
CRAMC,Canara Robeco Asset Management Company Limited,EQ,2025-10-09,2025-10-13,2025-10-16,Rs.253 to Rs.266,266.0,mainboard,,,,,,,,,,,,,,,,,,,,,,,,,False,517.0,,CRAMC,Asset Management,Financial Services,2025-10-16,EQ,,,,,pre_listing,2025-09-30,2025-10-27 20:21:00,6.0,inc,standalone,457.4428,219.3794,non_financial,19.98130434782609,2026-03-31,19.94358181818182,745.8236,2026-03-31,2026-04-27 21:26:11,19.98130434782609,xbrl_post_quarter,2025-10-16,,-0.025128973206856475,-0.005517841703082338,-0.019611131503774137,-0.04127142619404223,-0.06386266445446698,0.02259123826042475,-0.05884506573473125,-0.030656298927394632,-0.028188766807336618,,,,-0.2532467532467533,-0.09893119033344111,-0.15431556291331217,-0.2718417945690673,-0.02410874878937419,-0.24773304577969313,,,,,,,,,,,48,,-0.08372442376641032,-0.04117943092373111,5315.0269565217395,False,14.0,24.227557175020713,33.434001561429376,6.0,-0.3220826814360646,0.3333333333333333,7.12638612739224,2.1197456495399862,10.0,1.212508146574781,0.8,11.618997952359814,7.1529241625133695,9.0,0.4851202660916306,0.6666666666666666,0.4851202660916306,above,industry,"CAMS,TSFINV,RANEHOLDIN,WEALTH,MAXIND,STEL,RADIANTCMS,OSWALGREEN",2025.0
RUBICON,Rubicon Research Limited,EQ,2025-10-09,2025-10-13,2025-10-16,Rs.461 to Rs.485,485.0,mainboard,,,,,,,,,,,,,,,,,,,,,,,,,False,1902.0,,RUBICON,Pharmaceuticals,Healthcare & Pharmaceuticals,2025-10-16,EQ,,,,,pre_listing,2025-09-30,2025-11-13 20:11:36,6.0,ytd,consolidated,1529.024,194.306,non_financial,16.477467811158796,2026-03-31,15.430372492836675,1288.822,2026-03-31,2026-05-29 19:34:47,16.477467811158796,xbrl_post_quarter,2025-10-16,,0.15313594396688934,-0.005517841703082338,0.15865378566997168,0.056033110474371206,-0.06386266445446698,0.11989577492883818,0.4764406240050938,-0.030656298927394632,0.5070969229324884,,,,0.09911739983188572,-0.06399632349712703,0.16311372332901275,0.357663210983469,-0.016693547678914955,0.37435675866238394,,,,,,,,,,,48,,-0.08372442376641032,-0.04117943092373111,7991.571888412016,False,68.0,41.128796271921686,36.91689769186313,53.0,0.10803913713220359,0.5660377358490566,6.200679293503693,3.936396422315973,64.0,0.4543931583475374,0.734375,5.226583682409181,3.6442240836761592,61.0,0.3606143776571798,0.7049180327868853,0.3606143776571798,above,industry,"DIVISLAB,CIPLA,DRREDDY,LUPIN,ALKEM,LAURUSLABS,ANTHEM,BIOCON",2025.0
MIDWESTLTD,Midwest Limited,EQ,2025-10-15,2025-10-17,2025-10-24,Rs.1014 to Rs.1065,1065.0,mainboard,,,,,,,,,,,,,,,,,,,,,,,,,False,1439.0,,MIDWESTLTD,Consumer Durables,Consumer & FMCG,2025-10-24,EQ,,,,,pre_listing,2025-09-30,2025-11-12 23:11:56,6.0,ytd,consolidated,601.912,101.962,non_financial,3.47216796875,2026-03-31,3.3913308913308913,962.371,2026-03-31,2026-05-26 20:53:16,3.47216796875,xbrl_post_quarter,2025-10-24,,0.04138535729943005,-0.03400894360880413,0.07539430090823418,0.20017536168347205,-0.10880422788779831,0.30897958957127036,0.08829460762823338,-0.028329171264301012,0.11662377889253439,,,,0.3072967461654401,-0.046970714413481884,0.354267460578922,0.18725064278748094,-0.02187548567390274,0.20912612846138368,,,,,,,,,,,49,,-0.08605610627933169,-0.050270514609473516,3697.85888671875,False,24.0,36.26702974361772,58.67945066842403,21.0,-0.4811805347355541,0.2857142857142857,3.8424462984844205,4.886485119480497,24.0,-0.24036403489946537,0.3333333333333333,6.1435207916086565,1.796210729224012,23.0,1.2297187011189088,0.9565217391304348,-0.24036403489946537,below,industry,"VOLTAS,BLUESTARCO,HONAUT,AMBER,CROMPTON,PGEL,WHIRLPOOL,EUREKAFORB",2025.0
JAYESH,Jayesh Logistics Limited,SME,2025-10-27,2025-10-29,2025-11-03,RS.116 to RS.122,122.0,sme,,,,,,,,,,,,,,,,,,,,,,,,,False,2619.0,,JAYESH,,,2025-11-03,SM,,,,,,,,,,,,,,,,,,,,,,,,,,,,,,,,,,,,,,,,,,,,,,,,,,,,50,,-0.0693765487646365,-0.0355068364243345,,,,,,,,,,,,,,,,,,,,,,,2025.0
ORKLAINDIA,Orkla India Limited,EQ,2025-10-29,2025-10-31,2025-11-06,Rs.695 to Rs.730,730.0,mainboard,,,,,,,,,,,,,,,,,,,,,,,,,False,1643.0,,ORKLAINDIA,FMCG,Consumer & FMCG,2025-11-06,EQ,,,,,pre_listing,2025-09-30,2025-11-13 17:01:13,6.0,ytd,consolidated,2494.564,311.204,non_financial,13.700559701492537,2026-03-31,13.69339285714286,2750.029,2026-03-31,2026-05-19 17:58:19,13.700559701492537,xbrl_post_quarter,2025-11-06,,-0.11602326070202473,-0.03320927233830551,-0.08281398836371923,-0.21411055839697324,-0.06695483984409345,-0.1471557185528798,-0.12008687732081547,-0.016264689505611996,-0.10382218781520347,,,,-0.18151839916060863,-0.06399632349712703,-0.1175220756634816,-0.029978265757325984,-0.016693547678914955,-0.013284718078411029,,,,,,,,,,,48,,-0.06249104857952781,-0.0019303853003028726,10001.408582089553,False,33.0,32.13778930248182,39.716105950600465,26.0,-0.211724222300028,0.4230769230769231,3.636837495928062,5.6152337151393015,31.0,-0.4343687264733601,0.3548387096774194,4.009281213907341,3.355944750203382,30.0,0.17787865137060935,0.5666666666666667,-0.211724222300028,below,industry,"HINDUNILVR,ITC,GODREJCP,DABUR,COLPAL,GODFRYPHLP,PGHH,AWL",2025.0
STUDDS,Studds Accessories Limited,EQ,2025-10-30,2025-11-03,2025-11-07,Rs.557 to Rs.585,585.0,mainboard,,,,,,,,,,,,,,,,,,,,,,,,,False,2159.0,,STUDDS,Auto Components,Automobile & Mobility,2025-11-07,EQ,,,,,pre_listing,2025-09-30,2025-11-26 23:37:40,6.0,ytd,consolidated,607.312,81.736,non_financial,3.9363805970149253,2026-03-31,3.935496183206107,522.968,2026-03-31,2026-05-23 22:23:23,3.9363805970149253,xbrl_post_quarter,2025-11-07,,-0.06657147956451892,-0.05288174829098613,-0.01368973127353279,-0.09387827949312866,-0.06789345507210609,-0.025984824421022568,-0.2195252543280385,-0.013575165760382535,-0.20595008856765595,,,,-0.05601452564684528,-0.04308872066571057,-0.012925804981134714,-0.20172492056286884,0.016854451835266016,-0.21857937239813485,,,,,,,,,,,47,,-0.058318673271126165,0.015171995898200619,2302.7826492537315,False,98.0,28.17341990376005,32.9515104211206,86.0,-0.15665812283510794,0.4186046511627907,4.403295515698344,3.417463058094138,95.0,0.2534547614896649,0.6105263157894737,3.7917621408003326,1.8031273711089333,92.0,0.7433082701299725,0.8260869565217391,0.2534547614896649,above,industry,"MOTHERSON,BOSCHLTD,UNOMINDA,MRF,BHARATFORG,SCHAEFFLER,TIINDIA,BALKRISIND",2025.0
LENSKART,Lenskart Solutions Limited,EQ,2025-10-31,2025-11-04,2025-11-10,Rs.382 to Rs.402,402.0,mainboard,,,,,,,,,,,,,,,,,,,,,,,,,False,1300.0,,LENSKART,FMCG,Consumer & FMCG,2025-11-10,EQ,,,,,pre_listing,2025-09-30,2025-11-29 23:01:17,6.0,ytd,consolidated,7981.2,324.6,non_financial,171.18376068376068,2026-03-31,167.57049180327868,8738.511,2026-03-31,2026-05-20 18:15:03,171.18376068376068,xbrl_post_quarter,2025-11-10,,0.013272140907963248,-0.04322445694006216,0.05649659784802541,0.15095509799057294,-0.04409699576363302,0.19505209375420596,0.16410320019846192,-0.017415522377535964,0.18151872257599788,,,,0.22148664343786306,-0.07096943460579819,0.29245607804366125,0.1722415795586527,-0.0012939310459969544,0.17353551060464967,,,,,,,,,,,46,,-0.0589699313341604,0.005340939601190531,68815.8717948718,False,33.0,212.00206960835425,40.86473586159482,26.0,1.6463285496637008,1.0,7.875011176946712,5.724354217408655,31.0,0.3189648613802931,0.6451612903225806,8.622246253053651,3.4276615905844174,30.0,0.9224673602669735,0.8666666666666667,0.9224673602669735,well_above,industry,"HINDUNILVR,ITC,GODREJCP,DABUR,COLPAL,GODFRYPHLP,PGHH,AWL",2025.0
GROWW,Billionbrains Garage Ventures Limited,EQ,2025-11-04,2025-11-07,2025-11-12,Rs.95 to Rs.100,100.0,mainboard,,,,,,,,,,,,,,,,,,,,,,,,,False,868.0,,GROWW,Other Services,Services & Others,2025-11-12,EQ,,,,,pre_listing,2025-09-30,2025-11-21 17:20:18,6.0,ytd,consolidated,3846.28,1699.426,non_financial,618.3369369369369,2026-03-31,596.6316455696202,9651.355,2026-03-31,2026-04-21 11:32:01,618.3369369369369,xbrl_post_quarter,2025-11-12,,0.10751541917307517,-0.05016311188862255,0.1576785310616977,0.3098301987360086,-0.043822630058732104,0.3536528287947407,0.41978222797532916,-0.02660899583239651,0.44639122380772567,,,,0.10250329380764156,-0.03538187935013848,0.13788517315778004,0.22338603425559933,0.01451926925194913,0.2088667650036502,,,,,,,,,,,44,,-0.05771065225791994,0.01695028945564836,61833.69369369369,False,45.0,36.38504630015881,19.192588140965178,34.0,0.6396337041264356,0.6764705882352942,6.406737053366465,1.9966034206379308,41.0,1.1659026541411028,0.8536585365853658,16.076233059915992,1.3448723639834421,38.0,2.4810428619798097,0.868421052631579,1.1659026541411028,well_above,industry,"ADANIENT,BSE,CRISIL,CHOICEIN,BLS,MMTC,ICRA,KSCL",2025.0
SHETHJI,Shreeji Global FMCG Limited,SME,2025-11-04,2025-11-07,2025-11-12,RS.120 to RS.125,125.0,sme,,,,,,,,,,,,,,,,,,,,,,,,,False,2618.0,,SHETHJI,,,2025-11-12,ST,,,,,,,,,,,,,,,,,,,,,,,,,,,,,,,,,,,,,,,,,,,,,,,,,,,,44,,-0.05771065225791994,0.01695028945564836,,,,,,,,,,,,,,,,,,,,,,,2025.0
FINBUD,Finbud Financial Services Limited,SME,2025-11-06,2025-11-10,2025-11-13,RS.140 to RS.142,142.0,sme,,,,,,,,,,,,,,,,,,,,,,,,,False,2617.0,,FINBUD,,Financial Services,2025-11-13,SM,,,,,,,,,,,,,,,,,,,,,,,,,,,,,,,,,,,,,,,,,,,,,,,,,,,,42,,-0.06390706196139473,0.0270973863282582,,,,,,,,,,,,,,,,,,,,,,,2025.0
CURIS,Curis Lifesciences Limited,SME,2025-11-07,2025-11-11,2025-11-14,RS.120 to RS.128,128.0,sme,,,,,,,,,,,,,,,,,,,,,,,,,False,2616.0,,CURIS,,,2025-11-14,SM,,,,,,,,,,,,,,,,,,,,,,,,,,,,,,,,,,,,,,,,,,,,,,,,,,,,43,,-0.07788884294952347,0.0019291018371978552,,,,,,,,,,,,,,,,,,,,,,,2025.0
PINELABS,Pine Labs Limited,EQ,2025-11-07,2025-11-11,2025-11-14,Rs.210 to Rs.221,221.0,mainboard,,,,,,,,,,,,,,,,,,,,,,,,,False,1709.0,,PINELABS,Retail,Consumer & FMCG,2025-11-14,EQ,,,,,pre_listing,2025-09-30,2025-12-03 17:23:38,6.0,ytd,consolidated,2531.62,21.52,non_financial,114.15384615384615,2026-03-31,99.5,5895.41,2026-03-31,2026-05-25 21:54:13,114.15384615384615,xbrl_post_quarter,2025-11-14,,-0.07808202798038977,-0.03664794265123861,-0.04143408532915116,-0.19761648531228815,-0.06399632349712703,-0.13362016181516112,-0.40882458447925385,-0.016693547678914955,-0.3921310368003389,,,,-0.27217251474044446,-0.06999378878242046,-0.202178725958024,-0.4013936420236671,0.003606124381139608,-0.4049997664048067,,,,,,,,,,,43,,-0.07788884294952347,0.0019291018371978552,25228.0,False,39.0,1172.3048327137546,64.16951459807275,23.0,2.9051987850685523,0.9565217391304348,4.279261323639917,6.409933852016927,32.0,-0.40406854461709785,0.40625,9.965160648122547,1.858135611390039,30.0,1.6795214492122084,0.9333333333333333,1.6795214492122084,well_above,industry,"ETERNAL,DMART,SWIGGY,POLICYBZR,NYKAA,VMM,METROBRAND,URBANCO",2025.0
EMMVEE,Emmvee Photovoltaic Power Limited,EQ,2025-11-11,2025-11-13,2025-11-18,Rs.206 to Rs.217,217.0,mainboard,,,,,,,,,,,,,,,,,,,,,,,,,False,680.0,,EMMVEE,,Energy,2025-11-18,EQ,,,,,pre_listing,2025-09-30,2025-12-02 00:44:37,6.0,ytd,consolidated,4317.6388,851.0676,non_financial,69.20280423280424,2026-03-31,59.31695760598504,3694.9409,2026-03-31,2026-04-28 23:21:10,69.20280423280424,xbrl_post_quarter,2025-11-18,,-0.19038286235186874,-0.047703808139107906,-0.14267905421276084,-0.013081130355515058,-0.0542450544124774,0.04116392405696234,0.3229261622607109,-0.002722826805304557,0.32564898906601547,,,,-0.20033003300330032,-0.06959780781042746,-0.13073222519287286,0.363036303630363,0.009643468400044375,0.3533928352303186,,,,,,,,,,,44,,-0.08016959732795048,0.014859780204053763,15017.00851851852,False,109.0,17.64490684232195,22.368186363597495,84.0,-0.23719252016032838,0.40476190476190477,4.064208041465161,2.9102889923764375,98.0,0.33396651392387866,0.673469387755102,3.4780603969277193,2.1143680694771176,94.0,0.4977187984645669,0.6702127659574468,0.33396651392387866,above,sector,"RELIANCE,ONGC,NTPC,ADANIPOWER,POWERGRID,IOC,ADANIGREEN,BPCL",2025.0
PWL,Physicswallah Limited,EQ,2025-11-11,2025-11-13,2025-11-18,Rs.103 to Rs.109,109.0,mainboard,,,,,,,,,,,,,,,,,,,,,,,,,False,1786.0,,PWL,Education,Services & Others,2025-11-18,EQ,,,,,pre_listing,2025-09-30,2025-12-08 23:40:14,6.0,ytd,consolidated,3796.648,-96.2324,non_financial,288.03846153846155,2026-03-31,258.3178571428571,4520.39,2026-03-31,2026-05-27 22:24:17,288.03846153846155,xbrl_post_quarter,2025-11-18,,-0.13804431847461995,-0.047703808139107906,-0.09034051033551205,-0.3286524091728936,-0.0542450544124774,-0.2744073547604162,-0.28504251481576925,-0.002722826805304557,-0.2823196880104647,,,,-0.3968380593226484,-0.05877367789162746,-0.3380643814310209,-0.20661396765537732,0.06666809959683495,-0.27328206725221227,,,,,,,,,,,44,,-0.08016959732795048,0.014859780204053763,31396.19230769231,True,211.0,,24.200713148737403,135.0,,,6.945460968565169,2.3998322004077974,177.0,1.0626895297542143,0.847457627118644,8.269450396163222,2.1516470424215877,175.0,1.3463344341863026,0.8457142857142858,1.2045119819702585,well_above,sector,"BHARTIARTL,HAL,ADANIPORTS,ADANIENT,INDIGO,BSE,INDUSTOWER,INDHOTEL",2025.0
TENNIND,Tenneco Clean Air India Limited,EQ,2025-11-12,2025-11-14,2025-11-19,Rs.378 to Rs.397,397.0,mainboard,,,,,,,,,,,,,,,,,,,,,,,,,False,2273.0,,TENNIND,Auto Components,Automobile & Mobility,2025-11-19,EQ,,,,,pre_listing,2025-09-30,2025-12-05 10:12:42,6.0,ytd,consolidated,5132.526,636.632,non_financial,40.33317191283293,2026-03-31,40.34798927613941,1197.399,2026-03-31,2026-05-31 01:03:14,40.33317191283293,xbrl_post_quarter,2025-11-19,,-0.042685411572942145,-0.04475599971682753,0.002070588143885388,0.12805623471882632,-0.04542263491988574,0.17347886963871206,0.2454156479217604,0.003465913113245289,0.24194973480851512,,,,0.1079678436959397,-0.045539702233250656,0.15350754592919036,0.12699704894677932,0.0727481389578164,0.05424890998896292,,,,,,,,,,,44,,-0.08153696902876084,0.014373373445073057,16012.269249394674,False,98.0,25.15153063213077,31.979966387106003,84.0,-0.2401909015270762,0.39285714285714285,13.372542694118398,3.3285812455971717,95.0,1.3906573912655218,0.9578947368421052,3.1197638841760713,1.7822828210621533,92.0,0.5598622944420067,0.7717391304347826,0.5598622944420067,well_above,industry,"MOTHERSON,BOSCHLTD,UNOMINDA,MRF,BHARATFORG,SCHAEFFLER,TIINDIA,BALKRISIND",2025.0
UTLSOLAR,Fujiyama Power Systems Limited,EQ,2025-11-13,2025-11-17,2025-11-20,Rs.216 to Rs.228,228.0,mainboard,,,,,,,,,,,,,,,,,,,,,,,,,False,2400.0,,UTLSOLAR,,Energy,2025-11-20,EQ,,,,,pre_listing,2025-09-30,2025-12-08 19:15:05,6.0,ytd,standalone,2330.512,260.976,non_financial,29.699162011173183,2026-03-31,27.956000000000003,1273.356,2026-03-31,2026-05-14 21:17:42,29.699162011173183,xbrl_post_quarter,2025-11-20,,-0.0633275762809441,-0.031105232233701097,-0.032222344047243,-0.0011993859144118213,-0.05588903093988884,0.05468964502547702,0.5006716561120708,0.00997965685333746,0.4906919992587333,,,,-0.07545316107481448,-0.05877367789162746,-0.016679483183187016,0.5419757331630397,0.06666809959683495,0.47530763356620476,,,,,,,,,,,43,,-0.07471902673400832,0.03495668574952093,6771.408938547485,False,109.0,25.94648143334056,22.17741175203027,85.0,0.1569617279433751,0.5882352941176471,5.3177657611441616,2.976541659078753,100.0,0.5802911359235897,0.76,2.9055456219695435,2.178700270907294,95.0,0.2878927013501605,0.5684210526315789,0.2878927013501605,above,sector,"RELIANCE,ONGC,NTPC,ADANIPOWER,POWERGRID,IOC,ADANIGREEN,BPCL",2025.0
CAPILLARY,Capillary Technologies India Limited,EQ,2025-11-14,2025-11-18,2025-11-21,Rs.549 to Rs.577,577.0,mainboard,,,,,,,,,,,,,,,,,,,,,,,,,False,424.0,,CAPILLARY,,Technology,2025-11-21,EQ,,,,,post_listing,2025-12-31,2026-02-06 16:35:22,9.0,ytd,consolidated,724.3373333333334,12.031999999999998,non_financial,7.927605118829981,2026-03-31,,1023.493,2026-03-31,2026-05-06 15:19:13,7.927605118829981,xbrl_post_quarter,2025-11-21,,0.14336356141797202,-0.00945063158681514,0.15281419300478716,-0.10370981038746907,-0.04574033933776822,-0.05796947104970085,-0.15638911788953014,0.01604604230510498,-0.17243516019463512,,,,-0.11846952444742131,0.02791232297403634,-0.14638184742145766,-0.09904554588077707,0.12354937057435089,-0.22259491645512797,,,,,,,,,,,43,,-0.07845362691290181,0.026120840103508458,4574.228153564899,False,191.0,380.1718877630402,32.65854054561931,142.0,2.454517086416485,0.9859154929577465,4.469232475029042,3.757919312855213,181.0,0.17335125807915497,0.574585635359116,6.315052314802999,3.062271740177341,166.0,0.7237790007073902,0.7951807228915663,0.7237790007073902,well_above,sector,"TCS,INFY,HCLTECH,WIPRO,HYUNDAI,LTM,TECHM,PERSISTENT",2025.0
EXCELSOFT,Excelsoft Technologies Limited,EQ,2025-11-19,2025-11-21,2025-11-26,Rs.114 to Rs.120,120.0,mainboard,,,,,,,,,,,,,,,,,,,,,,,,,False,714.0,,EXCELSOFT,,Technology,2025-11-26,EQ,,,,,pre_listing,2025-09-30,2025-12-12 20:52:09,6.0,ytd,consolidated,240.65,32.97,non_financial,11.066,2026-03-31,10.106666666666666,578.326,2026-03-31,2026-05-22 21:50:27,11.066,xbrl_post_quarter,2025-11-26,,-0.30030959752321984,-0.012819522513636494,-0.28749007500958335,-0.3107882829245059,-0.04718416142794324,-0.26360412149656265,-0.30634278002699056,0.00740650512780916,-0.3137492851547997,,,,-0.23624987385205365,-0.09516300070797212,-0.14108687314408153,-0.18498334847108688,0.08473180617971554,-0.2697151546508024,,,,,,,,,,,44,,-0.07998313755056718,0.0219730739790176,1327.92,False,191.0,40.276615104640584,30.577450080726077,145.0,0.27550821834550066,0.6206896551724138,2.296144389150756,3.7369030683399007,181.0,-0.487025848063811,0.2596685082872928,5.5180552669852485,3.0690120068769535,168.0,0.5866698035696936,0.75,0.27550821834550066,above,sector,"TCS,INFY,HCLTECH,WIPRO,HYUNDAI,LTM,TECHM,PERSISTENT",2025.0
SUDEEPPHRM,Sudeep Pharma Limited,EQ,2025-11-21,2025-11-25,2025-11-28,Rs.563 to Rs.593,593.0,mainboard,,,,,,,,,,,,,,,,,,,,,,,,,False,2168.0,,SUDEEPPHRM,,Healthcare & Pharmaceuticals,2025-11-28,EQ,,,,,pre_listing,2025-09-30,2025-12-19 16:10:08,6.0,ytd,consolidated,575.1674,153.1086,non_financial,11.159041095890412,2026-03-31,10.892190476190475,883.338,2026-03-31,2026-05-21 20:51:20,11.159041095890412,xbrl_post_quarter,2025-11-28,,-0.21636633727313825,-0.014385092573777958,-0.2019812446993603,-0.17464315701091515,-0.0508916725434182,-0.12375148446749695,-0.025382677775624862,0.019237894887823792,-0.044620572663448654,,,,-0.06246237206502103,-0.12021526406973448,0.05775289200471345,0.2770921131848285,0.06969823188878221,0.2073938812960463,,,,,,,,,,,46,,-0.08475542692533233,-0.004233687806685094,6617.311369863014,False,150.0,43.21972358092892,36.678677656497086,117.0,0.16410135949553287,0.5726495726495726,7.491256313962508,4.002757350779924,142.0,0.6267530543041153,0.7887323943661971,11.505018138828824,3.8985623691921525,131.0,1.082175438196796,0.9007633587786259,0.6267530543041153,well_above,sector,"SUNPHARMA,DIVISLAB,TORNTPHARM,CIPLA,MAXHEALTH,APOLLOHOSP,DRREDDY,LUPIN",2025.0
CSSL,Clear Secured Services Limited,SME,2025-12-01,2025-12-03,2025-12-08,RS.125 to RS.132,132.0,sme,,,,,,,,,,,,,,,,,,,,,,,,,False,2614.0,,CSSL,,,2025-12-08,SM,,,,,,,,,,,,,,,,,,,,,,,,,,,,,,,,,,,,,,,,,,,,,,,,,,,,44,,-0.09566467506005916,0.01044406131772102,,,,,,,,,,,,,,,,,,,,,,,2025.0
INVICTA,Invicta Diagnostic Limited,SME,2025-12-01,2025-12-03,2025-12-08,RS.80 to RS.85,85.0,sme,,,,,,,,,,,,,,,,,,,,,,,,,False,2613.0,,INVICTA,,Healthcare & Pharmaceuticals,2025-12-08,SM,,,,,,,,,,,,,,,,,,,,,,,,,,,,,,,,,,,,,,,,,,,,,,,,,,,,44,,-0.09566467506005916,0.01044406131772102,,,,,,,,,,,,,,,,,,,,,,,2025.0
SPEB,Speb Adhesives Limited,SME,2025-12-01,2025-12-03,2025-12-08,RS.52 to RS.56,56.0,sme,,,,,,,,,,,,,,,,,,,,,,,,,False,2615.0,,SPEB,,,2025-12-08,ST,,,,,,,,,,,,,,,,,,,,,,,,,,,,,,,,,,,,,,,,,,,,,,,,,,,,44,,-0.09566467506005916,0.01044406131772102,,,,,,,,,,,,,,,,,,,,,,,2025.0
NEOCHEM,Neochem Bio Solutions Limited,SME,2025-12-02,2025-12-04,2025-12-09,RS.93 to RS.98,98.0,sme,,,,,,,,,,,,,,,,,,,,,,,,,False,2612.0,,NEOCHEM,,,2025-12-09,ST,,,,,,,,,,,,,,,,,,,,,,,,,,,,,,,,,,,,,,,,,,,,,,,,,,,,44,,-0.09361091519322928,0.016021301151388778,,,,,,,,,,,,,,,,,,,,,,,2025.0
AEQUS,Aequs Limited,EQ,2025-12-03,2025-12-05,2025-12-10,Rs.118 to Rs.124,124.0,mainboard,,,,,,,,,,,,,,,,,,,,,,,,,False,74.0,,AEQUS,Capital Goods,Industrials & Infrastructure,2025-12-10,EQ,,,,,post_listing,2025-12-31,2026-01-30 00:07:19,9.0,ytd,consolidated,1151.1106666666665,-79.544,non_financial,67.15124999999999,2026-03-31,,1486.485,2026-03-31,2026-05-26 23:19:07,67.15124999999999,xbrl_post_quarter,2025-12-10,,-0.06748628461894357,0.002563706086096129,-0.0700499907050397,-0.2359706523894507,-0.055761380504700586,-0.1802092718847501,0.3207085729393879,0.0821220930232558,0.23858647991613213,,,,0.5076991742914527,0.12891145544564098,0.37878771884581175,0.7782489027746782,0.19049286527182008,0.5877560375028581,,,,,,,,,,,42,,-0.09761844924916163,-0.0025032335923192983,8326.755,True,83.0,,42.10487756079815,69.0,,,5.601640783458965,5.732677651319271,80.0,-0.0231231735972521,0.475,7.233670263965354,3.7331716773640453,73.0,0.6614883630758076,0.7808219178082192,0.31918259473927774,above,industry,"CUMMINSIND,SIEMENS,ABB,MAZDOCK,POWERINDIA,WAAREEENER,HAVELLS,SUZLON",2025.0
MEESHO,Meesho Limited,EQ,2025-12-03,2025-12-05,2025-12-10,Rs.105 to Rs.111,111.0,mainboard,,,,,,,,,,,,,,,,,,,,,,,,,False,1420.0,,MEESHO,Logistics,Services & Others,2025-12-10,EQ,,,,,post_listing,2025-12-31,2026-01-30 21:54:41,9.0,ytd,consolidated,12126.848,-1588.524,non_financial,462.06944444444446,2026-03-31,,4386.372,2026-03-31,2026-05-06 21:09:11,462.06944444444446,xbrl_post_quarter,2025-12-10,,0.0015873949085778438,0.002563706086096129,-0.0009763111775182853,-0.16885178434946202,-0.055761380504700586,-0.11309040384476143,-0.03251219942383443,0.0821220930232558,-0.11463429244709022,,,,0.2015110305228165,0.12891145544564098,0.07259957507717552,0.1252342097310366,0.19049286527182008,-0.06525865554078347,,,,,,,,,,,42,,-0.09761844924916163,-0.0025032335923192983,51289.708333333336,True,49.0,,24.29281282456521,32.0,,,11.69296820546304,2.342383122575284,46.0,1.6078188134717102,0.9782608695652174,4.22943441967223,1.8236374055323483,41.0,0.8412351961212778,0.7804878048780488,1.224527004796494,well_above,industry,"ADANIPORTS,JSWINFRA,CONCOR,AEGISVOPAK,DELHIVERY,AEGISLOG,GESHIP,BLUEDART",2025.0
SHRIKANHA,Shri Kanha Stainless Limited,SME,2025-12-03,2025-12-05,2025-12-10,RS.90,90.0,sme,,,,,,,,,,,,,,,,,,,,,,,,,False,2611.0,,SHRIKANHA,,,2025-12-10,SM,,,,,,,,,,,,,,,,,,,,,,,,,,,,,,,,,,,,,,,,,,,,,,,,,,,,42,,-0.09761844924916163,-0.0025032335923192983,,,,,,,,,,,,,,,,,,,,,,,2025.0
VIDYAWIRES,Vidya Wires Limited,EQ,2025-12-03,2025-12-05,2025-12-10,Rs.48 to Rs.52,52.0,mainboard,,,,,,,,,,,,,,,,,,,,,,,,,False,2439.0,,VIDYAWIRES,Capital Goods,Industrials & Infrastructure,2025-12-10,EQ,,,,,pre_listing,2025-09-30,2025-12-22 21:25:26,6.0,ytd,consolidated,1585.392,45.244,non_financial,21.08817204301075,2026-03-31,16.158461538461538,479.829,2026-03-31,2026-05-12 23:37:08,21.08817204301075,xbrl_post_quarter,2025-12-10,,-0.08444611623095732,0.002563706086096129,-0.08700982231705345,0.05134474327628347,-0.055761380504700586,0.10710612378098405,0.9392514575888657,0.0821220930232558,0.85712936456561,,,,0.02471042471042484,-0.10206191764352268,0.12677234235394752,0.8837837837837839,0.07012623985572586,0.813657543928058,,,,,,,,,,,42,,-0.09761844924916163,-0.0025032335923192983,1096.584946236559,False,83.0,24.23713522757844,42.10487756079815,69.0,-0.552277619992394,0.21739130434782608,2.28536613301105,5.732677651319271,80.0,-0.919656480693928,0.1625,0.6916806356008854,3.7331716773640453,73.0,-1.6858891271292897,0.0273972602739726,-0.919656480693928,below,industry,"CUMMINSIND,SIEMENS,ABB,MAZDOCK,POWERINDIA,WAAREEENER,HAVELLS,SUZLON",2025.0
ENCOMPAS,Encompass Design India Limited,SME,2025-12-05,2025-12-09,2025-12-12,RS.101 to RS.107,107.0,sme,,,,,,,,,,,,,,,,,,,,,,,,,False,2609.0,,ENCOMPAS,,,2025-12-12,SM,,,,,,,,,,,,,,,,,,,,,,,,,,,,,,,,,,,,,,,,,,,,,,,,,,,,42,,-0.10375540800912297,-0.02333169405826574,,,,,,,,,,,,,,,,,,,,,,,2025.0
FWSTC,Flywings Simulator Training Centre Limited,SME,2025-12-05,2025-12-09,2025-12-12,RS.181 to RS.191,191.0,sme,,,,,,,,,,,,,,,,,,,,,,,,,False,2610.0,,FWSTC,,,2025-12-12,SM,,,,,,,,,,,,,,,,,,,,,,,,,,,,,,,,,,,,,,,,,,,,,,,,,,,,42,,-0.10375540800912297,-0.02333169405826574,,,,,,,,,,,,,,,,,,,,,,,2025.0
CORONA,Corona Remedies Limited,EQ,2025-12-08,2025-12-10,2025-12-15,Rs.1008 to Rs.1062,1062.0,mainboard,,,,,,,,,,,,,,,,,,,,,,,,,False,509.0,,CORONA,Pharmaceuticals,Healthcare & Pharmaceuticals,2025-12-15,EQ,,,,,pre_listing,2025-09-30,2026-01-05 12:46:30,6.0,ytd,consolidated,1415.34,197.04,non_financial,6.1174089068825905,2026-03-31,6.119298245614035,746.86,2026-03-31,2026-05-11 19:32:31,6.1174089068825905,xbrl_post_quarter,2025-12-15,,0.025583982202447064,-0.010443348556253396,0.03602733075870046,0.08523359288097887,-0.09516300070797212,0.180396593588951,0.28385706340378203,0.08473180617971554,0.1991252572240665,,,,0.09375,-0.061843790012804156,0.15559379001280416,0.431208053691275,0.07047613375815143,0.3607319199331236,,,,,,,,,,,42,,-0.10851148349020279,-0.021927457944700968,6496.688259109311,False,69.0,32.97141828618205,32.72889923139107,50.0,0.007382617480570856,0.52,8.698669441541,3.9730029643773275,67.0,0.7836478532475614,0.8208955223880597,4.59019617838068,3.6838441006607985,58.0,0.21996596400252133,0.6379310344827587,0.21996596400252133,above,industry,"DIVISLAB,CIPLA,DRREDDY,LUPIN,ALKEM,LAURUSLABS,BIOCON,IPCALAB",2025.0
WAKEFIT,Wakefit Innovations Limited,EQ,2025-12-08,2025-12-10,2025-12-15,Rs.185 to Rs.195,195.0,mainboard,,,,,,,,,,,,,,,,,,,,,,,,,False,2495.0,,WAKEFIT,Manufacturing,Industrials & Infrastructure,2025-12-15,EQ,,,,,post_listing,2025-12-31,2026-02-10 12:55:31,9.0,ytd,standalone,1527.124,89.90666666666667,non_financial,32.90405405405405,2026-03-31,,1131.82,2026-03-31,2026-05-21 21:04:17,32.90405405405405,xbrl_post_quarter,2025-12-15,,-0.07478288002496225,-0.010443348556253396,-0.06433953146870885,-0.1807686307140256,-0.09516300070797212,-0.08560563000605348,-0.352800457642103,0.08473180617971554,-0.43753226382181853,,,,-0.3313716404077851,0.018002553467033833,-0.34937419387481894,-0.3905468025949953,0.12076127526741165,-0.511308077862407,,,,,,,,,,,42,,-0.10851148349020279,-0.021927457944700968,6416.29054054054,False,242.0,71.36612643341843,21.601780843463843,178.0,1.1950475793246287,0.8876404494382022,5.669002615734428,1.4892947092593656,220.0,1.3367105383504871,0.9136363636363637,4.201551766942658,0.9997974068071313,215.0,1.4356565390900322,0.8837209302325582,1.3367105383504871,well_above,industry,"SUPREMEIND,PAGEIND,ASTRAL,3MINDIA,KPRMILL,CENTURYPLY,LMW,DOMS",2025.0
NEPHROPLUS,Nephrocare Health Services Limited,EQ,2025-12-10,2025-12-12,2025-12-17,Rs.438 to Rs.460,460.0,mainboard,,,,,,,,,,,,,,,,,,,,,,,,,False,1542.0,,NEPHROPLUS,Hospitals,Healthcare & Pharmaceuticals,2025-12-17,EQ,,,,,post_listing,2025-12-31,2026-02-10 21:26:33,9.0,ytd,consolidated,977.64,61.959999999999994,non_financial,10.023102310231025,2026-03-31,,1116.493,2026-03-31,2026-05-19 22:29:42,10.023102310231025,xbrl_post_quarter,2025-12-17,,0.09177718832891246,-0.0115140000123376,0.10329118834125006,0.12360742705570282,-0.08990666658441648,0.2135140936401193,0.4424403183023873,0.09709327789669797,0.3453470404056893,,,,0.11641893633473654,0.018002553467033833,0.09841638286770271,0.2013059541197697,0.12076127526741165,0.08054467885235805,,,,,,,,,,,41,,-0.11992876696040844,-0.038470282223659225,4610.627062706271,False,14.0,74.41296098622131,53.85074521430865,9.0,0.3234138912583846,0.6666666666666666,4.12956199699082,7.9948202147610505,12.0,-0.6606225114722634,0.08333333333333333,4.716078579749469,7.4410002609538575,11.0,-0.4560276385758833,0.36363636363636365,-0.4560276385758833,below,industry,"NH,ASTERDM,MEDANTA,KIMS,LALPATHLAB,AGARWALEYE,RAINBOW,ARTEMISMED",2025.0
PARKHOSPS,Park Medi World Limited,EQ,2025-12-10,2025-12-12,2025-12-17,Rs.154 to Rs.162,162.0,mainboard,,,,,,,,,,,,,,,,,,,,,,,,,False,1669.0,,PARKHOSPS,Hospitals,Healthcare & Pharmaceuticals,2025-12-17,EQ,,,,,post_listing,2025-12-31,2026-01-29 18:10:21,9.0,ytd,consolidated,1625.2573333333332,249.676,non_financial,39.81095505617978,2026-03-31,,2021.984,2026-03-31,2026-05-12 16:28:15,39.81095505617978,xbrl_post_quarter,2025-12-17,,0.050557620817843985,-0.0115140000123376,0.062071620830181584,0.311794525177425,-0.08990666658441648,0.4017011917618415,0.9438999662047993,0.09709327789669797,0.8468066883081014,,,,0.5994922866627612,0.09327907279180625,0.506213213870955,0.8541300527240776,0.16230584040930118,0.6918242123147764,,,,,,,,,,,41,,-0.11992876696040844,-0.038470282223659225,6449.374719101124,False,14.0,25.830975821068602,53.85074521430865,9.0,-0.7346418572248703,0.1111111111111111,3.1896269797887244,7.9948202147610505,12.0,-0.918889883099799,0.08333333333333333,3.9682175781196034,7.4410002609538575,11.0,-0.6286882623700469,0.2727272727272727,-0.7346418572248703,below,industry,"NH,ASTERDM,MEDANTA,KIMS,LALPATHLAB,AGARWALEYE,RAINBOW,ARTEMISMED",2025.0
ASHWINI,Ashwini Container Movers Limited,SME,2025-12-12,2025-12-16,2025-12-19,RS.135 to RS.142,142.0,sme,,,,,,,,,,,,,,,,,,,,,,,,,False,2608.0,,ASHWINI,,,2025-12-19,SM,,,,,,,,,,,,,,,,,,,,,,,,,,,,,,,,,,,,,,,,,,,,,,,,,,,,44,,-0.1211339997243639,-0.04861267533531277,,,,,,,,,,,,,,,,,,,,,,,2025.0
EXIMROUTES,Exim Routes Limited,SME,2025-12-12,2025-12-16,2025-12-19,RS.83 to RS.88,88.0,sme,,,,,,,,,,,,,,,,,,,,,,,,,False,2607.0,,EXIMROUTES,,,2025-12-19,SM,,,,,,,,,,,,,,,,,,,,,,,,,,,,,,,,,,,,,,,,,,,,,,,,,,,,44,,-0.1211339997243639,-0.04861267533531277,,,,,,,,,,,,,,,,,,,,,,,2025.0
ICICIAMC,ICICI Prudential Asset Management Company Limited,EQ,2025-12-12,2025-12-16,2025-12-19,Rs.2061 to Rs.2165,2165.0,mainboard,,,,,,,,,,,,,,,,,,,,,,,,,False,985.0,,ICICIAMC,Asset Management,Financial Services,2025-12-19,EQ,,,,,,,,,,,,,,,,,,,,,,2025-12-19,,0.09953981205769757,-0.0566136630972045,0.15615347515490208,0.04037279090452062,-0.13255057076860255,0.17292336167312317,0.26930662438609376,0.07386166251211312,0.19544496187398064,,,,,,,,,,,,,,,,,,,,44,,-0.1211339997243639,-0.04861267533531277,,,,,,,,,,,,,,,,,,,,,,,2025.0
KSHINTL,KSH International Limited,EQ,2025-12-16,2025-12-18,2025-12-23,Rs.365 to Rs.384,384.0,mainboard,,,,,,,,,,,,,,,,,,,,,,,,,False,1264.0,,KSHINTL,Metals & Mining,"Metals, Mining & Chemicals",2025-12-23,EQ,,,,,pre_listing,2025-09-30,2026-01-05 18:56:15,6.0,ytd,standalone,2541.72,104.542,non_financial,6.7700000000000005,2026-03-31,5.679654510556622,808.101,2026-03-31,2026-05-25 19:55:14,6.7700000000000005,xbrl_post_quarter,2025-12-23,,-0.017183098591549317,-0.07937481214307185,0.06219171355152253,0.29112676056338027,-0.10206191764352268,0.39318867820690295,1.408450704225352,0.07012623985572586,1.3383244643696262,,,,0.41389808074123113,-0.061843790012804156,0.4757418707540353,1.297418927862343,0.07047613375815143,1.2269427941041915,,,,,,,,,,,46,,-0.11064361050984595,-0.04021032554965476,2599.6800000000003,False,109.0,24.867326050773855,21.7115231397526,82.0,0.13571159510705136,0.5975609756097561,3.21702361462243,2.275475377590801,99.0,0.34626760104549226,0.6666666666666666,1.0228034559274823,1.2780507835089667,91.0,-0.22278874855283953,0.4175824175824176,0.13571159510705136,in_line,industry,"JSWSTEEL,HINDZINC,COALINDIA,TATASTEEL,VEDL,HINDALCO,JINDALSTEL,NMDC",2025.0
MARC,Marc Technocrats Limited,SME,2025-12-17,2025-12-19,2025-12-24,RS.88 to RS.93,93.0,sme,,,,,,,,,,,,,,,,,,,,,,,,,False,2606.0,,MARC,,,2025-12-24,SM,,,,,,,,,,,,,,,,,,,,,,,,,,,,,,,,,,,,,,,,,,,,,,,,,,,,43,,-0.10988606628870479,-0.053667936885115286,,,,,,,,,,,,,,,,,,,,,,,2025.0
EPWINDIA,EPW India Limited,SME,2025-12-22,2025-12-24,2025-12-30,RS.95 to RS.97,97.0,sme,,,,,,,,,,,,,,,,,,,,,,,,,False,2604.0,,EPWINDIA,,,2025-12-30,ST,,,,,,,,,,,,,,,,,,,,,,,,,,,,,,,,,,,,,,,,,,,,,,,,,,,,46,,-0.10055613267149244,-0.061432988304879754,,,,,,,,,,,,,,,,,,,,,,,2025.0
GKSL,Gujarat Kidney and Super Speciality Limited,EQ,2025-12-22,2025-12-24,2025-12-30,Rs.108 to Rs.114,114.0,mainboard,,,,,,,,,,,,,,,,,,,,,,,,,False,805.0,,GKSL,Hospitals,Healthcare & Pharmaceuticals,2025-12-30,EQ,,,,,pre_listing,2025-09-30,2026-03-14 19:50:07,6.0,inc,consolidated,56.378,15.027,non_financial,5.958024691358024,2026-03-31,5.1112244897959185,252.5122,2026-03-31,2026-05-29 00:01:34,5.958024691358024,xbrl_post_quarter,2025-12-30,,0.005930744212741423,-0.04417016838569243,0.050100912598433855,-0.0073656016835661475,-0.10717079293471343,0.09980519125114728,0.23340348192079574,0.08860107082870972,0.14480241109208603,,,,0.212997071880608,0.1964984092889419,0.016498662591666102,0.7120052895059978,0.2352428620640743,0.47676242744192354,,,,,,,,,,,46,,-0.10055613267149244,-0.061432988304879754,679.2148148148148,False,14.0,45.19962832333898,53.2944677756783,10.0,-0.164743667838092,0.2,2.6898296985841266,8.065021204526154,12.0,-1.098058458244096,0.08333333333333333,12.047515250892454,6.7886352766683675,12.0,0.57360850424043,1.0,-0.164743667838092,below,industry,"NH,MEDANTA,ASTERDM,KIMS,LALPATHLAB,AGARWALEYE,RAINBOW,ARTEMISMED",2025.0
SHYAMDHANI,Shyam Dhani Industries Limited,SME,2025-12-22,2025-12-24,2025-12-30,RS.65 to RS.70,70.0,sme,,,,,,,,,,,,,,,,,,,,,,,,,False,2603.0,,SHYAMDHANI,,,2025-12-30,ST,,,,,,,,,,,,,,,,,,,,,,,,,,,,,,,,,,,,,,,,,,,,,,,,,,,,46,,-0.10055613267149244,-0.061432988304879754,,,,,,,,,,,,,,,,,,,,,,,2025.0
SOCL,Sundrex Oil Company Limited,SME,2025-12-22,2025-12-24,2025-12-30,RS.81 to RS.86,86.0,sme,,,,,,,,,,,,,,,,,,,,,,,,,False,2605.0,,SOCL,,Energy,2025-12-30,SM,,,,,,,,,,,,,,,,,,,,,,,,,,,,,,,,,,,,,,,,,,,,,,,,,,,,46,,-0.10055613267149244,-0.061432988304879754,,,,,,,,,,,,,,,,,,,,,,,2025.0
DHARARAIL,Dhara Rail Projects Limited,SME,2025-12-23,2025-12-26,2025-12-31,RS.120 to RS.126,126.0,sme,,,,,,,,,,,,,,,,,,,,,,,,,False,2602.0,,DHARARAIL,,,2025-12-31,ST,,,,,,,,,,,,,,,,,,,,,,,,,,,,,,,,,,,,,,,,,,,,,,,,,,,,45,,-0.08570750499486701,-0.053707607149589554,,,,,,,,,,,,,,,,,,,,,,,2025.0
E2ERAIL,E TO E Transportation Infrastructure Limited,SME,2025-12-26,2025-12-30,2026-01-02,RS.164 to RS.174,174.0,sme,,,,,,,,,,,,,,,,,,,,,,,,,False,2601.0,,E2ERAIL,,,2026-01-02,SM,,,,,,,,,,,,,,,,,,,,,,,,,,,,,,,,,,,,,,,,,,,,,,,,,,,,42,,-0.07694803214232238,-0.035436436073886246,,,,,,,,,,,,,,,,,,,,,,,2026.0
ADANIENPP1,Adani Enterprises Limited,EQ,2026-01-06,2026-01-08,2026-02-10,Rs.1000,450.0,mainboard,,,,,,,,,,,,,,,,,,,,,,,,,False,,,,,,,,,,,,,,,,,,,,,,,,,,,,,,,,,,,,,,,,,,,,,,,,,,,,,,,,,,,29,,-0.06593446204865716,-0.01010561083260364,,,,,,,,,,,,,,,,,,,,,,,2026.0
VICTORYEV,Victory Electric Vehicles International Limited,SME,2026-01-07,2026-01-09,2026-01-14,RS.41,41.0,sme,,,,,,,,,,,,,,,,,,,,,,,,,False,2600.0,,VICTORYEV,,,2026-01-14,ST,,,,,,,,,,,,,,,,,,,,,,,,,,,,,,,,,,,,,,,,,,,,,,,,,,,,27,,-0.06880985786616234,-0.014013382148718723,,,,,,,,,,,,,,,,,,,,,,,2026.0
BHARATCOAL,Bharat Coking Coal Limited,EQ,2026-01-09,2026-01-13,2026-01-19,Rs.21 to Rs.23,23.0,mainboard,,,,,,,,,,,,,,,,,,,,,,,,,False,341.0,,BHARATCOAL,Metals & Mining,"Metals, Mining & Chemicals",2026-01-19,EQ,,,,,pre_listing,2025-12-31,2026-02-03 15:54:40,9.0,ytd,standalone,11255.759999999998,134.66666666666666,non_financial,453.9333333333334,2026-06-30,457.59999999999997,5778.8,2026-03-31,2026-04-22 22:33:14,453.9333333333334,xbrl_post_quarter,2026-01-19,,-0.16140956136027595,0.004699186535239264,-0.16610874789551522,-0.16190241498275015,0.035471681628552076,-0.19737409661130223,-0.13775258748151786,0.09842393152792228,-0.23617651900944014,,,,-0.11558996262680188,0.040515041205161584,-0.15610500383196346,-0.09610250934329956,0.14285492239254172,-0.23895743173584127,,,,,,,,,,,26,,-0.08558253800125326,-0.027570466869734744,10440.466666666667,False,110.0,77.52821782178219,22.109571310157406,79.0,1.2546313652926298,0.9493670886075949,1.8066842020257954,2.4376983647201405,97.0,-0.2995610683219867,0.36082474226804123,0.9275665673989734,1.2674035870760758,88.0,-0.31216110446224765,0.3977272727272727,-0.2995610683219867,below,industry,"JSWSTEEL,COALINDIA,HINDZINC,VEDL,TATASTEEL,HINDALCO,JINDALSTEL,NMDC",2026.0
AVANA,Avana Electrosystems Limited,SME,2026-01-12,2026-01-14,2026-01-20,Rs.56 to Rs.59,59.0,sme,,,,,,,,,,,,,,,,,,,,,,,,,False,2599.0,,AVANA,,,2026-01-20,ST,,,,,,,,,,,,,,,,,,,,,,,,,,,,,,,,,,,,,,,,,,,,,,,,,,,,26,,-0.10108804755910217,-0.04694022742506376,,,,,,,,,,,,,,,,,,,,,,,2026.0
AMAGI,Amagi Media Labs Limited,EQ,2026-01-13,2026-01-16,2026-01-21,Rs.343 to Rs.361,361.0,mainboard,,,,,,,,,,,,,,,,,,,,,,,,,False,133.0,,AMAGI,Media & Entertainment,Services & Others,2026-01-21,EQ,,,,,pre_listing,2025-12-31,2026-02-11 18:13:14,9.0,ytd,consolidated,1478.1799999999998,49.879999999999995,non_financial,22.755033557046982,2026-06-30,20.355263157894736,1756.809,2026-03-31,2026-05-20 15:44:11,22.755033557046982,xbrl_post_quarter,2026-01-21,,0.1721464465183058,0.032896606972116826,0.13924983954618897,0.0837042354630293,0.07977039563790478,0.003933839825124519,0.7880832735104093,0.14617735224952844,0.6419059212608809,,,,0.061610147553714745,0.026332064627095697,0.03527808292661905,0.43826041936318916,0.12195887422577645,0.3163015451374127,,,,,,,,,,,25,,-0.10708007298015232,-0.05909920965362081,8214.567114093961,False,50.0,164.68659009811472,15.861332674647496,26.0,2.3401599736176215,0.9615384615384616,4.675845304807729,1.5251132924424111,37.0,1.1203412628322387,0.8378378378378378,5.557217060232151,1.28467117977887,40.0,1.464594659842176,0.925,1.464594659842176,well_above,industry,"SUNTV,PVRINOX,PFOCUS,SAREGAMA,TIPSMUSIC,NETWORK18,DBCORP,NAVNETEDUL",2026.0
ARMOUR,Armour Security (India). Ltd,SME,2026-01-14,2026-01-19,2026-01-22,Rs.55 to Rs.57,57.0,sme,,,,,,,,,,,,,,,,,,,,,,,,,False,2598.0,,ARMOUR,,,2026-01-22,ST,,,,,,,,,,,,,,,,,,,,,,,,,,,,,,,,,,,,,,,,,,,,,,,,,,,,25,,-0.10132096293872661,-0.05027515515937897,,,,,,,,,,,,,,,,,,,,,,,2026.0
SHADOWFAX,Shadowfax Technologies Limited,EQ,2026-01-20,2026-01-22,2026-01-28,Rs.118 to Rs.124,124.0,mainboard,,,,,,,,,,,,,,,,,,,,,,,,,False,2009.0,,SHADOWFAX,,Technology,2026-01-28,EQ,,,,,pre_listing,2025-12-31,2026-02-12 16:20:26,9.0,ytd,consolidated,3953.7999999999997,74.52,non_financial,58.94504504504504,2026-06-30,50.52173913043479,1744.84,2026-03-31,2026-05-14 21:34:57,58.94504504504504,xbrl_post_quarter,2026-01-28,,0.07683215130023635,0.02533001269218116,0.05150213860805519,0.5646481178396072,0.08033479224146478,0.48431332559814244,1.189307146753955,0.16158393304155183,1.0277232137124033,,,,0.6469173414575482,0.050536955148452245,0.596380386309096,1.0684678906437903,0.14700124466015763,0.9214666459836327,,,,,,,,,,,24,,-0.11136959788823386,-0.06386266445446698,7309.185585585586,False,192.0,98.08354247967775,29.396770263501956,144.0,1.2049347764759573,0.9375,4.189029129080939,3.0811254269234425,180.0,0.3071740670527437,0.5833333333333334,1.8486482840774916,2.8001976212936492,168.0,-0.4152352789493048,0.3273809523809524,0.3071740670527437,above,sector,"TCS,INFY,HCLTECH,WIPRO,HYUNDAI,LTM,TECHM,PERSISTENT",2026.0
KRMAYURVED,KRM Ayurveda Limited,SME,2026-01-21,2026-01-23,2026-01-29,Rs.128 to Rs.135,135.0,sme,,,,,,,,,,,,,,,,,,,,,,,,,False,2597.0,,KRMAYURVED,,,2026-01-29,SM,,,,,,,,,,,,,,,,,,,,,,,,,,,,,,,,,,,,,,,,,,,,,,,,,,,,24,,-0.13515192182916203,-0.08674761588259916,,,,,,,,,,,,,,,,,,,,,,,2026.0
CKKRETAIL,C K K Retail Mart Limited,SME,2026-01-30,2026-02-03,2026-02-06,Rs.155 to Rs.163,163.0,sme,,,,,,,,,,,,,,,,,,,,,,,,,False,2596.0,,CKKRETAIL,,,2026-02-06,SM,,,,,,,,,,,,,,,,,,,,,,,,,,,,,,,,,,,,,,,,,,,,,,,,,,,,25,,-0.13320541472801584,-0.09893119033344111,,,,,,,,,,,,,,,,,,,,,,,2026.0
BRANDMAN,Brandman Retail Limited,SME,2026-02-04,2026-02-06,2026-02-11,Rs.167 to Rs.176,176.0,sme,,,,,,,,,,,,,,,,,,,,,,,,,False,2594.0,,BRANDMAN,,,2026-02-11,SM,,,,,,,,,,,,,,,,,,,,,,,,,,,,,,,,,,,,,,,,,,,,,,,,,,,,25,,-0.1147856901227241,-0.08445154389054099,,,,,,,,,,,,,,,,,,,,,,,2026.0
GJL,Grover Jewells Limited,SME,2026-02-04,2026-02-06,2026-02-11,Rs.83 to Rs.88,88.0,sme,,,,,,,,,,,,,,,,,,,,,,,,,False,2595.0,,GJL,,,2026-02-11,ST,,,,,,,,,,,,,,,,,,,,,,,,,,,,,,,,,,,,,,,,,,,,,,,,,,,,25,,-0.1147856901227241,-0.08445154389054099,,,,,,,,,,,,,,,,,,,,,,,2026.0
SAMPOORNA,NFP Sampoorna Foods Limited-Issue Withdrawn,SME,2026-02-04,2026-02-06,,Rs.52 to Rs.55,,sme,,,,,,,,,,,,,,,,,,,,,,,,,False,,,,,,,,,,,,,,,,,,,,,,,,,,,,,,,,,,,,,,,,,,,,,,,,,,,,,,,,,,,25,,-0.1147856901227241,-0.08445154389054099,,,,,,,,,,,,,,,,,,,,,,,
BIOPOL,Biopol Chemicals Limited,SME,2026-02-06,2026-02-10,2026-02-13,Rs.102 to Rs.108,108.0,sme,,,,,,,,,,,,,,,,,,,,,,,,,False,2593.0,,BIOPOL,,,2026-02-13,SM,,,,,,,,,,,,,,,,,,,,,,,,,,,,,,,,,,,,,,,,,,,,,,,,,,,,23,,-0.1171869367745656,-0.06695483984409345,,,,,,,,,,,,,,,,,,,,,,,2026.0
AYE,Aye Finance Limited,EQ,2026-02-09,2026-02-11,2026-02-16,Rs.122 to Rs.129,129.0,mainboard,,,,,,,,,,,,,,,,,,,,,,,,,False,267.0,,AYE,,Financial Services,2026-02-16,EQ,,,,,,,,,,,,,,,,,,,,,,2026-02-16,,-0.15025987122798845,-0.05178601039349484,-0.09847386083449361,0.0893646730276938,0.049692919470751384,0.03967175355694241,0.31890466216740365,0.15226063205714246,0.1666440301102612,,,,,,,,,,,,,,,,,,,,22,,-0.12021760951182037,-0.06789345507210609,,,,,,,,,,,,,,,,,,,,,,,2026.0
FRACTAL,Fractal Analytics Limited,EQ,2026-02-09,2026-02-11,2026-02-16,Rs.857 to Rs.900,900.0,mainboard,,,,,,,,,,,,,,,,,,,,,,,,,False,755.0,,FRACTAL,Artificial Intelligence,Technology,2026-02-16,EQ,,,,,pre_listing,2025-12-31,2026-03-05 21:07:16,9.0,ytd,consolidated,3217.866666666667,232.53333333333333,non_financial,17.21577726218098,2026-06-30,16.031249999999996,3184.9,2026-03-31,2026-05-11 23:50:22,17.21577726218098,xbrl_post_quarter,2026-02-16,,-0.04839756831729913,-0.05178601039349484,0.003388442076195708,0.08304314466151208,0.049692919470751384,0.033350225190760696,-0.0005311928229946306,0.15226063205714246,-0.1527918248801371,,,,0.1788577154308617,0.07913916302473067,0.09971855240613103,-0.025989478957915813,0.19515698149420957,-0.22114646045212538,,,,,,,,,,,22,,-0.12021760951182037,-0.06789345507210609,15494.19953596288,False,194.0,66.63216543562018,26.642671859628024,146.0,0.916673289781269,0.8698630136986302,4.864893571529053,3.1172041709186997,181.0,0.44510833802279176,0.6353591160220995,4.815053307355664,2.730578790441838,170.0,0.567233518414171,0.7823529411764706,0.567233518414171,well_above,sector,"TCS,INFY,HCLTECH,WIPRO,HYUNDAI,LTM,TECHM,PERSISTENT",2026.0
MARUSHIKA,Marushika Technology Limited,SME,2026-02-12,2026-02-16,2026-02-19,Rs.111 to Rs.117,117.0,sme,,,,,,,,,,,,,,,,,,,,,,,,,False,2592.0,,MARUSHIKA,,,2026-02-19,SM,,,,,,,,,,,,,,,,,,,,,,,,,,,,,,,,,,,,,,,,,,,,,,,,,,,,24,,-0.09219012549702477,-0.043822630058732104,,,,,,,,,,,,,,,,,,,,,,,2026.0
GAUDIUMIVF,Gaudium IVF and Women Health Limited,BE,2026-02-20,2026-02-24,2026-02-27,Rs.75 to Rs.79,79.0,mainboard,,,,,,,,,,,,,,,,,,,,,,,,,False,779.0,,GAUDIUMIVF,Hospitals,Healthcare & Pharmaceuticals,2026-02-27,BE,,,,,pre_listing,2025-12-31,2026-03-18 22:06:44,9.0,ytd,consolidated,98.67439999999999,21.532,non_financial,7.1036,2026-06-30,6.153389830508475,152.3021,2026-03-31,2026-05-29 01:28:10,7.1036,xbrl_post_quarter,2026-02-27,,-0.04672314976326941,-0.07282893763321685,0.02610578786994744,0.3182157986543732,0.07388995060150316,0.24432584805287005,0.4607525541988535,0.16144398512692804,0.2993085690719255,,,,0.3760397268777158,0.20547337027434653,0.17056635660336927,0.4610800744878958,0.24795553522105318,0.2131245392668426,,,,,,,,,,,20,,-0.1133687882300094,-0.05588903093988884,561.1844,False,17.0,26.062808842652796,47.87953792040293,11.0,-0.6081788802913541,0.09090909090909091,3.6846793314077746,7.292159197569289,12.0,-0.6826161865054935,0.08333333333333333,5.6872339735534245,6.348268461071487,12.0,-0.10995808312150138,0.5,-0.6081788802913541,below,industry,"NH,ASTERDM,MEDANTA,KIMS,LALPATHLAB,AGARWALEYE,RAINBOW,PARKHOSPS",2026.0
MANILAM,Manilam Industries India Limited,SME,2026-02-20,2026-02-24,2026-02-27,Rs.65 to Rs.69,69.0,sme,,,,,,,,,,,,,,,,,,,,,,,,,False,2591.0,,MANILAM,,,2026-02-27,SM,,,,,,,,,,,,,,,,,,,,,,,,,,,,,,,,,,,,,,,,,,,,,,,,,,,,20,,-0.1133687882300094,-0.05588903093988884,,,,,,,,,,,,,,,,,,,,,,,2026.0
CLEANMAX,Clean Max Enviro Energy Solutions Limited,EQ,2026-02-23,2026-02-25,2026-03-02,Rs.1000 to Rs.1053,1053.0,mainboard,,,,,,,,,,,,,,,,,,,,,,,,,False,479.0,,CLEANMAX,Power,Energy,2026-03-02,EQ,,,,,pre_listing,2025-12-31,2026-03-17 22:03:23,9.0,ytd,consolidated,1807.2133333333334,51.616,non_financial,11.719082125603867,2026-06-30,10.24037037037037,4638.266,2026-03-31,2026-05-12 23:11:19,11.719082125603867,xbrl_post_quarter,2026-03-02,,-0.030086455331412076,-0.04483517753074373,0.014748722199331654,0.4088760806916427,0.07499807450386387,0.33387800618777885,0.5537752161383287,0.18619547636774425,0.36757973977058445,,,,0.719391284297902,0.17118760950404366,0.5482036747938583,0.5765506110214433,0.20503776342837154,0.3715128475930718,,,,,,,,,,,20,,-0.11498810467882636,-0.04574033933776822,12340.193478260871,False,20.0,239.07690402706277,21.934519830539138,18.0,2.3887236305277826,1.0,2.660518710712338,1.9827232121532834,19.0,0.2940498483709617,0.5789473684210527,6.828299266418024,3.1838012853783324,19.0,0.7629997776021109,0.8421052631578947,0.7629997776021109,well_above,industry,"NTPC,ENRIN,ADANIENSOL,JSWENERGY,NHPC,NLCINDIA,SJVN,CESC",2026.0
MOBILISE,Mobilise App Lab Limited,SME,2026-02-23,2026-02-25,2026-03-02,Rs.75 to Rs.80,80.0,sme,,,,,,,,,,,,,,,,,,,,,,,,,False,2590.0,,MOBILISE,,,2026-03-02,SM,,,,,,,,,,,,,,,,,,,,,,,,,,,,,,,,,,,,,,,,,,,,,,,,,,,,20,,-0.11498810467882636,-0.04574033933776822,,,,,,,,,,,,,,,,,,,,,,,2026.0
SRTL,Shree Ram Twistex Limited,BE,2026-02-23,2026-02-25,2026-03-02,Rs.95 to Rs.104,104.0,mainboard,,,,,,,,,,,,,,,,,,,,,,,,,False,2139.0,,SRTL,Manufacturing,Industrials & Infrastructure,2026-03-02,EQ,,,,,pre_listing,2025-12-31,2026-03-19 15:46:17,9.0,ytd,standalone,299.9968,14.3112,non_financial,3.032436974789916,2026-06-30,2.939527559055118,198.4757,2026-03-31,2026-05-13 17:26:23,3.032436974789916,xbrl_post_quarter,2026-03-02,,-0.35546218487394954,-0.04483517753074373,-0.3106270073432058,-0.4224089635854342,0.07499807450386387,-0.4974070380892981,-0.4718487394957983,0.18619547636774425,-0.6580442158635426,,,,-0.16460140437835602,0.1969145379750472,-0.36151594235340323,-0.20735233374638573,0.22739057392703454,-0.4347429076734203,,,,,,,,,,,20,,-0.11498810467882636,-0.04574033933776822,315.37344537815125,False,246.0,22.036827476252952,21.450651927403566,180.0,0.0269599922170082,0.5222222222222223,1.5889776198202161,1.4262360549046027,218.0,0.1080519583212764,0.5458715596330275,1.0512560313248382,1.0087775146864106,214.0,0.04124645332608792,0.5186915887850467,0.04124645332608792,in_line,industry,"SUPREMEIND,ASTRAL,3MINDIA,PAGEIND,KPRMILL,CENTURYPLY,LMW,VTL",2026.0
PNGSREVA,PNGS Reva Diamond Jewellery Limited,EQ,2026-02-24,2026-02-26,2026-03-04,Rs.367 to Rs.386,386.0,mainboard,,,,,,,,,,,,,,,,,,,,,,,,,False,1726.0,,PNGSREVA,Consumer Services,Consumer & FMCG,2026-03-04,EQ,,,,,pre_listing,2025-12-31,2026-03-19 09:16:18,9.0,ytd,standalone,401.20266666666663,57.66133333333333,non_financial,3.1713286713286712,2026-06-30,2.1867549668874173,515.2,2026-03-31,2026-05-11 21:43:10,3.1713286713286712,xbrl_post_quarter,2026-03-04,,-0.0913286373572989,-0.022926966807863325,-0.06840167054943558,-0.05489434053922748,0.11323161055958453,-0.168125951098812,0.3119990284187515,0.21202772349940346,0.09997130491934803,,,,0.05525386912842789,0.1969145379750472,-0.14166066884661932,0.42234591365734464,0.22739057392703454,0.1949553397303101,,,,,,,,,,,20,,-0.11115331932143979,-0.03538187935013848,1224.1328671328672,False,41.0,21.229701020895583,24.25932877940019,31.0,-0.13340004258591892,0.41935483870967744,2.376034291795161,2.908621522615703,40.0,-0.20224643141196302,0.425,3.0511583517213263,1.4848724046329675,31.0,0.7201924602109322,0.6774193548387096,-0.13340004258591892,in_line,industry,"TITAN,IRCTC,KALYANKJIL,TRAVELFOOD,TBOTEK,ABLBL,THANGAMAYL,BATAINDIA",2026.0
OMNI,Omnitech Engineering Limited,EQ,2026-02-25,2026-02-27,2026-03-05,Rs.216 to Rs.227,227.0,mainboard,,,,,,,,,,,,,,,,,,,,,,,,,False,1615.0,,OMNI,Engineering,Industrials & Infrastructure,2026-03-05,EQ,,,,,pre_listing,2025-12-31,2026-03-14 12:59:13,9.0,ytd,consolidated,483.43466666666666,66.744,non_financial,12.386958333333334,2026-06-30,10.915686274509804,679.721,2026-03-31,2026-05-25 19:50:07,12.386958333333334,xbrl_post_quarter,2026-03-05,,0.6089396379251453,0.0011476973311996819,0.6077919405939456,1.4022837066315326,0.08516884082569565,1.317114865805837,1.5662421314595227,0.19795030955498438,1.3682918219045384,,,,1.261295042985184,0.1964984092889419,1.064796633696242,1.5432138284250958,0.2352428620640743,1.3079709663610215,,,,,,,,,,,19,,-0.11641609778009465,-0.04210504166315976,2811.8395416666667,False,127.0,42.128723805385754,22.74579848352182,103.0,0.6163493374083437,0.7766990291262136,4.1367554359313115,2.4040339926543224,116.0,0.5427636128351803,0.7844827586206896,5.816379617652575,1.7171402823675963,121.0,1.220017728764424,0.859504132231405,0.6163493374083437,well_above,industry,"LT,BEL,BHEL,RVNL,AIAENG,THERMAX,IRB,KPIL",2026.0
YAAP,Yaap Digital Limited,SME,2026-02-25,2026-02-27,2026-03-05,Rs.138 to Rs.145,145.0,sme,,,,,,,,,,,,,,,,,,,,,,,,,False,2589.0,,YAAP,,,2026-03-05,SM,,,,,,,,,,,,,,,,,,,,,,,,,,,,,,,,,,,,,,,,,,,,,,,,,,,,19,,-0.11641609778009465,-0.04210504166315976,,,,,,,,,,,,,,,,,,,,,,,2026.0
STRIDERS,Striders Impex Limited,SME,2026-02-26,2026-03-02,2026-03-06,Rs.71 to Rs.72,72.0,sme,,,,,,,,,,,,,,,,,,,,,,,,,False,2588.0,,STRIDERS,,,2026-03-06,SM,,,,,,,,,,,,,,,,,,,,,,,,,,,,,,,,,,,,,,,,,,,,,,,,,,,,19,,-0.1107235349899901,-0.04718416142794324,,,,,,,,,,,,,,,,,,,,,,,2026.0
ACETEC,Acetech E-Commerce Limited,SME,2026-02-27,2026-03-04,2026-03-09,Rs.106 to Rs.112,112.0,sme,,,,,,,,,,,,,,,,,,,,,,,,,False,2587.0,,ACETEC,,,2026-03-09,SM,,,,,,,,,,,,,,,,,,,,,,,,,,,,,,,,,,,,,,,,,,,,,,,,,,,,18,,-0.11007192648746966,-0.04308872066571057,,,,,,,,,,,,,,,,,,,,,,,2026.0
SEDEMAC,Sedemac Mechatronics Limited,EQ,2026-03-04,2026-03-06,2026-03-11,Rs.1287 to Rs.1352,1352.0,mainboard,,,,,,,,,,,,,,,,,,,,,,,,,False,1987.0,,SEDEMAC,Hardware,Technology,2026-03-11,EQ,,,,,post_listing,2026-03-31,2026-05-18 17:26:12,12.0,ytd,standalone,1058.38,103.58,non_financial,4.417771883289125,2026-06-30,,449.2,2026-03-31,2026-05-18 17:26:12,4.417771883289125,xbrl_post_quarter,2026-03-11,,0.1755220177796155,0.04729033184137377,0.12823168593824175,0.9145475845909998,0.13327482938159796,0.7812727552094019,1.0334229205430363,0.16743439510393676,0.8659885254390995,,,,0.5908511472837812,0.10094151674807694,0.48990963053570424,,,,,,,,,,,,,,21,,-0.1359726712621241,-0.07096943460579819,5972.827586206897,False,23.0,57.66390795720117,54.262068246978664,15.0,0.060806041946517335,0.6666666666666666,13.29658857125311,5.576388937744724,22.0,0.8689660807923881,1.0,5.643367775474684,3.1859981461526923,21.0,0.5717153809991855,0.7619047619047619,0.5717153809991855,well_above,industry,"KAYNES,REDINGTON,DATAPATTNS,SYRMA,TEJASNET,APOLLO,OLECTRA,EBGNG",2026.0
SPCON,Srinibas Pradhan Constructions Limited,SME,2026-03-06,2026-03-10,2026-03-13,Rs.91 to Rs.98,98.0,sme,,,,,,,,,,,,,,,,,,,,,,,,,False,2586.0,,SPCON,,,2026-03-13,SM,,,,,,,,,,,,,,,,,,,,,,,,,,,,,,,,,,,,,,,,,,,,,,,,,,,,23,,-0.1423307065654409,-0.06959780781042746,,,,,,,,,,,,,,,,,,,,,,,2026.0
RSL,Rajputana Stainless Limited,EQ,2026-03-09,2026-03-11,2026-03-19,Rs.116 to Rs.122,122.0,mainboard,,,,,,,,,,,,,,,,,,,,,,,,,False,1894.0,,RSL,Metals & Mining,"Metals, Mining & Chemicals",2026-03-19,EQ,,,,,pre_listing,2025-12-31,2026-04-09 19:04:48,9.0,ytd,standalone,1002.8822666666666,48.95453333333333,non_financial,8.346818181818183,2026-06-30,6.875027932960894,363.2984,2026-03-31,2026-05-25 19:15:55,8.346818181818183,xbrl_post_quarter,2026-03-19,,0.16738918871096153,0.12466405707217065,0.04272513163879088,0.13500840484827026,0.20547337027434653,-0.07046496542607628,0.6280633460143326,0.24795553522105318,0.3801078107932794,,,,0.0457091824307867,0.1410425282723029,-0.0953333458415162,,,,,,,,,,,,,,23,,-0.1447458172279742,-0.06999378878242046,1018.3118181818182,False,112.0,20.801175066833817,19.727239885289393,85.0,0.053009062769644115,0.5176470588235295,2.8029625734157326,2.2161635444151564,100.0,0.23489935196911954,0.62,1.0153852072451492,1.1172488704878547,93.0,-0.0956012428320519,0.46236559139784944,0.053009062769644115,in_line,industry,"JSWSTEEL,VEDL,COALINDIA,HINDZINC,TATASTEEL,HINDALCO,JINDALSTEL,NATIONALUM",2026.0
INNOVISION,Innovision Limited,EQ,2026-03-10,2026-03-17,2026-03-23,Rs.494 to Rs.519,519.0,mainboard,,,,,,,,,,,,,,,,,,,,,,,,,False,1056.0,,INNOVISION,Other Services,Services & Others,2026-03-23,EQ,,,,,pre_listing,2025-12-31,2026-04-13 18:22:21,9.0,ytd,consolidated,951.012,33.24933333333333,non_financial,2.4705263157894737,2026-06-30,1.5057239057239058,294.199,2026-03-31,2026-05-28 23:58:14,2.4705263157894737,xbrl_post_quarter,2026-03-23,,-0.11691608765366113,0.17429397485394693,-0.29121006250760806,-0.24465526456440412,0.2379530452439249,-0.48260830980832903,-0.32215392838054513,0.27584426169038534,-0.5979981900709305,,,,-0.09425465838509328,0.12819131041529075,-0.22244596880038403,,,,,,,,,,,,,,23,,-0.16463789976874832,-0.08677833754675701,1282.203157894737,False,50.0,38.56327418779535,13.88835195063472,31.0,1.0212498779823005,0.8709677419354839,4.358285235146064,1.734887149158174,42.0,0.9211363177385112,0.7619047619047619,1.3482512921968777,1.405062545380431,35.0,-0.04127340441987746,0.4857142857142857,0.9211363177385112,well_above,industry,"ADANIENT,BSE,GROWW,CRISIL,CHOICEIN,BLS,MMTC,ICRA",2026.0
APSISAERO,Apsis Aerocom Limited,SME,2026-03-11,2026-03-13,2026-03-18,Rs.104 to Rs.110,110.0,sme,,,,,,,,,,,,,,,,,,,,,,,,,False,2585.0,,APSISAERO,,,2026-03-18,ST,,,,,,,,,,,,,,,,,,,,,,,,,,,,,,,,,,,,,,,,,,,,,,,,,,,,20,,-0.14675887158044176,-0.045539702233250656,,,,,,,,,,,,,,,,,,,,,,,2026.0
RSL,Rajputana Stainless Limited-Special Withdrawal Option,EQ,2026-03-12,2026-03-16,,Rs.116 to Rs.122,,mainboard,,,,,,,,,,,,,,,,,,,,,,,,,False,1894.0,,RSL,Metals & Mining,"Metals, Mining & Chemicals",2026-03-19,EQ,,,,,,,,,,,,,,,,,,,,,,,,,,,,,,,,,,,,,,,,,,,,,,,,,,,,21,,-0.15004741491656637,-0.05877367789162746,,,,,,,,,,,,,,,,,,,,,,,
GSPCROP,GSP Crop Science Limited,EQ,2026-03-16,2026-03-18,2026-03-24,Rs.304 to Rs.320,320.0,mainboard,,,,,,,,,,,,,,,,,,,,,,,,,False,874.0,,GSPCROP,Chemicals,"Metals, Mining & Chemicals",2026-03-24,EQ,,,,,pre_listing,2025-12-31,2026-04-11 19:05:18,9.0,ytd,consolidated,1486.188,103.22,non_financial,4.655026455026455,2026-06-30,3.8898550724637686,771.663,2026-03-31,2026-05-26 20:22:25,4.655026455026455,xbrl_post_quarter,2026-03-24,,0.15480701754385962,0.1473557816011115,0.007451235942748102,0.09571929824561409,0.21586359503919583,-0.12014429679358174,,,,,,,0.17076607737637706,0.1536147170280373,0.01715136034833975,,,,,,,,,,,,,,19,,-0.1760618445788945,-0.08633047071737587,1489.6084656084656,False,156.0,14.431393776481938,21.568046465059616,118.0,-0.40180693215120744,0.3135593220338983,1.9303873136439944,1.7364411427648374,148.0,0.10588296497527126,0.5540540540540541,1.002301502641971,1.1545120957897468,138.0,-0.14137896859691196,0.4057971014492754,-0.14137896859691196,in_line,industry,"ASIANPAINT,GRASIM,PIDILITIND,SRF,COROMANDEL,FACT,UPL,BERGEPAINT",2026.0
CMPDI,Central Mine Planning & Design Institute Limited,EQ,2026-03-20,2026-03-24,2026-03-30,Rs.163 to Rs.172,172.0,mainboard,,,,,,,,,,,,,,,,,,,,,,,,,False,483.0,,CMPDI,Education,Services & Others,2026-03-30,EQ,,,,,post_listing,2026-03-31,2026-04-21 22:47:29,12.0,ytd,standalone,2316.53,613.18,non_financial,71.33128834355828,2026-06-30,,2283.24,2026-03-31,2026-04-21 22:47:29,71.33128834355828,xbrl_post_quarter,2026-03-30,,0.270543943917954,0.1824900531548208,0.08805389076313319,0.8012462676879137,0.25949630645731325,0.5417499612306005,,,,,,,0.41770099519177006,0.05800958434856085,0.3596914108432092,,,,,,,,,,,,,,17,,-0.18184313703742727,-0.08990666658441648,12268.981595092026,False,220.0,20.008776533957445,20.50656774702391,133.0,-0.024574208742339475,0.48120300751879697,5.373496257551562,1.8915750027183034,183.0,1.0440689520224884,0.8360655737704918,5.296275720621803,1.7780776409084753,171.0,1.0914710756395838,0.7777777777777778,1.0440689520224884,well_above,sector,"BHARTIARTL,ADANIPORTS,HAL,ADANIENT,INDIGO,BSE,INDUSTOWER,GROWW",2026.0
AMIRCHAND,Amir Chand Jagdish Kumar (Exports) Limited,EQ,2026-03-24,2026-03-27,2026-04-02,Rs.201 to Rs.212,212.0,mainboard,,,,,,,,,,,,,,,,,,,,,,,,,False,,,,,,,,,,,,,,,,,,,,,,,,,,,,,,,,,,,,,,,,,,,,,,,,,,,,,,,,,,,17,,-0.2107024616937384,-0.13255057076860255,,,,,,,,,,,,,,,,,,,,,,,2026.0
POWERICA,Powerica Limited,EQ,2026-03-24,2026-03-27,2026-04-02,Rs.375 to Rs.395,395.0,mainboard,,,,,,,,,,,,,,,,,,,,,,,,,False,1739.0,,POWERICA,,Energy,2026-04-02,EQ,,,,,pre_listing,2026-03-31,2026-05-28 22:18:54,12.0,ytd,consolidated,3011.52,267.27,non_financial,12.639278557114228,2026-06-30,11.1282722513089,,,,12.639278557114228,xbrl_post_quarter,2026-04-02,,0.23397435897435903,0.17042402262902834,0.0635503363453307,0.4420512820512821,0.21927134799602,0.22277993405526209,,,,,,,-0.058844863541572257,0.08478351704615683,-0.1436283805877291,,,,,,,,,,,,,,17,,-0.2107024616937384,-0.13255057076860255,4992.51503006012,False,111.0,18.679668612489692,18.2923286388083,88.0,0.02095392051924735,0.5113636363636364,,2.326616645956849,103.0,,,1.6578057027880007,1.9218484175068096,98.0,-0.1477925782330854,0.45918367346938777,-0.06341932885691902,in_line,sector,"RELIANCE,NTPC,ONGC,ADANIPOWER,POWERGRID,IOC,ADANIGREEN,TATAPOWER",2026.0
SAIPARENT,Sai Parenteral's Limited,EQ,2026-03-24,2026-03-27,2026-04-02,Rs.372 to Rs.392,392.0,mainboard,,,,,,,,,,,,,,,,,,,,,,,,,False,1928.0,,SAIPARENT,,Technology,2026-04-02,EQ,,,,,pre_listing,2026-03-31,2026-05-23 18:02:51,12.0,ytd,consolidated,380.998,14.259,non_financial,4.425698324022346,2026-06-30,3.2731343283582093,,,,4.425698324022346,xbrl_post_quarter,2026-04-02,,0.25684002957850627,0.17042402262902834,0.08641600694947793,0.4753512447621395,0.21927134799602,0.25607989676611953,,,,,,,0.07952225398121682,0.0824114653283381,-0.002889211347121279,,,,,,,,,,,,,,17,,-0.2107024616937384,-0.13255057076860255,1734.8737430167598,False,196.0,121.66868244734972,22.324454030557792,147.0,1.695618961892148,0.9523809523809523,,2.5923353953726784,183.0,,,4.553498293998288,2.244274768728472,170.0,0.7075133672464478,0.8176470588235294,1.2015661645692979,well_above,sector,"TCS,INFY,HCLTECH,WIPRO,HYUNDAI,TECHM,LTM,PERSISTENT",2026.0
VIVIDEL,Vivid Electromech Limited,SME,2026-03-25,2026-03-30,2026-04-07,Rs.528 to Rs.555,555.0,sme,,,,,,,,,,,,,,,,,,,,,,,,,False,2584.0,,VIVIDEL,,,2026-04-07,ST,,,,,,,,,,,,,,,,,,,,,,,,,,,,,,,,,,,,,,,,,,,,,,,,,,,,18,,-0.19176976869284557,-0.12021526406973448,,,,,,,,,,,,,,,,,,,,,,,2026.0
OMPOWER,Om Power Transmission Limited,BE,2026-04-09,2026-04-13,2026-04-17,Rs.166 to Rs.175,175.0,mainboard,,,,,,,,,,,,,,,,,,,,,,,,,False,1616.0,,OMPOWER,,Energy,2026-04-17,EQ,,,,,pre_listing,2026-03-31,2026-05-19 20:51:16,12.0,ytd,standalone,449.1649,40.0206,non_financial,,,2.5778018575851394,,,,2.5778018575851394,xbrl_pre_issue,2026-04-17,,-0.017064846416382173,0.013708046291649456,-0.03077289270803163,-0.12131554452373572,0.0963943002265919,-0.21770984475032762,,,,,,,-0.14113489918935773,0.09317336259334885,-0.23430826178270658,,,,,,,,,,,,,,21,,-0.1413463618063142,-0.07812988404804788,451.1153250773994,False,111.0,11.272078006761502,19.262485427055402,88.0,-0.5358307491275678,0.22727272727272727,,2.392080811104374,103.0,,,1.004342336361099,1.9461999181789205,98.0,-0.6615457757414466,0.24489795918367346,-0.5986882624345071,below,sector,"RELIANCE,NTPC,ONGC,ADANIPOWER,POWERGRID,IOC,ADANIGREEN,BPCL",2026.0
ADISOFT,Adisoft Technologies Limited,SME,2026-04-23,2026-04-27,2026-04-30,Rs.163 to Rs.172,172.0,sme,,,,,,,,,,,,,,,,,,,,,,,,,False,2583.0,,ADISOFT,,Technology,2026-04-30,SM,,,,,,,,,,,,,,,,,,,,,,,,,,,,,,,,,,,,,,,,,,,,,,,,,,,,20,,-0.07480188328721227,0.029378736742085465,,,,,,,,,,,,,,,,,,,,,,,2026.0
AMBAAUTO,Amba Auto Sales and Services Limited,SME,2026-04-27,2026-04-29,2026-05-05,Rs.130 to Rs.135,135.0,sme,,,,,,,,,,,,,,,,,,,,,,,,,False,2582.0,,AMBAAUTO,,,2026-05-05,SM,,,,,,,,,,,,,,,,,,,,,,,,,,,,,,,,,,,,,,,,,,,,,,,,,,,,20,,-0.08970846758317008,0.052545013850415545,,,,,,,,,,,,,,,,,,,,,,,2026.0
KISSHT,Onemi Technology Solutions Limited,EQ,2026-04-30,2026-05-05,2026-05-08,Rs.162 to Rs.171,171.0,mainboard,,,,,,,,,,,,,,,,,,,,,,,,,False,1219.0,,KISSHT,Retail,Consumer & FMCG,2026-05-08,EQ,,,,,pre_listing,2026-03-31,2026-05-27 20:13:38,12.0,ytd,consolidated,2179.246,281.452,non_financial,,,7.925072324011573,,,,7.925072324011573,xbrl_pre_issue,2026-05-08,,0.36174088098547674,-0.026382795698924655,0.3881236766844014,0.43771269711930216,0.0527053763440859,0.38500732077521627,,,,,,,0.11245687440358232,0.08478351704615683,0.027673357357425488,,,,,,,,,,,,,,19,,-0.06809447491445897,0.09727972000574625,1355.187367405979,False,39.0,4.81498574323856,44.71809026414195,24.0,-2.22864503930488,0.041666666666666664,,5.629862750003783,34.0,,,0.6218606652970702,1.6688070065151877,30.0,-0.9871482259040786,0.13333333333333333,-1.6078966326044792,below,industry,"DMART,ETERNAL,POLICYBZR,NYKAA,SWIGGY,VMM,METROBRAND,URBANCO",2026.0
VALUE360,Value 360 Communications Limited,SME,2026-05-04,2026-05-06,2026-05-11,Rs.95 to Rs.98,98.0,sme,,,,,,,,,,,,,,,,,,,,,,,,,False,2581.0,,VALUE360,,,2026-05-11,SM,,,,,,,,,,,,,,,,,,,,,,,,,,,,,,,,,,,,,,,,,,,,,,,,,,,,19,,-0.07215385724505463,0.09030008797367306,,,,,,,,,,,,,,,,,,,,,,,2026.0
SIMCA,Simca Advertising Limited,SME,2026-05-08,2026-05-12,2026-05-15,Rs.174 to Rs.183,183.0,sme,,,,,,,,,,,,,,,,,,,,,,,,,False,2580.0,,SIMCA,,,2026-05-15,SM,,,,,,,,,,,,,,,,,,,,,,,,,,,,,,,,,,,,,,,,,,,,,,,,,,,,19,,-0.034565751457107496,0.12891145544564098,,,,,,,,,,,,,,,,,,,,,,,2026.0
RFBL,RFBL Flexi Pack Limited,SME,2026-05-12,2026-05-14,2026-05-19,Rs.47 to Rs.50,50.0,sme,,,,,,,,,,,,,,,,,,,,,,,,,False,2579.0,,RFBL,,,2026-05-19,ST,,,,,,,,,,,,,,,,,,,,,,,,,,,,,,,,,,,,,,,,,,,,,,,,,,,,17,,-0.04318916610748491,0.08088044128564209,,,,,,,,,,,,,,,,,,,,,,,2026.0
NFPSAMPOOR,NFP Sampoorna Foods Limited,SME,2026-05-18,2026-05-20,2026-05-25,Rs.52 to Rs.55,55.0,sme,,,,,,,,,,,,,,,,,,,,,,,,,False,2578.0,,NFPSAMPOOR,,,2026-05-25,SM,,,,,,,,,,,,,,,,,,,,,,,,,,,,,,,,,,,,,,,,,,,,,,,,,,,,15,,-0.0726141424000265,0.02791232297403634,,,,,,,,,,,,,,,,,,,,,,,2026.0
TEAMTECH,Teamtech Formwork Solutions Limited,SME,2026-05-19,2026-05-21,2026-05-26,Rs.61 to Rs.63,63.0,sme,,,,,,,,,,,,,,,,,,,,,,,,,False,2577.0,,TEAMTECH,,,2026-05-26,ST,,,,,,,,,,,,,,,,,,,,,,,,,,,,,,,,,,,,,,,,,,,,,,,,,,,,15,,-0.08643656105987574,0.007602748733130049,,,,,,,,,,,,,,,,,,,,,,,2026.0
BMLL,Bio Medica Laboratories Limited,SME,2026-05-21,2026-05-25,2026-05-29,Rs.132 to Rs.139,139.0,sme,,,,,,,,,,,,,,,,,,,,,,,,,False,2575.0,,BMLL,,,2026-05-29,SM,,,,,,,,,,,,,,,,,,,,,,,,,,,,,,,,,,,,,,,,,,,,,,,,,,,,15,,-0.07510134591815798,0.026332064627095697,,,,,,,,,,,,,,,,,,,,,,,2026.0
QLINE,Q-Line Biotech Limited,SME,2026-05-21,2026-05-25,2026-05-29,Rs.326 to Rs.343,343.0,sme,,,,,,,,,,,,,,,,,,,,,,,,,False,2576.0,,QLINE,,,2026-05-29,SM,,,,,,,,,,,,,,,,,,,,,,,,,,,,,,,,,,,,,,,,,,,,,,,,,,,,15,,-0.07510134591815798,0.026332064627095697,,,,,,,,,,,,,,,,,,,,,,,2026.0
CMRGREEN,CMR Green Technologies Limited,EQ,2026-06-03,2026-06-05,2026-06-10,Rs.182 to Rs.192,192.0,mainboard,,,,,,,,,,,,,,,,,,,,,,,,,False,484.0,,CMRGREEN,,Technology,2026-06-10,EQ,,,,,pre_listing,2026-03-31,2026-06-30 22:21:31,12.0,ytd,consolidated,8640.19,212.4,non_financial,,,21.874149659863946,,,,21.874149659863946,xbrl_pre_issue,2026-06-10,,-0.0733830845771144,0.0796016195007434,-0.1529847040778578,-0.07893864013266993,0.10392988121873681,-0.18286852135140674,,,,,,,,,,,,,,,,,,,,,,,11,,-0.06020862563289209,0.06361305588070088,4199.836734693878,False,200.0,19.773242630385486,25.6865040426472,171.0,-0.26163607798622224,0.3508771929824561,,3.195565610033787,191.0,,,0.48608152537083993,2.6588805237690134,193.0,-1.699284099956133,0.07253886010362694,-0.9804600889711776,below,sector,"TCS,INFY,HCLTECH,WIPRO,HYUNDAI,TECHM,LTM,OFSS",2026.0
GENXAI,GenXAI Analytics Limited,SME,2026-06-05,2026-06-09,2026-06-12,Rs.110 to Rs.116,116.0,sme,,,,,,,,,,,,,,,,,,,,,,,,,False,2574.0,,GENXAI,,Technology,2026-06-12,SM,,,,,,,,,,,,,,,,,,,,,,,,,,,,,,,,,,,,,,,,,,,,,,,,,,,,10,,-0.05432473949523897,0.06264235127699425,,,,,,,,,,,,,,,,,,,,,,,2026.0
HEXAGON,Hexagon Nutrition Limited,BE,2026-06-05,2026-06-09,2026-06-12,Rs.42 to Rs.45,45.0,mainboard,,,,,,,,,,,,,,,,,,,,,,,,,False,934.0,,HEXAGON,FMCG,Consumer & FMCG,2026-06-12,BE,,,,,pre_listing,2026-03-31,2026-06-30 19:40:17,12.0,ytd,consolidated,382.628,37.937,non_financial,,,11.014141414141415,,,,11.014141414141415,xbrl_pre_issue,2026-06-12,,0.5015791551519937,0.05245007055406914,0.44912908459792455,0.34563758389261756,0.07929574743399836,0.2663418364586192,,,,,,,,,,,,,,,,,,,,,,,10,,-0.05432473949523897,0.06264235127699425,495.6363636363637,False,37.0,13.0647221350229,30.01486055545324,33.0,-0.831776980007519,0.12121212121212122,,4.3958351696310745,36.0,,,1.2953478669526635,3.0649710101464485,37.0,-0.8612588287816821,0.2702702702702703,-0.8465179043946005,below,industry,"HINDUNILVR,ITC,GODREJCP,LENSKART,DABUR,COLPAL,GODFRYPHLP,PGHH",2026.0
UTKAL,Utkal Speciality Industries India Limited,SME,2026-06-10,2026-06-12,2026-06-17,Rs.62 to Rs.66,66.0,sme,,,,,,,,,,,,,,,,,,,,,,,,,False,2573.0,,UTKAL,,,2026-06-17,SM,,,,,,,,,,,,,,,,,,,,,,,,,,,,,,,,,,,,,,,,,,,,,,,,,,,,9,,-0.05849780671350846,0.11323161055958453,,,,,,,,,,,,,,,,,,,,,,,2026.0
CLAYCRAFT,Clay Craft India Limited,SME,2026-06-17,2026-06-19,2026-06-24,Rs.193 to Rs.203,203.0,sme,,,,,,,,,,,,,,,,,,,,,,,,,False,2572.0,,CLAYCRAFT,,,2026-06-24,SM,,,,,,,,,,,,,,,,,,,,,,,,,,,,,,,,,,,,,,,,,,,,,,,,,,,,11,,-0.03677012915712352,0.13327482938159796,,,,,,,,,,,,,,,,,,,,,,,2026.0
AVIENCE,Avience Biomedicals Limited,SME,2026-06-18,2026-06-22,2026-06-25,Rs.196 to Rs.208,208.0,sme,,,,,,,,,,,,,,,,,,,,,,,,,False,2571.0,,AVIENCE,,,2026-06-25,SM,,,,,,,,,,,,,,,,,,,,,,,,,,,,,,,,,,,,,,,,,,,,,,,,,,,,10,,-0.02975493974700949,0.14602608988992194,,,,,,,,,,,,,,,,,,,,,,,2026.0
TURTLEMINT,Turtlemint Fintech Solutions Limited,EQ,2026-06-19,2026-06-23,2026-06-29,Rs.144 to Rs.152,152.0,mainboard,,,,,,,,,,,,,,,,,,,,,,,,,False,2349.0,,TURTLEMINT,Insurance,Financial Services,2026-06-29,EQ,,,,,pre_listing,2026-03-31,2026-07-17 20:53:22,12.0,ytd,consolidated,1098.283,-184.266,non_financial,,,26.025000000000002,,,,26.025000000000002,xbrl_pre_issue,2026-06-29,,-0.09994828987220217,0.006915593997593783,-0.10686388386979595,-0.355544064416045,0.030607959318032396,-0.3861520237340774,,,,,,,,,,,,,,,,,,,,,,,10,,-0.023274901149603844,0.18543496550563687,3955.8,True,28.0,,22.05194041203241,16.0,,,,1.5317702166520946,22.0,,,3.60180390664337,8.715969643427563,20.0,-0.883722129080838,0.4,-0.883722129080838,below_loss_making,sector,"CDSL,CAMS,TSFINV,CRAMC,RBA,RANEHOLDIN,STEL,AFSL",2026.0
CORDELIA,Waterways Leisure Tourism Limited,EQ,2026-06-23,2026-06-25,2026-07-01,Rs.769 to Rs.808,808.0,mainboard,,,,,,,,,,,,,,,,,,,,,,,,,False,506.0,,CORDELIA,Retail,Consumer & FMCG,2026-07-01,EQ,,,,,pre_listing,2026-06-30,2026-07-22 18:18:17,3.0,inc,consolidated,760.448,91.092,non_financial,,,6.5252148997134665,,,,6.5252148997134665,xbrl_pre_issue,,,,,,,,,,,,,,,,,,,,,,,,,,,,,,,8,,-0.010123500607243652,0.19881460089324698,5272.373638968481,False,40.0,57.879656160458445,45.65086766819972,26.0,0.23734334735610044,0.6153846153846154,,3.564462542511403,34.0,,,6.933246768968399,1.6254221249790382,36.0,1.4505606614508897,0.8611111111111112,0.843952004403495,well_above,industry,"DMART,ETERNAL,NYKAA,POLICYBZR,SWIGGY,VMM,METROBRAND,URBANCO",2026.0
RAMBHAJO,Advit Jewels Limited,BE,2026-06-23,2026-06-25,2026-07-01,Rs.130 to Rs.138,138.0,mainboard,,,,,,,,,,,,,,,,,,,,,,,,,False,1816.0,,RAMBHAJO,Consumer Services,Consumer & FMCG,2026-07-01,EQ,,,,,pre_listing,2026-06-30,2026-08-10 18:59:30,3.0,inc,standalone,141.284,32.7472,non_financial,,,3.327967479674797,,,,3.327967479674797,xbrl_pre_issue,2026-07-01,,-0.008246963111557037,0.0024745036246842655,-0.010721466736241303,,,,,,,,,,,,,,,,,,,,,,,,,,8,,-0.010123500607243652,0.19881460089324698,459.25951219512194,False,43.0,14.024390243902438,24.314395306755642,41.0,-0.5502706003091354,0.3170731707317073,,2.5026493649083497,42.0,,,3.250612328325373,1.807204883756606,43.0,0.5870619987538873,0.6744186046511628,0.01839569922237594,in_line,industry,"TITAN,IRCTC,KALYANKJIL,TRAVELFOOD,THANGAMAYL,TBOTEK,ABLBL,BATAINDIA",2026.0
SHREEDHAR,Shreedhar Spinners Limited,SME,2026-06-23,2026-06-25,2026-07-01,Rs.51 to Rs.53,53.0,sme,,,,,,,,,,,,,,,,,,,,,,,,,False,2570.0,,SHREEDHAR,,,2026-07-01,ST,,,,,,,,,,,,,,,,,,,,,,,,,,,,,,,,,,,,,,,,,,,,,,,,,,,,8,,-0.010123500607243652,0.19881460089324698,,,,,,,,,,,,,,,,,,,,,,,2026.0
CSM,CSM Technologies Limited,BE,2026-06-24,2026-06-29,2026-07-02,Rs.107 to Rs.113,113.0,mainboard,,,,,,,,,,,,,,,,,,,,,,,,,False,529.0,,CSM,,Technology,2026-07-02,EQ,,,,,pre_listing,2026-06-30,2026-08-14 17:52:30,3.0,inc,consolidated,170.8104,-33.2228,non_financial,,,3.8811682242990653,,,,3.8811682242990653,xbrl_pre_issue,2026-07-02,,-0.02394038192827197,-0.0035282636438703774,-0.020412118284401592,,,,,,,,,,,,,,,,,,,,,,,,,,8,,-0.015785562573825684,0.17118760950404366,438.57200934579436,True,200.0,,24.54116703423801,171.0,,,,3.2733174696450225,191.0,,,2.5675954704502444,2.5831969498870837,193.0,-0.0060579133756361305,0.49222797927461137,-0.0060579133756361305,in_line_loss_making,sector,"TCS,INFY,HCLTECH,WIPRO,HYUNDAI,TECHM,LTM,OFSS",2026.0
SPGCL,Sri Priyanka Geo Commex Limited-Issue Withdrawn,SME,2026-06-24,2026-06-29,,Rs.207 to Rs.212,,sme,,,,,,,,,,,,,,,,,,,,,,,,,False,,,,,,,,,,,,,,,,,,,,,,,,,,,,,,,,,,,,,,,,,,,,,,,,,,,,,,,,,,,8,,-0.015785562573825684,0.17118760950404366,,,,,,,,,,,,,,,,,,,,,,,
ICEL,IC Electricals Company Limited-Issue postponed,SME,2026-06-25,2026-06-30,,Rs.94 to Rs.99,,sme,,,,,,,,,,,,,,,,,,,,,,,,,False,,,,,,,,,,,,,,,,,,,,,,,,,,,,,,,,,,,,,,,,,,,,,,,,,,,,,,,,,,,8,,-0.0137336889914208,0.20547337027434653,,,,,,,,,,,,,,,,,,,,,,,
AASTHA,Aastha Spintex Limited,BE,2026-06-29,2026-07-01,2026-07-06,Rs.125 to Rs.136,136.0,mainboard,,,,,,,,,,,,,,,,,,,,,,,,,False,27.0,,AASTHA,Manufacturing,Industrials & Infrastructure,2026-07-06,EQ,,,,,pre_listing,2026-06-30,2026-08-14 16:50:18,3.0,inc,standalone,309.8752,12.3712,non_financial,,,3.155918367346939,,,,3.155918367346939,xbrl_pre_issue,2026-07-06,,-0.38662173052970916,0.0063998318453863945,-0.39302156237509556,,,,,,,,,,,,,,,,,,,,,,,,,,7,,-0.018167399610698465,0.1969145379750472,429.2048979591837,False,248.0,34.693877551020414,21.17441534556775,195.0,0.4937696023756682,0.6564102564102564,,1.5525149592078136,226.0,,,1.385089539140866,1.0309321837286503,233.0,0.2953013610562111,0.6223175965665236,0.39453548171593966,above,industry,"PAGEIND,SUPREMEIND,KPRMILL,ASTRAL,3MINDIA,VTL,LMW,CENTURYPLY",2026.0
TEJA,Teja Engineering Industries Limited,SME,2026-06-30,2026-07-02,2026-07-07,Rs.220,220.0,sme,,,,,,,,,,,,,,,,,,,,,,,,,False,2568.0,,TEJA,,,2026-07-07,SM,,,,,,,,,,,,,,,,,,,,,,,,,,,,,,,,,,,,,,,,,,,,,,,,,,,,8,,-0.02288670885022992,0.2379530452439249,,,,,,,,,,,,,,,,,,,,,,,2026.0
VMOBILE,Vinit Mobile Limited,SME,2026-06-30,2026-07-02,2026-07-07,Rs.150 to Rs.158,158.0,sme,,,,,,,,,,,,,,,,,,,,,,,,,False,2569.0,,VMOBILE,,,2026-07-07,SM,,,,,,,,,,,,,,,,,,,,,,,,,,,,,,,,,,,,,,,,,,,,,,,,,,,,8,,-0.02288670885022992,0.2379530452439249,,,,,,,,,,,,,,,,,,,,,,,2026.0
KNACK,Knack Packaging Limited,EQ,2026-07-01,2026-07-03,2026-07-08,Rs.161 to Rs.170,170.0,mainboard,,,,,,,,,,,,,,,,,,,,,,,,,False,1227.0,,KNACK,Manufacturing,Industrials & Infrastructure,2026-07-08,EQ,,,,,pre_listing,2026-06-30,2026-08-10 16:20:28,3.0,inc,consolidated,1049.836,122.112,non_financial,,,10.009180327868853,,,,10.009180327868853,xbrl_pre_issue,2026-07-08,,0.1351513826647721,0.04322958989424874,0.09192179277052337,,,,,,,,,,,,,,,,,,,,,,,,,,8,,-0.017302285343522406,0.21586359503919583,1701.560655737705,False,248.0,13.934426229508198,21.85790028819925,195.0,-0.4501999401341078,0.28205128205128205,,1.5271301392762175,226.0,,,1.620787109355847,1.0334631138032706,233.0,0.4499964922805522,0.6609442060085837,-0.00010172392677779141,in_line,industry,"PAGEIND,KPRMILL,SUPREMEIND,3MINDIA,ASTRAL,VTL,LMW,CENTURYPLY",2026.0
ICELCO,IC Electricals Company Limited,SME,2026-07-03,2026-07-07,2026-07-10,Rs.94 to Rs.99,99.0,sme,,,,,,,,,,,,,,,,,,,,,,,,,False,2567.0,,ICELCO,,,2026-07-10,SM,,,,,,,,,,,,,,,,,,,,,,,,,,,,,,,,,,,,,,,,,,,,,,,,,,,,8,,-0.0027145732934790168,0.22708430709604333,,,,,,,,,,,,,,,,,,,,,,,2026.0
KUSUMGAR,Kusumgar Limited,EQ,2026-07-08,2026-07-10,2026-07-15,Rs.398 to Rs.419,419.0,mainboard,,,,,,,,,,,,,,,,,,,,,,,,,False,1271.0,,KUSUMGAR,Manufacturing,Industrials & Infrastructure,2026-07-15,EQ,,,,,pre_listing,2026-06-30,2026-08-11 17:41:15,3.0,inc,consolidated,988.988,170.588,non_financial,,,10.202631578947368,,,,10.202631578947368,xbrl_pre_issue,2026-07-15,,-0.007548108825480959,0.014811151600880867,-0.022359260426361827,,,,,,,,,,,,,,,,,,,,,,,,,,9,,-0.006941909218634135,0.21927134799602,4274.902631578947,False,248.0,25.05980861244019,22.010694821731214,194.0,0.12973684876881936,0.5618556701030928,,1.6049203724396157,225.0,,,4.3225020238657565,1.0474622394082602,232.0,1.4174640829248875,0.8836206896551724,0.7736004658468534,well_above,industry,"PAGEIND,SUPREMEIND,3MINDIA,KPRMILL,ASTRAL,VTL,CENTURYPLY,LMW",2026.0
HAPPY,Happy Steels Limited,SME,2026-07-09,2026-07-13,2026-07-16,Rs.62 to Rs.66,66.0,sme,,,,,,,,,,,,,,,,,,,,,,,,,False,2566.0,,HAPPY,,,2026-07-16,SM,,,,,,,,,,,,,,,,,,,,,,,,,,,,,,,,,,,,,,,,,,,,,,,,,,,,10,,-0.026589448297987484,0.1825075511445151,,,,,,,,,,,,,,,,,,,,,,,2026.0
LASERPOWER,Laser Power & Infra Limited,EQ,2026-07-09,2026-07-13,2026-07-16,Rs.203 to Rs.214,214.0,mainboard,,,,,,,,,,,,,,,,,,,,,,,,,False,1287.0,,LASERPOWER,,Energy,2026-07-16,EQ,,,,,pre_listing,2026-06-30,2026-08-10 18:24:12,3.0,inc,consolidated,2086.1888,82.9296,non_financial,,,11.517999999999999,,,,11.517999999999999,xbrl_pre_issue,2026-07-16,,0.15425653532505135,0.009373766155596153,0.1448827691694552,,,,,,,,,,,,,,,,,,,,,,,,,,10,,-0.026589448297987484,0.1825075511445151,2464.852,False,116.0,29.72222222222222,20.470196347692845,103.0,0.372924997399376,0.6310679611650486,,2.494941363828384,109.0,,,1.18150955464817,1.9404752041434197,112.0,-0.4961399891774696,0.30357142857142855,-0.06160749588904679,in_line,sector,"RELIANCE,ADANIPOWER,NTPC,ONGC,POWERGRID,ADANIGREEN,IOC,SOLARINDS",2026.0
ALPINETEX,Alpine Texworld Limited,BE,2026-07-14,2026-07-16,2026-07-21,Rs.100 to Rs.105,105.0,mainboard,,,,,,,,,,,,,,,,,,,,,,,,,False,131.0,,ALPINETEX,Manufacturing,Industrials & Infrastructure,2026-07-21,EQ,,,,,pre_listing,2026-06-30,2026-08-14 17:48:13,3.0,inc,consolidated,3589.408,174.828,non_financial,,,26.489090909090912,,,,26.489090909090912,xbrl_pre_issue,2026-07-21,,-0.4097243107769424,0.007237169217170214,-0.4169614799941126,,,,,,,,,,,,,,,,,,,,,,,,,,10,,0.0,0.17209384826251695,2781.3545454545456,False,248.0,15.90909090909091,22.291585975368882,194.0,-0.33731859561982974,0.31443298969072164,,1.5975989728382542,225.0,,,0.7748783491468637,1.0355613182297978,232.0,-0.28999284695242405,0.3793103448275862,-0.3136557212861269,below,industry,"PAGEIND,SUPREMEIND,3MINDIA,KPRMILL,ASTRAL,VTL,CENTURYPLY,LMW",2026.0
SBIFUNDS,SBI Funds Management Limited,EQ,2026-07-14,2026-07-16,2026-07-21,Rs.545 to Rs.574,574.0,mainboard,,,,,,,,,,,,,,,,,,,,,,,,,False,1972.0,,SBIFUNDS,Asset Management,Financial Services,2026-07-21,EQ,,,,,,,,,,,,,,,,,,,,,,2026-07-21,,-0.09151291512915116,0.007237169217170214,-0.09875008434632138,,,,,,,,,,,,,,,,,,,,,,,,,,10,,0.0,0.17209384826251695,,,,,,,,,,,,,,,,,,,,,,,2026.0
CMLL,Caliber Mining and Logistics Limited,EQ,2026-07-17,2026-07-21,2026-07-24,Rs.402 to Rs.424,424.0,mainboard,,,,,,,,,,,,,,,,,,,,,,,,,False,482.0,,CMLL,Metals & Mining,"Metals, Mining & Chemicals",2026-07-24,EQ,,,,,pre_listing,2026-06-30,2026-08-11 20:09:14,3.0,inc,consolidated,2628.2028,119.0416,non_financial,,,5.381627486437613,,,,5.381627486437613,xbrl_pre_issue,2026-07-24,,0.011264672472548254,0.043988478058314184,-0.03272380558576593,,,,,,,,,,,,,,,,,,,,,,,,,,11,,-0.003455894694266104,0.12819131041529075,2281.8100542495476,False,116.0,19.16817359855334,22.82176806079943,103.0,-0.17446354141743672,0.4174757281553398,,2.2700058113382195,105.0,,,0.8682016677896955,1.283463365479667,107.0,-0.39089343339347826,0.38317757009345793,-0.2826784874054575,below,industry,"JSWSTEEL,COALINDIA,TATASTEEL,HINDZINC,HINDALCO,JINDALSTEL,VEDL,LLOYDSME",2026.0
METALIC,Metalic Technoforge Limited,SME,2026-07-21,2026-07-23,2026-07-28,Rs.72 to Rs.77,77.0,sme,,,,,,,,,,,,,,,,,,,,,,,,,False,2565.0,,METALIC,,,2026-07-28,SM,,,,,,,,,,,,,,,,,,,,,,,,,,,,,,,,,,,,,,,,,,,,,,,,,,,,11,,-0.00814171369453287,0.0963943002265919,,,,,,,,,,,,,,,,,,,,,,,2026.0
INDOMIM,INDO-MIM Limited,EQ,2026-07-23,2026-07-27,2026-07-30,Rs.461 to Rs.485,485.0,mainboard,,,,,,,,,,,,,,,,,,,,,,,,,False,1037.0,,INDOMIM,Capital Goods,Industrials & Infrastructure,2026-07-30,EQ,,,,,pre_listing,2026-06-30,2026-08-17 23:10:02,3.0,inc,consolidated,4874.968,960.488,non_financial,,,48.4116935483871,,,,48.4116935483871,xbrl_pre_issue,2026-07-30,,0.170273003033367,0.03645436410095493,0.13381863893241208,,,,,,,,,,,,,,,,,,,,,,,,,,13,,-0.016954795466614492,0.08178608628248907,23479.671370967742,False,88.0,24.445564516129032,42.91280749520867,78.0,-0.5627215353099746,0.2564102564102564,,5.43796732428858,86.0,,,4.816374460502662,3.7058627444709544,86.0,0.2621053672636976,0.6976744186046512,-0.1503080840231385,below,industry,"ABB,CUMMINSIND,POWERINDIA,SIEMENS,GVT&D,MAZDOCK,WAAREEENER,HAVELLS",2026.0
LCL,Lohia Corp Limited,EQ,2026-07-23,2026-07-27,2026-07-30,Rs.404 to Rs.425,425.0,mainboard,,,,,,,,,,,,,,,,,,,,,,,,,False,1295.0,,LCL,Engineering,Industrials & Infrastructure,2026-07-30,EQ,,,,,pre_listing,2026-06-30,2026-08-19 20:52:03,3.0,inc,consolidated,2012.088,266.452,non_financial,,,10.624082934609252,,,,10.624082934609252,xbrl_pre_issue,2026-07-30,,0.14253942579862522,0.03645436410095493,0.10608506169767029,,,,,,,,,,,,,,,,,,,,,,,,,,13,,-0.016954795466614492,0.08178608628248907,4515.235247208932,False,129.0,16.945773524720895,25.180222054603636,111.0,-0.3960403941072001,0.27927927927927926,,2.5638279761083402,121.0,,,2.2440545578567797,1.8989893664781388,126.0,0.16696246785840718,0.5396825396825397,-0.11453896312439646,in_line,industry,"LT,BEL,BHEL,THERMAX,RVNL,AIAENG,CEMPRO,IRB",2026.0
XTRANET,Xtranet Technologies Limited,BE,2026-07-23,2026-07-27,2026-07-30,Rs.120 to Rs.127,127.0,mainboard,,,,,,,,,,,,,,,,,,,,,,,,,False,2532.0,,XTRANET,,Technology,2026-07-30,EQ,,,,,pre_listing,2026-06-30,2026-08-20 12:33:31,3.0,inc,consolidated,201.8356,24.282,non_financial,,,3.916451612903226,,,,3.916451612903226,xbrl_pre_issue,2026-07-30,,0.52561919504644,0.03645436410095493,0.489164830945485,,,,,,,,,,,,,,,,,,,,,,,,,,13,,-0.016954795466614492,0.08178608628248907,497.38935483870966,False,202.0,20.483870967741936,25.493403395920772,173.0,-0.218781933934665,0.41040462427745666,,3.2142219730939385,193.0,,,2.4643291611524907,2.5467865139920987,195.0,-0.032912748991869016,0.48205128205128206,-0.125847341463267,in_line,sector,"TCS,INFY,HCLTECH,WIPRO,HYUNDAI,TECHM,LTM,OFSS",2026.0
PROPSHOP,Propshop Events and Exhibitions Limited,SME,2026-07-27,2026-07-29,2026-08-03,Rs.65 to Rs.69,69.0,sme,,,,,,,,,,,,,,,,,,,,,,,,,False,2564.0,,PROPSHOP,,,2026-08-03,SM,,,,,,,,,,,,,,,,,,,,,,,,,,,,,,,,,,,,,,,,,,,,,,,,,,,,14,,-0.03140296667648024,0.060795723356104725,,,,,,,,,,,,,,,,,,,,,,,2026.0
MANIPALHOS,Manipal Health Enterprises Limited,EQ,2026-07-29,2026-07-31,2026-08-05,Rs.560 to Rs.590,590.0,mainboard,,,,,,,,,,,,,,,,,,,,,,,,,False,1378.0,,MANIPALHOS,Hospitals,Healthcare & Pharmaceuticals,2026-08-05,EQ,,,,,pre_listing,2026-06-30,2026-08-20 20:26:57,3.0,inc,consolidated,12362.52,926.6,non_financial,,,118.18877551020408,,,,118.18877551020408,xbrl_pre_issue,2026-08-05,,0.08853737161706277,0.0067132592327781015,0.08182411238428466,,,,,,,,,,,,,,,,,,,,,,,,,,14,,-0.023684985293186855,0.06150099769348838,69731.37755102041,False,18.0,75.25510204081633,52.613797610001484,16.0,0.3579053052143415,0.6875,,6.20027095482615,16.0,,,5.640547198388388,7.530864582131458,17.0,-0.2890287717702473,0.35294117647058826,0.03443826672204711,in_line,industry,"NH,ASTERDM,MEDANTA,KIMS,LALPATHLAB,AGARWALEYE,RAINBOW,PARKHOSPS",2026.0
JNPR,Juniper Green Energy Limited,EQ,2026-07-30,2026-08-03,2026-08-06,Rs.214 to Rs.225,225.0,mainboard,,,,,,,,,,,,,,,,,,,,,,,,,False,1138.0,,JNPR,,Energy,2026-08-06,EQ,,,,,pre_listing,2026-06-30,2026-08-26 22:13:14,3.0,inc,consolidated,1164.784,133.808,non_financial,,,49.19411764705882,,,,49.19411764705882,xbrl_pre_issue,2026-08-06,,0.02075391783142755,0.006686221481426946,0.014067696350000602,,,,,,,,,,,,,,,,,,,,,,,,,,14,,-0.010664847002369027,0.0751232668634152,11068.676470588234,False,116.0,82.72058823529412,19.67793606292736,102.0,1.4359705106234106,0.8823529411764706,,2.424414671283881,109.0,,,9.502771733289807,1.9330904381246115,110.0,1.5924635319126599,0.8727272727272727,1.5142170212680353,well_above,sector,"RELIANCE,ADANIPOWER,NTPC,ONGC,POWERGRID,ADANIGREEN,ADANIENSOL,IOC",2026.0
MVELECTRO,MV Electrosystems Limited,EQ,2026-07-30,2026-08-03,2026-08-06,Rs.400 to Rs.425,425.0,mainboard,,,,,,,,,,,,,,,,,,,,,,,,,False,1502.0,,MVELECTRO,Consumer Durables,Consumer & FMCG,2026-08-06,EQ,,,,,pre_listing,2026-06-30,2026-08-25 16:35:49,3.0,inc,standalone,51.084,-27.544,non_financial,,,2.0372781065088756,,,,2.0372781065088756,xbrl_pre_issue,2026-08-06,,0.16939102564102582,0.006686221481426946,0.16270480415959887,,,,,,,,,,,,,,,,,,,,,,,,,,14,,-0.010664847002369027,0.0751232668634152,865.8431952662721,True,27.0,,48.82577735689964,21.0,,,,4.861161049221829,27.0,,,16.94940089394472,2.1011196800048486,27.0,2.0877621041181995,1.0,2.0877621041181995,well_above,industry,"LGEINDIA,VOLTAS,HONAUT,BLUESTARCO,AMBER,PGEL,CROMPTON,WHIRLPOOL",2026.0
ANAWIL,Anawil Wire and Engineering Limited,SME,2026-08-03,2026-08-05,2026-08-10,Rs.257 to Rs.270,270.0,sme,,,,,,,,,,,,,,,,,,,,,,,,,False,2563.0,,ANAWIL,,,2026-08-10,ST,,,,,,,,,,,,,,,,,,,,,,,,,,,,,,,,,,,,,,,,,,,,,,,,,,,,17,,-0.013864851404782552,0.07104690637850242,,,,,,,,,,,,,,,,,,,,,,,2026.0
ARDEE,Ardee Industries Limited,EQ,2026-08-05,2026-08-07,2026-08-12,Rs.50 to Rs.53,53.0,mainboard,,,,,,,,,,,,,,,,,,,,,,,,,False,182.0,,ARDEE,Metals & Mining,"Metals, Mining & Chemicals",2026-08-12,EQ,,,,,pre_listing,2026-06-30,2026-08-25 17:26:37,3.0,inc,standalone,1355.244,79.612,non_financial,,,25.516666666666666,,,,25.516666666666666,xbrl_pre_issue,2026-08-12,,-0.21603098927294406,0.005331144519010733,-0.2213621337919548,,,,,,,,,,,,,,,,,,,,,,,,,,17,,0.0,0.07479235831334696,1352.3833333333332,False,116.0,16.987179487179485,20.83297666397448,101.0,-0.2040782360677394,0.39603960396039606,,2.3260706887957454,105.0,,,0.9978891869901901,1.2893187810210338,105.0,-0.2562270460795716,0.44761904761904764,-0.2301526410736555,below,industry,"JSWSTEEL,COALINDIA,TATASTEEL,HINDZINC,HINDALCO,VAML,JINDALSTEL,LLOYDSME",2026.0
LEAP,Leap India Limited,EQ,2026-08-07,2026-08-11,2026-08-14,Rs.151 to Rs.159,159.0,mainboard,,,,,,,,,,,,,,,,,,,,,,,,,False,,,,,,,,,,,,,,,,,,,,,,,,,,,,,,,,,,,,,,,,,,,,,,,,,,,,,,,,,,,19,,0.0,0.05454937101499224,,,,,,,,,,,,,,,,,,,,,,,2026.0
OPTIMYSTIX,Optimystix Entertainment India Limited,SME,2026-08-07,2026-08-11,2026-08-14,Rs.166 to Rs.175,175.0,sme,,,,,,,,,,,,,,,,,,,,,,,,,False,2562.0,,OPTIMYSTIX,,,2026-08-14,ST,,,,,,,,,,,,,,,,,,,,,,,,,,,,,,,,,,,,,,,,,,,,,,,,,,,,19,,0.0,0.05454937101499224,,,,,,,,,,,,,,,,,,,,,,,2026.0
TECHNOCRAF,Technocraft Ventures Limited,EQ,2026-08-07,2026-08-11,2026-08-14,Rs.200 to Rs.212,212.0,mainboard,,,,,,,,,,,,,,,,,,,,,,,,,False,2266.0,,TECHNOCRAF,Infrastructure,Industrials & Infrastructure,2026-08-14,EQ,,,,,pre_listing,2026-06-30,2026-09-02 19:24:58,3.0,inc,consolidated,370.8188,42.774,non_financial,,,3.0122535211267607,,,,3.0122535211267607,xbrl_pre_issue,2026-08-14,,0.3638116663988431,-0.021117360001750685,0.3849290264005938,,,,,,,,,,,,,,,,,,,,,,,,,,19,,0.0,0.05454937101499224,638.5977464788733,False,14.0,14.929577464788734,19.636482627320323,13.0,-0.27404488452728293,0.38461538461538464,,1.8539271860164421,12.0,,,1.7221288307897908,1.481282183894542,13.0,0.1506531646462755,0.6923076923076923,-0.06169585994050371,in_line,industry,"GMRAIRPORT,AFCONS,TRANSRAILL,PACEDIGITK,GKENERGY,VIKRAN,JYOTISTRUC,ARIS",2026.0
DHOOTTRANS,Dhoot Transmission Limited,EQ,2026-08-10,2026-08-12,2026-08-17,Rs.829 to Rs.871,871.0,mainboard,,,,,,,,,,,,,,,,,,,,,,,,,False,593.0,,DHOOTTRANS,Capital Goods,Industrials & Infrastructure,2026-08-17,EQ,,,,,pre_listing,2026-06-30,2026-09-04 20:44:16,3.0,inc,consolidated,5785.66,530.62,non_financial,,,18.843039772727273,,,,18.843039772727273,xbrl_pre_issue,2026-08-17,,0.34021313339791925,-0.024513712170028845,0.3647268455679481,,,,,,,,,,,,,,,,,,,,,,,,,,19,,-0.00011438749581271779,0.0527053763440859,16412.287642045456,False,88.0,30.93039772727273,42.535207678045765,79.0,-0.31859270337462026,0.34177215189873417,,5.519629685395447,86.0,,,2.836718307340123,3.8322853990591286,86.0,-0.3008134767148642,0.38372093023255816,-0.3097030900447422,below,industry,"ABB,CUMMINSIND,POWERINDIA,SIEMENS,GVT&D,MAZDOCK,HAVELLS,WAAREEENER",2026.0
MOLBIO,Molbio Diagnostics Limited,EQ,2026-08-10,2026-08-12,2026-08-17,Rs.768 to Rs.807,807.0,mainboard,,,,,,,,,,,,,,,,,,,,,,,,,False,1466.0,,MOLBIO,,Healthcare & Pharmaceuticals,2026-08-17,EQ,,,,,pre_listing,2026-06-30,2026-09-05 19:38:17,3.0,inc,consolidated,1633.504,234.988,non_financial,,,11.275815738963532,,,,11.275815738963532,xbrl_pre_issue,2026-08-17,,0.254679850244792,-0.024513712170028845,0.27919356241482085,,,,,,,,,,,,,,,,,,,,,,,,,,19,,-0.00011438749581271779,0.0527053763440859,9099.58330134357,False,157.0,38.7236084452975,37.30653278679113,130.0,0.03728099833350843,0.5307692307692308,,4.367293515508973,149.0,,,5.570591379845761,4.099395062086254,146.0,0.3066618036358205,0.6301369863013698,0.17197140098466449,above,sector,"SUNPHARMA,DIVISLAB,TORNTPHARM,APOLLOHOSP,CIPLA,LUPIN,MAXHEALTH,MANKIND",2026.0
FASCINATE,Fascinate Textiles Limited,SME,2026-08-11,2026-08-19,2026-08-24,Rs.142 to Rs.151,151.0,sme,,,,,,,,,,,,,,,,,,,,,,,,,False,,,,,,,,,,,,,,,,,,,,,,,,,,,,,,,,,,,,,,,,,,,,,,,,,,,,,,,,,,,19,,-0.0007135600929263353,0.06329440403396402,,,,,,,,,,,,,,,,,,,,,,,2026.0
MILKYMIST,Milky Mist Dairy Food Limited,EQ,2026-08-11,2026-08-13,2026-08-18,Rs.133 to Rs.140,140.0,mainboard,,,,,,,,,,,,,,,,,,,,,,,,,False,1441.0,,MILKYMIST,FMCG,Consumer & FMCG,2026-08-18,EQ,,,,,pre_listing,2026-06-30,2026-08-31 18:55:15,3.0,inc,consolidated,3893.7844,257.8076,non_financial,,,63.81376237623762,,,,63.81376237623762,xbrl_pre_issue,2026-08-18,,0.5138292011019283,-0.018395628653576246,0.5322248297555046,,,,,,,,,,,,,,,,,,,,,,,,,,19,,-0.0007135600929263353,0.06329440403396402,8933.926732673266,False,38.0,34.65346534653465,27.657705410753508,33.0,0.22549336479109464,0.6363636363636364,,4.745503794265865,37.0,,,2.2944071409483446,3.0784412955465585,37.0,-0.29394891225655506,0.40540540540540543,-0.03422777373273021,in_line,industry,"HINDUNILVR,ITC,GODREJCP,LENSKART,DABUR,COLPAL,GODFRYPHLP,CUPID",2026.0
BLEL,Behari Lal Engineering Limited,EQ,2026-08-12,2026-08-14,2026-08-19,Rs.271 to Rs.285,285.0,mainboard,,,,,,,,,,,,,,,,,,,,,,,,,False,367.0,,BLEL,Metals & Mining,"Metals, Mining & Chemicals",2026-08-19,EQ,,,,,pre_listing,2026-06-30,2026-09-07 18:44:14,3.0,inc,standalone,606.696,76.776,non_financial,,,3.9012195121951216,,,,3.9012195121951216,xbrl_pre_issue,2026-08-19,,-0.1230585424133811,0.003038613426941783,-0.12609715584032288,,,,,,,,,,,,,,,,,,,,,,,,,,19,,0.0,0.09835502336308988,1111.8475609756097,False,117.0,14.48170731707317,20.88857714523828,99.0,-0.3663161728396568,0.25252525252525254,,2.2966120454484495,105.0,,,1.832627149306423,1.2597555767990838,103.0,0.37483282259954437,0.6310679611650486,0.004258324879943792,in_line,industry,"JSWSTEEL,COALINDIA,HINDZINC,TATASTEEL,HINDALCO,VAML,LLOYDSME,JINDALSTEL",2026.0
PRAMODINI,Pramodini Medicare Limited,SME,2026-08-12,2026-08-14,2026-08-19,Rs.110 to Rs.118,118.0,sme,,,,,,,,,,,,,,,,,,,,,,,,,False,2560.0,,PRAMODINI,,,2026-08-19,ST,,,,,,,,,,,,,,,,,,,,,,,,,,,,,,,,,,,,,,,,,,,,,,,,,,,,19,,0.0,0.09835502336308988,,,,,,,,,,,,,,,,,,,,,,,2026.0
SHIPROCKET,Shiprocket Limited,EQ,2026-08-12,2026-08-14,2026-08-19,Rs.92 to Rs.97,97.0,mainboard,,,,,,,,,,,,,,,,,,,,,,,,,False,2032.0,,SHIPROCKET,Retail,Consumer & FMCG,2026-08-19,EQ,,,,,pre_listing,2026-06-30,2026-09-07 17:56:08,3.0,inc,consolidated,2368.348,-54.856,non_financial,,,65.3047619047619,,,,65.3047619047619,xbrl_pre_issue,2026-08-19,,-0.15238759149529446,0.003038613426941783,-0.15542620492223624,,,,,,,,,,,,,,,,,,,,,,,,,,19,,0.0,0.09835502336308988,6334.561904761905,True,40.0,,40.741856317853546,26.0,,,,4.3623769901673395,34.0,,,2.6746753031065977,1.5628823730308623,36.0,0.5372961995349267,0.6111111111111112,0.5372961995349267,well_above,industry,"ETERNAL,DMART,NYKAA,POLICYBZR,SWIGGY,VMM,METROBRAND,URBANCO",2026.0
CREDENT,Credent Connect N Care Limited,SME,2026-08-13,2026-08-17,2026-08-20,Rs.179 to Rs.189,189.0,sme,,,,,,,,,,,,,,,,,,,,,,,,,False,2559.0,,CREDENT,,,2026-08-20,ST,,,,,,,,,,,,,,,,,,,,,,,,,,,,,,,,,,,,,,,,,,,,,,,,,,,,20,,-0.0025133487652220232,0.09244816491897057,,,,,,,,,,,,,,,,,,,,,,,2026.0
SKYTECH,Skytech Infinite Platform Limited,SME,2026-08-14,2026-08-18,2026-08-21,Rs.73 to Rs.77,77.0,sme,,,,,,,,,,,,,,,,,,,,,,,,,False,2558.0,,SKYTECH,,,2026-08-21,ST,,,,,,,,,,,,,,,,,,,,,,,,,,,,,,,,,,,,,,,,,,,,,,,,,,,,20,,-0.0008677037403741483,0.09392459348382887,,,,,,,,,,,,,,,,,,,,,,,2026.0
HORIZONIND,Horizon Industrial Parks Limited,EQ,2026-08-17,2026-08-19,2026-08-24,Rs.57 to Rs.60,60.0,mainboard,,,,,,,,,,,,,,,,,,,,,,,,,False,,,,,,,,,,,,,,,,,,,,,,,,,,,,,,,,,,,,,,,,,,,,,,,,,,,,,,,,,,,22,,-0.005606073382167676,0.09304008276076514,,,,,,,,,,,,,,,,,,,,,,,2026.0
LALITHAA,Lalithaa Jewellery Mart Limited,EQ,2026-08-17,2026-08-19,2026-08-24,Rs.190 to Rs.201,201.0,mainboard,,,,,,,,,,,,,,,,,,,,,,,,,False,,,,,,,,,,,,,,,,,,,,,,,,,,,,,,,,,,,,,,,,,,,,,,,,,,,,,,,,,,,22,,-0.005606073382167676,0.09304008276076514,,,,,,,,,,,,,,,,,,,,,,,2026.0
SHANKESH,Shankesh Jewellers Limited,EQ,2026-08-18,2026-08-20,2026-08-25,Rs.88 to Rs.93,93.0,mainboard,,,,,,,,,,,,,,,,,,,,,,,,,False,,,,,,,,,,,,,,,,,,,,,,,,,,,,,,,,,,,,,,,,,,,,,,,,,,,,,,,,,,,24,,-0.0037890636687818446,0.11160550333411234,,,,,,,,,,,,,,,,,,,,,,,2026.0
SUNSHINE,Sunshine Pictures Limited,EQ,2026-08-18,2026-08-20,2026-08-25,Rs.342 to Rs.360,360.0,mainboard,,,,,,,,,,,,,,,,,,,,,,,,,False,,,,,,,,,,,,,,,,,,,,,,,,,,,,,,,,,,,,,,,,,,,,,,,,,,,,,,,,,,,24,,-0.0037890636687818446,0.11160550333411234,,,,,,,,,,,,,,,,,,,,,,,2026.0
GAJA,Gaja Alternative Asset Management Limited,EQ,2026-08-19,2026-08-21,2026-08-26,Rs.152 to Rs.160,160.0,mainboard,,,,,,,,,,,,,,,,,,,,,,,,,False,,,,,,,,,,,,,,,,,,,,,,,,,,,,,,,,,,,,,,,,,,,,,,,,,,,,,,,,,,,25,,-0.0019094922437077333,0.10094151674807694,,,,,,,,,,,,,,,,,,,,,,,2026.0
TEMPSENS,Tempsens Instruments (India) Limited,EQ,2026-08-20,2026-08-24,2026-08-28,Rs.285 to Rs.300,300.0,mainboard,,,,,,,,,,,,,,,,,,,,,,,,,False,,,,,,,,,,,,,,,,,,,,,,,,,,,,,,,,,,,,,,,,,,,,,,,,,,,,,,,,,,,27,,-0.00815206304044469,0.09317336259334885,,,,,,,,,,,,,,,,,,,,,,,2026.0
AUGMONT,Augmont Enterprises Limited,EQ,2026-08-21,2026-08-25,2026-08-31,Rs.750 to Rs.788,788.0,mainboard,,,,,,,,,,,,,,,,,,,,,,,,,False,,,,,,,,,,,,,,,,,,,,,,,,,,,,,,,,,,,,,,,,,,,,,,,,,,,,,,,,,,,27,,-0.0023528643743693234,0.09182379452617528,,,,,,,,,,,,,,,,,,,,,,,2026.0
ABH,ABH Healthcare Limited,SME,2026-08-24,2026-08-27,2026-09-01,Rs.96 to Rs.102,102.0,sme,,,,,,,,,,,,,,,,,,,,,,,,,False,,,,,,,,,,,,,,,,,,,,,,,,,,,,,,,,,,,,,,,,,,,,,,,,,,,,,,,,,,,27,,0.0,0.09771211245104428,,,,,,,,,,,,,,,,,,,,,,,2026.0
HTEL,Hy-Tech Engineers Limited,BE,2026-08-24,2026-08-27,2026-09-01,Rs.50 to Rs.53,53.0,mainboard,,,,,,,,,,,,,,,,,,,,,,,,,False,,,,,,,,,,,,,,,,,,,,,,,,,,,,,,,,,,,,,,,,,,,,,,,,,,,,,,,,,,,27,,0.0,0.09771211245104428,,,,,,,,,,,,,,,,,,,,,,,2026.0
MADHURKNIT,Madhur Knit Crafts Limited,SME,2026-08-24,2026-08-27,2026-09-01,Rs.95 to Rs.100,100.0,sme,,,,,,,,,,,,,,,,,,,,,,,,,False,,,,,,,,,,,,,,,,,,,,,,,,,,,,,,,,,,,,,,,,,,,,,,,,,,,,,,,,,,,27,,0.0,0.09771211245104428,,,,,,,,,,,,,,,,,,,,,,,2026.0
SKYWAYS,Skyways Air Services Limited,EQ,2026-08-24,2026-08-27,2026-09-01,Rs.131 to Rs.138,138.0,mainboard,,,,,,,,,,,,,,,,,,,,,,,,,False,,,,,,,,,,,,,,,,,,,,,,,,,,,,,,,,,,,,,,,,,,,,,,,,,,,,,,,,,,,27,,0.0,0.09771211245104428,,,,,,,,,,,,,,,,,,,,,,,2026.0
SYMBIOTEC,Symbiotec Pharmalab Limited,EQ,2026-08-24,2026-08-27,2026-09-01,Rs.938 to Rs.988,988.0,mainboard,,,,,,,,,,,,,,,,,,,,,,,,,False,,,,,,,,,,,,,,,,,,,,,,,,,,,,,,,,,,,,,,,,,,,,,,,,,,,,,,,,,,,27,,0.0,0.09771211245104428,,,,,,,,,,,,,,,,,,,,,,,2026.0
ANNU,Annu Projects Limited,BE,2026-08-25,2026-08-28,2026-09-02,Rs.94 to Rs.99,99.0,mainboard,,,,,,,,,,,,,,,,,,,,,,,,,False,,,,,,,,,,,,,,,,,,,,,,,,,,,,,,,,,,,,,,,,,,,,,,,,,,,,,,,,,,,29,,-0.0021179019737217475,0.0824114653283381,,,,,,,,,,,,,,,,,,,,,,,2026.0
SUMAX,Sumax Engineering Limited,SME,2026-08-25,2026-08-28,2026-09-02,Rs.95 to Rs.101,101.0,sme,,,,,,,,,,,,,,,,,,,,,,,,,False,,,,,,,,,,,,,,,,,,,,,,,,,,,,,,,,,,,,,,,,,,,,,,,,,,,,,,,,,,,29,,-0.0021179019737217475,0.0824114653283381,,,,,,,,,,,,,,,,,,,,,,,2026.0
LUMINO,Lumino Industries Limited,EQ,2026-08-27,2026-08-31,2026-09-03,Rs.78 to Rs.82,82.0,mainboard,,,,,,,,,,,,,,,,,,,,,,,,,False,,,,,,,,,,,,,,,,,,,,,,,,,,,,,,,,,,,,,,,,,,,,,,,,,,,,,,,,,,,32,,0.0,0.07906591944899999,,,,,,,,,,,,,,,,,,,,,,,2026.0
ESDS,ESDS Software Solution Limited,EQ,2026-08-28,2026-09-01,2026-09-04,Rs.408 to Rs.429,429.0,mainboard,,,,,,,,,,,,,,,,,,,,,,,,,False,,,,,,,,,,,,,,,,,,,,,,,,,,,,,,,,,,,,,,,,,,,,,,,,,,,,,,,,,,,32,,-0.0012462240765073185,0.08478351704615683,,,,,,,,,,,,,,,,,,,,,,,2026.0
PRIORITY,Priority Jewels Limited,BE,2026-08-28,2026-09-01,2026-09-04,Rs.190 to Rs.200,200.0,mainboard,,,,,,,,,,,,,,,,,,,,,,,,,False,,,,,,,,,,,,,,,,,,,,,,,,,,,,,,,,,,,,,,,,,,,,,,,,,,,,,,,,,,,32,,-0.0012462240765073185,0.08478351704615683,,,,,,,,,,,,,,,,,,,,,,,2026.0
ASHUTOSH,Ashutosh Fibre Limited,SME,2026-08-31,2026-09-02,2026-09-07,Rs.87 to Rs.92,92.0,sme,,,,,,,,,,,,,,,,,,,,,,,,,False,,,,,,,,,,,,,,,,,,,,,,,,,,,,,,,,,,,,,,,,,,,,,,,,,,,,,,,,,,,33,,0.0,0.09723202686108534,,,,,,,,,,,,,,,,,,,,,,,2026.0
PERNIASPOP,Purple Style Labs Limited,EQ,2026-08-31,2026-09-02,2026-09-07,Rs.546 to Rs.575,575.0,mainboard,,,,,,,,,,,,,,,,,,,,,,,,,False,,,,,,,,,,,,,,,,,,,,,,,,,,,,,,,,,,,,,,,,,,,,,,,,,,,,,,,,,,,33,,0.0,0.09723202686108534,,,,,,,,,,,,,,,,,,,,,,,2026.0
SHANTIINOR,Shanti Inorganics Limited,SME,2026-08-31,2026-09-02,2026-09-07,Rs.79 to Rs.83,83.0,sme,,,,,,,,,,,,,,,,,,,,,,,,,False,,,,,,,,,,,,,,,,,,,,,,,,,,,,,,,,,,,,,,,,,,,,,,,,,,,,,,,,,,,33,,0.0,0.09723202686108534,,,,,,,,,,,,,,,,,,,,,,,2026.0
DEEPA,Deepa Jewellers Limited,EQ,2026-09-01,2026-09-03,2026-09-08,Rs.168 to Rs.177,177.0,mainboard,,,,,,,,,,,,,,,,,,,,,,,,,False,,,,,,,,,,,,,,,,,,,,,,,,,,,,,,,,,,,,,,,,,,,,,,,,,,,,,,,,,,,34,,-0.006706801145103358,0.08411716804550773,,,,,,,,,,,,,,,,,,,,,,,2026.0
MOMSBELIEF,Rays of Belief Limited- For Profit Social Enterprise (FPSE),EQ,2026-09-01,2026-09-03,,Rs.227 to Rs.239,,mainboard,,,,,,,,,,,,,,,,,,,,,,,,,False,,,,,,,,,,,,,,,,,,,,,,,,,,,,,,,,,,,,,,,,,,,,,,,,,,,,,,,,,,,34,,-0.006706801145103358,0.08411716804550773,,,,,,,,,,,,,,,,,,,,,,,
QUALIANCE,Qualiance International Limited,SME,2026-09-04,2026-09-08,2026-09-11,Rs.120 to Rs.127,127.0,sme,,,,,,,,,,,,,,,,,,,,,,,,,False,,,,,,,,,,,,,,,,,,,,,,,,,,,,,,,,,,,,,,,,,,,,,,,,,,,,,,,,,,,39,,-0.0027681436407036575,0.08152980151866074,,,,,,,,,,,,,,,,,,,,,,,2026.0
PRANAV,Pranav Constructions Limited,EQ,2026-09-07,2026-09-09,2026-09-15,Rs.118 to Rs.124,124.0,mainboard,,,,,,,,,,,,,,,,,,,,,,,,,False,,,,,,,,,,,,,,,,,,,,,,,,,,,,,,,,,,,,,,,,,,,,,,,,,,,,,,,,,,,41,,-0.000797463255866715,0.10343962887114966,,,,,,,,,,,,,,,,,,,,,,,2026.0
GLASSWALL,Glass Wall Systems (India) Limited,EQ,2026-09-08,2026-09-10,2026-09-16,Rs.172 to Rs.182,182.0,mainboard,,,,,,,,,,,,,,,,,,,,,,,,,False,,,,,,,,,,,,,,,,,,,,,,,,,,,,,,,,,,,,,,,,,,,,,,,,,,,,,,,,,,,42,,-0.0006487836657899093,0.08874713222539321,,,,,,,,,,,,,,,,,,,,,,,2026.0
KANOHAR,Kanohar Electricals Limited,EQ,2026-09-08,2026-09-10,2026-09-16,Rs.601 to Rs.632,632.0,mainboard,,,,,,,,,,,,,,,,,,,,,,,,,False,,,,,,,,,,,,,,,,,,,,,,,,,,,,,,,,,,,,,,,,,,,,,,,,,,,,,,,,,,,42,,-0.0006487836657899093,0.08874713222539321,,,,,,,,,,,,,,,,,,,,,,,2026.0
PRASOLCHEM,Prasol Chemicals Limited,EQ,2026-09-08,2026-09-10,2026-09-16,Rs.643 to Rs.676,676.0,mainboard,,,,,,,,,,,,,,,,,,,,,,,,,False,,,,,,,,,,,,,,,,,,,,,,,,,,,,,,,,,,,,,,,,,,,,,,,,,,,,,,,,,,,42,,-0.0006487836657899093,0.08874713222539321,,,,,,,,,,,,,,,,,,,,,,,2026.0
ARCIL,Asset Reconstruction Company (India) Limited,EQ,2026-09-09,2026-09-11,2026-09-17,Rs.132 to Rs.139,139.0,mainboard,,,,,,,,,,,,,,,,,,,,,,,,,False,,,,,,,,,,,,,,,,,,,,,,,,,,,,,,,,,,,,,,,,,,,,,,,,,,,,,,,,,,,42,,0.0,0.10392988121873681,,,,,,,,,,,,,,,,,,,,,,,2026.0
KARAMTARA,Karamtara Engineering Limited,EQ,2026-09-09,2026-09-11,2026-09-17,Rs.241 to Rs.254,254.0,mainboard,,,,,,,,,,,,,,,,,,,,,,,,,False,,,,,,,,,,,,,,,,,,,,,,,,,,,,,,,,,,,,,,,,,,,,,,,,,,,,,,,,,,,42,,0.0,0.10392988121873681,,,,,,,,,,,,,,,,,,,,,,,2026.0
LCCPROJECT,LCC Projects Limited,EQ,2026-09-09,2026-09-11,2026-09-17,Rs.139 to Rs.146,146.0,mainboard,,,,,,,,,,,,,,,,,,,,,,,,,False,,,,,,,,,,,,,,,,,,,,,,,,,,,,,,,,,,,,,,,,,,,,,,,,,,,,,,,,,,,42,,0.0,0.10392988121873681,,,,,,,,,,,,,,,,,,,,,,,2026.0
MPIMANIPAL,Manipal Payment and Identity Solutions Limited,EQ,2026-09-09,2026-09-11,2026-09-17,Rs.322 to Rs.339,339.0,mainboard,,,,,,,,,,,,,,,,,,,,,,,,,False,,,,,,,,,,,,,,,,,,,,,,,,,,,,,,,,,,,,,,,,,,,,,,,,,,,,,,,,,,,42,,0.0,0.10392988121873681,,,,,,,,,,,,,,,,,,,,,,,2026.0
RENTOMOJO,Rentomojo Limited,EQ,2026-09-09,2026-09-11,2026-09-17,Rs.384 to Rs.404,404.0,mainboard,,,,,,,,,,,,,,,,,,,,,,,,,False,,,,,,,,,,,,,,,,,,,,,,,,,,,,,,,,,,,,,,,,,,,,,,,,,,,,,,,,,,,42,,0.0,0.10392988121873681,,,,,,,,,,,,,,,,,,,,,,,2026.0
STEAMHOUSE,Steamhouse India Limited,EQ,2026-09-09,2026-09-11,2026-09-17,Rs.77 to Rs.81,81.0,mainboard,,,,,,,,,,,,,,,,,,,,,,,,,False,,,,,,,,,,,,,,,,,,,,,,,,,,,,,,,,,,,,,,,,,,,,,,,,,,,,,,,,,,,42,,0.0,0.10392988121873681,,,,,,,,,,,,,,,,,,,,,,,2026.0
VINOD,Vinod Texworld Limited,SME,2026-09-09,2026-09-11,2026-09-17,Rs.94,94.0,sme,,,,,,,,,,,,,,,,,,,,,,,,,False,,,,,,,,,,,,,,,,,,,,,,,,,,,,,,,,,,,,,,,,,,,,,,,,,,,,,,,,,,,42,,0.0,0.10392988121873681,,,,,,,,,,,,,,,,,,,,,,,2026.0
VEEGALAND,Veegaland Developers Limited,BE,2026-09-10,2026-09-15,2026-09-18,Rs.130 to Rs.140,140.0,mainboard,,,,,,,,,,,,,,,,,,,,,,,,,False,,,,,,,,,,,,,,,,,,,,,,,,,,,,,,,,,,,,,,,,,,,,,,,,,,,,,,,,,,,42,,-0.005141089857074954,0.10750959880307875,,,,,,,,,,,,,,,,,,,,,,,2026.0
MANIKA,Manika Plastech Limited,BE,2026-09-11,2026-09-16,2026-09-21,Rs.40 to Rs.43,43.0,mainboard,,,,,,,,,,,,,,,,,,,,,,,,,False,,,,,,,,,,,,,,,,,,,,,,,,,,,,,,,,,,,,,,,,,,,,,,,,,,,,,,,,,,,41,,-0.0050628265469148115,0.07929574743399836,,,,,,,,,,,,,,,,,,,,,,,2026.0
HEROMOTORS,Hero Motors Limited,EQ,2026-09-16,2026-09-18,2026-09-23,Rs.79 to Rs.84,84.0,mainboard,,,,,,,,,,,,,,,,,,,,,,,,,False,,,,,,,,,,,,,,,,,,,,,,,,,,,,,,,,,,,,,,,,,,,,,,,,,,,,,,,,,,,42,,-0.03424154756250275,0.030142349266663704,,,,,,,,,,,,,,,,,,,,,,,2026.0
JSIPL,Jindal Supreme (India) Limited,BE,2026-09-16,2026-09-18,2026-09-23,Rs.88 to Rs.93,93.0,mainboard,,,,,,,,,,,,,,,,,,,,,,,,,False,,,,,,,,,,,,,,,,,,,,,,,,,,,,,,,,,,,,,,,,,,,,,,,,,,,,,,,,,,,42,,-0.03424154756250275,0.030142349266663704,,,,,,,,,,,,,,,,,,,,,,,2026.0
SSRETAIL,SS Retail Limited,EQ,2026-09-16,2026-09-18,2026-09-23,Rs.403 to Rs.424,424.0,mainboard,,,,,,,,,,,,,,,,,,,,,,,,,False,,,,,,,,,,,,,,,,,,,,,,,,,,,,,,,,,,,,,,,,,,,,,,,,,,,,,,,,,,,42,,-0.03424154756250275,0.030142349266663704,,,,,,,,,,,,,,,,,,,,,,,2026.0
KHERIAAUTO,Kheria Autocomp Limited,SME,2026-09-17,2026-09-21,2026-09-24,Rs.96 to Rs.101,101.0,sme,,,,,,,,,,,,,,,,,,,,,,,,,False,,,,,,,,,,,,,,,,,,,,,,,,,,,,,,,,,,,,,,,,,,,,,,,,,,,,,,,,,,,45,,-0.03583380111403778,0.021007959075775462,,,,,,,,,,,,,,,,,,,,,,,2026.0
NSE,National Stock Exchange of India Limited,EQ,2026-09-17,2026-09-21,,Rs.1700 to Rs.1785,,mainboard,,,,,,,,,,,,,,,,,,,,,,,,,False,,,,,,,,,,,,,,,,,,,,,,,,,,,,,,,,,,,,,,,,,,,,,,,,,,,,,,,,,,,45,,-0.03583380111403778,0.021007959075775462,,,,,,,,,,,,,,,,,,,,,,,
SONA,Sonaselection India Limited,BE,2026-09-17,2026-09-21,2026-09-24,Rs.94 to Rs.99,99.0,mainboard,,,,,,,,,,,,,,,,,,,,,,,,,False,,,,,,,,,,,,,,,,,,,,,,,,,,,,,,,,,,,,,,,,,,,,,,,,,,,,,,,,,,,45,,-0.03583380111403778,0.021007959075775462,,,,,,,,,,,,,,,,,,,,,,,2026.0
SPECTRAA,SpectraA Technology Solutions Limited,SME,2026-09-17,2026-09-21,2026-09-24,Rs.112 to Rs.118,118.0,sme,,,,,,,,,,,,,,,,,,,,,,,,,False,,,,,,,,,,,,,,,,,,,,,,,,,,,,,,,,,,,,,,,,,,,,,,,,,,,,,,,,,,,45,,-0.03583380111403778,0.021007959075775462,,,,,,,,,,,,,,,,,,,,,,,2026.0
AXIOMGAS,Axiom Gas Engineering Limited,SME,2026-09-18,2026-09-22,2026-09-25,Rs.51 to Rs.54,54.0,sme,,,,,,,,,,,,,,,,,,,,,,,,,False,,,,,,,,,,,,,,,,,,,,,,,,,,,,,,,,,,,,,,,,,,,,,,,,,,,,,,,,,,,51,,-0.027956194136188994,0.02252080896630826,,,,,,,,,,,,,,,,,,,,,,,2026.0
VARMORA,Varmora Granito Limited,EQ,2026-09-22,2026-09-24,2026-09-29,Rs.140 to Rs.148,148.0,mainboard,,,,,,,,,,,,,,,,,,,,,,,,,False,,,,,,,,,,,,,,,,,,,,,,,,,,,,,,,,,,,,,,,,,,,,,,,,,,,,,,,,,,,53,,-0.013393820976726145,0.024050757013403423,,,,,,,,,,,,,,,,,,,,,,,2026.0
ADROITIND,Adroit Industries (India) Limited,BE,2026-09-23,2026-09-25,2026-09-30,Rs.126 to Rs.134,134.0,mainboard,,,,,,,,,,,,,,,,,,,,,,,,,False,,,,,,,,,,,,,,,,,,,,,,,,,,,,,,,,,,,,,,,,,,,,,,,,,,,,,,,,,,,53,,-0.014389654130143925,0.028902418066617086,,,,,,,,,,,,,,,,,,,,,,,2026.0
ARMEE,ArMee Infotech Limited,EQ,2026-09-23,2026-09-25,2026-09-30,Rs.350 to Rs.375,375.0,mainboard,,,,,,,,,,,,,,,,,,,,,,,,,False,,,,,,,,,,,,,,,,,,,,,,,,,,,,,,,,,,,,,,,,,,,,,,,,,,,,,,,,,,,53,,-0.014389654130143925,0.028902418066617086,,,,,,,,,,,,,,,,,,,,,,,2026.0
COREIN,Coreintegra Consulting Services Limited,SME,2026-09-23,2026-09-25,2026-09-30,Rs.74 to Rs.78,78.0,sme,,,,,,,,,,,,,,,,,,,,,,,,,False,,,,,,,,,,,,,,,,,,,,,,,,,,,,,,,,,,,,,,,,,,,,,,,,,,,,,,,,,,,53,,-0.014389654130143925,0.028902418066617086,,,,,,,,,,,,,,,,,,,,,,,2026.0
ELEVATE,Elevate Campuses Limited,EQ,2026-09-23,2026-09-25,2026-09-30,Rs.343 to Rs.362,362.0,mainboard,,,,,,,,,,,,,,,,,,,,,,,,,False,,,,,,,,,,,,,,,,,,,,,,,,,,,,,,,,,,,,,,,,,,,,,,,,,,,,,,,,,,,53,,-0.014389654130143925,0.028902418066617086,,,,,,,,,,,,,,,,,,,,,,,2026.0
POOJALOGIS,Pooja Logistics Limited,SME,2026-09-23,2026-09-25,2026-09-30,Rs.109 to Rs.115,115.0,sme,,,,,,,,,,,,,,,,,,,,,,,,,False,,,,,,,,,,,,,,,,,,,,,,,,,,,,,,,,,,,,,,,,,,,,,,,,,,,,,,,,,,,53,,-0.014389654130143925,0.028902418066617086,,,,,,,,,,,,,,,,,,,,,,,2026.0
SWASTIKAIN,Swastika Infra Limited,BE,2026-09-23,2026-09-25,2026-09-30,Rs.175 to Rs.185,185.0,mainboard,,,,,,,,,,,,,,,,,,,,,,,,,False,,,,,,,,,,,,,,,,,,,,,,,,,,,,,,,,,,,,,,,,,,,,,,,,,,,,,,,,,,,53,,-0.014389654130143925,0.028902418066617086,,,,,,,,,,,,,,,,,,,,,,,2026.0
AONESTEELS,A-One Steels India Limited,EQ,2026-09-24,2026-09-28,2026-10-01,Rs.385 to Rs.405,405.0,mainboard,,,,,,,,,,,,,,,,,,,,,,,,,False,,,,,,,,,,,,,,,,,,,,,,,,,,,,,,,,,,,,,,,,,,,,,,,,,,,,,,,,,,,56,,-0.006250269873483316,0.035241064625955554,,,,,,,,,,,,,,,,,,,,,,,2026.0
MONEYVIEW,Moneyview Limited,EQ,2026-09-24,2026-09-28,2026-10-01,Rs.32 to Rs.34,34.0,mainboard,,,,,,,,,,,,,,,,,,,,,,,,,False,,,,,,,,,,,,,,,,,,,,,,,,,,,,,,,,,,,,,,,,,,,,,,,,,,,,,,,,,,,56,,-0.006250269873483316,0.035241064625955554,,,,,,,,,,,,,,,,,,,,,,,2026.0
ACEVECTOR,AceVector Limited,EQ,2026-09-25,2026-09-29,,Rs.30 to Rs.32,,mainboard,,,,,,,,,,,,,,,,,,,,,,,,,False,,,,,,,,,,,,,,,,,,,,,,,,,,,,,,,,,,,,,,,,,,,,,,,,,,,,,,,,,,,57,,-0.020062394749341572,0.02546216541370372,,,,,,,,,,,,,,,,,,,,,,,
BMISL,Bench Mark Infotech Services Limited,SME,2026-09-25,2026-09-29,,Rs.104 to Rs.110,,sme,,,,,,,,,,,,,,,,,,,,,,,,,False,,,,,,,,,,,,,,,,,,,,,,,,,,,,,,,,,,,,,,,,,,,,,,,,,,,,,,,,,,,57,,-0.020062394749341572,0.02546216541370372,,,,,,,,,,,,,,,,,,,,,,,
GERMAN,German Green Steel and Power Limited,EQ,2026-09-25,2026-09-29,,Rs.132 to Rs.139,,mainboard,,,,,,,,,,,,,,,,,,,,,,,,,False,,,,,,,,,,,,,,,,,,,,,,,,,,,,,,,,,,,,,,,,,,,,,,,,,,,,,,,,,,,57,,-0.020062394749341572,0.02546216541370372,,,,,,,,,,,,,,,,,,,,,,,
HIMALAYAN,Himalayan Solar Limited,SME,2026-09-25,2026-09-29,,Rs.98 to Rs.103,,sme,,,,,,,,,,,,,,,,,,,,,,,,,False,,,,,,,,,,,,,,,,,,,,,,,,,,,,,,,,,,,,,,,,,,,,,,,,,,,,,,,,,,,57,,-0.020062394749341572,0.02546216541370372,,,,,,,,,,,,,,,,,,,,,,,
ORIENTCABL,Orient Cables (India) Limited,EQ,2026-09-25,2026-09-29,,Rs.258 to Rs.272,,mainboard,,,,,,,,,,,,,,,,,,,,,,,,,False,,,,,,,,,,,,,,,,,,,,,,,,,,,,,,,,,,,,,,,,,,,,,,,,,,,,,,,,,,,57,,-0.020062394749341572,0.02546216541370372,,,,,,,,,,,,,,,,,,,,,,,
RUNWALENTR,Runwal Enterprises Limited,EQ,2026-09-25,2026-09-29,,Rs.290 to Rs.302,,mainboard,,,,,,,,,,,,,,,,,,,,,,,,,False,,,,,,,,,,,,,,,,,,,,,,,,,,,,,,,,,,,,,,,,,,,,,,,,,,,,,,,,,,,57,,-0.020062394749341572,0.02546216541370372,,,,,,,,,,,,,,,,,,,,,,,
SHAHINVEST,Shah Investor's Home Limited,EQ,2026-09-28,2026-09-30,,Rs.159 to Rs.167,,mainboard,,,,,,,,,,,,,,,,,,,,,,,,,False,,,,,,,,,,,,,,,,,,,,,,,,,,,,,,,,,,,,,,,,,,,,,,,,,,,,,,,,,,,56,,-0.01987888078069,0.030607959318032396,,,,,,,,,,,,,,,,,,,,,,,
SRIT,Srit India Limited,EQ,2026-09-28,2026-09-30,,Rs.123 to Rs.130,,mainboard,,,,,,,,,,,,,,,,,,,,,,,,,False,,,,,,,,,,,,,,,,,,,,,,,,,,,,,,,,,,,,,,,,,,,,,,,,,,,,,,,,,,,56,,-0.01987888078069,0.030607959318032396,,,,,,,,,,,,,,,,,,,,,,,
