company_id,mean_within_sector,n_events,hit_rate,symbol,name,sector
534,0.3915990310154469,7,0.7142857142857143,CUPID,Cupid Limited,Consumer & FMCG
208,0.362010528411842,6,0.8333333333333334,ASHAPURMIN,Ashapura Minechem Limited,"Metals, Mining & Chemicals"
146,0.3594931657747354,5,0.8,ANANDRATHI,Anand Rathi Wealth Limited,Financial Services
2012,0.32849069177407936,5,1.0,SHAILY,Shaily Engineering Plastics Limited,Industrials & Infrastructure
1079,0.31996335138455956,5,0.6,IRFC,Indian Railway Finance Corporation Limited,Financial Services
2502,0.3158933037461849,6,0.5,WEBELSOLAR,Websol Energy System Limited,Industrials & Infrastructure
1700,0.29574410105171195,5,0.6,PGIL,Pearl Global Industries Limited,Industrials & Infrastructure
2352,0.28677438592328414,5,0.8,TVSHLTD,TVS Holdings Limited,Automobile & Mobility
892,0.282460375290681,7,0.8571428571428571,GVT&D,GE Vernova T&D India Limited,Industrials & Infrastructure
871,0.2794041856634464,5,0.8,GRWRHITECH,Garware Hi-Tech Films Limited,Industrials & Infrastructure
1211,0.2780285561472078,6,0.6666666666666666,KIOCL,KIOCL Limited,"Metals, Mining & Chemicals"
2447,0.2672099666029544,7,0.7142857142857143,VIMTALABS,Vimta Labs Limited,Healthcare & Pharmaceuticals
2095,0.26587200430541624,5,0.8,SKYGOLD,SKY GOLD AND DIAMONDS LIMITED,Consumer & FMCG
1057,0.26151567499671863,5,0.6,INOXGREEN,Inox Green Energy Services Limited,Energy
912,0.25910154921017414,7,0.8571428571428571,HBLENGINE,HBL Engineering Limited,Automobile & Mobility
336,0.25731253208682514,5,0.8,BGRENERGY,BGR Energy Systems Limited,Industrials & Infrastructure
1727,0.2539542811334422,5,0.8,POCL,Pondy Oxides & Chemicals Limited,"Metals, Mining & Chemicals"
104,0.25068804556358076,6,0.8333333333333334,AJMERA,Ajmera Realty & Infra India Limited,Real Estate & Construction
2094,0.24717454805605463,6,0.8333333333333334,SKMEGGPROD,SKM Egg Products Export (India) Limited,Consumer & FMCG
1013,0.2467165585293013,6,0.8333333333333334,IMFA,Indian Metals & Ferro Alloys Limited,"Metals, Mining & Chemicals"
2240,0.24535920107266454,6,0.6666666666666666,TARIL,Transformers And Rectifiers (India) Limited,Industrials & Infrastructure
431,0.2359328172750746,5,0.8,CARTRADE,Cartrade Tech Limited,Automobile & Mobility
1411,0.22735658933900224,6,0.6666666666666666,MCLEODRUSS,Mcleod Russel India Limited,Consumer & FMCG
1933,0.21863487027898407,6,0.6666666666666666,SALASAR,Salasar Techno Engineering Limited,Industrials & Infrastructure
298,0.21820300579034552,7,0.7142857142857143,BANCOINDIA,Banco Products (I) Limited,Automobile & Mobility
2294,0.2148308290530317,5,0.8,TI,Tilaknagar Industries Limited,Consumer & FMCG
56,0.2111802077882763,7,0.7142857142857143,ADANIGREEN,Adani Green Energy Limited,Energy
998,0.2092591156879639,8,0.5,IFCI,IFCI Limited,Services & Others
1819,0.20839144166074228,7,0.8571428571428571,RAMCOSYS,Ramco Systems Limited,Technology
1824,0.2001872527845004,5,0.6,RATEGAIN,Rategain Travel Technologies Limited,Technology
287,0.19989685867644932,6,0.6666666666666666,BALAJITELE,Balaji Telefilms Limited,Services & Others
1453,0.19258848761383757,8,0.875,MMTC,MMTC Limited,Services & Others
564,0.1910663626427203,5,1.0,DCMSRIND,DCM Shriram Industries Limited,Consumer & FMCG
1967,0.19037984241427694,5,0.8,SBC,SBC Exports Limited,Industrials & Infrastructure
138,0.1900776204304457,7,0.8571428571428571,AMBER,Amber Enterprises India Limited,Consumer & FMCG
1090,0.18968601699303364,8,0.625,ITI,ITI Limited,Services & Others
2272,0.18938992771136878,5,0.6,TEMBO,Tembo Global Industries Limited,Industrials & Infrastructure
1189,0.18903608886609083,5,0.6,KAYNES,Kaynes Technology India Limited,Technology
820,0.1857061372318382,8,0.5,GMDCLTD,Gujarat Mineral Development Corporation Limited,"Metals, Mining & Chemicals"
1961,0.1792954150269504,7,0.7142857142857143,SASKEN,Sasken Technologies Limited,Technology
847,0.17897096234853307,8,0.75,GPIL,Godawari Power And Ispat limited,Energy
1772,0.17741271526786437,5,0.6,PROZONER,Prozone Realty Limited,Industrials & Infrastructure
2227,0.1769012699985399,5,0.8,SYRMA,Syrma SGS Technology Limited,Technology
841,0.1719236326137083,7,0.8571428571428571,GOLDIAM,Goldiam International Limited,Consumer & FMCG
2285,0.171893717007602,7,0.7142857142857143,THANGAMAYL,Thangamayil Jewellery Limited,Consumer & FMCG
2519,0.1677859252156701,5,0.6,WINDMACHIN,Windsor Machines Limited,Industrials & Infrastructure
1376,0.1668936270913895,7,0.8571428571428571,MANINDS,Man Industries (India) Limited,"Metals, Mining & Chemicals"
1653,0.16680845591100293,6,0.6666666666666666,PAISALO,Paisalo Digital Limited,Financial Services
950,0.16066946069189514,8,0.75,HINDCOPPER,Hindustan Copper Limited,"Metals, Mining & Chemicals"
997,0.1593112700172757,8,0.75,IFBIND,IFB Industries Limited,Consumer & FMCG
771,0.1576468172342477,6,0.3333333333333333,GANESHHOU,GANESH HOUSING LIMITED,Industrials & Infrastructure
2403,0.1565794194416251,5,0.8,V2RETAIL,V2 Retail Limited,Consumer & FMCG
1485,0.1564402947650921,6,0.8333333333333334,MSTCLTD,Mstc Limited,Services & Others
167,0.15380821873670808,7,0.42857142857142855,APEX,Apex Frozen Foods Limited,Consumer & FMCG
705,0.15252164880553953,5,0.8,ETERNAL,ETERNAL LIMITED,Consumer & FMCG
1389,0.1520345506888281,5,0.8,MARINE,Marine Electricals (India) Limited,Industrials & Infrastructure
1031,0.15171989989791515,6,1.0,INDNIPPON,India Nippon Electricals Limited,Automobile & Mobility
978,0.15104975340177673,8,0.625,HUDCO,Housing & Urban Development Corporation Limited,Financial Services
839,0.15059922014635058,5,0.6,GOKULAGRO,Gokul Agro Resources Limited,Consumer & FMCG
977,0.15014907239142655,5,0.4,HUBTOWN,Hubtown Limited,Industrials & Infrastructure
1148,0.1498020919759619,5,0.6,JSWHL,JSW Holdings Limited,Financial Services
1666,0.14677545586274593,8,0.625,PARAGMILK,Parag Milk Foods Limited,Consumer & FMCG
2079,0.14566474379879177,6,0.8333333333333334,SIMPLEXINF,Simplex Infrastructures Limited,Industrials & Infrastructure
1979,0.14406262953837223,8,0.75,SCI,Shipping Corporation Of India Limited,Services & Others
278,0.14225278414223402,5,0.6,BAJAJHCARE,Bajaj Healthcare Limited,Healthcare & Pharmaceuticals
1755,0.14223685753459758,6,0.8333333333333334,PRECWIRE,Precision Wires India Limited,Real Estate & Construction
2013,0.14176833058495478,7,0.5714285714285714,SHAKTIPUMP,Shakti Pumps (India) Limited,Industrials & Infrastructure
1518,0.14087331846397128,8,0.75,NATIONALUM,National Aluminium Company Limited,"Metals, Mining & Chemicals"
2014,0.14077383768566407,6,0.6666666666666666,SHALBY,Shalby Limited,Healthcare & Pharmaceuticals
1266,0.14056168794381413,7,0.42857142857142855,KSL,Kalyani Steels Limited,"Metals, Mining & Chemicals"
1527,0.14044785003620724,8,0.625,NBCC,NBCC (India) Limited,Industrials & Infrastructure
507,0.1384467503516778,5,0.6,CORDSCABLE,Cords Cable Industries Limited,Real Estate & Construction
2279,0.1370577932592493,8,0.875,TFCILTD,Tourism Finance Corporation of India Limited,Financial Services
2249,0.1369315950485598,8,0.75,TATAINVEST,Tata Investment Corporation Limited,Financial Services
1619,0.13511497903030062,5,0.6,ONEPOINT,One Point One Solutions Limited,Technology
2065,0.134750663633577,5,0.8,SIGACHI,Sigachi Industries Limited,"Metals, Mining & Chemicals"
233,0.13427927044416035,7,0.5714285714285714,ATGL,Adani Total Gas Limited,Energy
2522,0.13396232185434376,8,0.375,WOCKPHARMA,Wockhardt Limited,Healthcare & Pharmaceuticals
958,0.13350631156719975,5,0.8,HITECH,Hi-Tech Pipes Limited,"Metals, Mining & Chemicals"
1579,0.13291329745465866,8,0.75,NMDC,NMDC Limited,"Metals, Mining & Chemicals"
1762,0.13092388534192712,7,0.7142857142857143,PRICOLLTD,Pricol Limited,Automobile & Mobility
1548,0.13066841394778245,7,0.8571428571428571,NEULANDLAB,Neuland Laboratories Limited,Healthcare & Pharmaceuticals
1948,0.12748527544251712,6,0.6666666666666666,SANGHVIMOV,Sanghvi Movers Limited,Industrials & Infrastructure
389,0.12699868673270237,5,0.6,BOROLTD,Borosil Limited,Consumer & FMCG
2215,0.12502433940661833,8,0.75,SWANCORP,SWAN CORP LIMITED,Industrials & Infrastructure
390,0.12459983184326318,7,0.5714285714285714,BORORENEW,BOROSIL RENEWABLES LIMITED,Energy
1941,0.12297450475557443,8,0.625,SAMMAANCAP,Sammaan Capital Limited,Financial Services
1101,0.12041032459871182,5,0.4,JAIBALAJI,Jai Balaji Industries Limited,Technology
170,0.1198358898419608,6,0.6666666666666666,APOLLO,Apollo Micro Systems Limited,Technology
1749,0.11936432427976043,8,0.625,PRAKASH,Prakash Industries Limited,"Metals, Mining & Chemicals"
147,0.11882229636508382,7,0.8571428571428571,ANANTRAJ,Anant Raj Limited,Industrials & Infrastructure
1163,0.1184908253955614,6,0.5,JYOTISTRUC,Jyoti Structures Limited,Industrials & Infrastructure
2196,0.11845913264884152,5,0.8,SUPRIYA,Supriya Lifescience Limited,Healthcare & Pharmaceuticals
1489,0.11765332009744796,8,0.5,MTNL,Mahanagar Telephone Nigam Limited,Services & Others
459,0.11729099102104464,6,0.8333333333333334,CHALET,Chalet Hotels Limited,Services & Others
638,0.11620477433701397,7,0.42857142857142855,DYNAMATECH,Dynamatic Technologies Limited,Technology
609,0.11365911465816457,7,0.8571428571428571,DIXON,Dixon Technologies (India) Limited,Technology
2089,0.11347167812435037,5,0.8,SJS,S.J.S. Enterprises Limited,Automobile & Mobility
1299,0.11320169422953986,7,0.7142857142857143,LEMONTREE,Lemon Tree Hotels Limited,Services & Others
434,0.11238216825376199,8,0.75,CCAVENUE,AvenuesAI Limited,Technology
1133,0.11012407493209117,8,0.625,JKTYRE,JK Tyre & Industries Limited,Automobile & Mobility
1572,0.10932301514373635,5,0.4,NITCO,Nitco Limited,Real Estate & Construction
1482,0.10925092533119184,8,0.625,MRPL,Mangalore Refinery and Petrochemicals Limited,Energy
46,0.10869439800672819,8,0.625,ACE,Action Construction Equipment Limited,Industrials & Infrastructure
1097,0.10845455111568916,5,0.6,IZMO,IZMO Limited,Technology
1853,0.1069464297092946,7,0.2857142857142857,RESPONIND,Responsive Industries Limited,Industrials & Infrastructure
2088,0.10689494953233622,7,0.7142857142857143,SIYSIL,Siyaram Silk Mills Limited,Industrials & Infrastructure
1159,0.10672238546534836,5,0.2,JWL,Jupiter Wagons Limited,Industrials & Infrastructure
1121,0.10618253765401059,8,0.75,JINDALSTEL,JINDAL STEEL LIMITED,"Metals, Mining & Chemicals"
2231,0.1059176258653559,7,0.5714285714285714,TAJGVK,Taj GVK Hotels & Resorts Limited,Services & Others
2047,0.1058256034750761,6,0.5,SHREEPUSHK,Shree Pushkar Chemicals & Fertilisers Limited,"Metals, Mining & Chemicals"
1556,0.10575585523983312,7,0.5714285714285714,NIACL,The New India Assurance Company Limited,Financial Services
1947,0.10408136557721366,5,0.4,SANGAMIND,Sangam (India) Limited,Industrials & Infrastructure
404,0.10400165214308517,8,0.5,BSE,BSE Limited,Services & Others
212,0.10387647950496771,8,0.75,ASHOKA,Ashoka Buildcon Limited,Industrials & Infrastructure
226,0.10358656348217453,7,0.8571428571428571,ASTERDM,Aster DM Quality Care Limited,Healthcare & Pharmaceuticals
1329,0.10263326147975316,8,0.75,LTF,L&T Finance Limited,Financial Services
1523,0.10201903514398619,8,0.625,NAVKARCORP,Navkar Corporation Limited,Services & Others
2236,0.10184077091975353,8,0.5,TANLA,Tanla Platforms Limited,Technology
1665,0.10177904832166895,5,0.6,PARADEEP,Paradeep Phosphates Limited,"Metals, Mining & Chemicals"
2415,0.10159564928678162,6,0.5,VASCONEQ,Vascon Engineers Limited,Industrials & Infrastructure
837,0.10154741430109292,7,0.7142857142857143,GOKEX,Gokaldas Exports Limited,Industrials & Infrastructure
254,0.10106732369201661,8,0.5,AVANTIFEED,Avanti Feeds Limited,Consumer & FMCG
1664,0.10104390094050694,5,0.6,PARACABLES,Paramount Communications Limited,Real Estate & Construction
335,0.10039884934704363,8,0.5,BFUTILITIE,BF Utilities Limited,Energy
429,0.09954118720145586,8,0.875,CARERATING,CARE Ratings Limited,Services & Others
186,0.0985840179494354,6,0.5,ARIES,Aries Agro Limited,"Metals, Mining & Chemicals"
2336,0.09814767974074416,6,0.8333333333333334,TRF,TRF Limited,Industrials & Infrastructure
880,0.0980241870117842,7,0.7142857142857143,GUFICBIO,Gufic Biosciences Limited,Healthcare & Pharmaceuticals
1642,0.0978975871096872,8,0.5,ORISSAMINE,The Orissa Minerals Development Company Limited,"Metals, Mining & Chemicals"
1714,0.09752444858036012,5,0.6,PIXTRANS,Pix Transmissions Limited,Industrials & Infrastructure
1801,0.09689426376106011,5,0.6,RAILTEL,Railtel Corporation Of India Limited,Services & Others
1089,0.09681773154806392,8,0.875,ITDC,India Tourism Development Corporation Limited,Services & Others
1936,0.09634812474548526,6,0.5,SALZERELEC,Salzer Electronics Limited,Industrials & Infrastructure
1487,0.09608593822238617,5,0.8,MTARTECH,Mtar Technologies Limited,Technology
1122,0.09598649967958282,6,0.5,JINDRILL,Jindal Drilling And Industries Limited,Energy
53,0.09539227187199874,5,0.6,ACUTAAS,Acutaas Chemicals Limited,Healthcare & Pharmaceuticals
1068,0.09502953601818484,8,0.375,IOB,Indian Overseas Bank,Financial Services
843,0.09472924099847453,6,0.6666666666666666,GOODLUCK,Goodluck India Limited,"Metals, Mining & Chemicals"
1475,0.09441135849384422,8,0.625,MOTILALOFS,Motilal Oswal Financial Services Limited,Financial Services
916,0.09418353686472346,7,0.8571428571428571,HCG,Healthcare Global Enterprises Limited,Healthcare & Pharmaceuticals
200,0.09417816282587355,8,0.75,ARVIND,Arvind Limited,Industrials & Infrastructure
1414,0.09411386520579477,5,0.6,MEDANTA,Global Health Limited,Healthcare & Pharmaceuticals
2291,0.09300791125991939,8,0.5,THOMASCOOK,Thomas Cook  (India)  Limited,Consumer & FMCG
2289,0.09217727446280924,5,0.8,THEMISMED,Themis Medicare Limited,Healthcare & Pharmaceuticals
1375,0.09199382184928982,7,0.7142857142857143,MANGLMCEM,Mangalam Cement Limited,Real Estate & Construction
2059,0.09145426309256903,5,0.6,SHYAMMETL,Shyam Metalics and Energy Limited,"Metals, Mining & Chemicals"
724,0.09062647304992437,5,0.4,FCSSOFT,FCS Software Solutions Limited,Technology
87,0.0897342002663698,8,0.625,AGI,AGI Greenpac Limited,Industrials & Infrastructure
1792,0.08964511257108276,8,0.5,QUICKHEAL,Quick Heal Technologies Limited,Technology
1978,0.08866197717383033,7,0.5714285714285714,SCHNEIDER,Schneider Electric Infrastructure Limited,Industrials & Infrastructure
1868,0.08862648505111335,8,0.5,RKFORGE,Ramkrishna Forgings Limited,Automobile & Mobility
202,0.0883357993517335,7,0.7142857142857143,ARVSMART,Arvind SmartSpaces Limited,Industrials & Infrastructure
164,0.08717154339813742,7,0.7142857142857143,APARINDS,Apar Industries Limited,Industrials & Infrastructure
929,0.08672374698316243,5,0.8,HEMIPROP,Hemisphere Properties India Limited,Industrials & Infrastructure
1175,0.0862031864158664,5,0.2,KAMDHENU,Kamdhenu Limited,"Metals, Mining & Chemicals"
1919,0.08497840821052423,5,0.8,SAFARI,Safari Industries (India) Limited,Consumer & FMCG
827,0.08421353949444693,8,0.375,GOACARBON,Goa Carbon Limited,"Metals, Mining & Chemicals"
807,0.08417911258148514,5,0.6,GLAND,Gland Pharma Limited,Healthcare & Pharmaceuticals
1926,0.08402990333745598,8,0.625,SAIL,Steel Authority of India Limited,"Metals, Mining & Chemicals"
1075,0.0829718611740605,8,0.625,IRB,IRB Infrastructure Developers Limited,Industrials & Infrastructure
1171,0.08193683981541056,5,0.6,KALYANKJIL,Kalyan Jewellers India Limited,Consumer & FMCG
168,0.08143634007080344,8,0.875,APLAPOLLO,APL Apollo Tubes Limited,"Metals, Mining & Chemicals"
1024,0.0813590120769499,8,0.75,INDIANB,Indian Bank,Financial Services
2205,0.0812014948337943,8,0.375,SURYAROSNI,Surya Roshni Limited,"Metals, Mining & Chemicals"
1799,0.08081480075565176,8,0.75,RADICO,Radico Khaitan Limited,Consumer & FMCG
1377,0.08066221768510899,7,0.5714285714285714,MANINFRA,Man Infraconstruction Limited,Industrials & Infrastructure
1216,0.08061608700738702,7,0.5714285714285714,KIRLOSENG,Kirloskar Oil Engines Limited,Energy
598,0.08049107455941185,6,0.6666666666666666,DIAMONDYD,Prataap Snacks Limited,Consumer & FMCG
2388,0.08035846692260608,6,0.6666666666666666,UNIVCABLES,Universal Cables Limited,Real Estate & Construction
489,0.08019727262046367,8,0.625,COCHINSHIP,Cochin Shipyard Limited,Industrials & Infrastructure
568,0.07991676082488178,5,0.8,DECCANCE,Deccan Cements Limited,Real Estate & Construction
2077,0.07968531033040374,5,0.4,SILVERTUC,Silver Touch Technologies Limited,Technology
2054,0.07890811093301123,8,0.5,SHRIRAMFIN,Shriram Finance Limited,Financial Services
854,0.07869742361070228,8,0.75,GRAPHITE,Graphite India Limited,Industrials & Infrastructure
675,0.07791049626785501,8,0.5,EMBDL,Embassy Developments Limited,Industrials & Infrastructure
1753,0.07781371724950228,7,0.42857142857142855,PRECAM,Precision Camshafts Limited,Automobile & Mobility
637,0.07755840698452891,5,0.4,DYCL,Dynamic Cables Limited,Real Estate & Construction
2418,0.07734619836916026,8,0.625,VBL,Varun Beverages Limited,Consumer & FMCG
2384,0.07732580294823972,5,0.2,UNITECH,Unitech Limited,Industrials & Infrastructure
2093,0.07722380645886025,6,0.6666666666666666,SKIPPER,Skipper Limited,Industrials & Infrastructure
822,0.07707459244099685,8,0.75,GMRAIRPORT,GMR AIRPORTS LIMITED,Industrials & Infrastructure
492,0.07706372689240867,8,0.625,COFORGE,Coforge Limited,Technology
554,0.07705788768175105,6,0.5,DBREALTY,Valor Estate Limited,Industrials & Infrastructure
2085,0.07668361551826179,5,0.6,SIRCA,Sirca Paints India Limited,"Metals, Mining & Chemicals"
1657,0.07645635750143193,6,0.5,PANACEABIO,Panacea Biotec Limited,Healthcare & Pharmaceuticals
469,0.0751025354484984,5,1.0,CHOICEIN,Choice International Limited,Services & Others
2117,0.07426272142375998,8,0.625,SOUTHBANK,The South Indian Bank Limited,Financial Services
1107,0.07395615013504712,5,0.6,JASH,Jash Engineering Limited,Industrials & Infrastructure
1701,0.0736129286298835,8,0.875,PHOENIXLTD,The Phoenix Mills Limited,Industrials & Infrastructure
1290,0.07330376142266312,8,0.75,LAURUSLABS,Laurus Labs Limited,Healthcare & Pharmaceuticals
1831,0.07323314883666354,8,0.75,RBLBANK,RBL Bank Limited,Financial Services
1141,0.07302509810118571,7,0.5714285714285714,JPPOWER,Jaiprakash Power Ventures Limited,Energy
752,0.07288703924104896,5,0.8,FORCEMOT,FORCE MOTORS LTD,Automobile & Mobility
2040,0.0722102121794866,7,0.5714285714285714,SHK,S H Kelkar and Company Limited,"Metals, Mining & Chemicals"
823,0.07186233459492812,5,0.4,GMRP&UI,GMR Power and Urban Infra Limited,Energy
954,0.07166974857247461,6,0.5,HINDWAREAP,Hindware Home Innovation Limited,Consumer & FMCG
264,0.07122803193750267,7,0.5714285714285714,AXISCADES,AXISCADES Technologies Limited,Technology
646,0.0711991459091125,8,0.75,ECLERX,eClerx Services Limited,Technology
189,0.07115174065714636,6,0.6666666666666666,ARIHANTSUP,Arihant Superstructures Limited,Industrials & Infrastructure
1835,0.07113442519393262,8,0.5,RECLTD,REC Limited,Services & Others
1045,0.07110939312008137,7,0.5714285714285714,INDRAMEDCO,Indraprastha Medical Corporation Limited,Healthcare & Pharmaceuticals
58,0.07101693321315439,8,0.625,ADANIPOWER,Adani Power Limited,Energy
614,0.07021388545807247,5,0.4,DMCC,DMCC SPECIALITY CHEMICALS LIMITED,"Metals, Mining & Chemicals"
2545,0.06913635242228064,7,0.5714285714285714,ZENSARTECH,Zensar Technologies Limited,Technology
1022,0.06879109268773516,8,0.625,INDIAGLYCO,India Glycols Limited,Consumer & FMCG
1076,0.06849404113221377,6,0.3333333333333333,IRCON,Ircon International Limited,Industrials & Infrastructure
859,0.06845261437374764,8,0.625,GREAVESCOT,Greaves Cotton Limited,Industrials & Infrastructure
1874,0.06791269102137679,7,0.7142857142857143,ROHLTD,Royal Orchid Hotels Limited,Services & Others
1143,0.06790984169034073,8,0.75,JSL,Jindal Stainless Limited,"Metals, Mining & Chemicals"
1200,0.06741940849975392,6,0.8333333333333334,KESORAMIND,Kesoram Industries Limited,Real Estate & Construction
992,0.06628277008141964,8,0.5,IDEA,Vodafone Idea Limited,Services & Others
481,0.06614268037355207,5,0.6,CLSEL,Chaman Lal Setia Exports Limited,Consumer & FMCG
628,0.06597588004027613,8,0.375,DREDGECORP,Dredging Corporation of India Limited,Services & Others
1691,0.06546336967964714,8,0.75,PERSISTENT,Persistent Systems Limited,Technology
1855,0.06528136233821617,6,0.6666666666666666,RGL,Renaissance Global Limited,Consumer & FMCG
753,0.06518947168722611,8,0.625,FORTIS,Fortis Healthcare Limited,Healthcare & Pharmaceuticals
723,0.06508186311127803,7,0.5714285714285714,FCL,Fineotex Chemical Limited,"Metals, Mining & Chemicals"
1631,0.06494853361342626,5,0.8,ORICONENT,Oricon Enterprises Limited,Industrials & Infrastructure
1818,0.06477231419069689,7,0.5714285714285714,RAMCOIND,Ramco Industries Limited,Real Estate & Construction
2506,0.0647575994390733,8,0.75,WELENT,Welspun Enterprises Limited,Industrials & Infrastructure
419,0.0644157763471501,8,0.625,CANBK,Canara Bank,Financial Services
1675,0.06416509217303,6,0.6666666666666666,PATANJALI,Patanjali Foods Limited,Consumer & FMCG
2103,0.06409501480005621,8,0.75,SOBHA,Sobha Limited,Industrials & Infrastructure
1686,0.0639646827929324,5,0.6,PDSL,PDS Limited,Industrials & Infrastructure
2471,0.06343109484760728,8,0.375,VIYASH,Viyash Scientific Limited,Healthcare & Pharmaceuticals
1782,0.06329244858365606,6,0.6666666666666666,PURVA,Puravankara Limited,Industrials & Infrastructure
1242,0.06302899583786811,5,0.4,KPIGREEN,KPI Green Energy Limited,Energy
312,0.06279080346831184,5,0.6,BBOX,Black Box Limited,Services & Others
1886,0.06110296510840598,6,0.8333333333333334,RPPINFRA,R.P.P. Infra Projects Limited,Industrials & Infrastructure
798,0.06088303417426609,7,0.5714285714285714,GICRE,General Insurance Corporation of India,Financial Services
611,0.060727068219442876,8,0.375,DLF,DLF Limited,Industrials & Infrastructure
2406,0.0603399902863677,8,0.625,VAIBHAVGBL,Vaibhav Global Limited,Consumer & FMCG
1309,0.05956064515339908,5,0.2,LICI,Life Insurance Corporation Of India,Financial Services
1974,0.05927511273022569,8,0.75,SBIN,State Bank of India,Financial Services
962,0.059094537320343636,6,0.5,HLVLTD,HLV LIMITED,Services & Others
1607,0.05870745316669022,8,0.625,OIL,Oil India Limited,Energy
2251,0.058031357941621814,8,0.5,TATASTEEL,Tata Steel Limited,"Metals, Mining & Chemicals"
1529,0.05758816203795001,8,0.375,NCC,NCC Limited,Industrials & Infrastructure
197,0.05751307230910681,5,0.6,ARTEMISMED,Artemis Medicare Services Limited,Healthcare & Pharmaceuticals
1073,0.057489368024692886,5,0.6,IPL,India Pesticides Limited,"Metals, Mining & Chemicals"
1549,0.05741641756784301,6,0.6666666666666666,NEWGEN,Newgen Software Technologies Limited,Technology
1413,0.05733414435214893,8,0.75,MCX,Multi Commodity Exchange of India Limited,Services & Others
2102,0.056989336386611675,8,0.375,SNOWMAN,Snowman Logistics Limited,Services & Others
1486,0.056902520671121136,5,0.6,MSUMI,Motherson Sumi Wiring India Limited,"Metals, Mining & Chemicals"
1731,0.05674886040846584,5,0.4,POLICYBZR,PB Fintech Limited,Consumer & FMCG
327,0.056456902783004866,8,0.625,BEML,BEML Limited,Industrials & Infrastructure
71,0.05644697364797443,8,0.75,AEGISLOG,Aegis Logistics Limited,Services & Others
1213,0.0561785175870845,8,0.5,KIRIINDUS,Kiri Industries Limited,"Metals, Mining & Chemicals"
2309,0.0556144668438818,8,0.625,TITAGARH,TITAGARH RAIL SYSTEMS LIMITED,Industrials & Infrastructure
574,0.05554312437699636,5,0.6,DEEPINDS,Deep Industries Limited,Energy
2414,0.05520643305128757,7,0.7142857142857143,VARROC,Varroc Engineering Limited,Automobile & Mobility
162,0.05470480060340351,7,0.5714285714285714,ANUP,The Anup Engineering Limited,Industrials & Infrastructure
1174,0.05458100515679018,6,0.5,KAMATHOTEL,Kamat Hotels (I) Limited,Services & Others
1072,0.054233541193402936,8,0.625,IPCALAB,IPCA Laboratories Limited,Healthcare & Pharmaceuticals
655,0.05415873154439611,5,0.6,EIHAHOTELS,EIH Associated Hotels Limited,Services & Others
444,0.0540424419959134,8,0.5,CEMPRO,Cemindia Projects Limited,Industrials & Infrastructure
1560,0.0531818743714315,8,0.625,NIITLTD,NIIT Limited,Services & Others
2395,0.053158929295778035,5,0.2,URJA,Urja Global Limited,Energy
557,0.05220875545650319,8,0.5,DCBBANK,DCB Bank Limited,Financial Services
54,0.052098519916371475,8,0.625,ADANIENSOL,Adani Energy Solutions Limited,Energy
1612,0.051727619772611165,8,0.5,OMAXE,Omaxe Limited,Industrials & Infrastructure
1261,0.051661787228737745,7,0.5714285714285714,KSB,Ksb Limited,Industrials & Infrastructure
1776,0.050866305269538926,6,0.3333333333333333,PSB,Punjab & Sind Bank,Financial Services
1957,0.050646770182588,7,0.5714285714285714,SARDAEN,Sarda Energy & Minerals Limited,"Metals, Mining & Chemicals"
819,0.05041686652981503,8,0.5,GMBREW,GM Breweries Limited,Consumer & FMCG
2276,0.05040574404867528,5,0.6,TEXINFRA,Texmaco Infrastructure & Holdings Limited,Industrials & Infrastructure
2355,0.050322130619641255,7,0.5714285714285714,TVSSRICHAK,TVS Srichakra Limited,Automobile & Mobility
57,0.049390127276570654,8,0.625,ADANIPORTS,Adani Ports and Special Economic Zone Limited,Services & Others
1469,0.04927983831425027,5,0.6,MONARCH,Monarch Networth Capital Limited,Services & Others
1555,0.048885472242311795,8,0.5,NHPC,NHPC Limited,Energy
2473,0.048732348671059966,5,0.4,VLSFINANCE,VLS Finance Limited,Financial Services
734,0.04832867553845399,8,0.75,FILATEX,Filatex India Limited,Industrials & Infrastructure
1713,0.04816311159756745,6,0.5,PITTIENG,Pitti Engineering Limited,Industrials & Infrastructure
2225,0.04802287598759043,5,0.4,SYNCOMF,Syncom Formulations (India) Limited,Healthcare & Pharmaceuticals
915,0.047827209430304184,8,0.5,HCC,Hindustan Construction Company Limited,Industrials & Infrastructure
447,0.04749421999724135,8,0.625,CENTRALBK,Central Bank of India,Financial Services
311,0.04720179782450163,7,0.5714285714285714,BBL,Bharat Bijlee Limited,Industrials & Infrastructure
240,0.04669591666385621,7,0.42857142857142855,ATULAUTO,Atul Auto Limited,Automobile & Mobility
758,0.046407972562379884,8,0.5,FSL,Firstsource Solutions Limited,Technology
360,0.046313552446911786,6,0.16666666666666666,BIRLAMONEY,Aditya Birla Money Limited,Services & Others
2344,0.0462417705777899,5,0.6,TSFINV,TSF INVESTMENTS LIMITED,Financial Services
2044,0.04619715692385534,6,0.6666666666666666,SHREDIGCEM,Shree Digvijay Cement Co.Ltd,Real Estate & Construction
1334,0.04609392625747092,7,0.7142857142857143,LUMAXTECH,Lumax Auto Technologies Limited,Technology
1113,0.04605976767966359,7,0.14285714285714285,JBMA,JBM Auto Limited,Automobile & Mobility
1210,0.04603624574238365,6,0.5,KINGFA,Kingfa Science & Technology (India) Limited,Industrials & Infrastructure
285,0.04594596399634647,8,0.625,BAJFINANCE,Bajaj Finance Limited,Financial Services
1062,0.04575885284434891,8,0.625,INTELLECT,Intellect Design Arena Limited,Technology
1381,0.04553747172366983,5,0.6,MANORAMA,Manorama Industries Limited,Industrials & Infrastructure
467,0.045200912748432624,8,0.625,CHENNPETRO,Chennai Petroleum Corporation Limited,Technology
2016,0.04507246544426089,6,0.5,SHANKARA,Shankara Building Products Limited,"Metals, Mining & Chemicals"
1203,0.04498750107267492,5,0.6,KHADIM,Khadim India Limited,Consumer & FMCG
1781,0.04489703887823051,5,0.6,PUNJABCHEM,Punjab Chemicals & Crop Protection Limited,"Metals, Mining & Chemicals"
704,0.044873311785488076,7,0.5714285714285714,ESTER,Ester Industries Limited,Industrials & Infrastructure
1606,0.04460743943830974,8,0.375,OFSS,Oracle Financial Services Software Limited,Technology
2366,0.044456169386848265,7,0.5714285714285714,UFO,UFO Moviez India Limited,Services & Others
538,0.04437972461597434,8,0.625,CYIENT,Cyient Limited,Technology
470,0.04403792023554985,8,0.5,CHOLAFIN,Cholamandalam Investment and Finance Company Limited,Financial Services
649,0.04398494017135604,8,0.625,EDELWEISS,Edelweiss Financial Services Limited,Financial Services
1004,0.04396465027037084,7,0.2857142857142857,IGPL,IG Petrochemicals Limited,"Metals, Mining & Chemicals"
1688,0.04390306730207926,6,0.6666666666666666,PENIND,Pennar Industries Limited,"Metals, Mining & Chemicals"
2245,0.04385145760755982,8,0.5,TATACHEM,Tata Chemicals Limited,"Metals, Mining & Chemicals"
2161,0.04369142850655809,5,0.6,STYLAMIND,Stylam Industries Limited,Real Estate & Construction
1059,0.043207296815009656,6,0.3333333333333333,INOXWIND,Inox Wind Limited,Industrials & Infrastructure
1358,0.043146234412967624,7,0.42857142857142855,MAHSEAMLES,Maharashtra Seamless Limited,"Metals, Mining & Chemicals"
656,0.04259833903039802,8,0.5,EIHOTEL,EIH Limited,Services & Others
1396,0.0424670985745122,8,0.75,MASTEK,Mastek Limited,Technology
761,0.04207565111339536,7,0.5714285714285714,GAEL,Gujarat Ambuja Exports Limited,Industrials & Infrastructure
531,0.04181178817151478,8,0.75,CUB,City Union Bank Limited,Financial Services
1683,0.041744865376343226,8,0.625,PCBL,PCBL Chemical Limited,"Metals, Mining & Chemicals"
1328,0.04083926291145785,8,0.75,LT,Larsen & Toubro Limited,Industrials & Infrastructure
760,0.040100589199044814,8,0.5,GABRIEL,Gabriel India Limited,Automobile & Mobility
302,0.04005086258384924,8,0.625,BANKBARODA,Bank of Baroda,Financial Services
96,0.03966676327478027,6,0.6666666666666666,AHLUCONT,Ahluwalia Contracts (India) Limited,Industrials & Infrastructure
632,0.03964197906350445,5,0.4,DSSL,Dynacons Systems & Solutions Limited,Technology
1681,0.03959085231504308,5,0.6,PAYTM,One 97 Communications Limited,Technology
2408,0.039541561872612874,8,0.5,VAKRANGEE,Vakrangee Limited,Technology
2126,0.039200183425381625,7,0.2857142857142857,SPENCERS,Spencer's Retail Limited,Consumer & FMCG
2488,0.03908748330710131,7,0.5714285714285714,VSTTILLERS,V.S.T Tillers Tractors Limited,Automobile & Mobility
853,0.03864227412424826,8,0.625,GRANULES,Granules India Limited,Healthcare & Pharmaceuticals
2055,0.03794648181785623,5,0.8,SHRIRAMPPS,Shriram Properties Limited,Industrials & Infrastructure
927,0.037783344101013173,8,0.625,HEG,HEG Limited,Industrials & Infrastructure
378,0.03765178412419928,8,0.625,BLUESTARCO,Blue Star Limited,Consumer & FMCG
989,0.03749181226797231,7,0.2857142857142857,ICIL,Indo Count Industries Limited,Industrials & Infrastructure
1033,0.037156805923937414,5,0.4,INDOBORAX,Indo Borax & Chemicals Limited,"Metals, Mining & Chemicals"
1761,0.036922356136615,8,0.75,PRESTIGE,Prestige Estates Projects Limited,Industrials & Infrastructure
1006,0.03688338862174518,6,0.5,IIFLCAPS,IIFL Capital Services Limited,Financial Services
1481,0.036781015727920155,8,0.5,MRF,MRF Limited,Automobile & Mobility
1769,0.036521622428854206,6,0.5,PRIVISCL,Privi Speciality Chemicals Limited,"Metals, Mining & Chemicals"
1243,0.0363228403420325,8,0.5,KPIL,Kalpataru Projects International Limited,Industrials & Infrastructure
1845,0.03616025431613398,8,0.625,RELIGARE,Religare Enterprises Limited,Financial Services
407,0.036130000061430606,8,0.375,BSOFT,BIRLASOFT LIMITED,Technology
1005,0.036100715868225726,8,0.5,IIFL,IIFL Finance Limited,Financial Services
303,0.036047327575270766,8,0.625,BANKINDIA,Bank of India,Financial Services
1516,0.035888824906423186,8,0.625,NATCOPHARM,Natco Pharma Limited,Healthcare & Pharmaceuticals
49,0.03580872882261364,5,0.6,ACI,Archean Chemical Industries Limited,"Metals, Mining & Chemicals"
1020,0.03575749417659934,8,0.625,INDHOTEL,The Indian Hotels Company Limited,Services & Others
1513,0.03526019421654585,7,0.5714285714285714,NAM-INDIA,Nippon Life India Asset Management Limited,Financial Services
754,0.03491306771463544,5,0.4,FOSECOIND,Foseco India Limited,"Metals, Mining & Chemicals"
1911,0.03456124853920884,7,0.42857142857142855,RVNL,Rail Vikas Nigam Limited,Industrials & Infrastructure
85,0.034229035068795356,5,0.6,AGARIND,Agarwal Industrial Corporation Limited,Energy
1202,0.0341913245383485,5,0.6,KFINTECH,Kfin Technologies Limited,Technology
1288,0.034168793847438705,5,0.6,LATENTVIEW,Latent View Analytics Limited,Technology
946,0.033471406496430045,8,0.625,HINDALCO,Hindalco Industries Limited,"Metals, Mining & Chemicals"
2233,0.033020608540971934,6,0.5,TALBROAUTO,Talbros Automotive Components Limited,Automobile & Mobility
1732,0.033011801215862106,7,0.5714285714285714,POLYCAB,Polycab India Limited,Real Estate & Construction
621,0.03297103395668257,5,0.4,DONEAR,Donear Industries Limited,Industrials & Infrastructure
533,0.032781835216518035,8,0.5,CUMMINSIND,Cummins India Limited,Industrials & Infrastructure
1500,0.0324467933966213,8,0.625,MUTHOOTFIN,Muthoot Finance Limited,Financial Services
2404,0.03209160740695951,7,0.5714285714285714,VADILALIND,Vadilal Industries Limited,Consumer & FMCG
1308,0.03191207461235966,8,0.625,LICHSGFIN,LIC Housing Finance Limited,Financial Services
1190,0.03146963332405141,7,0.42857142857142855,KCP,KCP Limited,Real Estate & Construction
1720,0.03130167030462082,8,0.75,PNB,Punjab National Bank,Financial Services
1525,0.031243745837627495,7,0.7142857142857143,NAVNETEDUL,Navneet Education Limited,Services & Others
55,0.030327077205277594,8,0.625,ADANIENT,Adani Enterprises Limited,Services & Others
460,0.02985610027462243,8,0.375,CHAMBLFERT,Chambal Fertilizers & Chemicals Limited,"Metals, Mining & Chemicals"
944,0.02985538345072563,8,0.375,HIMATSEIDE,Himatsingka Seide Limited,Industrials & Infrastructure
1192,0.029373778463272236,5,0.6,KDDL,KDDL Limited,Consumer & FMCG
2505,0.029342708561400626,8,0.625,WELCORP,Welspun Corp Limited,"Metals, Mining & Chemicals"
2335,0.02902248552222347,8,0.5,TRENT,Trent Limited,Consumer & FMCG
1402,0.028614558737847996,5,0.6,MAXIND,Max India Limited,Financial Services
1496,0.02831713726569513,7,0.42857142857142855,MUNJALAU,Munjal Auto Industries Limited,Automobile & Mobility
206,0.028100198384942564,5,0.4,ASAL,Automotive Stampings and Assemblies Limited,Automobile & Mobility
1740,0.027597677248898677,5,0.6,POWERINDIA,Hitachi Energy India Limited,Industrials & Infrastructure
706,0.027435350534405704,5,0.6,ETHOSLTD,Ethos Limited,Consumer & FMCG
762,0.02742775277647604,8,0.5,GAIL,GAIL (India) Limited,Energy
975,0.02739213832491587,8,0.25,HSCL,Himadri Speciality Chemical Limited,"Metals, Mining & Chemicals"
2150,0.027383408899177952,5,0.4,STEELCAS,Steelcast Limited,Automobile & Mobility
1355,0.027313917157562307,8,0.5,MAHLIFE,Mahindra Lifespace Developers Limited,Industrials & Infrastructure
831,0.027282106860165675,8,0.5,GODFRYPHLP,Godfrey Phillips India Limited,Consumer & FMCG
651,0.02717138496280866,8,0.5,EICHERMOT,Eicher Motors Limited,Automobile & Mobility
1259,0.02694330438726129,5,0.6,KRSNAA,Krsnaa Diagnostics Limited,Healthcare & Pharmaceuticals
2165,0.026687894102836077,8,0.5,SUBROS,Subros Limited,Automobile & Mobility
952,0.026665463304827053,8,0.5,HINDPETRO,Hindustan Petroleum Corporation Limited,Energy
1599,0.02643443703462569,5,0.4,NYKAA,FSN E-Commerce Ventures Limited,Consumer & FMCG
677,0.026243299094982964,5,0.4,EMIL,Electronics Mart India Limited,Consumer & FMCG
1154,0.026163535635002018,8,0.375,JUBLFOOD,Jubilant Foodworks Limited,Consumer & FMCG
349,0.026027869825481623,8,0.5,BHEL,Bharat Heavy Electricals Limited,Industrials & Infrastructure
1748,0.02586606470125026,8,0.5,PRAJIND,Praj Industries Limited,Industrials & Infrastructure
330,0.025736058251142113,8,0.25,BEPL,Bhansali Engineering Polymers Limited,"Metals, Mining & Chemicals"
984,0.02569976632023747,5,0.4,ICEMAKE,Ice Make Refrigeration Limited,Technology
1012,0.02556564537792464,5,0.2,IMAGICAA,Imagicaaworld Entertainment Limited,Consumer & FMCG
346,0.025424842446912024,6,0.5,BHARATWIRE,Bharat Wire Ropes Limited,"Metals, Mining & Chemicals"
463,0.025356551282705836,5,0.4,CHEMCON,Chemcon Speciality Chemicals Limited,"Metals, Mining & Chemicals"
848,0.024795597867563766,8,0.5,GPPL,Gujarat Pipavav Port Limited,Services & Others
13,0.02427307018465541,7,0.2857142857142857,63MOONS,63 moons technologies limited,Technology
2481,0.023997163401137358,8,0.625,VOLTAS,Voltas Limited,Consumer & FMCG
1350,0.023869185174209186,7,0.42857142857142855,MAHABANK,Bank of Maharashtra,Financial Services
1303,0.02383365748014743,7,0.42857142857142855,LGBBROSLTD,LG Balakrishnan & Bros Limited,Automobile & Mobility
991,0.023811090528049562,8,0.625,IDBI,IDBI Bank Limited,Financial Services
1602,0.02343811881495359,8,0.5,OBEROIRLTY,Oberoi Realty Limited,Industrials & Infrastructure
906,0.023396010594656718,7,0.5714285714285714,HATSUN,Hatsun Agro Product Limited,Consumer & FMCG
1436,0.023164257575283398,7,0.42857142857142855,MHRIL,Mahindra Holidays & Resorts India Limited,Services & Others
1861,0.022884316760908376,8,0.5,RIIL,Reliance Industrial Infrastructure Limited,Industrials & Infrastructure
835,0.02288349468478209,8,0.5,GODREJIND,Godrej Industries Limited,"Metals, Mining & Chemicals"
2247,0.02255124548828498,8,0.5,TATACONSUM,TATA CONSUMER PRODUCTS LIMITED,Consumer & FMCG
2546,0.02249499351619907,7,0.2857142857142857,ZENTEC,Zen Technologies Limited,Technology
214,0.022456609587518023,8,0.75,ASHOKLEY,Ashok Leyland Limited,Automobile & Mobility
2158,0.02223819248021545,5,0.6,STOVEKRAFT,Stove Kraft Limited,Consumer & FMCG
1443,0.022053235731622434,7,0.7142857142857143,MINDACORP,Minda Corporation Limited,Automobile & Mobility
1697,0.02163019993726027,6,0.5,PGEL,PG Electroplast Limited,Consumer & FMCG
1952,0.02161875073023244,5,0.4,SANSERA,Sansera Engineering Limited,Automobile & Mobility
1474,0.021541212166914403,8,0.5,MOTHERSON,Samvardhana Motherson International Limited,Automobile & Mobility
1098,0.02085587263476085,8,0.5,J&KBANK,The Jammu & Kashmir Bank Limited,Financial Services
2090,0.020764852394918848,8,0.375,SJVN,SJVN Limited,Energy
973,0.02052252676023948,6,0.3333333333333333,HPL,HPL Electric & Power Limited,Energy
1196,0.020335800600822164,8,0.625,KEI,KEI Industries Limited,Real Estate & Construction
920,0.020068578829488565,7,0.5714285714285714,HDFCAMC,HDFC Asset Management Company Limited,Financial Services
1471,0.019886379478118107,6,0.5,MONTECARLO,Monte Carlo Fashions Limited,Industrials & Infrastructure
2293,0.019775047937010175,8,0.5,THYROCARE,Thyrocare Technologies Limited,Technology
316,0.01970804266640195,5,0.4,BCLIND,Bcl Industries Limited,Consumer & FMCG
2181,0.0195183668119313,5,0.4,SUNDROP,Sundrop Brands Limited,Consumer & FMCG
173,0.01939754316264021,8,0.625,APOLLOTYRE,Apollo Tyres Limited,Automobile & Mobility
1150,0.019334612162597485,8,0.625,JSWSTEEL,JSW Steel Limited,"Metals, Mining & Chemicals"
1401,0.018981953998712477,5,0.4,MAXHEALTH,Max Healthcare Institute Limited,Healthcare & Pharmaceuticals
2208,0.018873216887407174,7,0.5714285714285714,SUVEN,Suven Life Sciences Limited,Healthcare & Pharmaceuticals
2474,0.018411738147626772,8,0.625,VMART,V-Mart Retail Limited,Consumer & FMCG
5,0.017948521011777508,5,0.2,20MICRONS,20 Microns Limited,"Metals, Mining & Chemicals"
668,0.017648407488210165,5,0.6,ELIN,Elin Electronics Limited,Consumer & FMCG
356,0.01746915479087817,8,0.5,BIOCON,Biocon Limited,Healthcare & Pharmaceuticals
1312,0.017202013154557196,7,0.42857142857142855,LINCOLN,Lincoln Pharmaceuticals Limited,Healthcare & Pharmaceuticals
1850,0.017187542658599196,8,0.625,REPCOHOME,Repco Home Finance Limited,Financial Services
858,0.01715877560566784,7,0.7142857142857143,GRAVITA,Gravita India Limited,"Metals, Mining & Chemicals"
937,0.01684876855241385,8,0.5,HFCL,HFCL Limited,Services & Others
277,0.016775145324607044,8,0.625,BAJAJFINSV,Bajaj Finserv Limited,Financial Services
412,0.016570893415511094,7,0.14285714285714285,BUTTERFLY,Butterfly Gandhimathi Appliances Limited,Consumer & FMCG
1315,0.01633848197620442,5,0.4,LLOYDSENGG,LLOYDS ENGINEERING WORKS LIMITED,Industrials & Infrastructure
1621,0.016014421714974643,8,0.625,ONGC,Oil & Natural Gas Corporation Limited,Energy
1099,0.01600972467495744,8,0.75,JAGRAN,Jagran Prakashan Limited,Services & Others
1129,0.015975268116132417,8,0.25,JKIL,J.Kumar Infraprojects Limited,Industrials & Infrastructure
616,0.01591398296518932,5,0.4,DODLA,Dodla Dairy Limited,Consumer & FMCG
2167,0.015749401484343714,8,0.625,SUDARSCHEM,Sudarshan Chemical Industries Limited,"Metals, Mining & Chemicals"
1820,0.015608274824145868,6,0.5,RAMKY,Ramky Infrastructure Limited,Industrials & Infrastructure
556,0.015572924014542624,7,0.5714285714285714,DCAL,Dishman Carbogen Amcis Limited,Healthcare & Pharmaceuticals
2145,0.01518986160636701,7,0.5714285714285714,STARCEMENT,Star Cement Limited,Real Estate & Construction
1467,0.01511573903569291,5,0.6,MOLDTECH,Mold-Tek Technologies Limited,Technology
1554,0.014856268713780879,8,0.25,NH,Narayana Hrudayalaya Ltd.,Healthcare & Pharmaceuticals
727,0.014816953853638973,8,0.5,FEDERALBNK,The Federal Bank  Limited,Financial Services
1865,0.014679985649429775,7,0.5714285714285714,RITES,RITES Limited,Industrials & Infrastructure
508,0.014041699805490547,8,0.5,COROMANDEL,Coromandel International Limited,"Metals, Mining & Chemicals"
866,0.013795277636662185,5,0.4,GRMOVER,GRM Overseas Limited,Consumer & FMCG
1693,0.013699807626193682,8,0.5,PFC,Power Finance Corporation Limited,Energy
491,0.013551412415115966,7,0.7142857142857143,COFFEEDAY,Coffee Day Enterprises Limited,Services & Others
347,0.01330347962210678,8,0.25,BHARTIARTL,Bharti Airtel Limited,Services & Others
371,0.01318162083511897,7,0.2857142857142857,BLS,BLS International Services Limited,Services & Others
1544,0.013098980517223925,8,0.375,NESTLEIND,Nestle India Limited,Consumer & FMCG
155,0.013085165532535303,5,0.4,ANNAPURNA,Annapurna Swadisht Limited,Consumer & FMCG
1578,0.012953953906550443,8,0.5,NLCINDIA,NLC India Limited,Energy
2428,0.01283849163831316,5,0.4,VENUSREM,Venus Remedies Limited,Healthcare & Pharmaceuticals
883,0.012573794043898474,8,0.375,GUJENERGY,GUJARAT ENERGY LIMITED,Energy
1234,0.012561713249573562,8,0.625,KOTAKBANK,Kotak Mahindra Bank Limited,Financial Services
229,0.011940988036577392,8,0.5,ASTRAZEN,AstraZeneca Pharma India Limited,Healthcare & Pharmaceuticals
2438,0.011492491359227175,7,0.5714285714285714,VIDHIING,Vidhi Specialty Food Ingredients Limited,"Metals, Mining & Chemicals"
1763,0.011272846914854627,6,0.5,PRIMESECU,Prime Securities Limited,Services & Others
1152,0.011116746711096253,5,0.4,JTLIND,JTL INDUSTRIES LIMITED,"Metals, Mining & Chemicals"
1069,0.01086493214507668,8,0.5,IOC,Indian Oil Corporation Limited,Energy
2141,0.01042830237236084,7,0.42857142857142855,SSWL,Steel Strips Wheels Limited,Automobile & Mobility
588,0.010329018486293553,7,0.2857142857142857,DHANBANK,Dhanlaxmi Bank Limited,Financial Services
2121,0.010113823889825516,8,0.25,SPARC,Sun Pharma Advanced Research Company Limited,Healthcare & Pharmaceuticals
1318,0.01006719809030545,8,0.375,LMW,LMW Limited,Industrials & Infrastructure
171,0.010057199864153776,8,0.375,APOLLOHOSP,Apollo Hospitals Enterprise Limited,Healthcare & Pharmaceuticals
263,0.00987222981687298,8,0.5,AXISBANK,Axis Bank Limited,Financial Services
855,0.009757605155471381,8,0.5,GRASIM,Grasim Industries Limited,"Metals, Mining & Chemicals"
1155,0.009746937089230481,5,0.6,JUBLINGREA,Jubilant Ingrevia Limited,"Metals, Mining & Chemicals"
1021,0.009634772706202839,8,0.375,INDIACEM,The India Cements Limited,Real Estate & Construction
1959,0.009379410120668823,5,0.4,SARLAPOLY,Sarla Performance Fibers Limited,Industrials & Infrastructure
24,0.009167602023457922,5,0.6,AARTIPHARM,Aarti Pharmalabs Limited,Healthcare & Pharmaceuticals
1319,0.009000096752040809,5,0.4,LODHA,Lodha Developers Limited,Industrials & Infrastructure
7,0.008681404459984055,6,0.5,360ONE,360 ONE WAM LIMITED,Financial Services
1339,0.008576259316551347,8,0.625,M&M,Mahindra & Mahindra Limited,Automobile & Mobility
1335,0.008563449944687732,8,0.625,LUPIN,Lupin Limited,Healthcare & Pharmaceuticals
894,0.008422392567712156,7,0.5714285714285714,HAL,Hindustan Aeronautics Limited,Services & Others
747,0.008018842570398393,6,0.6666666666666666,FLUOROCHEM,Gujarat Fluorochemicals Limited,"Metals, Mining & Chemicals"
1480,0.007990747602511875,6,0.6666666666666666,MPSLTD,MPS Limited,Services & Others
1333,0.007920678389193423,7,0.5714285714285714,LUMAXIND,Lumax Industries Limited,Automobile & Mobility
1052,0.007666850101072056,8,0.5,INFY,Infosys Limited,Technology
2360,0.007585351632996625,7,0.5714285714285714,UCOBANK,UCO Bank,Financial Services
2053,0.00748447745135219,5,0.6,SHRIPISTON,SPR Auto Technologies Limited,Technology
1220,0.007257776643221632,7,0.5714285714285714,KITEX,Kitex Garments Limited,Industrials & Infrastructure
652,0.007190475628225487,8,0.375,EIDPARRY,EID Parry India Limited,Consumer & FMCG
438,0.0071847311098386345,8,0.25,CDSL,Central Depository Services (India) Limited,Financial Services
439,0.007089950541566317,8,0.5,CEATLTD,CEAT Limited,Automobile & Mobility
716,0.0069481318748562705,8,0.5,EXIDEIND,Exide Industries Limited,Automobile & Mobility
342,0.006688763974763187,8,0.5,BHARATFORG,Bharat Forge Limited,Automobile & Mobility
1246,0.006648128468944557,7,0.5714285714285714,KPRMILL,K.P.R. Mill Limited,Industrials & Infrastructure
1370,0.006386163005250772,8,0.625,MANAPPURAM,Manappuram Finance Limited,Financial Services
2396,0.006366990594200317,8,0.5,USHAMART,Usha Martin Limited,"Metals, Mining & Chemicals"
1102,0.006121071777344812,8,0.5,JAICORPLTD,Jai Corp Limited,Technology
635,0.005740167726258416,5,0.6,DVL,Dhunseri Ventures Limited,"Metals, Mining & Chemicals"
2250,0.0057001817923311195,8,0.625,TATAPOWER,Tata Power Company Limited,Energy
2298,0.005622030555962082,7,0.42857142857142855,TIINDIA,Tube Investments of India Limited,Automobile & Mobility
487,0.005603553337124388,8,0.5,COALINDIA,Coal India Limited,"Metals, Mining & Chemicals"
794,0.005269686929997054,8,0.625,GHCL,GHCL Limited,"Metals, Mining & Chemicals"
2536,0.0052619125193782874,8,0.625,YESBANK,Yes Bank Limited,Financial Services
1233,0.00490621064953762,7,0.42857142857142855,KOPRAN,Kopran Limited,Healthcare & Pharmaceuticals
802,0.004726881871755553,7,0.2857142857142857,GIPCL,Gujarat Industries Power Company Limited,Energy
2152,0.004415570213933721,6,0.3333333333333333,STEELXIND,STEEL EXCHANGE INDIA LIMITED,"Metals, Mining & Chemicals"
60,0.004255708841725138,8,0.5,ADFFOODS,ADF Foods Limited,Consumer & FMCG
398,0.00404460237821864,8,0.375,BRIGADE,Brigade Enterprises Limited,Industrials & Infrastructure
720,0.003595102444716824,7,0.5714285714285714,FACT,Fertilizers and Chemicals Travancore Limited,"Metals, Mining & Chemicals"
1053,0.003584341526042726,7,0.42857142857142855,INGERRAND,Ingersoll Rand (India) Limited,Industrials & Infrastructure
552,0.003576564439063073,8,0.5,DBL,Dilip Buildcon Limited,Industrials & Infrastructure
2369,0.00353207106266785,6,0.5,UJJIVANSFB,Ujjivan Small Finance Bank Limited,Financial Services
1320,0.003246358174451863,5,0.6,LOKESHMACH,Lokesh Machines Limited,Industrials & Infrastructure
2325,0.0030332714150302755,5,0.4,TPLPLASTEH,TPL Plastech Limited,Industrials & Infrastructure
1699,0.0030263448846589644,8,0.375,PGHL,Procter & Gamble Health Limited,Healthcare & Pharmaceuticals
2187,0.002997590560203888,8,0.5,SUNTECK,Sunteck Realty Limited,Industrials & Infrastructure
932,0.002974610053114203,8,0.5,HEROMOTOCO,Hero MotoCorp Limited,Automobile & Mobility
878,0.0027522906780507285,5,0.2,GTLINFRA,GTL Infrastructure Limited,Services & Others
664,0.002661852618062272,7,0.42857142857142855,ELECTCAST,Electrosteel Castings Limited,Automobile & Mobility
369,0.002448497891005045,8,0.375,BLISSGVS,Bliss GVS Pharma Limited,Healthcare & Pharmaceuticals
1158,0.0023371907167728835,8,0.25,JUSTDIAL,Just Dial Limited,Consumer & FMCG
1151,0.0021226833965616787,7,0.5714285714285714,JTEKTINDIA,Jtekt India Limited,Automobile & Mobility
1479,0.0019130560578858868,8,0.375,MPHASIS,MphasiS Limited,Technology
2246,0.001753859196649478,8,0.375,TATACOMM,Tata Communications Limited,Services & Others
1849,0.0017522245086817403,7,0.42857142857142855,RENUKA,Shree Renuka Sugars Limited,Consumer & FMCG
2383,0.001661706039486923,8,0.5,UNITDSPR,United Spirits Limited,Consumer & FMCG
2461,0.0013426650573026902,8,0.25,VISAKAIND,Visaka Industries Limited,Real Estate & Construction
432,0.0012834612661522305,5,0.6,CARYSIL,CARYSIL LIMITED,Consumer & FMCG
2310,0.0012711264098516058,8,0.375,TITAN,Titan Company Limited,Consumer & FMCG
2129,0.0012248117921266261,5,0.6,SPLPETRO,Supreme Petrochem Limited,"Metals, Mining & Chemicals"
33,0.0011857827898616486,7,0.5714285714285714,ABCAPITAL,Aditya Birla Capital Limited,Financial Services
209,0.0011744346057613781,6,0.5,ASHIANA,Ashiana Housing Limited,Industrials & Infrastructure
1543,0.0009720746805371473,8,0.5,NESCO,Nesco Limited,Industrials & Infrastructure
2518,0.0009139876060714425,5,0.8,WINDLAS,Windlas Biotech Limited,Healthcare & Pharmaceuticals
2239,0.0008780101168246679,5,0.4,TARC,TARC Limited,Industrials & Infrastructure
1521,0.0005836839579016102,8,0.5,NAVA,NAVA LIMITED,Energy
351,0.0005213317474803206,6,0.3333333333333333,BIGBLOC,Bigbloc Construction Limited,Real Estate & Construction
64,0.0005170602751221609,5,0.6,ADSL,Allied Digital Services Limited,Technology
183,0.000494319137534071,8,0.5,ARE&M,Amara Raja Energy & Mobility Limited,Automobile & Mobility
809,0.0004173943287366505,8,0.5,GLENMARK,Glenmark Pharmaceuticals Limited,Healthcare & Pharmaceuticals
836,0.00026227611231411686,8,0.5,GODREJPROP,Godrej Properties Limited,Industrials & Infrastructure
1428,0.00019761656616003044,5,0.6,METROBRAND,Metro Brands Limited,Consumer & FMCG
262,0.0001924524081290402,5,0.8,AWL,AWL Agri Business Limited,Consumer & FMCG
787,-0.00011440621121080093,6,0.5,GENESYS,Genesys International Corporation Limited,Technology
1921,-0.0006524348862171506,7,0.5714285714285714,SAGCEM,Sagar Cements Limited,Real Estate & Construction
547,-0.000654625244787437,6,0.3333333333333333,DATAMATICS,Datamatics Global Services Limited,Technology
241,-0.0007426671266636403,8,0.5,AUBANK,AU Small Finance Bank Limited,Financial Services
2353,-0.0008589964536881746,8,0.5,TVSMOTOR,TVS Motor Company Limited,Automobile & Mobility
1744,-0.0010957816605430466,5,0.4,PPLPHARMA,Piramal Pharma Limited,Healthcare & Pharmaceuticals
1898,-0.0011128019286936407,5,0.4,RTNINDIA,RattanIndia Enterprises Limited,Services & Others
1634,-0.0011621555225903649,8,0.5,ORIENTCEM,Orient Cement Limited,Real Estate & Construction
457,-0.001177373198811435,8,0.5,CGPOWER,CG Power and Industrial Solutions Limited,Energy
1313,-0.0012763199348455323,8,0.375,LINDEINDIA,Linde India Limited,Energy
2337,-0.0019292270052115312,7,0.42857142857142855,TRIDENT,Trident Limited,Industrials & Infrastructure
1049,-0.0023095165731590976,8,0.5,INDUSTOWER,Indus Towers Limited,Services & Others
1405,-0.0024919519857938997,5,0.6,MAZDOCK,Mazagon Dock Shipbuilders Limited,Industrials & Infrastructure
2101,-0.002633893483178329,7,0.5714285714285714,SMSPHARMA,SMS Pharmaceuticals Limited,Healthcare & Pharmaceuticals
522,-0.0026912888248606867,8,0.25,CRISIL,Crisil Limited,Services & Others
1193,-0.0030221659354796523,8,0.5,KEC,KEC International Limited,Industrials & Infrastructure
2440,-0.003196786356169265,5,0.8,VIJAYA,Vijaya Diagnostic Centre Limited,Healthcare & Pharmaceuticals
1624,-0.0032609965220207204,6,0.5,ONMOBILE,OnMobile Global Limited,Technology
204,-0.0033250442414564075,7,0.42857142857142855,ASAHIINDIA,Asahi India Glass Limited,Real Estate & Construction
2311,-0.0038461399053306977,5,0.6,TMB,Tamilnad Mercantile Bank Limited,Financial Services
790,-0.003967376600676836,7,0.42857142857142855,GENUSPOWER,Genus Power Infrastructures Limited,Energy
1185,-0.003992946039611228,8,0.375,KARURVYSYA,Karur Vysya Bank Limited,Financial Services
1209,-0.004119146892774414,5,0.6,KIMS,Krishna Institute of Medical Sciences Limited,Healthcare & Pharmaceuticals
2255,-0.004166767585170548,6,0.16666666666666666,TBZ,Tribhovandas Bhimji Zaveri Limited,Consumer & FMCG
1394,-0.004229602436261732,7,0.2857142857142857,MASFIN,MAS Financial Services Limited,Financial Services
2271,-0.00423979179396583,8,0.375,TEJASNET,Tejas Networks Limited,Technology
2368,-0.004278907092465106,5,0.6,UGROCAP,Ugro Capital Limited,Financial Services
1797,-0.004604651727296838,5,0.4,RADHIKAJWE,Radhika Jeweltech Limited,Consumer & FMCG
2134,-0.004737527640408544,8,0.625,SRF,SRF Limited,"Metals, Mining & Chemicals"
1689,-0.004877928771407097,5,0.4,PENINLAND,Peninsula Land Limited,Industrials & Infrastructure
986,-0.00503186286016301,8,0.375,ICICIBANK,ICICI Bank Limited,Financial Services
1340,-0.005071066208177618,8,0.5,M&MFIN,Mahindra & Mahindra Financial Services Limited,Financial Services
2119,-0.005170790395539966,6,0.5,SPAL,S. P. Apparels Limited,Industrials & Infrastructure
548,-0.005344783143511511,5,0.4,DATAPATTNS,Data Patterns (India) Limited,Technology
2184,-0.005451565334546535,8,0.5,SUNPHARMA,Sun Pharmaceutical Industries Limited,Healthcare & Pharmaceuticals
870,-0.005582337612596853,7,0.42857142857142855,GRSE,Garden Reach Shipbuilders & Engineers Limited,Industrials & Infrastructure
1077,-0.00558345833763747,6,0.16666666666666666,IRCTC,Indian Railway Catering And Tourism Corporation Limited,Consumer & FMCG
1204,-0.006451013838463612,5,0.4,KHAICHEM,Khaitan Chemicals & Fertilizers Limited,"Metals, Mining & Chemicals"
2485,-0.006903952230582715,6,0.3333333333333333,VSSL,Vardhman Special Steels Limited,"Metals, Mining & Chemicals"
1132,-0.007044433782776078,8,0.5,JKPAPER,JK Paper Limited,Industrials & Infrastructure
2178,-0.007551972390601253,8,0.5,SUNDARMFIN,Sundaram Finance Limited,Financial Services
386,-0.007636479242694085,8,0.5,BOMDYEING,Bombay Dyeing & Mfg Company Limited,Industrials & Infrastructure
69,-0.0077547203056175795,8,0.625,ADVENZYMES,Advanced Enzyme Technologies Limited,Technology
122,-0.00846259322114341,8,0.625,ALKEM,Alkem Laboratories Limited,Healthcare & Pharmaceuticals
2144,-0.008652836173177702,8,0.625,STAR,Strides Pharma Science Limited,Healthcare & Pharmaceuticals
739,-0.008737459044578372,5,0.4,FINOPB,Fino Payments Bank Limited,Financial Services
618,-0.009059512417839267,7,0.7142857142857143,DOLLAR,Dollar Industries Limited,Industrials & Infrastructure
872,-0.009098233128945941,8,0.375,GSFC,Gujarat State Fertilizers & Chemicals Limited,"Metals, Mining & Chemicals"
36,-0.009118685974868913,8,0.5,ABFRL,Aditya Birla Fashion and Retail Limited,Consumer & FMCG
422,-0.009188663079839648,7,0.2857142857142857,CANTABIL,Cantabil Retail India Limited,Industrials & Infrastructure
687,-0.009252582537747876,8,0.25,ENGINERSIN,Engineers India Limited,Industrials & Infrastructure
1393,-0.0095564387672499,8,0.375,MARUTI,Maruti Suzuki India Limited,Automobile & Mobility
2351,-0.009725089163931517,5,0.2,TVSELECT,TVS Electronics Limited,Technology
1330,-0.010001863572787578,8,0.375,LTFOODS,LT Foods Limited,Consumer & FMCG
1160,-0.010267738107896392,8,0.25,JYOTHYLAB,Jyothy Labs Limited,Consumer & FMCG
1000,-0.010504294926187164,7,0.5714285714285714,IGARASHI,Igarashi Motors India Limited,Industrials & Infrastructure
1737,-0.010607798366510589,7,0.42857142857142855,POONAWALLA,Poonawalla Fincorp Limited,Financial Services
2489,-0.011093091461954549,8,0.625,VTL,Vardhman Textiles Limited,Industrials & Infrastructure
2264,-0.01116577670651675,8,0.25,TEAMLEASE,Teamlease Services Limited,Services & Others
486,-0.01140495515286385,5,0.8,CNL,Creative Newtech Limited,Technology
2425,-0.011594842790491184,8,0.375,VENKEYS,Venky's (India) Limited,Consumer & FMCG
2163,-0.011695594640432119,7,0.2857142857142857,STYRENIX,Styrenix Performance Materials Limited,"Metals, Mining & Chemicals"
608,-0.012039912212383194,8,0.375,DIVISLAB,Divi's Laboratories Limited,Healthcare & Pharmaceuticals
1610,-0.012175611948189962,7,0.2857142857142857,OLECTRA,Olectra Greentech Limited,Technology
1438,-0.012463879816204374,7,0.2857142857142857,MIDHANI,Mishra Dhatu Nigam Limited,"Metals, Mining & Chemicals"
1593,-0.012874458203991909,8,0.375,NTPC,NTPC Limited,Energy
1738,-0.012877838477778705,8,0.25,POWERGRID,Power Grid Corporation of India Limited,Energy
275,-0.013051474756536965,8,0.375,BAJAJCON,Bajaj Consumer Care Limited,Consumer & FMCG
1348,-0.013230395458710876,5,0.2,MAGADSUGAR,Magadh Sugar & Energy Limited,Consumer & FMCG
565,-0.013250726740909154,7,0.42857142857142855,DCW,DCW Limited,"Metals, Mining & Chemicals"
1369,-0.013421357369474486,7,0.42857142857142855,MANALIPETC,Manali Petrochemicals Limited,"Metals, Mining & Chemicals"
2381,-0.013541333924251463,8,0.5,UNIONBANK,Union Bank of India,Financial Services
1357,-0.0135742919213428,8,0.5,MAHSCOOTER,Maharashtra Scooters Limited,Financial Services
791,-0.013926766752702586,7,0.42857142857142855,GEOJITFSL,Geojit Financial Services Limited,Financial Services
1070,-0.013951136678070407,8,0.375,IOLCP,IOL Chemicals and Pharmaceuticals Limited,Healthcare & Pharmaceuticals
334,-0.014022686787323478,8,0.375,BFINVEST,BF Investment Limited,Financial Services
2278,-0.014032436768347761,8,0.25,TEXRAIL,Texmaco Rail & Engineering Limited,Industrials & Infrastructure
2127,-0.014094939009306782,7,0.2857142857142857,SPIC,Southern Petrochemicals Industries Corporation  Limited,"Metals, Mining & Chemicals"
1332,-0.01412208612372691,8,0.5,LTTS,L&T Technology Services Limited,Technology
10,-0.014193975352975502,8,0.5,3MINDIA,3M India Limited,Industrials & Infrastructure
1588,-0.014207117476015652,8,0.5,NRBBEARING,NRB Bearing Limited,Automobile & Mobility
43,-0.014233071988136833,8,0.25,ACC,ACC Limited,Real Estate & Construction
243,-0.014496023697561327,8,0.375,AUROPHARMA,Aurobindo Pharma Limited,Healthcare & Pharmaceuticals
423,-0.014542806643692148,7,0.42857142857142855,CAPACITE,Capacit'e Infraprojects Limited,Industrials & Infrastructure
2182,-0.014947189226095638,7,0.2857142857142857,SUNFLAG,Sunflag Iron And Steel Company Limited,"Metals, Mining & Chemicals"
931,-0.015154939886199937,8,0.5,HERITGFOOD,Heritage Foods Limited,Consumer & FMCG
2109,-0.015182950244148362,8,0.25,SOMANYCERA,Somany Ceramics Limited,Real Estate & Construction
1156,-0.01529963983428964,8,0.375,JUBLPHARMA,Jubilant Pharmova Limited,Healthcare & Pharmaceuticals
1100,-0.01548516016849113,5,0.4,JAGSNPHARM,Jagsonpal Pharmaceuticals Limited,Healthcare & Pharmaceuticals
2390,-0.015640293956376436,8,0.5,UNOMINDA,UNO Minda Limited,Automobile & Mobility
2307,-0.01664778538422272,8,0.375,TIRUMALCHM,Thirumalai Chemicals Limited,Technology
1331,-0.017287999990520577,8,0.5,LTM,LTM Limited,Technology
120,-0.017327846257829214,5,0.2,ALIVUS,Alivus Life Sciences Limited,Healthcare & Pharmaceuticals
44,-0.01743148966274578,6,0.5,ACCELYA,Accelya Solutions India Limited,Technology
169,-0.01746732812732145,8,0.375,APLLTD,Alembic Pharmaceuticals Limited,Healthcare & Pharmaceuticals
1730,-0.017740059104130918,7,0.5714285714285714,POKARNA,Pokarna Limited,Real Estate & Construction
207,-0.01801579191516514,6,0.3333333333333333,ASALCBR,Associated Alcohols & Breweries Ltd.,Consumer & FMCG
1777,-0.018055657360688142,8,0.5,PSPPROJECT,PSP Projects Limited,Industrials & Infrastructure
2194,-0.01812913330222636,8,0.5,SUPREMEIND,Supreme Industries Limited,Industrials & Infrastructure
228,-0.018140081651032307,8,0.5,ASTRAMICRO,Astra Microwave Products Limited,Industrials & Infrastructure
2301,-0.018348695262358168,8,0.375,TIMETECHNO,Time Technoplast Limited,Industrials & Infrastructure
1733,-0.018543231358564883,6,0.3333333333333333,POLYMED,Poly Medicure Limited,Healthcare & Pharmaceuticals
1269,-0.018557968251449217,8,0.375,KTKBANK,The Karnataka Bank Limited,Financial Services
1652,-0.01882549306608115,8,0.5,PAGEIND,Page Industries Limited,Industrials & Infrastructure
1128,-0.019008773642020797,8,0.75,JKCEMENT,JK Cement Limited,Real Estate & Construction
426,-0.019032166948782937,8,0.5,CAPLIPOINT,Caplin Point Laboratories Limited,Healthcare & Pharmaceuticals
701,-0.019130968408787183,8,0.375,ESCORTS,Escorts Kubota Limited,Automobile & Mobility
418,-0.019364047547308076,5,0.2,CAMS,Computer Age Management Services Limited,Financial Services
1637,-0.01947109790644485,6,0.3333333333333333,ORIENTHOT,Oriental Hotels Limited,Services & Others
769,-0.019513863762580158,5,0.2,GANESHBE,Ganesh Benzoplast Limited,"Metals, Mining & Chemicals"
1522,-0.019514787875536482,8,0.5,NAVINFLUOR,Navin Fluorine International Limited,"Metals, Mining & Chemicals"
2319,-0.019990388139407442,8,0.625,TORNTPHARM,Torrent Pharmaceuticals Limited,Healthcare & Pharmaceuticals
1147,-0.020037172570958408,8,0.375,JSWENERGY,JSW Energy Limited,Energy
1817,-0.020361782089010905,8,0.375,RAMCOCEM,The Ramco Cements Limited,Real Estate & Construction
2223,-0.020413170622669313,6,0.16666666666666666,SWSOLAR,Sterling and Wilson Renewable Energy Limited,Energy
244,-0.020865414922681444,8,0.5,AURUM,Aurum PropTech Limited,Technology
1307,-0.020912615126493665,7,0.42857142857142855,LIBERTSHOE,Liberty Shoes Limited,Consumer & FMCG
2257,-0.020962589468553512,7,0.5714285714285714,TCI,Transport Corporation of India Limited,Services & Others
456,-0.021119937601964147,8,0.375,CGCL,Capri Global Capital Limited,Financial Services
32,-0.02123875678013589,8,0.375,ABBOTINDIA,Abbott India Limited,Healthcare & Pharmaceuticals
1391,-0.021504060121462186,8,0.375,MARKSANS,Marksans Pharma Limited,Healthcare & Pharmaceuticals
1722,-0.021577723685604736,8,0.625,PNBHOUSING,PNB Housing Finance Limited,Financial Services
1774,-0.021732984718943256,5,0.4,PRUDENT,Prudent Corporate Advisory Services Limited,Financial Services
1520,-0.02196971621333714,8,0.5,NAUKRI,Info Edge (India) Limited,Technology
502,-0.022018825775153853,6,0.3333333333333333,CONFIPET,Confidence Petroleum India Limited,Energy
1136,-0.02223800136764734,8,0.5,JMFINANCIL,JM Financial Limited,Financial Services
2432,-0.0222634813975638,6,0.3333333333333333,VETO,Veto Switchgears And Cables Limited,Industrials & Infrastructure
2480,-0.022392057898397495,7,0.42857142857142855,VOLTAMP,Voltamp Transformers Limited,Industrials & Infrastructure
1131,-0.022625482886716432,8,0.625,JKLAKSHMI,JK Lakshmi Cement Limited,Real Estate & Construction
550,-0.022708338662883416,8,0.25,DBCORP,D.B.Corp Limited,Services & Others
1065,-0.02291268424050441,5,0.4,INTLCONV,International Conveyors Limited,Industrials & Infrastructure
2261,-0.022921201590972634,8,0.25,TCS,Tata Consultancy Services Limited,Technology
792,-0.023097051477792056,8,0.25,GESHIP,The Great Eastern Shipping Company Limited,Services & Others
361,-0.023184561177901207,8,0.25,BIRLANU,BirlaNu Limited,Real Estate & Construction
918,-0.023518482059931456,8,0.375,HCLTECH,HCL Technologies Limited,Technology
141,-0.02354301477695716,8,0.25,AMBUJACEM,Ambuja Cements Limited,Real Estate & Construction
1704,-0.023812487134129173,8,0.25,PIDILITIND,Pidilite Industries Limited,"Metals, Mining & Chemicals"
2341,-0.023935284253683867,8,0.5,TRIVENI,Triveni Engineering & Industries Limited,Consumer & FMCG
2260,-0.02394543835892794,5,0.2,TCPLPACK,TCPL Packaging Limited,Industrials & Infrastructure
1546,-0.02397578967688096,7,0.42857142857142855,NETWORK18,Network18 Media & Investments Limited,Services & Others
2370,-0.024342296718835622,8,0.375,ULTRACEMCO,UltraTech Cement Limited,Real Estate & Construction
629,-0.024372661591045744,8,0.375,DRREDDY,Dr. Reddy's Laboratories Limited,Healthcare & Pharmaceuticals
971,-0.02447160098143287,5,0.4,HPAL,HP Adhesives Limited,"Metals, Mining & Chemicals"
1540,-0.024549826793038187,8,0.375,NELCO,NELCO Limited,Technology
698,-0.025067815227629523,8,0.375,ERIS,Eris Lifesciences Limited,Healthcare & Pharmaceuticals
2290,-0.02513301972976369,8,0.375,THERMAX,Thermax Limited,Industrials & Infrastructure
1626,-0.025330934387071364,5,0.6,OPTIEMUS,Optiemus Infracom Limited,Services & Others
1048,-0.025925492638734574,8,0.375,INDUSINDBK,IndusInd Bank Limited,Financial Services
2313,-0.026044613608592514,8,0.375,TMPV,Tata Motors Passenger Vehicles Limited,Automobile & Mobility
1888,-0.026161764377301777,7,0.2857142857142857,RPSGVENT,RPSG VENTURES LIMITED,Technology
1215,-0.026220869451996334,7,0.2857142857142857,KIRLOSBROS,Kirloskar Brothers Limited,Industrials & Infrastructure
450,-0.026299986336895266,8,0.375,CENTURYPLY,Century Plyboards (India) Limited,Industrials & Infrastructure
1833,-0.026537083981400828,8,0.25,RCF,Rashtriya Chemicals and Fertilizers Limited,"Metals, Mining & Chemicals"
1773,-0.02659374411038958,8,0.375,PRSMJOHNSN,Prism Johnson Limited,"Metals, Mining & Chemicals"
1105,-0.027121396655803723,8,0.125,JAMNAAUTO,Jamna Auto Industries Limited,Automobile & Mobility
227,-0.0272925882957074,8,0.375,ASTRAL,Astral Limited,Industrials & Infrastructure
394,-0.027588073399817933,8,0.375,BPCL,Bharat Petroleum Corporation Limited,Energy
1530,-0.027896843227823043,7,0.42857142857142855,NCLIND,NCL Industries Limited,Real Estate & Construction
886,-0.02799106699179658,8,0.25,GULFOILLUB,Gulf Oil Lubricants India Limited,Energy
274,-0.028072339847937028,8,0.125,BAJAJ-AUTO,Bajaj Auto Limited,Automobile & Mobility
1580,-0.02822419838422107,8,0.375,NOCIL,NOCIL Limited,"Metals, Mining & Chemicals"
2020,-0.028239817856985452,7,0.2857142857142857,SHARDACROP,Sharda Cropchem Limited,"Metals, Mining & Chemicals"
2521,-0.028309282169729458,8,0.25,WIPRO,Wipro Limited,Technology
359,-0.02845801357303488,8,0.25,BIRLACORPN,Birla Corporation Limited,Real Estate & Construction
542,-0.02848007466613515,7,0.2857142857142857,DALBHARAT,Dalmia Bharat Limited,Real Estate & Construction
1123,-0.02866716798479336,7,0.2857142857142857,JINDWORLD,Jindal Worldwide Limited,Industrials & Infrastructure
1791,-0.029021205844316923,8,0.375,QUESS,Quess Corp Limited,Services & Others
393,-0.029168866986804896,8,0.25,BOSCHLTD,Bosch Limited,Automobile & Mobility
449,-0.02937366139016192,5,0.4,CENTUM,Centum Electronics Limited,Technology
1126,-0.029401680086919527,8,0.375,JISLJALEQS,Jain Irrigation Systems Limited,Industrials & Infrastructure
860,-0.02966147790387156,5,0.6,GREENLAM,Greenlam Industries Limited,Real Estate & Construction
42,-0.02969754752730383,5,0.6,ABSLAMC,Aditya Birla Sun Life AMC Limited,Financial Services
1694,-0.029769069724250936,8,0.25,PFIZER,Pfizer Limited,Healthcare & Pharmaceuticals
453,-0.029809304424569694,8,0.375,CESC,CESC Limited,Energy
79,-0.029862325623038373,5,0.4,AETHER,Aether Industries Limited,"Metals, Mining & Chemicals"
98,-0.030037872222874025,8,0.375,AIAENG,AIA Engineering Limited,Industrials & Infrastructure
1802,-0.03014982474326638,8,0.5,RAIN,Rain Industries Limited,Energy
242,-0.030241746367857553,6,0.5,AURIONPRO,Aurionpro Solutions Limited,Technology
2015,-0.030722899181326927,7,0.42857142857142855,SHALPAINTS,Shalimar Paints Limited,"Metals, Mining & Chemicals"
324,-0.031027591246553875,8,0.5,BEL,Bharat Electronics Limited,Industrials & Infrastructure
1614,-0.031159630864821097,5,0.4,OMINFRAL,OM INFRA LIMITED,Industrials & Infrastructure
1109,-0.031240375331912675,6,0.3333333333333333,JAYBARMARU,Jay Bharat Maruti Limited,Automobile & Mobility
392,-0.03180383436264125,8,0.5,BOSCH-HCIL,BOSCH HOME COMFORT INDIA LIMITED,Consumer & FMCG
1676,-0.03196007903908204,6,0.5,PATELENG,Patel Engineering Limited,Industrials & Infrastructure
494,-0.03197636765860562,8,0.375,COLPAL,Colgate Palmolive (India) Limited,Consumer & FMCG
1945,-0.032015262938356735,5,0.4,SANDHAR,Sandhar Technologies Limited,Technology
276,-0.03205071899396339,8,0.375,BAJAJELEC,Bajaj Electricals Limited,Consumer & FMCG
1539,-0.03272543095856795,7,0.2857142857142857,NELCAST,Nelcast Limited,Automobile & Mobility
1430,-0.03275263430606329,7,0.2857142857142857,METROPOLIS,Metropolis Healthcare Limited,Healthcare & Pharmaceuticals
1696,-0.03276565506362664,7,0.42857142857142855,PFS,PTC India Financial Services Limited,Financial Services
1573,-0.03280596227590751,6,0.16666666666666666,NITINSPIN,Nitin Spinners Limited,Industrials & Infrastructure
1551,-0.032837896868150696,8,0.25,NFL,National Fertilizers Limited,"Metals, Mining & Chemicals"
292,-0.03289440941688622,8,0.375,BALMLAWRIE,Balmer Lawrie & Company Limited,Services & Others
2045,-0.03290154209219636,8,0.25,SHREECEM,SHREE CEMENT LIMITED,Real Estate & Construction
331,-0.03311501760856851,8,0.25,BERGEPAINT,Berger Paints (I) Limited,"Metals, Mining & Chemicals"
1976,-0.033678076267781874,8,0.375,SCHAEFFLER,Schaeffler India Limited,Automobile & Mobility
1432,-0.03392655391459547,8,0.375,MFSL,Max Financial Services Limited,Financial Services
23,-0.03450169841110134,8,0.375,AARTIIND,Aarti Industries Limited,"Metals, Mining & Chemicals"
613,-0.03483943117558719,8,0.375,DMART,Avenue Supermarts Limited,Consumer & FMCG
2306,-0.034908603942880395,5,0.4,TIPSMUSIC,Tips Music Limited,Services & Others
639,-0.03495520275219051,6,0.5,DYNPRO,Dynemic Products Limited,"Metals, Mining & Chemicals"
370,-0.0350148887642294,6,0.5,BLKASHYAP,B. L. Kashyap and Sons Limited,Industrials & Infrastructure
2358,-0.03513988378913532,8,0.375,UBL,United Breweries Limited,Consumer & FMCG
2509,-0.03514766264760243,8,0.5,WELSPUNLIV,Welspun Living Limited,Industrials & Infrastructure
1112,-0.03563150700732766,5,0.2,JAYSREETEA,Jayshree Tea & Industries Limited,Consumer & FMCG
736,-0.035806699851514946,8,0.375,FINCABLES,Finolex Cables Limited,Real Estate & Construction
291,-0.03591811875355301,8,0.375,BALKRISIND,Balkrishna Industries Limited,Automobile & Mobility
308,-0.03595273289552395,8,0.5,BATAINDIA,Bata India Limited,Consumer & FMCG
151,-0.03622270449135207,5,0.6,ANGELONE,Angel One Limited,Services & Others
1164,-0.03624153029466642,6,0.16666666666666666,KABRAEXTRU,Kabra Extrusion Technik Limited,Industrials & Infrastructure
2423,-0.03651399652660186,7,0.42857142857142855,VEEDOL,Veedol Corporation Limited,Energy
1825,-0.0365645793120461,7,0.42857142857142855,RATNAMANI,Ratnamani Metals & Tubes Limited,"Metals, Mining & Chemicals"
217,-0.03667837458593934,8,0.375,ASIANPAINT,Asian Paints Limited,"Metals, Mining & Chemicals"
1698,-0.0367953476979237,8,0.375,PGHH,Procter & Gamble Hygiene and Health Care Limited,Consumer & FMCG
2515,-0.03702070866304611,6,0.3333333333333333,WHEELS,Wheels India Limited,Automobile & Mobility
476,-0.03711627259140304,8,0.375,CIPLA,Cipla Limited,Healthcare & Pharmaceuticals
2421,-0.03714214335006123,8,0.375,VEDL,Vedanta Limited,"Metals, Mining & Chemicals"
1692,-0.03719891283703886,8,0.375,PETRONET,Petronet LNG Limited,Energy
1958,-0.037201452920828125,7,0.2857142857142857,SAREGAMA,Saregama India Limited,Services & Others
2267,-0.03722207902138521,5,0.4,TECHNOE,Techno Electric & Engineering Company Limited,Industrials & Infrastructure
740,-0.037417179027547744,8,0.375,FINPIPE,Finolex Industries Limited,Industrials & Infrastructure
158,-0.03793571025474918,6,0.5,ANTELOPUS,Antelopus Selan Energy Limited,Energy
416,-0.03808281129880667,8,0.375,CAMLINFINE,Camlin Fine Sciences Limited,"Metals, Mining & Chemicals"
951,-0.03814642788991005,8,0.375,HINDOILEXP,Hindustan Oil Exploration Company Limited,Energy
437,-0.038432613067806,8,0.375,CCL,CCL Products (India) Limited,Consumer & FMCG
1232,-0.038557681674078435,8,0.375,KOLTEPATIL,Kolte - Patil Developers Limited,Industrials & Infrastructure
1538,-0.03857006231585708,6,0.3333333333333333,NECLIFE,Nectar Lifesciences Limited,Healthcare & Pharmaceuticals
2270,-0.03858657391663349,5,0.6,TEGA,Tega Industries Limited,Industrials & Infrastructure
712,-0.03859572442859338,6,0.3333333333333333,EVERESTIND,Everest Industries Limited,Real Estate & Construction
1784,-0.03863982125318444,8,0.5,PVRINOX,PVR INOX Limited,Services & Others
921,-0.03868572836666784,8,0.375,HDFCBANK,HDFC Bank Limited,Financial Services
1841,-0.038719452750105174,8,0.25,RELAXO,Relaxo Footwears Limited,Consumer & FMCG
575,-0.038855393441328545,5,0.2,DELHIVERY,Delhivery Limited,Services & Others
1283,-0.03897295016162542,5,0.2,LANDMARK,Landmark Cars Limited,Automobile & Mobility
774,-0.03904190809796026,8,0.375,GARFIBRES,Garware Technical Fibres Limited,Industrials & Infrastructure
2455,-0.03908970285152258,8,0.375,VIPIND,VIP Industries Limited,Consumer & FMCG
504,-0.03956908193110454,6,0.3333333333333333,CONTROLPR,Control Print Limited,Technology
1497,-0.03957107236036752,6,0.16666666666666666,MUNJALSHOW,Munjal Showa Limited,Automobile & Mobility
9,-0.039625280721416814,5,0.2,3IINFOLTD,3i Infotech Limited,Technology
1146,-0.04009621678575076,8,0.25,JSWDULUX,JSW Dulux Limited,"Metals, Mining & Chemicals"
2320,-0.040723913135983114,8,0.375,TORNTPOWER,Torrent Power Limited,Energy
1029,-0.04085659321771752,5,0.2,INDIGOPNTS,Indigo Paints Limited,"Metals, Mining & Chemicals"
321,-0.04088678560093578,5,0.2,BECTORFOOD,Mrs. Bectors Food Specialities Limited,Consumer & FMCG
955,-0.0409827369513297,8,0.375,HINDZINC,Hindustan Zinc Limited,"Metals, Mining & Chemicals"
2265,-0.0415335315491847,8,0.25,TECHM,Tech Mahindra Limited,Technology
861,-0.04157208276244066,5,0.4,GREENPANEL,Greenpanel Industries Limited,Industrials & Infrastructure
1492,-0.04164509931807044,6,0.3333333333333333,MUKANDLTD,Mukand Limited,"Metals, Mining & Chemicals"
573,-0.041755467926756364,8,0.25,DEEPAKNTR,Deepak Nitrite Limited,"Metals, Mining & Chemicals"
1362,-0.0423219633648507,5,0.4,MALLCOM,Mallcom (India) Limited,Industrials & Infrastructure
1812,-0.042350239918710605,8,0.375,RALLIS,Rallis India Limited,"Metals, Mining & Chemicals"
41,-0.042367464880058284,8,0.5,ABREL,Aditya Birla Real Estate Limited,Real Estate & Construction
1984,-0.042443872356497235,6,0.6666666666666666,SEAMECLTD,Seamec Limited,Services & Others
1229,-0.042592244281163004,8,0.375,KNRCON,KNR Constructions Limited,Industrials & Infrastructure
796,-0.043047335764332645,8,0.375,GICHSGFIN,GIC Housing Finance Limited,Financial Services
2330,-0.04308311743845535,5,0.4,TRANSWORLD,TRANSWORLD SHIPPING LINES LIMITED,Services & Others
471,-0.04350015178988231,7,0.42857142857142855,CHOLAHLDNG,Cholamandalam Financial Holdings Limited,Financial Services
2115,-0.043609528750229054,8,0.25,SONATSOFTW,Sonata Software Limited,Technology
1419,-0.04408312807404818,6,0.3333333333333333,MEDPLUS,Medplus Health Services Limited,Healthcare & Pharmaceuticals
313,-0.045061557080794304,8,0.375,BBTC,The Bombay Burmah Trading Corporation Limited,Consumer & FMCG
319,-0.045180262119481014,7,0.2857142857142857,BDL,Bharat Dynamics Limited,Industrials & Infrastructure
591,-0.04520165246887464,5,0.2,DHARMAJ,Dharmaj Crop Guard Limited,"Metals, Mining & Chemicals"
1743,-0.04559802926491946,5,0.2,PPL,Prakash Pipes Limited,Industrials & Infrastructure
192,-0.046109387146033264,6,0.3333333333333333,ARMANFIN,Arman Financial Services Limited,Financial Services
1905,-0.04625321028165562,5,0.2,RUCHIRA,Ruchira Papers Limited,Industrials & Infrastructure
1472,-0.04632831417449354,8,0.375,MOREPENLAB,Morepen Laboratories Limited,Healthcare & Pharmaceuticals
2166,-0.04670562977576209,7,0.2857142857142857,SUDARCOLOR,Sudarshan Colorants India Limited,"Metals, Mining & Chemicals"
1359,-0.04671133707063388,8,0.25,MAITHANALL,Maithan Alloys Limited,"Metals, Mining & Chemicals"
953,-0.04674688706349668,8,0.25,HINDUNILVR,Hindustan Unilever Limited,Consumer & FMCG
1346,-0.0467808075422483,6,0.3333333333333333,MADRASFERT,Madras Fertilizers Limited,"Metals, Mining & Chemicals"
1197,-0.04692578371674722,5,0.4,KELLTONTEC,Kellton Tech Solutions Limited,Technology
500,-0.047426973695595245,8,0.25,CONCOR,Container Corporation of India Limited,Services & Others
81,-0.04748353690867862,6,0.16666666666666666,AFFLE,Affle 3i Limited,Technology
666,-0.04750967663365952,7,0.42857142857142855,ELGIEQUIP,Elgi Equipments Limited,Industrials & Infrastructure
733,-0.04758870739608595,7,0.2857142857142857,FIEMIND,Fiem Industries Limited,Automobile & Mobility
1087,-0.04770325896115939,8,0.375,ITC,ITC Limited,Consumer & FMCG
2116,-0.04807365232246118,5,0.2,SOTL,Savita Oil Technologies Limited,Technology
2064,-0.048445136363089045,8,0.5,SIEMENS,Siemens Limited,Industrials & Infrastructure
1983,-0.04873632807087564,7,0.5714285714285714,SDBL,Som Distilleries & Breweries Limited,Consumer & FMCG
1836,-0.049098045848390136,8,0.375,REDINGTON,Redington Limited,Technology
2398,-0.04918643632147384,5,0.4,UTIAMC,UTI Asset Management Company Limited,Financial Services
2486,-0.049318336876215944,7,0.2857142857142857,VSTIND,VST Industries Limited,Consumer & FMCG
1222,-0.049328783393140375,5,0.6,KKCL,Kewal Kiran Clothing Limited,Industrials & Infrastructure
778,-0.049337977486339356,5,0.2,GATEWAY,Gateway Distriparks Limited,Services & Others
834,-0.049347799313047114,8,0.25,GODREJCP,Godrej Consumer Products Limited,Consumer & FMCG
711,-0.049363259082439645,8,0.375,EVEREADY,Eveready Industries India Limited,Automobile & Mobility
148,-0.049469638524783234,8,0.375,ANDHRAPAP,ANDHRA PAPER LIMITED,Industrials & Infrastructure
1463,-0.049674094087499954,8,0.5,MOIL,MOIL Limited,Energy
1003,-0.04967605051893184,8,0.5,IGL,Indraprastha Gas Limited,Energy
28,-0.049854657726289164,7,0.2857142857142857,AAVAS,Aavas Financiers Limited,Financial Services
1337,-0.049859343278527216,5,0.4,LXCHEM,Laxmi Organic Industries Limited,"Metals, Mining & Chemicals"
310,-0.049928524485879255,8,0.25,BAYERCROP,Bayer Cropscience Limited,"Metals, Mining & Chemicals"
433,-0.05005916237325395,8,0.25,CASTROLIND,Castrol India Limited,Energy
890,-0.0502979167919811,8,0.375,GVPIL,GE Power India Limited,Energy
2099,-0.05030923040178608,7,0.42857142857142855,SMLMAH,SML Mahindra Limited,Automobile & Mobility
1028,-0.050330138746373446,8,0.5,INDIGO,InterGlobe Aviation Limited,Services & Others
445,-0.050603336203247036,7,0.14285714285714285,CENTENKA,Century Enka Limited,Industrials & Infrastructure
2106,-0.05067975354977064,8,0.25,SOLARINDS,Solar Industries India Limited,Energy
907,-0.050720961376738934,8,0.375,HAVELLS,Havells India Limited,Industrials & Infrastructure
966,-0.050950636269357606,6,0.5,HNDFDS,Hindustan Foods Limited,Consumer & FMCG
824,-0.05101054273668311,8,0.125,GNA,GNA Axles Limited,Automobile & Mobility
540,-0.05114385081787795,8,0.25,DABUR,Dabur India Limited,Consumer & FMCG
1909,-0.05150542026556405,5,0.2,RUSTOMJEE,Keystone Realtors Limited,Industrials & Infrastructure
2086,-0.05186900047917682,7,0.2857142857142857,SIS,SIS LIMITED,Services & Others
2297,-0.05210329780117553,6,0.3333333333333333,TIIL,Technocraft Industries (India) Limited,"Metals, Mining & Chemicals"
2431,-0.05279503771025094,6,0.5,VESUVIUS,Vesuvius India Limited,Industrials & Infrastructure
344,-0.05295563600609818,8,0.25,BHARATRAS,Bharat Rasayan Limited,"Metals, Mining & Chemicals"
699,-0.053102485423853506,7,0.2857142857142857,ESABINDIA,Esab India Limited,Industrials & Infrastructure
1721,-0.05374028502236289,7,0.2857142857142857,PNBGILTS,PNB Gilts Limited,Financial Services
864,-0.053802413054860096,8,0.375,GRINDWELL,Grindwell Norton Limited,Industrials & Infrastructure
1963,-0.0538910200350555,8,0.375,SATIN,Satin Creditcare Network Limited,Financial Services
2041,-0.053901625828440235,7,0.5714285714285714,SHOPERSTOP,Shoppers Stop Limited,Consumer & FMCG
520,-0.05422310332144636,7,0.2857142857142857,CREDITACC,CREDITACCESS GRAMEEN LIMITED,Financial Services
201,-0.05431780939003726,7,0.14285714285714285,ARVINDFASN,Arvind Fashions Limited,Consumer & FMCG
940,-0.05434632208549739,7,0.2857142857142857,HGS,Hinduja Global Solutions Limited,Technology
928,-0.054424366632615,8,0.125,HEIDELBERG,HeidelbergCement India Limited,Real Estate & Construction
695,-0.05449392395795871,8,0.25,EPL,EPL Limited,Industrials & Infrastructure
2427,-0.05453498337744493,5,0.4,VENUSPIPES,Venus Pipes & Tubes Limited,"Metals, Mining & Chemicals"
102,-0.054592906761414234,8,0.25,AJANTPHARM,Ajanta Pharma Limited,Healthcare & Pharmaceuticals
1279,-0.054747253067755706,8,0.25,LALPATHLAB,Dr. Lal Path Labs Ltd.,Healthcare & Pharmaceuticals
579,-0.05482234761573397,7,0.14285714285714285,DEN,Den Networks Limited,Services & Others
2340,-0.05527393189732704,7,0.2857142857142857,TRITURBINE,Triveni Turbine Limited,Industrials & Infrastructure
337,-0.0554243368170831,5,0.2,BHAGCHEM,Bhagiradha Chemicals & Industries Limited,"Metals, Mining & Chemicals"
2180,-0.056029999876087117,8,0.25,SUNDRMFAST,Sundram Fasteners Limited,Automobile & Mobility
808,-0.05647003519120945,8,0.25,GLAXO,GlaxoSmithKline Pharmaceuticals Limited,Healthcare & Pharmaceuticals
1647,-0.05651337973579427,5,0.2,OSWALGREEN,Oswal Greentech Limited,Financial Services
1047,-0.056642493585748285,5,0.4,INDTERRAIN,Indian Terrain Fashions Limited,Industrials & Infrastructure
2248,-0.056748787222410994,8,0.375,TATAELXSI,Tata Elxsi Limited,Technology
2170,-0.05747609825695581,5,0.2,SULA,Sula Vineyards Limited,Consumer & FMCG
1896,-0.05779878056580196,6,0.3333333333333333,RSWM,RSWM Limited,Industrials & Infrastructure
2444,-0.057873762532932686,6,0.16666666666666666,VIKASLIFE,Vikas Lifecare Limited,Energy
428,-0.05799370832946047,8,0.375,CARBORUNIV,Carborundum Universal Limited,Industrials & Infrastructure
2463,-0.058387827513641244,5,0.4,VISHNU,Vishnu Chemicals Limited,"Metals, Mining & Chemicals"
280,-0.058492700050241674,8,0.5,BAJAJHIND,Bajaj Hindusthan Sugar Limited,Consumer & FMCG
401,-0.05864213758318719,8,0.375,BRITANNIA,Britannia Industries Limited,Consumer & FMCG
2494,-0.0586878468304272,8,0.5,WABAG,VA Tech Wabag Limited,Industrials & Infrastructure
1724,-0.058716167757289286,8,0.5,PNCINFRA,PNC Infratech Limited,Industrials & Infrastructure
2454,-0.058940136836109415,5,0.4,VIPCLOTHNG,VIP Clothing Limited,Industrials & Infrastructure
1884,-0.059078022491482134,7,0.14285714285714285,RPGLIFE,RPG Life Sciences Limited,Healthcare & Pharmaceuticals
163,-0.05919834054868093,5,0.4,ANURAS,Anupam Rasayan India Limited,"Metals, Mining & Chemicals"
1639,-0.05924948278841641,8,0.125,ORIENTPPR,Orient Paper & Industries Limited,Industrials & Infrastructure
2226,-0.059673733624668615,8,0.25,SYNGENE,Syngene International Limited,Healthcare & Pharmaceuticals
2375,-0.059751827447811476,7,0.2857142857142857,UNICHEMLAB,Unichem Laboratories Limited,Healthcare & Pharmaceuticals
352,-0.06000714631466978,5,0.4,BIKAJI,Bikaji Foods International Limited,Consumer & FMCG
1434,-0.06001839720868332,8,0.25,MGL,Mahanagar Gas Limited,Energy
1262,-0.06022681463966986,8,0.125,KSCL,Kaveri Seed Company Limited,Services & Others
713,-0.06054587628688103,8,0.125,EXCELINDUS,Excel Industries Limited,"Metals, Mining & Chemicals"
2211,-0.060923862210404654,8,0.25,SUZLON,Suzlon Energy Limited,Industrials & Infrastructure
2315,-0.061014297755293836,8,0.125,TNPL,Tamil Nadu Newsprint & Papers Limited,Industrials & Infrastructure
1598,-0.06122790204357433,5,0.2,NUVOCO,Nuvoco Vistas Corporation Limited,Real Estate & Construction
1565,-0.06164395935410443,7,0.2857142857142857,NILKAMAL,Nilkamal Limited,Industrials & Infrastructure
472,-0.06188684225455572,8,0.375,CIEINDIA,CIE Automotive India Limited,Automobile & Mobility
663,-0.061895704499395555,6,0.0,ELECON,Elecon Engineering Company Limited,Industrials & Infrastructure
1388,-0.06193126847215028,8,0.375,MARICO,Marico Limited,Consumer & FMCG
149,-0.061937000357248,8,0.25,ANDHRSUGAR,The Andhra Sugars Limited,"Metals, Mining & Chemicals"
800,-0.062206456880362845,8,0.375,GILLETTE,Gillette India Limited,Consumer & FMCG
1356,-0.06224050573748156,7,0.5714285714285714,MAHLOG,Mahindra Logistics Limited,Services & Others
697,-0.06257117403834404,5,0.2,EQUITASBNK,Equitas Small Finance Bank Limited,Financial Services
22,-0.06270484364230373,7,0.14285714285714285,AARTIDRUGS,Aarti Drugs Limited,Healthcare & Pharmaceuticals
1860,-0.06287566806890085,8,0.25,RICOAUTO,Rico Auto Industries Limited,Automobile & Mobility
1827,-0.0630114414559778,8,0.375,RAYMOND,Raymond Limited,Industrials & Infrastructure
1336,-0.06381531779281424,8,0.25,LUXIND,Lux Industries Limited,Industrials & Infrastructure
1217,-0.06408726232533739,5,0.4,KIRLOSIND,Kirloskar Industries Limited,Industrials & Infrastructure
1119,-0.06424274675184646,7,0.2857142857142857,JINDALPOLY,Jindal Poly Films Limited,Industrials & Infrastructure
1445,-0.06466212976523063,6,0.0,MIRZAINT,Mirza International Limited,Consumer & FMCG
685,-0.06477931056129885,8,0.25,ENDURANCE,Endurance Technologies Limited,Technology
825,-0.0649292625231833,8,0.125,GNFC,Gujarat Narmada Valley Fertilizers and Chemicals Limited,"Metals, Mining & Chemicals"
672,-0.06496734651998927,8,0.375,EMAMILTD,Emami Limited,Consumer & FMCG
994,-0.06509722548377414,8,0.25,IDFCFIRSTB,IDFC First Bank Limited,Financial Services
2218,-0.06534988593626852,7,0.2857142857142857,SWARAJENG,Swaraj Engines Limited,Industrials & Infrastructure
725,-0.0655402603714196,7,0.14285714285714285,FDC,FDC Limited,Healthcare & Pharmaceuticals
281,-0.06578896869407796,8,0.5,BAJAJHLDNG,Bajaj Holdings & Investment Limited,Financial Services
1684,-0.06582928287848955,8,0.25,PCJEWELLER,PC Jeweller Limited,Consumer & FMCG
1385,-0.06594738794924511,5,0.2,MAPMYINDIA,C.E. Info Systems Limited,Technology
2448,-0.06608555634954157,8,0.125,VINATIORGA,Vinati Organics Limited,"Metals, Mining & Chemicals"
1032,-0.06626675882481578,5,0.2,INDOAMIN,Indo Amines Limited,"Metals, Mining & Chemicals"
2002,-0.06630157116142471,6,0.16666666666666666,SFL,Sheela Foam Limited,Consumer & FMCG
1858,-0.06665953679274762,7,0.14285714285714285,RHIM,RHI MAGNESITA INDIA LIMITED,Industrials & Infrastructure
288,-0.06730302181102053,8,0.25,BALAMINES,Balaji Amines Limited,"Metals, Mining & Chemicals"
1907,-0.06737780221055353,7,0.14285714285714285,RUPA,Rupa & Company Limited,Industrials & Infrastructure
584,-0.06738525971393934,5,0.2,DEVYANI,Devyani International Limited,Consumer & FMCG
1977,-0.06743824619183249,6,0.3333333333333333,SCHAND,S Chand And Company Limited,Services & Others
816,-0.06750827257689149,7,0.42857142857142855,GLOBUSSPR,Globus Spirits Limited,Consumer & FMCG
225,-0.06768324177465669,7,0.42857142857142855,ASTEC,Astec LifeSciences Limited,"Metals, Mining & Chemicals"
881,-0.06798088909055389,8,0.125,GUJALKALI,Gujarat Alkalies and Chemicals Limited,"Metals, Mining & Chemicals"
1046,-0.06807742789230879,5,0.2,INDSWFTLAB,Ind-Swift Laboratories Limited,Healthcare & Pharmaceuticals
2407,-0.06813209447568722,5,0.2,VAISHALI,Vaishali Pharma Limited,Healthcare & Pharmaceuticals
2443,-0.0681553460780782,6,0.3333333333333333,VIKASECO,Vikas EcoTech Limited,"Metals, Mining & Chemicals"
2253,-0.06828800284486511,5,0.4,TATVA,Tatva Chintan Pharma Chem Limited,Healthcare & Pharmaceuticals
1267,-0.06842446869196275,5,0.0,KSOLVES,Ksolves India Limited,Technology
1741,-0.06874494428222108,8,0.125,POWERMECH,Power Mech Projects Limited,Energy
2450,-0.0689027345530352,8,0.375,VINDHYATEL,Vindhya Telelinks Limited,Services & Others
527,-0.06904242781805563,6,0.3333333333333333,CSBBANK,CSB Bank Limited,Financial Services
1778,-0.06911627030675639,8,0.25,PTC,PTC India Limited,Energy
172,-0.06941681947059522,6,0.16666666666666666,APOLLOPIPE,Apollo Pipes Limited,Industrials & Infrastructure
1403,-0.0695092057458561,7,0.2857142857142857,MAYURUNIQ,Mayur Uniquoters Ltd,Industrials & Infrastructure
658,-0.0698144352271038,6,0.16666666666666666,EKC,Everest Kanto Cylinder Limited,Industrials & Infrastructure
1387,-0.070669079680675,6,0.16666666666666666,MARATHON,Marathon Nextgen Realty Limited,Industrials & Infrastructure
2435,-0.07093158065089405,8,0.125,VGUARD,V-Guard Industries Limited,Industrials & Infrastructure
1878,-0.07102596077478396,5,0.2,ROSSARI,Rossari Biotech Limited,"Metals, Mining & Chemicals"
1872,-0.07116504053521885,6,0.16666666666666666,RML,Rane (Madras) Limited,Automobile & Mobility
1250,-0.07156501881916658,5,0.4,KRISHANA,Krishana Phoschem Limited,"Metals, Mining & Chemicals"
606,-0.07172843990580219,8,0.375,DISHTV,Dish TV India Limited,Services & Others
2146,-0.07196494926622601,5,0.4,STARHEALTH,Star Health and Allied Insurance Company Limited,Financial Services
2496,-0.07202958723721732,7,0.14285714285714285,WALCHANNAG,Walchandnagar Industries Limited,Industrials & Infrastructure
2023,-0.07212285348147741,5,0.2,SHAREINDIA,Share India Securities Limited,Services & Others
589,-0.07234872347479636,7,0.14285714285714285,DHANUKA,Dhanuka Agritech Limited,"Metals, Mining & Chemicals"
524,-0.07244599884034392,8,0.25,CROMPTON,Crompton Greaves Consumer Electricals Limited,Consumer & FMCG
420,-0.07250248390748729,8,0.25,CANFINHOME,Can Fin Homes Limited,Financial Services
1247,-0.072666839965557,8,0.25,KRBL,KRBL Limited,Consumer & FMCG
833,-0.07347553501851843,7,0.14285714285714285,GODREJAGRO,Godrej Agrovet Limited,Consumer & FMCG
862,-0.07357446748172401,8,0.375,GREENPLY,Greenply Industries Limited,Industrials & Infrastructure
451,-0.07361331759970637,8,0.25,CERA,Cera Sanitaryware Limited,Real Estate & Construction
562,-0.0737262393470552,8,0.375,DCMSHRIRAM,DCM Shriram Limited,"Metals, Mining & Chemicals"
218,-0.0744515468347181,8,0.25,ASIANTILES,Asian Granito India Limited,Real Estate & Construction
1808,-0.07510677139343666,5,0.2,RAJRATAN,Rajratan Global Wire Limited,"Metals, Mining & Chemicals"
2191,-0.07511477819226486,7,0.14285714285714285,SUPRAJIT,Suprajit Engineering Limited,Automobile & Mobility
1815,-0.07512247564858066,6,0.0,RAMASTEEL,Rama Steel Tubes Limited,"Metals, Mining & Chemicals"
938,-0.07538516483026471,6,0.0,HGINFRA,H.G. Infra Engineering Limited,Industrials & Infrastructure
636,-0.07545339373889069,8,0.25,DWARKESH,Dwarikesh Sugar Industries Limited,Consumer & FMCG
417,-0.07560502470715463,5,0.4,CAMPUS,Campus Activewear Limited,Consumer & FMCG
979,-0.07611914492573812,7,0.42857142857142855,HUHTAMAKI,Huhtamaki India Limited,Industrials & Infrastructure
2348,-0.07646949275558891,6,0.16666666666666666,TTML,Tata Teleservices (Maharashtra) Limited,Services & Others
145,-0.07702620014938873,7,0.2857142857142857,AMRUTANJAN,Amrutanjan Health Care Limited,Healthcare & Pharmaceuticals
2154,-0.07709990631658545,6,0.3333333333333333,STERTOOLS,Sterling Tools Limited,Automobile & Mobility
1803,-0.07715143866025888,5,0.2,RAINBOW,Rainbow Childrens Medicare Limited,Healthcare & Pharmaceuticals
1734,-0.07721909156186041,8,0.375,POLYPLEX,Polyplex Corporation Limited,Industrials & Infrastructure
2188,-0.07731264094167761,8,0.375,SUNTV,Sun TV Network Limited,Services & Others
1995,-0.07752708309963498,6,0.16666666666666666,SEPC,SEPC Limited,Industrials & Infrastructure
1165,-0.07798946598208928,8,0.375,KAJARIACER,Kajaria Ceramics Limited,Real Estate & Construction
31,-0.07803618351607375,8,0.375,ABB,ABB India Limited,Industrials & Infrastructure
572,-0.07818141455218208,8,0.25,DEEPAKFERT,Deepak Fertilizers and Petrochemicals Corporation Limited,"Metals, Mining & Chemicals"
1844,-0.0782531627070037,8,0.25,RELIANCE,Reliance Industries Limited,Energy
516,-0.0785053671931561,5,0.2,CRAFTSMAN,Craftsman Automation Limited,Automobile & Mobility
119,-0.07864913732463373,5,0.2,ALICON,Alicon Castalloy Limited,Automobile & Mobility
1706,-0.07887514750768305,8,0.25,PIIND,PI Industries Limited,"Metals, Mining & Chemicals"
2105,-0.07893751267061477,7,0.14285714285714285,SOLARA,Solara Active Pharma Sciences Limited,Energy
905,-0.07921980707266824,8,0.125,HATHWAY,Hathway Cable & Datacom Limited,Services & Others
1081,-0.0792565937590193,5,0.4,IRISDOREME,Iris Clothings Limited,Industrials & Infrastructure
2314,-0.07941083912442545,7,0.14285714285714285,TNPETRO,Tamilnadu PetroProducts Limited,Energy
177,-0.0794170619174786,5,0.2,APTUS,Aptus Value Housing Finance India Limited,Financial Services
904,-0.07984905120374575,5,0.4,HARSHA,Harsha Engineers International Limited,Industrials & Infrastructure
2021,-0.0806334466518863,6,0.3333333333333333,SHARDAMOTR,Sharda Motor Industries Limited,Automobile & Mobility
2382,-0.08141242992904249,5,0.4,UNIPARTS,Uniparts India Limited,Industrials & Infrastructure
2026,-0.08176506965842807,5,0.4,SHEMAROO,Shemaroo Entertainment Limited,Services & Others
2173,-0.0819582415826889,6,0.3333333333333333,SUMICHEM,Sumitomo Chemical India Limited,"Metals, Mining & Chemicals"
1950,-0.0822673173876024,8,0.25,SANOFI,Sanofi India Limited,Healthcare & Pharmaceuticals
863,-0.08245310550779411,6,0.16666666666666666,GREENPOWER,Orient Green Power Company Limited,Energy
2346,-0.08281303533662909,8,0.25,TTKPRESTIG,TTK Prestige Limited,Consumer & FMCG
1526,-0.08282891934484785,5,0.2,NAZARA,Nazara Technologies Limited,Technology
2112,-0.08297862996668584,5,0.2,SONACOMS,Sona BLW Precision Forgings Limited,Automobile & Mobility
1823,-0.08371994043431233,7,0.2857142857142857,RANEHOLDIN,Rane Holdings Limited,Financial Services
2516,-0.0841558035637888,8,0.375,WHIRLPOOL,Whirlpool of India Limited,Consumer & FMCG
466,-0.08486153990418399,5,0.2,CHEMPLASTS,Chemplast Sanmar Limited,"Metals, Mining & Chemicals"
2206,-0.08548716381839375,5,0.4,SURYODAY,Suryoday Small Finance Bank Limited,Financial Services
2356,-0.0855126588301201,8,0.25,TVTODAY,TV Today Network Limited,Services & Others
1120,-0.08558418554126636,8,0.125,JINDALSAW,Jindal Saw Limited,"Metals, Mining & Chemicals"
694,-0.08566170000031402,5,0.2,EPIGRAL,Epigral Limited,"Metals, Mining & Chemicals"
933,-0.08594620260150873,5,0.2,HESTERBIO,Hester Biosciences Limited,Healthcare & Pharmaceuticals
2224,-0.08664700970495122,8,0.125,SYMPHONY,Symphony Limited,Consumer & FMCG
306,-0.08692966233134021,8,0.25,BASF,BASF India Limited,"Metals, Mining & Chemicals"
987,-0.08764763041491372,7,0.0,ICICIGI,ICICI Lombard General Insurance Company Limited,Financial Services
2035,-0.08779720445763176,5,0.2,SHIVALIK,Shivalik Rasayan Limited,"Metals, Mining & Chemicals"
493,-0.08808308497620349,6,0.3333333333333333,COHANCE,Cohance Lifesciences Limited,Healthcare & Pharmaceuticals
1060,-0.08848031242507536,7,0.2857142857142857,INSECTICID,Insecticides (India) Limited,"Metals, Mining & Chemicals"
2401,-0.08953821927328776,6,0.3333333333333333,UTTAMSUGAR,Uttam Sugar Mills Limited,Consumer & FMCG
821,-0.08973001691458167,7,0.2857142857142857,GMMPFAUDLR,GMM Pfaudler Limited,Industrials & Infrastructure
1695,-0.08996947099206502,6,0.3333333333333333,PFOCUS,Prime Focus Limited,Services & Others
128,-0.09086638747962283,6,0.16666666666666666,ALOKINDS,Alok Industries Limited,Industrials & Infrastructure
657,-0.0923767396744494,5,0.2,EIMCOELECO,Eimco Elecon (India) Limited,Industrials & Infrastructure
1908,-0.09243823175976051,6,0.16666666666666666,RUSHIL,Rushil Decor Limited,Real Estate & Construction
999,-0.09254075566174504,5,0.4,IFGLEXPOR,IFGL Refractories Limited,Industrials & Infrastructure
123,-0.09296551594359936,7,0.14285714285714285,ALKYLAMINE,Alkyl Amines Chemicals Limited,"Metals, Mining & Chemicals"
828,-0.09332402992166362,5,0.2,GOCLCORP,GOCL Corporation Limited,"Metals, Mining & Chemicals"
116,-0.09430993672532735,7,0.14285714285714285,ALEMBICLTD,Alembic Limited,Healthcare & Pharmaceuticals
543,-0.0943615372349284,8,0.25,DALMIASUG,Dalmia Bharat Sugar and Industries Limited,Consumer & FMCG
384,-0.09473446506887227,8,0.0,BODALCHEM,Bodal Chemicals Limited,"Metals, Mining & Chemicals"
2120,-0.09474368100639076,6,0.3333333333333333,SPANDANA,Spandana Sphoorty Financial Limited,Financial Services
1897,-0.09550304075517894,5,0.0,RSYSTEMS,R Systems International Limited,Technology
248,-0.09553693980645052,8,0.25,AUTOAXLES,Automotive Axles Limited,Automobile & Mobility
1541,-0.09565742673374195,6,0.16666666666666666,NEOGEN,Neogen Chemicals Limited,"Metals, Mining & Chemicals"
265,-0.09585023647720584,5,0.4,AXITA,Axita Cotton Limited,Industrials & Infrastructure
2030,-0.09609022610485164,7,0.2857142857142857,SHILPAMED,Shilpa Medicare Limited,Healthcare & Pharmaceuticals
1821,-0.09610708674107094,5,0.0,RAMRAT,Ram Ratna Wires Limited,"Metals, Mining & Chemicals"
1023,-0.09660487427165643,6,0.0,INDIAMART,Indiamart Intermesh Limited,Consumer & FMCG
62,-0.09716656468207015,6,0.16666666666666666,ADOR,Ador Welding Limited,Industrials & Infrastructure
1451,-0.0972568147689598,6,0.16666666666666666,MMFL,MM Forgings Limited,Automobile & Mobility
1659,-0.09778887584136965,6,0.3333333333333333,PANAMAPET,Panama Petrochem Limited,Energy
1636,-0.09818630488964383,7,0.2857142857142857,ORIENTELEC,Orient Electric Limited,Consumer & FMCG
1517,-0.09822642419362367,5,0.2,NATHBIOGEN,Nath Bio-Genes (India) Limited,Services & Others
1244,-0.09845414341532134,7,0.0,KPITTECH,KPIT Technologies Limited,Technology
1311,-0.09851700406385319,5,0.0,LINC,Linc Limited,Industrials & Infrastructure
1499,-0.09879448625558616,7,0.14285714285714285,MUTHOOTCAP,Muthoot Capital Services Limited,Financial Services
376,-0.09888853788848043,8,0.375,BLUEDART,Blue Dart Express Limited,Services & Others
988,-0.09889489223411518,8,0.125,ICICIPRULI,ICICI Prudential Life Insurance Company Limited,Financial Services
1955,-0.09901822577477212,5,0.2,SAPPHIRE,Sapphire Foods India Limited,Consumer & FMCG
2136,-0.09918845792020159,5,0.2,SRHHYPOLTD,Sree Rayalaseema Hi-Strength Hypo Limited,"Metals, Mining & Chemicals"
1512,-0.0992867394966613,6,0.16666666666666666,NAHARSPING,Nahar Spinning Mills Limited,Industrials & Infrastructure
684,-0.09935575615988453,5,0.2,EMUDHRA,eMudhra Limited,Technology
1034,-0.09964769809234861,7,0.0,INDOCO,Indoco Remedies Limited,Healthcare & Pharmaceuticals
239,-0.10056737753451205,8,0.125,ATUL,Atul Limited,"Metals, Mining & Chemicals"
259,-0.1006040073106121,6,0.16666666666666666,AVTNPL,AVT Natural Products Limited,Consumer & FMCG
721,-0.1006221120603586,5,0.2,FAIRCHEMOR,Fairchem Organics Limited,"Metals, Mining & Chemicals"
2131,-0.1026484569869622,5,0.0,SPORTKING,Sportking India Limited,Industrials & Infrastructure
1182,-0.10272336944828567,8,0.25,KANSAINER,Kansai Nerolac Paints Limited,Technology
995,-0.10360482557450644,7,0.2857142857142857,IEX,Indian Energy Exchange Limited,Energy
1798,-0.10420691533059238,5,0.0,RADIANTCMS,Radiant Cash Management Services Limited,Financial Services
717,-0.10490721409967017,7,0.42857142857142855,EXPLEOSOL,Expleo Solutions Limited,Technology
1973,-0.10499179270938523,7,0.14285714285714285,SBILIFE,SBI Life Insurance Company Limited,Financial Services
2365,-0.10500419893459845,8,0.125,UFLEX,UFLEX Limited,Industrials & Infrastructure
1971,-0.10575448174189474,6,0.3333333333333333,SBICARD,SBI Cards and Payment Services Limited,Financial Services
969,-0.10588920859137568,8,0.125,HONAUT,Honeywell Automation India Limited,Consumer & FMCG
577,-0.10602870347728552,8,0.125,DELTACORP,Delta Corp Limited,Consumer & FMCG
1465,-0.10647958513504789,5,0.2,MOL,Meghmani Organics Limited,"Metals, Mining & Chemicals"
2243,-0.10686661292517571,7,0.2857142857142857,TASTYBITE,Tasty Bite Eatables Limited,Consumer & FMCG
743,-0.10694577860684981,5,0.6,FIVESTAR,Five-Star Business Finance Limited,Financial Services
990,-0.10702634060162933,5,0.2,ICRA,ICRA Limited,Services & Others
768,-0.10703022778571579,6,0.16666666666666666,GANECOS,Ganesha Ecosphere Limited,Industrials & Infrastructure
2018,-0.10720057934107756,6,0.16666666666666666,SHANTIGEAR,Shanthi Gears Limited,Automobile & Mobility
2303,-0.1080582789707108,8,0.25,TIMKEN,Timken India Limited,Automobile & Mobility
1667,-0.10848926571559055,5,0.2,PARAS,Paras Defence and Space Technologies Limited,Technology
941,-0.1086025591790737,8,0.25,HIKAL,Hikal Limited,Healthcare & Pharmaceuticals
566,-0.10875258483730384,5,0.2,DCXINDIA,DCX Systems Limited,Technology
2392,-0.10881407499687049,8,0.375,UPL,UPL Limited,"Metals, Mining & Chemicals"
75,-0.10889178290881245,5,0.0,AEROENTER,Aeroflex Enterprises Limited,Industrials & Infrastructure
510,-0.10978907653915826,7,0.14285714285714285,COSMOFIRST,COSMO FIRST LIMITED,Industrials & Infrastructure
737,-0.10990501289989311,7,0.14285714285714285,FINEORG,Fine Organic Industries Limited,"Metals, Mining & Chemicals"
641,-0.11059066136581404,5,0.2,EASEMYTRIP,Easy Trip Planners Limited,Consumer & FMCG
1285,-0.11083912061826187,7,0.0,LAOPALA,La Opala RG Limited,Real Estate & Construction
140,-0.11155337604430149,5,0.0,AMBIKCO,Ambika Cotton Mills Limited,Industrials & Infrastructure
748,-0.11272589559877955,5,0.0,FMGOETZE,Federal-Mogul Goetze (India) Limited.,Automobile & Mobility
12,-0.1134550884748594,6,0.16666666666666666,5PAISA,5Paisa Capital Limited,Services & Others
261,-0.11406129387617962,5,0.2,AWHCL,Antony Waste Handling Cell Limited,Industrials & Infrastructure
1084,-0.11440282996231425,5,0.2,ISGEC,Isgec Heavy Engineering Limited,Industrials & Infrastructure
612,-0.11454193904448262,7,0.14285714285714285,DLINKINDIA,D-Link (India) Limited,Technology
166,-0.11539943814346099,6,0.16666666666666666,APCOTEXIND,Apcotex Industries Limited,Industrials & Infrastructure
1968,-0.11567601878340827,5,0.0,SBCL,Shivalik Bimetal Controls Limited,"Metals, Mining & Chemicals"
299,-0.11574486536955061,7,0.14285714285714285,BANDHANBNK,Bandhan Bank Limited,Financial Services
587,-0.11596192117610785,8,0.25,DHAMPURSUG,Dhampur Sugar Mills Limited,Consumer & FMCG
2453,-0.11623933961887656,5,0.2,VINYLINDIA,Vinyl Chemicals (India) Limited,"Metals, Mining & Chemicals"
1506,-0.11637115396901003,6,0.16666666666666666,NACLIND,NACL Industries Limited,"Metals, Mining & Chemicals"
2484,-0.11756387754896228,8,0.375,VRLLOG,VRL Logistics Limited,Services & Others
967,-0.11792602705548969,5,0.0,HOMEFIRST,Home First Finance Company India Limited,Financial Services
1310,-0.11901106277349402,5,0.2,LIKHITHA,Likhitha Infrastructure Limited,Industrials & Infrastructure
970,-0.11960749500521288,6,0.3333333333333333,HONDAPOWER,Honda India Power Products Limited,Energy
1846,-0.1196168832993278,8,0.375,RELINFRA,Reliance Infrastructure Limited,Energy
943,-0.12097332462239155,5,0.2,HILTON,Hilton Metal Forging Limited,Automobile & Mobility
1765,-0.12119742066160043,6,0.16666666666666666,PRINCEPIPE,Prince Pipes And Fittings Limited,Industrials & Infrastructure
250,-0.12137054933870187,8,0.375,AVADHSUGAR,Avadh Sugar & Energy Limited,Consumer & FMCG
478,-0.12268542368499427,5,0.0,CLEAN,Clean Science and Technology Limited,"Metals, Mining & Chemicals"
750,-0.1227431147180813,5,0.0,FOCUS,Focus Lighting and Fixtures Limited,Industrials & Infrastructure
2258,-0.12321353653311953,8,0.25,TCIEXP,TCI Express Limited,Services & Others
1852,-0.123247689722358,5,0.2,REPRO,Repro India Limited,Services & Others
764,-0.12372729094223056,7,0.0,GALAXYSURF,Galaxy Surfactants Limited,Consumer & FMCG
194,-0.12387819447057924,5,0.2,ARROWGREEN,Arrow Greentech Limited,Industrials & Infrastructure
2164,-0.1247801100193728,6,0.16666666666666666,SUBEXLTD,Subex Limited,Technology
759,-0.12516238986538403,5,0.2,FUSION,Fusion Finance Limited,Financial Services
865,-0.12561201133609895,5,0.2,GRINFRA,G R Infraprojects Limited,Industrials & Infrastructure
1194,-0.12596694710965115,6,0.0,KECL,Kirloskar Electric Company Limited,Industrials & Infrastructure
395,-0.12716472628875972,5,0.0,BPL,BPL Limited,Technology
1270,-0.12834254924954053,5,0.0,KUANTUM,Kuantum Papers Limited,Industrials & Infrastructure
1468,-0.12861071431869114,8,0.25,MOLDTKPAC,Mold-Tek Packaging Limited,Industrials & Infrastructure
1039,-0.13099984372433565,5,0.0,INDOSTAR,IndoStar Capital Finance Limited,Financial Services
114,-0.13238360855599124,6,0.16666666666666666,ALANKIT,Alankit Limited,Services & Others
1026,-0.13356404805629302,7,0.14285714285714285,INDIANHUME,Indian Hume Pipe Company Limited,Industrials & Infrastructure
922,-0.13425775516677949,7,0.0,HDFCLIFE,HDFC Life Insurance Company Limited,Financial Services
961,-0.1359389749351589,5,0.2,HLEGLAS,HLE Glascoat Limited,Industrials & Infrastructure
1885,-0.13609229730475364,8,0.125,RPOWER,Reliance Power Limited,Energy
2157,-0.13650368887487505,8,0.125,STLTECH,Sterlite Technologies Limited,Technology
1398,-0.13661551498665753,5,0.0,MATRIMONY,Matrimony.Com Limited,Technology
124,-0.1368322584302045,7,0.0,ALLCARGO,Allcargo Logistics Limited,Services & Others
2091,-0.13707932817480162,8,0.125,SKFINDIA,SKF India Limited,Automobile & Mobility
2429,-0.1375154709648833,5,0.2,VERANDA,Veranda Learning Solutions Limited,Services & Others
1535,-0.13878652267545966,5,0.2,NDTV,New Delhi Television Limited,Services & Others
1399,-0.1388091073909234,6,0.0,MAWANASUG,Mawana Sugars Limited,Consumer & FMCG
2326,-0.14168219504316007,5,0.2,TRACXN,Tracxn Technologies Limited,Technology
1996,-0.1435200029023006,5,0.2,SERVOTECH,Servotech Renewable Power System Limited,Energy
889,-0.1439512774078191,5,0.2,GVKPIL,GVK Power & Infrastructure Limited,Energy
1962,-0.14449937770289653,6,0.16666666666666666,SATIA,Satia Industries Limited,Industrials & Infrastructure
1231,-0.1474878031607249,7,0.0,KOKUYOCMLN,Kokuyo Camlin Limited,Industrials & Infrastructure
1595,-0.14837306807035905,7,0.0,NUCLEUS,Nucleus Software Exports Limited,Technology
888,-0.14995618257440224,6,0.0,GULPOLY,Gulshan Polyols Limited,Consumer & FMCG
294,-0.15046853450648723,8,0.25,BALRAMCHIN,Balrampur Chini Mills Limited,Consumer & FMCG
1931,-0.1525358367276567,5,0.2,SAKSOFT,Saksoft Limited,Technology
1830,-0.15355215809226355,5,0.0,RBA,Restaurant Brands Asia Limited,Financial Services
829,-0.15389390108227463,5,0.2,GOCOLORS,Go Fashion (India) Limited,Consumer & FMCG
1838,-0.15633722969641572,5,0.0,REFEX,Refex Industries Limited,Energy
84,-0.15931500534968057,5,0.0,AFSL,Abans Financial Services Limited,Financial Services
751,-0.16072477482805408,5,0.0,FOODSIN,Foods & Inns Limited,Consumer & FMCG
2511,-0.16182372254480576,6,0.0,WESTLIFE,WESTLIFE FOODWORLD LIMITED,Financial Services
902,-0.16371384342540732,5,0.2,HARIOMPIPE,Hariom Pipe Industries Limited,"Metals, Mining & Chemicals"
1071,-0.1641706137133792,5,0.2,IONEXCHANG,ION Exchange (India) Limited,Industrials & Infrastructure
1881,-0.16662496404071264,5,0.2,ROTO,Roto Pumps Limited,Industrials & Infrastructure
1416,-0.16721948247169438,5,0.2,MEDICAMEQ,Medicamen Biotech Limited,Healthcare & Pharmaceuticals
1899,-0.1679804958425728,7,0.14285714285714285,RTNPOWER,RattanIndia Power Limited,Energy
2367,-0.17376304090116332,6,0.0,UGARSUGAR,The Ugar Sugar Works Limited,Consumer & FMCG
1384,-0.17451324675455485,5,0.0,MANYAVAR,Vedant Fashions Limited,Industrials & Infrastructure
1625,-0.17688385992737019,6,0.0,ONWARDTEC,Onward Technologies Limited,Technology
2410,-0.1778381634886948,5,0.0,VALIANTORG,Valiant Organics Limited,"Metals, Mining & Chemicals"
1875,-0.17957473534719046,5,0.0,ROLEXRINGS,Rolex Rings Limited,Automobile & Mobility
176,-0.1892814396577086,8,0.0,APTECHT,Aptech Limited,Services & Others
899,-0.19369206526419,5,0.0,HAPPSTMNDS,Happiest Minds Technologies Limited,Technology
1882,-0.19701828802412064,5,0.0,ROUTE,ROUTE MOBILE LIMITED,Technology
580,-0.20668047167008913,5,0.0,DENORA,De Nora India Limited,Industrials & Infrastructure
485,-0.22540448310233918,5,0.0,CMSINFO,CMS Info Systems Limited,Technology
2364,-0.22825240726630355,5,0.0,UFBL,United Foodbrands Limited,Services & Others
2242,-0.23059824858003627,5,0.0,TARSONS,Tarsons Products Limited,Industrials & Infrastructure
627,-0.252540088002687,5,0.0,DREAMFOLKS,Dreamfolks Services Limited,Industrials & Infrastructure
