company_id,mean_within_sector,n_events,hit_rate,symbol,name,sector
1760,0.35391152912144636,5,1.0,PREMIERPOL,Premier Polyfilm Limited,Industrials & Infrastructure
1883,0.31072963640635204,5,0.8,RPEL,Raghav Productivity Enhancers Limited,"Metals, Mining & Chemicals"
1041,0.30903202166663496,10,0.7,INDOTHAI,Indo Thai Securities Limited,Technology
1199,0.30862103283940834,11,0.9090909090909091,KERNEX,Kernex Microsystems (India) Limited,Technology
37,0.2946061416620478,5,1.0,ABINFRA,A B Infrabuild Limited,Industrials & Infrastructure
35,0.2807117233657127,5,1.0,ABDL,Allied Blenders and Distillers Limited,Consumer & FMCG
2012,0.27656309162319026,11,0.8181818181818182,SHAILY,Shaily Engineering Plastics Limited,Industrials & Infrastructure
170,0.2732068452068656,15,0.7333333333333333,APOLLO,Apollo Micro Systems Limited,Technology
2095,0.26702762605709063,10,0.7,SKYGOLD,SKY GOLD AND DIAMONDS LIMITED,Consumer & FMCG
1700,0.26157801622005394,13,0.8461538461538461,PGIL,Pearl Global Industries Limited,Industrials & Infrastructure
1144,0.24993520877410652,11,0.8181818181818182,JSLL,Jeena Sikho Lifecare Limited,Healthcare & Pharmaceuticals
2068,0.2397383908914601,12,0.75,SIGMAADV,SIGMA ADVANCED SYSTEMS LIMITED,Technology
2467,0.22666940121105011,8,0.875,VIVIANA,Viviana Power Tech Limited,Energy
2272,0.2258775296754689,13,0.6153846153846154,TEMBO,Tembo Global Industries Limited,Industrials & Infrastructure
534,0.22383911903741788,17,0.5882352941176471,CUPID,Cupid Limited,Consumer & FMCG
1298,0.2222579720214833,8,0.75,LEMERITE,Le Merite Exports Limited,Industrials & Infrastructure
2500,0.22068023194191513,5,0.8,WCIL,Western Carriers (India) Limited,Services & Others
2138,0.21558164200045624,5,1.0,SRM,SRM Contractors Limited,Industrials & Infrastructure
2308,0.21217476918439448,10,0.5,TIRUPATIFL,Tirupati Forge Limited,Automobile & Mobility
637,0.20639335582903626,11,0.5454545454545454,DYCL,Dynamic Cables Limited,Real Estate & Construction
2094,0.20628735083552532,13,0.7692307692307693,SKMEGGPROD,SKM Egg Products Export (India) Limited,Consumer & FMCG
640,0.20272784008008304,11,0.7272727272727273,E2E,E2E Networks Limited,Technology
1406,0.20049705720485797,10,0.7,MBAPL,Madhya Bharat Agro Products Limited,"Metals, Mining & Chemicals"
431,0.19900687856071317,15,0.7333333333333333,CARTRADE,Cartrade Tech Limited,Automobile & Mobility
1381,0.19800687262793384,11,0.8181818181818182,MANORAMA,Manorama Industries Limited,Industrials & Infrastructure
2403,0.19191874300529735,16,0.75,V2RETAIL,V2 Retail Limited,Consumer & FMCG
253,0.19134848112479658,5,0.8,AVANTEL,Avantel Limited,Services & Others
2294,0.19083186690641055,15,0.9333333333333333,TI,Tilaknagar Industries Limited,Consumer & FMCG
870,0.18808328515659772,18,0.8333333333333334,GRSE,Garden Reach Shipbuilders & Engineers Limited,Industrials & Infrastructure
871,0.18600809535188573,13,0.8461538461538461,GRWRHITECH,Garware Hi-Tech Films Limited,Industrials & Infrastructure
336,0.178319970316369,18,0.7777777777777778,BGRENERGY,BGR Energy Systems Limited,Industrials & Infrastructure
1967,0.1782108803203746,14,0.7142857142857143,SBC,SBC Exports Limited,Industrials & Infrastructure
231,0.17039229673143805,10,0.9,ATALREAL,Atal Realtech Limited,Industrials & Infrastructure
1317,0.16903548123827394,10,0.7,LLOYDSME,Lloyds Metals And Energy Limited,"Metals, Mining & Chemicals"
53,0.16771472406026125,15,0.7333333333333333,ACUTAAS,Acutaas Chemicals Limited,Healthcare & Pharmaceuticals
1148,0.16408650098001107,14,0.5714285714285714,JSWHL,JSW Holdings Limited,Financial Services
251,0.16340947135159298,10,0.7,AVALON,Avalon Technologies Limited,Technology
404,0.16007015093139076,21,0.6190476190476191,BSE,BSE Limited,Services & Others
1341,0.15718044040024032,10,0.8,MAANALU,Maan Aluminium Limited,"Metals, Mining & Chemicals"
1090,0.15463991710241826,23,0.782608695652174,ITI,ITI Limited,Services & Others
1064,0.15448084579450894,5,1.0,INTERARCH,Interarch Building Solutions Limited,Industrials & Infrastructure
360,0.15301447688606368,13,0.46153846153846156,BIRLAMONEY,Aditya Birla Money Limited,Services & Others
1013,0.1513077930117789,19,0.6842105263157895,IMFA,Indian Metals & Ferro Alloys Limited,"Metals, Mining & Chemicals"
298,0.14644745538802378,19,0.631578947368421,BANCOINDIA,Banco Products (I) Limited,Automobile & Mobility
2108,0.14625083582478,10,0.7,SOLEX,Solex Energy Limited,Industrials & Infrastructure
1590,0.14470384574619577,10,0.5,NSIL,Nalwa Sons Investments Limited,Financial Services
2118,0.14460136857736397,11,0.8181818181818182,SOUTHWEST,South West Pinnacle Exploration Limited,Industrials & Infrastructure
469,0.14445919377899838,12,1.0,CHOICEIN,Choice International Limited,Services & Others
1413,0.138930545477562,23,0.6956521739130435,MCX,Multi Commodity Exchange of India Limited,Services & Others
164,0.13724964229209197,21,0.7142857142857143,APARINDS,Apar Industries Limited,Industrials & Infrastructure
956,0.13707152901911576,12,0.5833333333333334,HIRECT,Hirect Limited,Industrials & Infrastructure
1333,0.13655666090606244,18,0.6666666666666666,LUMAXIND,Lumax Industries Limited,Automobile & Mobility
264,0.1322290523279731,18,0.6111111111111112,AXISCADES,AXISCADES Technologies Limited,Technology
1832,0.13076956978259313,10,0.7,RBZJEWEL,RBZ Jewellers Limited,Consumer & FMCG
1097,0.1255274498677701,13,0.6153846153846154,IZMO,IZMO Limited,Technology
1755,0.12544554099402322,15,0.6666666666666666,PRECWIRE,Precision Wires India Limited,Real Estate & Construction
1202,0.1253332642635378,11,0.7272727272727273,KFINTECH,Kfin Technologies Limited,Technology
760,0.12471058506523276,23,0.6956521739130435,GABRIEL,Gabriel India Limited,Automobile & Mobility
1681,0.12375366129372031,14,0.7142857142857143,PAYTM,One 97 Communications Limited,Technology
1342,0.12339054435426391,10,0.7,MACPOWER,Macpower CNC Machines Limited,Energy
481,0.1210617042318969,14,0.5714285714285714,CLSEL,Chaman Lal Setia Exports Limited,Consumer & FMCG
1405,0.12050773592969759,15,0.6666666666666666,MAZDOCK,Mazagon Dock Shipbuilders Limited,Industrials & Infrastructure
892,0.12013359220353989,20,0.7,GVT&D,GE Vernova T&D India Limited,Industrials & Infrastructure
208,0.11964473262508488,18,0.6111111111111112,ASHAPURMIN,Ashapura Minechem Limited,"Metals, Mining & Chemicals"
2082,0.11961524557314118,10,0.5,SINDHUTRAD,Sindhu Trade Links Limited,Services & Others
2070,0.11898866956101793,9,0.5555555555555556,SIGNPOST,Signpost India Limited,Services & Others
76,0.11891481774922877,10,0.8,AEROFLEX,Aeroflex Industries Limited,"Metals, Mining & Chemicals"
2502,0.11870772512626818,16,0.4375,WEBELSOLAR,Websol Energy System Limited,Industrials & Infrastructure
1572,0.11843934517672018,13,0.6153846153846154,NITCO,Nitco Limited,Real Estate & Construction
843,0.11777709874315415,16,0.625,GOODLUCK,Goodluck India Limited,"Metals, Mining & Chemicals"
88,0.11750007783504342,5,0.8,AGIIL,Agi Infra Limited,Real Estate & Construction
2231,0.11716999145800208,17,0.8235294117647058,TAJGVK,Taj GVK Hotels & Resorts Limited,Services & Others
2472,0.11681140062124701,8,0.625,VLEGOV,VL E-Governance & IT Solutions Limited,Services & Others
2150,0.11649492219129623,11,0.7272727272727273,STEELCAS,Steelcast Limited,Automobile & Mobility
866,0.11614440190998744,11,0.8181818181818182,GRMOVER,GRM Overseas Limited,Consumer & FMCG
2085,0.11588812883353056,15,0.7333333333333333,SIRCA,Sirca Paints India Limited,"Metals, Mining & Chemicals"
903,0.11562781942461423,10,0.8,HARRMALAYA,Harrisons  Malayalam Limited,Consumer & FMCG
1045,0.11185219339940715,18,0.8333333333333334,INDRAMEDCO,Indraprastha Medical Corporation Limited,Healthcare & Pharmaceuticals
2388,0.11134798643826928,15,0.6666666666666666,UNIVCABLES,Universal Cables Limited,Real Estate & Construction
99,0.10962334494945296,7,0.5714285714285714,AIIL,Authum Investment & Infrastructure Limited,Financial Services
297,0.10957535138905783,6,0.8333333333333334,BANARISUG,Bannari Amman Sugars Limited,Consumer & FMCG
1330,0.10844049351520711,21,0.6190476190476191,LTFOODS,LT Foods Limited,Consumer & FMCG
1250,0.10802183056390807,11,0.6363636363636364,KRISHANA,Krishana Phoschem Limited,"Metals, Mining & Chemicals"
841,0.10798990976195,18,0.5555555555555556,GOLDIAM,Goldiam International Limited,Consumer & FMCG
1772,0.10783544134431317,11,0.45454545454545453,PROZONER,Prozone Realty Limited,Industrials & Infrastructure
720,0.10700485499973761,18,0.6111111111111112,FACT,Fertilizers and Chemicals Travancore Limited,"Metals, Mining & Chemicals"
1727,0.10681005029970313,11,0.5454545454545454,POCL,Pondy Oxides & Chemicals Limited,"Metals, Mining & Chemicals"
1885,0.10602868835472831,23,0.5217391304347826,RPOWER,Reliance Power Limited,Energy
1480,0.10482192968342899,16,0.625,MPSLTD,MPS Limited,Services & Others
598,0.10419887060464512,14,0.7142857142857143,DIAMONDYD,Prataap Snacks Limited,Consumer & FMCG
2240,0.10417153140461478,15,0.4666666666666667,TARIL,Transformers And Rectifiers (India) Limited,Industrials & Infrastructure
312,0.1035021226791234,12,0.75,BBOX,Black Box Limited,Services & Others
268,0.10280629456675125,8,0.375,AYMSYNTEX,AYM Syntex Limited,Industrials & Infrastructure
2519,0.10163097208963062,16,0.5625,WINDMACHIN,Windsor Machines Limited,Industrials & Infrastructure
1171,0.10128474546110337,15,0.7333333333333333,KALYANKJIL,Kalyan Jewellers India Limited,Consumer & FMCG
752,0.10117610846616795,16,0.6875,FORCEMOT,FORCE MOTORS LTD,Automobile & Mobility
2089,0.10107858374237291,14,0.5714285714285714,SJS,S.J.S. Enterprises Limited,Automobile & Mobility
574,0.10094752326171322,15,0.7333333333333333,DEEPINDS,Deep Industries Limited,Energy
1757,0.10078459859318888,13,0.6923076923076923,PREMEXPLN,Premier Explosives Limited,"Metals, Mining & Chemicals"
2227,0.10048960767839633,11,0.7272727272727273,SYRMA,Syrma SGS Technology Limited,Technology
1769,0.10040297019916887,15,0.8,PRIVISCL,Privi Speciality Chemicals Limited,"Metals, Mining & Chemicals"
2201,0.0999826252378111,5,0.6,SURANASOL,Surana Solar Limited,Energy
1919,0.09922048830097834,15,0.8666666666666667,SAFARI,Safari Industries (India) Limited,Consumer & FMCG
1534,0.09915738391563965,13,0.5384615384615384,NDRAUTO,Ndr Auto Components Limited,Automobile & Mobility
912,0.0991547301917225,19,0.5263157894736842,HBLENGINE,HBL Engineering Limited,Automobile & Mobility
1143,0.09869827719287372,23,0.7391304347826086,JSL,Jindal Stainless Limited,"Metals, Mining & Chemicals"
676,0.0984331584844346,5,0.6,EMCURE,Emcure Pharmaceuticals Limited,Healthcare & Pharmaceuticals
151,0.09828301676450472,15,0.6666666666666666,ANGELONE,Angel One Limited,Services & Others
492,0.0979995473521381,23,0.6521739130434783,COFORGE,Coforge Limited,Technology
2088,0.09759729291470984,16,0.5,SIYSIL,Siyaram Silk Mills Limited,Industrials & Infrastructure
628,0.09730378088747703,23,0.6086956521739131,DREDGECORP,Dredging Corporation of India Limited,Services & Others
1946,0.09711643623511704,10,0.4,SANDUMA,Sandur Manganese & Iron Ores Limited,"Metals, Mining & Chemicals"
1111,0.09675900762222543,13,0.6153846153846154,JAYNECOIND,Jayaswal Neco Industries Limited,"Metals, Mining & Chemicals"
138,0.09577705468497144,19,0.5789473684210527,AMBER,Amber Enterprises India Limited,Consumer & FMCG
1695,0.09556912940206641,12,0.75,PFOCUS,Prime Focus Limited,Services & Others
2285,0.09521160845481189,15,0.5333333333333333,THANGAMAYL,Thangamayil Jewellery Limited,Consumer & FMCG
1006,0.09421426868040914,16,0.625,IIFLCAPS,IIFL Capital Services Limited,Financial Services
1411,0.09413403297864191,21,0.47619047619047616,MCLEODRUSS,Mcleod Russel India Limited,Consumer & FMCG
1597,0.0937516260234172,10,0.8,NUVAMA,Nuvama Wealth Management Limited,Services & Others
1808,0.09347775135430111,15,0.4666666666666667,RAJRATAN,Rajratan Global Wire Limited,"Metals, Mining & Chemicals"
1500,0.09319538721015812,23,0.6521739130434783,MUTHOOTFIN,Muthoot Finance Limited,Financial Services
1057,0.09277412623546173,11,0.6363636363636364,INOXGREEN,Inox Green Energy Services Limited,Energy
1247,0.09191294265921811,23,0.6521739130434783,KRBL,KRBL Limited,Consumer & FMCG
2254,0.0917268564748664,7,0.8571428571428571,TBOTEK,TBO Tek Limited,Consumer & FMCG
1855,0.09062499919176295,16,0.5,RGL,Renaissance Global Limited,Consumer & FMCG
1102,0.08891402691649575,23,0.5652173913043478,JAICORPLTD,Jai Corp Limited,Technology
146,0.08834409852991133,14,0.7142857142857143,ANANDRATHI,Anand Rathi Wealth Limited,Financial Services
229,0.0880173616366952,23,0.6956521739130435,ASTRAZEN,AstraZeneca Pharma India Limited,Healthcare & Pharmaceuticals
1487,0.08791777528265263,15,0.6,MTARTECH,Mtar Technologies Limited,Technology
596,0.08778892780555422,10,0.5,DIACABS,Diamond Power Infrastructure Limited,Energy
278,0.08757449554794945,14,0.5714285714285714,BAJAJHCARE,Bajaj Healthcare Limited,Healthcare & Pharmaceuticals
104,0.0870466872046649,21,0.6190476190476191,AJMERA,Ajmera Realty & Infra India Limited,Real Estate & Construction
1874,0.0870033815323107,16,0.625,ROHLTD,Royal Orchid Hotels Limited,Services & Others
189,0.08672539864096042,16,0.5625,ARIHANTSUP,Arihant Superstructures Limited,Industrials & Infrastructure
1583,0.086245488808763,5,0.8,NORTHARC,Northern Arc Capital Limited,Financial Services
2440,0.08621878268079007,15,0.6666666666666666,VIJAYA,Vijaya Diagnostic Centre Limited,Healthcare & Pharmaceuticals
444,0.08612781141125324,23,0.7391304347826086,CEMPRO,Cemindia Projects Limited,Industrials & Infrastructure
1334,0.08535334284571114,20,0.55,LUMAXTECH,Lumax Auto Technologies Limited,Technology
2351,0.08513632944449269,19,0.47368421052631576,TVSELECT,TVS Electronics Limited,Technology
162,0.08504379228457246,17,0.47058823529411764,ANUP,The Anup Engineering Limited,Industrials & Infrastructure
1215,0.08482451967936101,19,0.631578947368421,KIRLOSBROS,Kirloskar Brothers Limited,Industrials & Infrastructure
324,0.08476064599644365,23,0.7391304347826086,BEL,Bharat Electronics Limited,Industrials & Infrastructure
1141,0.08432725773323874,20,0.45,JPPOWER,Jaiprakash Power Ventures Limited,Energy
2211,0.08432635675815925,23,0.5217391304347826,SUZLON,Suzlon Energy Limited,Industrials & Infrastructure
839,0.08419702625224479,14,0.6428571428571429,GOKULAGRO,Gokul Agro Resources Limited,Consumer & FMCG
2117,0.08375690898939024,23,0.7391304347826086,SOUTHBANK,The South Indian Bank Limited,Financial Services
1122,0.08330188559382007,17,0.47058823529411764,JINDRILL,Jindal Drilling And Industries Limited,Energy
2534,0.08212414011234481,10,0.7,YATHARTH,Yatharth Hospital & Trauma Care Services Limited,Healthcare & Pharmaceuticals
1307,0.08202427993198144,20,0.6,LIBERTSHOE,Liberty Shoes Limited,Consumer & FMCG
1216,0.08155639113345724,18,0.6111111111111112,KIRLOSENG,Kirloskar Oil Engines Limited,Energy
821,0.08121333968598815,18,0.6666666666666666,GMMPFAUDLR,GMM Pfaudler Limited,Industrials & Infrastructure
1545,0.08071392683895666,10,0.7,NETWEB,Netweb Technologies India Limited,Technology
2246,0.07929854788904643,23,0.6086956521739131,TATACOMM,Tata Communications Limited,Services & Others
437,0.07926000951683423,23,0.782608695652174,CCL,CCL Products (India) Limited,Consumer & FMCG
319,0.07919039387957698,19,0.6842105263157895,BDL,Bharat Dynamics Limited,Industrials & Infrastructure
2396,0.07909444117854213,23,0.6956521739130435,USHAMART,Usha Martin Limited,"Metals, Mining & Chemicals"
1389,0.07896323289596838,13,0.6153846153846154,MARINE,Marine Electricals (India) Limited,Industrials & Infrastructure
559,0.07884918004356864,5,0.6,DCM,DCM  Limited,Industrials & Infrastructure
1697,0.07857205669843552,18,0.5555555555555556,PGEL,PG Electroplast Limited,Consumer & FMCG
1522,0.07810307005565105,23,0.6086956521739131,NAVINFLUOR,Navin Fluorine International Limited,"Metals, Mining & Chemicals"
429,0.07734198691333967,23,0.5652173913043478,CARERATING,CARE Ratings Limited,Services & Others
679,0.07716422200604159,8,0.75,EMMBI,Emmbi Industries Limited,Industrials & Infrastructure
1665,0.07712957055534848,11,0.5454545454545454,PARADEEP,Paradeep Phosphates Limited,"Metals, Mining & Chemicals"
390,0.07682749095414013,20,0.5,BORORENEW,BOROSIL RENEWABLES LIMITED,Energy
1220,0.07592921639231627,21,0.47619047619047616,KITEX,Kitex Garments Limited,Industrials & Infrastructure
435,0.07589101601268715,5,0.6,CCCL,Consolidated Construction Consortium Limited,Industrials & Infrastructure
1024,0.07528723848400676,23,0.782608695652174,INDIANB,Indian Bank,Financial Services
1725,0.07479091948062806,5,0.8,PNGJL,P N Gadgil Jewellers Limited,Consumer & FMCG
228,0.07467441437982857,23,0.5217391304347826,ASTRAMICRO,Astra Microwave Products Limited,Industrials & Infrastructure
1777,0.07451610382881646,21,0.7619047619047619,PSPPROJECT,PSP Projects Limited,Industrials & Infrastructure
1022,0.07444418377394664,23,0.5652173913043478,INDIAGLYCO,India Glycols Limited,Consumer & FMCG
998,0.07408736273688377,23,0.5217391304347826,IFCI,IFCI Limited,Services & Others
1879,0.0740354082401752,7,0.42857142857142855,ROSSELLIND,Rossell India Limited,Industrials & Infrastructure
2415,0.0737967351267466,18,0.6111111111111112,VASCONEQ,Vascon Engineers Limited,Industrials & Infrastructure
1166,0.07342046292422173,5,0.8,KAKATCEM,Kakatiya Cement Sugar & Industries Limited,Real Estate & Construction
1196,0.07311355337028778,23,0.6956521739130435,KEI,KEI Industries Limited,Real Estate & Construction
2215,0.07286967024259028,23,0.6521739130434783,SWANCORP,SWAN CORP LIMITED,Industrials & Infrastructure
2369,0.07129084799630561,15,0.7333333333333333,UJJIVANSFB,Ujjivan Small Finance Bank Limited,Financial Services
58,0.07104885050304208,23,0.6086956521739131,ADANIPOWER,Adani Power Limited,Energy
1640,0.07092475432809492,5,0.6,ORIENTTECH,Orient Technologies Limited,Technology
1884,0.07076458727260178,20,0.65,RPGLIFE,RPG Life Sciences Limited,Healthcare & Pharmaceuticals
1691,0.07066758377628168,23,0.782608695652174,PERSISTENT,Persistent Systems Limited,Technology
1672,0.07025252775244008,11,0.5454545454545454,PARSVNATH,Parsvnath Developers Limited,Industrials & Infrastructure
1666,0.07024300605333442,22,0.6363636363636364,PARAGMILK,Parag Milk Foods Limited,Consumer & FMCG
771,0.06999867561501187,16,0.5625,GANESHHOU,GANESH HOUSING LIMITED,Industrials & Infrastructure
992,0.06981591751608249,23,0.43478260869565216,IDEA,Vodafone Idea Limited,Services & Others
1242,0.06969508818001795,15,0.6,KPIGREEN,KPI Green Energy Limited,Energy
1490,0.0691505350851807,10,0.7,MUFIN,Mufin Green Finance Limited,Financial Services
1174,0.06884842934269612,13,0.46153846153846156,KAMATHOTEL,Kamat Hotels (I) Limited,Services & Others
13,0.06875914084334526,23,0.5217391304347826,63MOONS,63 moons technologies limited,Technology
1096,0.06870380163810001,6,0.8333333333333334,IXIGO,Le Travenues Technology Limited,Consumer & FMCG
60,0.06865197664426582,23,0.5217391304347826,ADFFOODS,ADF Foods Limited,Consumer & FMCG
1845,0.06863083879257216,20,0.6,RELIGARE,Religare Enterprises Limited,Financial Services
1185,0.06800409472751426,23,0.6956521739130435,KARURVYSYA,Karur Vysya Bank Limited,Financial Services
916,0.06766573444571727,18,0.6666666666666666,HCG,Healthcare Global Enterprises Limited,Healthcare & Pharmaceuticals
1762,0.06749322824809542,18,0.6666666666666666,PRICOLLTD,Pricol Limited,Automobile & Mobility
147,0.06724088770241396,23,0.5652173913043478,ANANTRAJ,Anant Raj Limited,Industrials & Infrastructure
2004,0.06691363895631025,9,0.6666666666666666,SGIL,Synergy Green Industries Limited,Automobile & Mobility
2020,0.06679695818560635,18,0.5555555555555556,SHARDACROP,Sharda Cropchem Limited,"Metals, Mining & Chemicals"
1626,0.06671804079573136,17,0.47058823529411764,OPTIEMUS,Optiemus Infracom Limited,Services & Others
1824,0.06660495902447376,14,0.42857142857142855,RATEGAIN,Rategain Travel Technologies Limited,Technology
1210,0.06537759308307953,13,0.7692307692307693,KINGFA,Kingfa Science & Technology (India) Limited,Industrials & Infrastructure
572,0.06536831857485921,23,0.6086956521739131,DEEPAKFERT,Deepak Fertilizers and Petrochemicals Corporation Limited,"Metals, Mining & Chemicals"
793,0.06528943771437348,15,0.5333333333333333,GFLLIMITED,GFL Limited,Financial Services
1100,0.06506854574111855,15,0.5333333333333333,JAGSNPHARM,Jagsonpal Pharmaceuticals Limited,Healthcare & Pharmaceuticals
1983,0.06480873197491567,17,0.5294117647058824,SDBL,Som Distilleries & Breweries Limited,Consumer & FMCG
548,0.06477279904373437,13,0.46153846153846156,DATAPATTNS,Data Patterns (India) Limited,Technology
371,0.06471124621926601,19,0.5263157894736842,BLS,BLS International Services Limited,Services & Others
349,0.06382943241257434,23,0.6086956521739131,BHEL,Bharat Heavy Electricals Limited,Industrials & Infrastructure
2506,0.06357573942018956,23,0.6521739130434783,WELENT,Welspun Enterprises Limited,Industrials & Infrastructure
783,0.06325605338266509,7,0.7142857142857143,GEECEE,GeeCee Ventures Limited,Industrials & Infrastructure
1391,0.06317908266995423,23,0.4782608695652174,MARKSANS,Marksans Pharma Limited,Healthcare & Pharmaceuticals
1844,0.06310616218480476,23,0.6086956521739131,RELIANCE,Reliance Industries Limited,Energy
1518,0.06289373821682777,23,0.5217391304347826,NATIONALUM,National Aluminium Company Limited,"Metals, Mining & Chemicals"
638,0.06248252510929716,18,0.5555555555555556,DYNAMATECH,Dynamatic Technologies Limited,Technology
1799,0.062370405134135457,23,0.6086956521739131,RADICO,Radico Khaitan Limited,Consumer & FMCG
950,0.06228510563860667,23,0.5217391304347826,HINDCOPPER,Hindustan Copper Limited,"Metals, Mining & Chemicals"
1836,0.06226724654288303,23,0.6521739130434783,REDINGTON,Redington Limited,Technology
348,0.06218764297837749,7,0.8571428571428571,BHARTIHEXA,Bharti Hexacom Limited,Services & Others
56,0.06185606097958464,20,0.5,ADANIGREEN,Adani Green Energy Limited,Energy
1685,0.06177992618849053,13,0.46153846153846156,PDMJEPAPER,Pudumjee Paper Products Limited,Industrials & Infrastructure
269,0.06158309948092413,10,0.8,AZAD,Azad Engineering Limited,Industrials & Infrastructure
600,0.06157050023124162,5,0.6,DIFFNKG,Diffusion Engineers Limited,Industrials & Infrastructure
1021,0.06149901407686863,23,0.6086956521739131,INDIACEM,The India Cements Limited,Real Estate & Construction
449,0.061464271581704706,13,0.6153846153846154,CENTUM,Centum Electronics Limited,Technology
822,0.06126245348751582,23,0.6956521739130435,GMRAIRPORT,GMR AIRPORTS LIMITED,Industrials & Infrastructure
1401,0.06105129804560323,15,0.6666666666666666,MAXHEALTH,Max Healthcare Institute Limited,Healthcare & Pharmaceuticals
652,0.06093634980879464,23,0.5652173913043478,EIDPARRY,EID Parry India Limited,Consumer & FMCG
1040,0.06085111561315159,11,0.6363636363636364,INDOTECH,Indo Tech Transformers Limited,Industrials & Infrastructure
609,0.06060440720956936,21,0.5714285714285714,DIXON,Dixon Technologies (India) Limited,Technology
1404,0.06016973304246901,9,0.5555555555555556,MAZDA,Mazda Limited,Industrials & Infrastructure
649,0.05998625818015628,23,0.6086956521739131,EDELWEISS,Edelweiss Financial Services Limited,Financial Services
347,0.05975605467957674,23,0.6521739130434783,BHARTIARTL,Bharti Airtel Limited,Services & Others
438,0.05948961576855429,21,0.47619047619047616,CDSL,Central Depository Services (India) Limited,Financial Services
1121,0.05910780836453033,23,0.5652173913043478,JINDALSTEL,JINDAL STEEL LIMITED,"Metals, Mining & Chemicals"
1763,0.058817260880821925,12,0.75,PRIMESECU,Prime Securities Limited,Services & Others
2249,0.05881095757619454,23,0.6521739130434783,TATAINVEST,Tata Investment Corporation Limited,Financial Services
207,0.05869491302755489,15,0.5333333333333333,ASALCBR,Associated Alcohols & Breweries Ltd.,Consumer & FMCG
1931,0.05862060887370995,15,0.6,SAKSOFT,Saksoft Limited,Technology
2340,0.05860760481810193,17,0.6470588235294118,TRITURBINE,Triveni Turbine Limited,Industrials & Infrastructure
820,0.058599164397867706,23,0.34782608695652173,GMDCLTD,Gujarat Mineral Development Corporation Limited,"Metals, Mining & Chemicals"
1107,0.05851514043466365,16,0.5625,JASH,Jash Engineering Limited,Industrials & Infrastructure
2093,0.058494210294382204,17,0.47058823529411764,SKIPPER,Skipper Limited,Industrials & Infrastructure
1133,0.058480291014782956,23,0.4782608695652174,JKTYRE,JK Tyre & Industries Limited,Automobile & Mobility
303,0.058044388700137145,23,0.5652173913043478,BANKINDIA,Bank of India,Financial Services
1290,0.05786764954675115,21,0.6190476190476191,LAURUSLABS,Laurus Labs Limited,Healthcare & Pharmaceuticals
819,0.057848000062818324,23,0.43478260869565216,GMBREW,GM Breweries Limited,Consumer & FMCG
1579,0.05728627995187995,23,0.5652173913043478,NMDC,NMDC Limited,"Metals, Mining & Chemicals"
254,0.057188740225435575,23,0.5652173913043478,AVANTIFEED,Avanti Feeds Limited,Consumer & FMCG
701,0.057007273824627,23,0.5217391304347826,ESCORTS,Escorts Kubota Limited,Automobile & Mobility
1213,0.05679822511729543,23,0.6086956521739131,KIRIINDUS,Kiri Industries Limited,"Metals, Mining & Chemicals"
557,0.056692132594740215,23,0.7391304347826086,DCBBANK,DCB Bank Limited,Financial Services
1549,0.0566554121990966,17,0.5294117647058824,NEWGEN,Newgen Software Technologies Limited,Technology
2161,0.056638688186774123,14,0.5714285714285714,STYLAMIND,Stylam Industries Limited,Real Estate & Construction
489,0.05651908957640376,21,0.6190476190476191,COCHINSHIP,Cochin Shipyard Limited,Industrials & Infrastructure
1370,0.05617381597046078,23,0.43478260869565216,MANAPPURAM,Manappuram Finance Limited,Financial Services
1548,0.05601394063875427,22,0.6363636363636364,NEULANDLAB,Neuland Laboratories Limited,Healthcare & Pharmaceuticals
1903,0.055975565618588775,9,0.3333333333333333,RUBYMILLS,The Ruby Mills Limited,Industrials & Infrastructure
1961,0.055727348689902624,19,0.5789473684210527,SASKEN,Sasken Technologies Limited,Technology
2318,0.05568836588898944,5,0.8,TOLINS,Tolins Tyres Limited,Automobile & Mobility
168,0.05549189395861847,23,0.6521739130434783,APLAPOLLO,APL Apollo Tubes Limited,"Metals, Mining & Chemicals"
1740,0.05531547892404172,15,0.6,POWERINDIA,Hitachi Energy India Limited,Industrials & Infrastructure
1957,0.05515303839927204,22,0.5909090909090909,SARDAEN,Sarda Energy & Minerals Limited,"Metals, Mining & Chemicals"
2504,0.05510109721119092,10,0.6,WEL,Wonder Electricals Limited,Consumer & FMCG
894,0.05487039387896686,20,0.75,HAL,Hindustan Aeronautics Limited,Services & Others
582,0.054551998308042304,8,0.625,DEVIT,Dev Information Technology Limited,Technology
403,0.054493517081687495,7,0.7142857142857143,BROOKS,Brooks Laboratories Limited,Healthcare & Pharmaceuticals
2344,0.0539590717895942,14,0.6428571428571429,TSFINV,TSF INVESTMENTS LIMITED,Financial Services
1116,0.05355242656727656,9,0.5555555555555556,JGCHEM,J.G.Chemicals Limited,"Metals, Mining & Chemicals"
1527,0.0534268148512029,23,0.6521739130434783,NBCC,NBCC (India) Limited,Industrials & Infrastructure
1200,0.053376244573823416,19,0.6842105263157895,KESORAMIND,Kesoram Industries Limited,Real Estate & Construction
377,0.05333376577826136,10,0.6,BLUEJET,Blue Jet Healthcare Limited,Healthcare & Pharmaceuticals
1863,0.05330988861437598,10,0.5,RISHABH,Rishabh Instruments Limited,Industrials & Infrastructure
547,0.05308205713612235,19,0.5263157894736842,DATAMATICS,Datamatics Global Services Limited,Technology
1387,0.052992713049874865,14,0.5714285714285714,MARATHON,Marathon Nextgen Realty Limited,Industrials & Infrastructure
327,0.052958701587176964,23,0.6086956521739131,BEML,BEML Limited,Industrials & Infrastructure
718,0.05295679591888592,9,0.6666666666666666,EXXARO,Exxaro Tiles Limited,Real Estate & Construction
422,0.052643857811986466,19,0.5789473684210527,CANTABIL,Cantabil Retail India Limited,Industrials & Infrastructure
1513,0.052451962140339335,20,0.6,NAM-INDIA,Nippon Life India Asset Management Limited,Financial Services
1266,0.05236581584121192,22,0.6818181818181818,KSL,Kalyani Steels Limited,"Metals, Mining & Chemicals"
1076,0.05235130373085948,17,0.5294117647058824,IRCON,Ircon International Limited,Industrials & Infrastructure
1833,0.052332544760454305,23,0.7391304347826086,RCF,Rashtriya Chemicals and Fertilizers Limited,"Metals, Mining & Chemicals"
1979,0.05220558565959017,23,0.5217391304347826,SCI,Shipping Corporation Of India Limited,Services & Others
2381,0.05194867345599902,23,0.7391304347826086,UNIONBANK,Union Bank of India,Financial Services
2355,0.05162595420323842,19,0.3157894736842105,TVSSRICHAK,TVS Srichakra Limited,Automobile & Mobility
1929,0.05155395484973863,11,0.5454545454545454,SAKAR,Sakar Healthcare Limited,Healthcare & Pharmaceuticals
2352,0.05118031912436159,16,0.5625,TVSHLTD,TVS Holdings Limited,Automobile & Mobility
163,0.05117596623358588,15,0.5333333333333333,ANURAS,Anupam Rasayan India Limited,"Metals, Mining & Chemicals"
1140,0.050611194838455484,10,0.7,JPOLYINVST,Jindal Poly Investment and Finance Company Limited,Financial Services
1131,0.050588582916974836,23,0.6086956521739131,JKLAKSHMI,JK Lakshmi Cement Limited,Real Estate & Construction
1551,0.05033220265354752,23,0.5217391304347826,NFL,National Fertilizers Limited,"Metals, Mining & Chemicals"
439,0.050290899025775354,23,0.6521739130434783,CEATLTD,CEAT Limited,Automobile & Mobility
1936,0.05000248328625457,17,0.5294117647058824,SALZERELEC,Salzer Electronics Limited,Industrials & Infrastructure
2293,0.0497811638927774,23,0.6521739130434783,THYROCARE,Thyrocare Technologies Limited,Technology
975,0.04965011283716781,23,0.4782608695652174,HSCL,Himadri Speciality Chemical Limited,"Metals, Mining & Chemicals"
1838,0.04912064296934096,16,0.4375,REFEX,Refex Industries Limited,Energy
958,0.04902488683718608,15,0.4666666666666667,HITECH,Hi-Tech Pipes Limited,"Metals, Mining & Chemicals"
1339,0.04877829103521898,23,0.6521739130434783,M&M,Mahindra & Mahindra Limited,Automobile & Mobility
858,0.04827372009245715,20,0.5,GRAVITA,Gravita India Limited,"Metals, Mining & Chemicals"
2260,0.04790629769972972,15,0.4666666666666667,TCPLPACK,TCPL Packaging Limited,Industrials & Infrastructure
2447,0.047812307802416604,20,0.5,VIMTALABS,Vimta Labs Limited,Healthcare & Pharmaceuticals
2546,0.047758542884995564,16,0.5625,ZENTEC,Zen Technologies Limited,Technology
2505,0.04724998930629461,23,0.6521739130434783,WELCORP,Welspun Corp Limited,"Metals, Mining & Chemicals"
612,0.04721968442088498,20,0.45,DLINKINDIA,D-Link (India) Limited,Technology
1667,0.04706936908977188,14,0.5,PARAS,Paras Defence and Space Technologies Limited,Technology
831,0.046949042053767244,23,0.4782608695652174,GODFRYPHLP,Godfrey Phillips India Limited,Consumer & FMCG
1657,0.046858077850108426,17,0.4117647058823529,PANACEABIO,Panacea Biotec Limited,Healthcare & Pharmaceuticals
838,0.046846772155625285,7,0.42857142857142855,GOKUL,Gokul Refoils and Solvent Limited,Energy
2488,0.04639331335054616,21,0.5238095238095238,VSTTILLERS,V.S.T Tillers Tractors Limited,Automobile & Mobility
1189,0.046302574761509015,11,0.6363636363636364,KAYNES,Kaynes Technology India Limited,Technology
1940,0.04611249319716584,10,0.5,SAMHI,Samhi Hotels Limited,Services & Others
1670,0.04547143721341753,9,0.4444444444444444,PARKHOTELS,Apeejay Surrendra Park Hotels Limited,Services & Others
1151,0.04500216572843491,19,0.5789473684210527,JTEKTINDIA,Jtekt India Limited,Automobile & Mobility
853,0.044767571841077276,23,0.6086956521739131,GRANULES,Granules India Limited,Healthcare & Pharmaceuticals
1329,0.044615797480641546,23,0.5217391304347826,LTF,L&T Finance Limited,Financial Services
556,0.0446156260953874,21,0.47619047619047616,DCAL,Dishman Carbogen Amcis Limited,Healthcare & Pharmaceuticals
55,0.04452048032318232,23,0.43478260869565216,ADANIENT,Adani Enterprises Limited,Services & Others
1128,0.04436903385104034,23,0.6086956521739131,JKCEMENT,JK Cement Limited,Real Estate & Construction
1714,0.04435804886054147,13,0.38461538461538464,PIXTRANS,Pix Transmissions Limited,Industrials & Infrastructure
1134,0.04420320498766823,10,0.6,JLHL,Jupiter Life Line Hospitals Limited,Healthcare & Pharmaceuticals
1801,0.044088800855152974,15,0.5333333333333333,RAILTEL,Railtel Corporation Of India Limited,Services & Others
798,0.04341539227927008,20,0.55,GICRE,General Insurance Corporation of India,Financial Services
531,0.04323766575216647,23,0.7391304347826086,CUB,City Union Bank Limited,Financial Services
758,0.04320142557943746,23,0.5217391304347826,FSL,Firstsource Solutions Limited,Technology
7,0.043142343793751654,16,0.5,360ONE,360 ONE WAM LIMITED,Financial Services
1688,0.0430081224935525,20,0.65,PENIND,Pennar Industries Limited,"Metals, Mining & Chemicals"
218,0.04298307084113069,23,0.5217391304347826,ASIANTILES,Asian Granito India Limited,Real Estate & Construction
2382,0.04290459465718735,11,0.5454545454545454,UNIPARTS,Uniparts India Limited,Industrials & Infrastructure
1779,0.04287781989142152,10,0.6,PTCIL,PTC Industries Limited,Automobile & Mobility
285,0.042483511169412694,23,0.5217391304347826,BAJFINANCE,Bajaj Finance Limited,Financial Services
2418,0.042432297471184606,21,0.6666666666666666,VBL,Varun Beverages Limited,Consumer & FMCG
1969,0.04223989483264597,10,0.8,SBFC,SBFC Finance Limited,Financial Services
614,0.041946569389547966,9,0.3333333333333333,DMCC,DMCC SPECIALITY CHEMICALS LIMITED,"Metals, Mining & Chemicals"
334,0.04191808371466982,21,0.5238095238095238,BFINVEST,BF Investment Limited,Financial Services
1489,0.04176831718256516,23,0.5652173913043478,MTNL,Mahanagar Telephone Nigam Limited,Services & Others
1098,0.04160811244056537,23,0.5652173913043478,J&KBANK,The Jammu & Kashmir Bank Limited,Financial Services
2106,0.041461391629038766,22,0.5,SOLARINDS,Solar Industries India Limited,Energy
1475,0.04122346778894041,23,0.4782608695652174,MOTILALOFS,Motilal Oswal Financial Services Limited,Financial Services
607,0.04113998144157454,10,0.5,DIVGIITTS,Divgi Torqtransfer Systems Limited,Industrials & Infrastructure
1438,0.04111794617882123,20,0.45,MIDHANI,Mishra Dhatu Nigam Limited,"Metals, Mining & Chemicals"
657,0.04108445127551022,11,0.2727272727272727,EIMCOELECO,Eimco Elecon (India) Limited,Industrials & Infrastructure
1118,0.04080805634440066,10,0.5,JINDALPHOT,Jindal Photo Limited,Financial Services
1860,0.04079744873715454,23,0.43478260869565216,RICOAUTO,Rico Auto Industries Limited,Automobile & Mobility
71,0.040700222997001226,23,0.6521739130434783,AEGISLOG,Aegis Logistics Limited,Services & Others
1684,0.04064493389146822,23,0.4782608695652174,PCJEWELLER,PC Jeweller Limited,Consumer & FMCG
663,0.04058508431260507,18,0.3333333333333333,ELECON,Elecon Engineering Company Limited,Industrials & Infrastructure
508,0.04003996722466229,23,0.6086956521739131,COROMANDEL,Coromandel International Limited,"Metals, Mining & Chemicals"
2237,0.0399527742155643,10,0.8,TARACHAND,Tara Chand InfraLogistic Solutions Limited,Services & Others
2077,0.03994699340344099,11,0.45454545454545453,SILVERTUC,Silver Touch Technologies Limited,Technology
1400,0.03991281797140854,10,0.8,MAXESTATES,Max Estates Limited,Industrials & Infrastructure
1362,0.03988310106651619,8,0.75,MALLCOM,Mallcom (India) Limited,Industrials & Infrastructure
1357,0.03971770672541758,23,0.5652173913043478,MAHSCOOTER,Maharashtra Scooters Limited,Financial Services
1209,0.03964801467543508,15,0.6,KIMS,Krishna Institute of Medical Sciences Limited,Healthcare & Pharmaceuticals
918,0.03958134878263029,23,0.7391304347826086,HCLTECH,HCL Technologies Limited,Technology
1211,0.039291931807779776,16,0.625,KIOCL,KIOCL Limited,"Metals, Mining & Chemicals"
1749,0.039153658439921565,23,0.43478260869565216,PRAKASH,Prakash Industries Limited,"Metals, Mining & Chemicals"
280,0.038915202117640144,23,0.30434782608695654,BAJAJHIND,Bajaj Hindusthan Sugar Limited,Consumer & FMCG
2471,0.03880393372186439,22,0.5454545454545454,VIYASH,Viyash Scientific Limited,Healthcare & Pharmaceuticals
2341,0.038679479795396265,23,0.6521739130434783,TRIVENI,Triveni Engineering & Industries Limited,Consumer & FMCG
416,0.038566658315851605,23,0.43478260869565216,CAMLINFINE,Camlin Fine Sciences Limited,"Metals, Mining & Chemicals"
453,0.03831330318093028,23,0.6086956521739131,CESC,CESC Limited,Energy
1730,0.0383106869039861,16,0.5,POKARNA,Pokarna Limited,Real Estate & Construction
226,0.03822607066846552,19,0.8421052631578947,ASTERDM,Aster DM Quality Care Limited,Healthcare & Pharmaceuticals
1731,0.03815593352100728,14,0.6428571428571429,POLICYBZR,PB Fintech Limited,Consumer & FMCG
837,0.038106672307416156,19,0.631578947368421,GOKEX,Gokaldas Exports Limited,Industrials & Infrastructure
1156,0.03809324321540858,23,0.5217391304347826,JUBLPHARMA,Jubilant Pharmova Limited,Healthcare & Pharmaceuticals
692,0.038079574962956754,10,0.3,EPACK,EPACK Durable Limited,Consumer & FMCG
1432,0.03787895730200997,23,0.7391304347826086,MFSL,Max Financial Services Limited,Financial Services
1299,0.03787633646923705,20,0.6,LEMONTREE,Lemon Tree Hotels Limited,Services & Others
651,0.03715044519390144,23,0.6956521739130435,EICHERMOT,Eicher Motors Limited,Automobile & Mobility
1020,0.03702998053360059,23,0.6956521739130435,INDHOTEL,The Indian Hotels Company Limited,Services & Others
1911,0.036883289591150996,17,0.47058823529411764,RVNL,Rail Vikas Nigam Limited,Industrials & Infrastructure
1079,0.03639237724117491,15,0.3333333333333333,IRFC,Indian Railway Finance Corporation Limited,Financial Services
1232,0.0363278599323237,23,0.5217391304347826,KOLTEPATIL,Kolte - Patil Developers Limited,Industrials & Infrastructure
1774,0.03609063272307856,12,0.4166666666666667,PRUDENT,Prudent Corporate Advisory Services Limited,Financial Services
2267,0.03599221153099418,15,0.4666666666666667,TECHNOE,Techno Electric & Engineering Company Limited,Industrials & Infrastructure
2178,0.035974312767479776,23,0.5217391304347826,SUNDARMFIN,Sundaram Finance Limited,Financial Services
646,0.03582256143031494,23,0.6521739130434783,ECLERX,eClerx Services Limited,Technology
699,0.035718412094986544,19,0.5789473684210527,ESABINDIA,Esab India Limited,Industrials & Infrastructure
1787,0.03542115629905751,9,0.3333333333333333,PYRAMID,Pyramid Technoplast Limited,Industrials & Infrastructure
333,0.035346211293482976,10,0.6,BETA,Beta Drugs Limited,Healthcare & Pharmaceuticals
2136,0.035319118120150636,15,0.4,SRHHYPOLTD,Sree Rayalaseema Hi-Strength Hypo Limited,"Metals, Mining & Chemicals"
1054,0.03490558210465609,10,0.5,INNOVACAP,Innova Captab Limited,Healthcare & Pharmaceuticals
2360,0.03483037407125315,23,0.4782608695652174,UCOBANK,UCO Bank,Financial Services
204,0.03479492481739426,19,0.6842105263157895,ASAHIINDIA,Asahi India Glass Limited,Real Estate & Construction
733,0.03475802999723748,19,0.5789473684210527,FIEMIND,Fiem Industries Limited,Automobile & Mobility
1246,0.03428591386888985,21,0.7142857142857143,KPRMILL,K.P.R. Mill Limited,Industrials & Infrastructure
426,0.03427252936555851,23,0.5217391304347826,CAPLIPOINT,Caplin Point Laboratories Limited,Healthcare & Pharmaceuticals
1817,0.03419411853105466,23,0.6521739130434783,RAMCOCEM,The Ramco Cements Limited,Real Estate & Construction
1861,0.034175897331562136,23,0.4782608695652174,RIIL,Reliance Industrial Infrastructure Limited,Industrials & Infrastructure
1753,0.033967740152687546,15,0.4,PRECAM,Precision Camshafts Limited,Automobile & Mobility
2257,0.03378234686610891,19,0.5263157894736842,TCI,Transport Corporation of India Limited,Services & Others
1699,0.03369856935781247,23,0.4782608695652174,PGHL,Procter & Gamble Health Limited,Healthcare & Pharmaceuticals
1701,0.03361640755996067,22,0.5454545454545454,PHOENIXLTD,The Phoenix Mills Limited,Industrials & Infrastructure
952,0.03346412950419131,23,0.6086956521739131,HINDPETRO,Hindustan Petroleum Corporation Limited,Energy
87,0.03338130337689818,22,0.45454545454545453,AGI,AGI Greenpac Limited,Industrials & Infrastructure
2436,0.033267778786874626,5,0.6,VHL,Vardhman Holdings Limited,Financial Services
2463,0.03324530050432729,15,0.5333333333333333,VISHNU,Vishnu Chemicals Limited,"Metals, Mining & Chemicals"
1602,0.03307758363377902,23,0.6086956521739131,OBEROIRLTY,Oberoi Realty Limited,Industrials & Infrastructure
847,0.03282015321040473,21,0.5238095238095238,GPIL,Godawari Power And Ispat limited,Energy
1846,0.032703637323527726,23,0.43478260869565216,RELINFRA,Reliance Infrastructure Limited,Energy
1000,0.0326749036826698,22,0.36363636363636365,IGARASHI,Igarashi Motors India Limited,Industrials & Infrastructure
1819,0.032625637721545656,20,0.5,RAMCOSYS,Ramco Systems Limited,Technology
1222,0.03257684023693528,15,0.4,KKCL,Kewal Kiran Clothing Limited,Industrials & Infrastructure
1852,0.03235700390200306,10,0.5,REPRO,Repro India Limited,Services & Others
1428,0.0322389579622481,14,0.5714285714285714,METROBRAND,Metro Brands Limited,Consumer & FMCG
2013,0.03211443525489284,21,0.3333333333333333,SHAKTIPUMP,Shakti Pumps (India) Limited,Industrials & Infrastructure
54,0.03208636369898154,23,0.4782608695652174,ADANIENSOL,Adani Energy Solutions Limited,Energy
2406,0.03204850208773842,19,0.5263157894736842,VAIBHAVGBL,Vaibhav Global Limited,Consumer & FMCG
2099,0.031974278897371165,22,0.5,SMLMAH,SML Mahindra Limited,Automobile & Mobility
2310,0.03192382301706575,23,0.5652173913043478,TITAN,Titan Company Limited,Consumer & FMCG
611,0.031637550919999716,23,0.6956521739130435,DLF,DLF Limited,Industrials & Infrastructure
2421,0.031606797925201255,23,0.5652173913043478,VEDL,Vedanta Limited,"Metals, Mining & Chemicals"
313,0.03148906856895878,23,0.4782608695652174,BBTC,The Bombay Burmah Trading Corporation Limited,Consumer & FMCG
1136,0.03148722356896866,23,0.391304347826087,JMFINANCIL,JM Financial Limited,Financial Services
753,0.031199821107524013,23,0.6521739130434783,FORTIS,Fortis Healthcare Limited,Healthcare & Pharmaceuticals
2047,0.03118090058503554,19,0.5263157894736842,SHREEPUSHK,Shree Pushkar Chemicals & Fertilisers Limited,"Metals, Mining & Chemicals"
946,0.03115364961206341,23,0.5652173913043478,HINDALCO,Hindalco Industries Limited,"Metals, Mining & Chemicals"
543,0.030616536632875436,23,0.391304347826087,DALMIASUG,Dalmia Bharat Sugar and Industries Limited,Consumer & FMCG
1476,0.030453891605943712,10,0.4,MOTISONS,Motisons Jewellers Limited,Consumer & FMCG
2196,0.030064270741422906,13,0.5384615384615384,SUPRIYA,Supriya Lifescience Limited,Healthcare & Pharmaceuticals
970,0.029992447406162335,18,0.3888888888888889,HONDAPOWER,Honda India Power Products Limited,Energy
98,0.029984198432881446,23,0.6086956521739131,AIAENG,AIA Engineering Limited,Industrials & Infrastructure
527,0.029968845631093685,15,0.6666666666666666,CSBBANK,CSB Bank Limited,Financial Services
620,0.02983077333143379,10,0.6,DOMS,DOMS Industries Limited,Industrials & Infrastructure
2485,0.02981889400348697,15,0.6666666666666666,VSSL,Vardhman Special Steels Limited,"Metals, Mining & Chemicals"
993,0.029808101847864876,10,0.5,IDEAFORGE,Ideaforge Technology Limited,Industrials & Infrastructure
1252,0.029607273806222863,10,0.8,KRISHNADEF,Krishna Defence And Allied Industries Limited,Industrials & Infrastructure
1070,0.029523189825395785,23,0.391304347826087,IOLCP,IOL Chemicals and Pharmaceuticals Limited,Healthcare & Pharmaceuticals
419,0.029432501863742452,23,0.6086956521739131,CANBK,Canara Bank,Financial Services
1837,0.02916320858662922,10,0.5,REDTAPE,Redtape Limited,Consumer & FMCG
790,0.02889413713937017,17,0.5294117647058824,GENUSPOWER,Genus Power Infrastructures Limited,Energy
723,0.028816836162372482,20,0.45,FCL,Fineotex Chemical Limited,"Metals, Mining & Chemicals"
685,0.028738894338091705,21,0.5238095238095238,ENDURANCE,Endurance Technologies Limited,Technology
447,0.02861811590965409,23,0.43478260869565216,CENTRALBK,Central Bank of India,Financial Services
332,0.02853848195754551,14,0.5714285714285714,BESTAGRO,Best Agrolife Limited,"Metals, Mining & Chemicals"
522,0.028499235338629768,23,0.4782608695652174,CRISIL,Crisil Limited,Services & Others
2404,0.028333340910382553,22,0.5454545454545454,VADILALIND,Vadilal Industries Limited,Consumer & FMCG
510,0.028226909026150538,20,0.5,COSMOFIRST,COSMO FIRST LIMITED,Industrials & Infrastructure
859,0.028167797588719446,23,0.34782608695652173,GREAVESCOT,Greaves Cotton Limited,Industrials & Infrastructure
33,0.027978286573706913,21,0.42857142857142855,ABCAPITAL,Aditya Birla Capital Limited,Financial Services
32,0.02795895870594133,23,0.4782608695652174,ABBOTINDIA,Abbott India Limited,Healthcare & Pharmaceuticals
1331,0.02780884949029501,21,0.6666666666666666,LTM,LTM Limited,Technology
1062,0.02769754816775531,23,0.4782608695652174,INTELLECT,Intellect Design Arena Limited,Technology
1686,0.02750022557038972,15,0.5333333333333333,PDSL,PDS Limited,Industrials & Infrastructure
197,0.0272495598525925,13,0.6153846153846154,ARTEMISMED,Artemis Medicare Services Limited,Healthcare & Pharmaceuticals
1631,0.027192775132387388,14,0.5,ORICONENT,Oricon Enterprises Limited,Industrials & Infrastructure
2053,0.02703638685438995,11,0.7272727272727273,SHRIPISTON,SPR Auto Technologies Limited,Technology
1970,0.0269595455826207,7,0.5714285714285714,SBGLP,Suratwwala Business Group Limited,Industrials & Infrastructure
432,0.026908653797408626,15,0.5333333333333333,CARYSIL,CARYSIL LIMITED,Consumer & FMCG
575,0.02678189024247605,11,0.36363636363636365,DELHIVERY,Delhivery Limited,Services & Others
2314,0.026740328310471448,17,0.4117647058823529,TNPETRO,Tamilnadu PetroProducts Limited,Energy
1303,0.026726476944636302,20,0.55,LGBBROSLTD,LG Balakrishnan & Bros Limited,Automobile & Mobility
1060,0.026692617298146114,23,0.5652173913043478,INSECTICID,Insecticides (India) Limited,"Metals, Mining & Chemicals"
1864,0.02655998346220379,10,0.5,RITCO,Ritco Logistics Limited,Services & Others
1525,0.026264223775604258,19,0.47368421052631576,NAVNETEDUL,Navneet Education Limited,Services & Others
1732,0.026217668653140718,17,0.6470588235294118,POLYCAB,Polycab India Limited,Real Estate & Construction
211,0.026159557100870118,6,0.5,ASHIMASYN,Ashima Limited,Industrials & Infrastructure
954,0.026037206992805432,15,0.4666666666666667,HINDWAREAP,Hindware Home Innovation Limited,Consumer & FMCG
1761,0.026009161432829445,23,0.43478260869565216,PRESTIGE,Prestige Estates Projects Limited,Industrials & Infrastructure
1444,0.02600616866848251,11,0.45454545454545453,MINDTECK,Mindteck (India) Limited,Technology
860,0.025894729189099356,15,0.6,GREENLAM,Greenlam Industries Limited,Real Estate & Construction
2390,0.025859370764351755,23,0.6086956521739131,UNOMINDA,UNO Minda Limited,Automobile & Mobility
401,0.025702685916652236,23,0.5217391304347826,BRITANNIA,Britannia Industries Limited,Consumer & FMCG
372,0.02561034409254027,10,0.6,BLSE,BLS E-Services Limited,Services & Others
281,0.025509765034663602,23,0.6086956521739131,BAJAJHLDNG,Bajaj Holdings & Investment Limited,Financial Services
2134,0.025450758969745878,23,0.43478260869565216,SRF,SRF Limited,"Metals, Mining & Chemicals"
1948,0.02531079820757064,18,0.5555555555555556,SANGHVIMOV,Sanghvi Movers Limited,Industrials & Infrastructure
823,0.02523335114254863,12,0.5833333333333334,GMRP&UI,GMR Power and Urban Infra Limited,Energy
2448,0.025161765355459376,23,0.5652173913043478,VINATIORGA,Vinati Organics Limited,"Metals, Mining & Chemicals"
1192,0.024877719339953006,15,0.4666666666666667,KDDL,KDDL Limited,Consumer & FMCG
1335,0.024655722564005052,23,0.4782608695652174,LUPIN,Lupin Limited,Healthcare & Pharmaceuticals
2522,0.024391659562770496,23,0.43478260869565216,WOCKPHARMA,Wockhardt Limited,Healthcare & Pharmaceuticals
100,0.023992005668918955,5,0.6,AIRAN,Airan Limited,Technology
1720,0.02392163663240306,23,0.5652173913043478,PNB,Punjab National Bank,Financial Services
707,0.023837589587437515,5,0.6,EUREKAFORB,Eureka Forbes Limited,Consumer & FMCG
1043,0.023818290975214967,6,0.6666666666666666,INDOWIND,Indowind Energy Limited,Energy
1155,0.023716206841303558,15,0.6,JUBLINGREA,Jubilant Ingrevia Limited,"Metals, Mining & Chemicals"
356,0.02349954214166283,23,0.5217391304347826,BIOCON,Biocon Limited,Healthcare & Pharmaceuticals
2311,0.023110374046773293,11,0.7272727272727273,TMB,Tamilnad Mercantile Bank Limited,Financial Services
220,0.02305605341401559,10,0.6,ASKAUTOLTD,ASK Automotive Limited,Automobile & Mobility
2337,0.02296210772596347,19,0.47368421052631576,TRIDENT,Trident Limited,Industrials & Infrastructure
24,0.02276675122984271,11,0.36363636363636365,AARTIPHARM,Aarti Pharmalabs Limited,Healthcare & Pharmaceuticals
22,0.02271584961504158,22,0.4090909090909091,AARTIDRUGS,Aarti Drugs Limited,Healthcare & Pharmaceuticals
828,0.022355780447798217,13,0.3076923076923077,GOCLCORP,GOCL Corporation Limited,"Metals, Mining & Chemicals"
2253,0.022268843951462402,15,0.4666666666666667,TATVA,Tatva Chintan Pharma Chem Limited,Healthcare & Pharmaceuticals
434,0.02217073885380499,23,0.5652173913043478,CCAVENUE,AvenuesAI Limited,Technology
616,0.02210922259988023,14,0.5714285714285714,DODLA,Dodla Dairy Limited,Consumer & FMCG
1945,0.02184871814676218,15,0.5333333333333333,SANDHAR,Sandhar Technologies Limited,Technology
1612,0.02182731364240909,23,0.391304347826087,OMAXE,Omaxe Limited,Industrials & Infrastructure
743,0.0218251002333497,11,0.6363636363636364,FIVESTAR,Five-Star Business Finance Limited,Financial Services
2279,0.021787940685252714,22,0.36363636363636365,TFCILTD,Tourism Finance Corporation of India Limited,Financial Services
1573,0.021764011651005943,18,0.5555555555555556,NITINSPIN,Nitin Spinners Limited,Industrials & Infrastructure
1820,0.021353173830373873,19,0.5789473684210527,RAMKY,Ramky Infrastructure Limited,Industrials & Infrastructure
1154,0.021349272513514875,23,0.5652173913043478,JUBLFOOD,Jubilant Foodworks Limited,Consumer & FMCG
1835,0.021275197749543808,23,0.5217391304347826,RECLTD,REC Limited,Services & Others
750,0.021175196866811248,11,0.5454545454545454,FOCUS,Focus Lighting and Fixtures Limited,Industrials & Infrastructure
792,0.02112203595934233,23,0.5217391304347826,GESHIP,The Great Eastern Shipping Company Limited,Services & Others
1068,0.02109223029973144,23,0.391304347826087,IOB,Indian Overseas Bank,Financial Services
46,0.02096581704675481,23,0.6086956521739131,ACE,Action Construction Equipment Limited,Industrials & Infrastructure
920,0.020959761147411136,19,0.47368421052631576,HDFCAMC,HDFC Asset Management Company Limited,Financial Services
1350,0.02095971501053763,18,0.6111111111111112,MAHABANK,Bank of Maharashtra,Financial Services
57,0.02088074100247867,23,0.6086956521739131,ADANIPORTS,Adani Ports and Special Economic Zone Limited,Services & Others
1218,0.0208446933134948,10,0.5,KIRLPNU,Kirloskar Pneumatic Company Limited,Industrials & Infrastructure
2182,0.020818859515157155,22,0.45454545454545453,SUNFLAG,Sunflag Iron And Steel Company Limited,"Metals, Mining & Chemicals"
774,0.020704854669414678,23,0.4782608695652174,GARFIBRES,Garware Technical Fibres Limited,Industrials & Infrastructure
966,0.02034362212534965,15,0.4,HNDFDS,Hindustan Foods Limited,Consumer & FMCG
394,0.020327914430144478,23,0.43478260869565216,BPCL,Bharat Petroleum Corporation Limited,Energy
665,0.020283356692166604,12,0.5,ELECTHERM,Electrotherm (India) Limited,"Metals, Mining & Chemicals"
1058,0.020241426037191874,10,0.6,INOXINDIA,INOX India Limited,Industrials & Infrastructure
1262,0.02011051678009948,23,0.5217391304347826,KSCL,Kaveri Seed Company Limited,Services & Others
2044,0.02001709469063458,17,0.47058823529411764,SHREDIGCEM,Shree Digvijay Cement Co.Ltd,Real Estate & Construction
977,0.019993712544924637,15,0.4666666666666667,HUBTOWN,Hubtown Limited,Industrials & Infrastructure
905,0.019934402882889918,21,0.42857142857142855,HATHWAY,Hathway Cable & Datacom Limited,Services & Others
809,0.019807517180254187,23,0.4782608695652174,GLENMARK,Glenmark Pharmaceuticals Limited,Healthcare & Pharmaceuticals
1831,0.01953023276421036,21,0.6190476190476191,RBLBANK,RBL Bank Limited,Financial Services
2079,0.019401271244841884,17,0.47058823529411764,SIMPLEXINF,Simplex Infrastructures Limited,Industrials & Infrastructure
2154,0.01939147825343851,16,0.4375,STERTOOLS,Sterling Tools Limited,Automobile & Mobility
1288,0.019210263212750704,14,0.5714285714285714,LATENTVIEW,Latent View Analytics Limited,Technology
2055,0.019193755755634707,14,0.5714285714285714,SHRIRAMPPS,Shriram Properties Limited,Industrials & Infrastructure
62,0.01899634564613957,16,0.5625,ADOR,Ador Welding Limited,Industrials & Infrastructure
1977,0.018994887007454248,16,0.5,SCHAND,S Chand And Company Limited,Services & Others
997,0.018931504479923682,23,0.5217391304347826,IFBIND,IFB Industries Limited,Consumer & FMCG
991,0.018588616358579235,23,0.6086956521739131,IDBI,IDBI Bank Limited,Financial Services
467,0.01855716229842954,23,0.43478260869565216,CHENNPETRO,Chennai Petroleum Corporation Limited,Technology
335,0.018488053723229887,23,0.34782608695652173,BFUTILITIE,BF Utilities Limited,Energy
476,0.018481767774598156,23,0.5652173913043478,CIPLA,Cipla Limited,Healthcare & Pharmaceuticals
420,0.01843019187062,23,0.6521739130434783,CANFINHOME,Can Fin Homes Limited,Financial Services
687,0.018415758491474636,23,0.5217391304347826,ENGINERSIN,Engineers India Limited,Industrials & Infrastructure
1328,0.018386809562050972,23,0.6086956521739131,LT,Larsen & Toubro Limited,Industrials & Infrastructure
1393,0.018279060889620252,23,0.4782608695652174,MARUTI,Maruti Suzuki India Limited,Automobile & Mobility
589,0.0182666900504056,22,0.36363636363636365,DHANUKA,Dhanuka Agritech Limited,"Metals, Mining & Chemicals"
1562,0.018215124721162584,10,0.5,NILAINFRA,Nila Infrastructures Limited,Industrials & Infrastructure
1193,0.017968223846570628,23,0.43478260869565216,KEC,KEC International Limited,Industrials & Infrastructure
1892,0.01787692346410652,10,0.4,RRKABEL,R R Kabel Limited,Real Estate & Construction
386,0.017859681026393955,23,0.5217391304347826,BOMDYEING,Bombay Dyeing & Mfg Company Limited,Industrials & Infrastructure
2509,0.017754172003079886,23,0.5652173913043478,WELSPUNLIV,Welspun Living Limited,Industrials & Infrastructure
1486,0.01768700144654456,12,0.4166666666666667,MSUMI,Motherson Sumi Wiring India Limited,"Metals, Mining & Chemicals"
2098,0.017619388746049174,13,0.38461538461538464,SMCGLOBAL,SMC Global Securities Limited,Services & Others
1471,0.017372430469073066,18,0.3888888888888889,MONTECARLO,Monte Carlo Fashions Limited,Industrials & Infrastructure
2353,0.01729636154542332,23,0.5217391304347826,TVSMOTOR,TVS Motor Company Limited,Automobile & Mobility
2184,0.01728254245386256,23,0.5217391304347826,SUNPHARMA,Sun Pharmaceutical Industries Limited,Healthcare & Pharmaceuticals
1847,0.01724644891120177,5,0.6,RELTD,Ravindra Energy Limited,Energy
1359,0.017088739023531058,23,0.5217391304347826,MAITHANALL,Maithan Alloys Limited,"Metals, Mining & Chemicals"
734,0.017047215742204327,22,0.45454545454545453,FILATEX,Filatex India Limited,Industrials & Infrastructure
1129,0.017013220833244216,23,0.43478260869565216,JKIL,J.Kumar Infraprojects Limited,Industrials & Infrastructure
1479,0.01688562511650993,23,0.5217391304347826,MPHASIS,MphasiS Limited,Technology
1259,0.016737209473653918,15,0.4666666666666667,KRSNAA,Krsnaa Diagnostics Limited,Healthcare & Pharmaceuticals
1759,0.016550095443784014,5,0.8,PREMIERENE,Premier Energies Limited,Energy
113,0.016479751222658528,5,0.6,AKUMS,Akums Drugs and Pharmaceuticals Limited,Healthcare & Pharmaceuticals
1881,0.016450506700133823,14,0.5,ROTO,Roto Pumps Limited,Industrials & Infrastructure
1792,0.016294696061783333,23,0.5217391304347826,QUICKHEAL,Quick Heal Technologies Limited,Technology
321,0.016183741309819123,15,0.4,BECTORFOOD,Mrs. Bectors Food Specialities Limited,Consumer & FMCG
2359,0.016171783144016814,8,0.5,UCAL,UCAL LIMITED,Automobile & Mobility
1973,0.01607733711981634,20,0.65,SBILIFE,SBI Life Insurance Company Limited,Financial Services
1126,0.01586940425909411,23,0.391304347826087,JISLJALEQS,Jain Irrigation Systems Limited,Industrials & Infrastructure
2054,0.01570864671304237,23,0.4782608695652174,SHRIRAMFIN,Shriram Finance Limited,Financial Services
2455,0.015691765635250397,23,0.30434782608695654,VIPIND,VIP Industries Limited,Consumer & FMCG
369,0.015412135217289364,23,0.5217391304347826,BLISSGVS,Bliss GVS Pharma Limited,Healthcare & Pharmaceuticals
2247,0.015339179716547554,23,0.5217391304347826,TATACONSUM,TATA CONSUMER PRODUCTS LIMITED,Consumer & FMCG
2431,0.015006422914590938,15,0.5333333333333333,VESUVIUS,Vesuvius India Limited,Industrials & Infrastructure
1543,0.01499841923303743,23,0.6086956521739131,NESCO,Nesco Limited,Industrials & Infrastructure
921,0.014962942248697647,23,0.6521739130434783,HDFCBANK,HDFC Bank Limited,Financial Services
1052,0.014714563113988308,23,0.5652173913043478,INFY,Infosys Limited,Technology
1319,0.014553006847893835,15,0.8,LODHA,Lodha Developers Limited,Industrials & Infrastructure
1203,0.014456786342359418,17,0.47058823529411764,KHADIM,Khadim India Limited,Consumer & FMCG
284,0.014275752739455642,10,0.5,BAJEL,Bajel Projects Limited,Industrials & Infrastructure
1164,0.014119938864816474,16,0.5,KABRAEXTRU,Kabra Extrusion Technik Limited,Industrials & Infrastructure
1996,0.014063616388636652,12,0.3333333333333333,SERVOTECH,Servotech Renewable Power System Limited,Energy
695,0.014004801510905841,23,0.5652173913043478,EPL,EPL Limited,Industrials & Infrastructure
978,0.013790413405764035,21,0.5714285714285714,HUDCO,Housing & Urban Development Corporation Limited,Financial Services
2175,0.013775810230044068,11,0.45454545454545453,SUMMITSEC,Summit Securities Limited,Financial Services
1463,0.013768528127033696,23,0.5652173913043478,MOIL,MOIL Limited,Energy
2335,0.01364202980091822,23,0.4782608695652174,TRENT,Trent Limited,Consumer & FMCG
727,0.013567285580458844,23,0.5217391304347826,FEDERALBNK,The Federal Bank  Limited,Financial Services
2218,0.013504576078302705,16,0.4375,SWARAJENG,Swaraj Engines Limited,Industrials & Infrastructure
1815,0.013364043689733601,19,0.47368421052631576,RAMASTEEL,Rama Steel Tubes Limited,"Metals, Mining & Chemicals"
1005,0.013323174746198922,23,0.5217391304347826,IIFL,IIFL Finance Limited,Financial Services
1159,0.013318095775958534,15,0.4666666666666667,JWL,Jupiter Wagons Limited,Industrials & Infrastructure
955,0.01317056645821445,23,0.5217391304347826,HINDZINC,Hindustan Zinc Limited,"Metals, Mining & Chemicals"
706,0.013075453560203959,11,0.36363636363636365,ETHOSLTD,Ethos Limited,Consumer & FMCG
990,0.012975552077586824,19,0.42105263157894735,ICRA,ICRA Limited,Services & Others
1821,0.012959292808997248,11,0.45454545454545453,RAMRAT,Ram Ratna Wires Limited,"Metals, Mining & Chemicals"
554,0.012891538859202528,19,0.3684210526315789,DBREALTY,Valor Estate Limited,Industrials & Infrastructure
1311,0.012702154559777828,10,0.4,LINC,Linc Limited,Industrials & Infrastructure
2050,0.012525473685067842,5,0.4,SHREYANIND,Shreyans Industries Limited,Industrials & Infrastructure
562,0.012491968213490074,23,0.5652173913043478,DCMSHRIRAM,DCM Shriram Limited,"Metals, Mining & Chemicals"
2023,0.012251447093695878,15,0.6,SHAREINDIA,Share India Securities Limited,Services & Others
1453,0.012188518738657995,23,0.4782608695652174,MMTC,MMTC Limited,Services & Others
2306,0.01189755770898645,15,0.4,TIPSMUSIC,Tips Music Limited,Services & Others
1161,0.011669659410646896,10,0.5,JYOTICNC,Jyoti CNC Automation Limited,Industrials & Infrastructure
2319,0.011554098916786097,23,0.5217391304347826,TORNTPHARM,Torrent Pharmaceuticals Limited,Healthcare & Pharmaceuticals
1150,0.011518745627684247,23,0.6086956521739131,JSWSTEEL,JSW Steel Limited,"Metals, Mining & Chemicals"
1544,0.011356697636959756,23,0.43478260869565216,NESTLEIND,Nestle India Limited,Consumer & FMCG
2300,0.011224149698036992,8,0.25,TIL,TIL Limited,Industrials & Infrastructure
1853,0.011183750229940548,20,0.4,RESPONIND,Responsive Industries Limited,Industrials & Infrastructure
1722,0.011118514329388176,21,0.42857142857142855,PNBHOUSING,PNB Housing Finance Limited,Financial Services
480,0.010928743223795839,11,0.45454545454545453,CLEDUCATE,CL Educate Limited,Services & Others
2303,0.010892576881631547,23,0.5652173913043478,TIMKEN,Timken India Limited,Automobile & Mobility
1637,0.010891524052636983,16,0.5,ORIENTHOT,Oriental Hotels Limited,Services & Others
987,0.010817114832592017,21,0.42857142857142855,ICICIGI,ICICI Lombard General Insurance Company Limited,Financial Services
965,0.010773537037237662,8,0.5,HMVL,Hindustan Media Ventures Limited,Services & Others
1003,0.010688010828541069,23,0.6521739130434783,IGL,Indraprastha Gas Limited,Energy
2261,0.01054048137504718,23,0.5217391304347826,TCS,Tata Consultancy Services Limited,Technology
728,0.010341771809368308,10,0.5,FEDFINA,Fedbank Financial Services Limited,Financial Services
1828,0.010123631757294221,5,0.8,RAYMONDLSL,Raymond Lifestyle Limited,Industrials & Infrastructure
1849,0.010112891630766944,22,0.36363636363636365,RENUKA,Shree Renuka Sugars Limited,Consumer & FMCG
2383,0.009823476273551129,23,0.43478260869565216,UNITDSPR,United Spirits Limited,Consumer & FMCG
1243,0.009813812091842565,23,0.5652173913043478,KPIL,Kalpataru Projects International Limited,Industrials & Infrastructure
794,0.009576288054738258,23,0.4782608695652174,GHCL,GHCL Limited,"Metals, Mining & Chemicals"
1506,0.009446238584141824,13,0.46153846153846156,NACLIND,NACL Industries Limited,"Metals, Mining & Chemicals"
1537,0.00937305058668067,5,0.4,NECCLTD,North Eastern Carrying Corporation Limited,Services & Others
1358,0.009319927284500311,23,0.5217391304347826,MAHSEAMLES,Maharashtra Seamless Limited,"Metals, Mining & Chemicals"
2145,0.009306389274976607,17,0.5294117647058824,STARCEMENT,Star Cement Limited,Real Estate & Construction
1416,0.009257321777254131,14,0.5,MEDICAMEQ,Medicamen Biotech Limited,Healthcare & Pharmaceuticals
836,0.00920800635627284,23,0.391304347826087,GODREJPROP,Godrej Properties Limited,Industrials & Infrastructure
591,0.009021798657569125,11,0.2727272727272727,DHARMAJ,Dharmaj Crop Guard Limited,"Metals, Mining & Chemicals"
1320,0.008894551177696174,13,0.38461538461538464,LOKESHMACH,Lokesh Machines Limited,Industrials & Infrastructure
1952,0.008893472318270635,15,0.4666666666666667,SANSERA,Sansera Engineering Limited,Automobile & Mobility
1997,0.00883943165027696,14,0.35714285714285715,SESHAPAPER,Seshasayee Paper and Boards Limited,Industrials & Infrastructure
457,0.008724629143887042,21,0.6666666666666666,CGPOWER,CG Power and Industrial Solutions Limited,Energy
1520,0.00871399712933907,23,0.4782608695652174,NAUKRI,Info Edge (India) Limited,Technology
1523,0.008591649275910204,21,0.38095238095238093,NAVKARCORP,Navkar Corporation Limited,Services & Others
1087,0.00854329671824457,23,0.5217391304347826,ITC,ITC Limited,Consumer & FMCG
2301,0.008384734479446973,23,0.5217391304347826,TIMETECHNO,Time Technoplast Limited,Industrials & Infrastructure
1897,0.008369787193346466,15,0.4666666666666667,RSYSTEMS,R Systems International Limited,Technology
1436,0.008236761518390305,23,0.4782608695652174,MHRIL,Mahindra Holidays & Resorts India Limited,Services & Others
1481,0.00788066533275089,23,0.6521739130434783,MRF,MRF Limited,Automobile & Mobility
1959,0.007856780027531705,14,0.42857142857142855,SARLAPOLY,Sarla Performance Fibers Limited,Industrials & Infrastructure
1059,0.007763529477965049,21,0.38095238095238093,INOXWIND,Inox Wind Limited,Industrials & Infrastructure
202,0.007702431427574492,16,0.5,ARVSMART,Arvind SmartSpaces Limited,Industrials & Infrastructure
277,0.00764080317178672,23,0.4782608695652174,BAJAJFINSV,Bajaj Finserv Limited,Financial Services
1744,0.007557342934363735,11,0.45454545454545453,PPLPHARMA,Piramal Pharma Limited,Healthcare & Pharmaceuticals
1472,0.007528861362410735,23,0.30434782608695654,MOREPENLAB,Morepen Laboratories Limited,Healthcare & Pharmaceuticals
1733,0.0074827243652001866,17,0.47058823529411764,POLYMED,Poly Medicure Limited,Healthcare & Pharmaceuticals
2016,0.007280058025277303,19,0.3684210526315789,SHANKARA,Shankara Building Products Limited,"Metals, Mining & Chemicals"
1071,0.006976446977571499,13,0.3076923076923077,IONEXCHANG,ION Exchange (India) Limited,Industrials & Infrastructure
1234,0.006821708115674144,23,0.43478260869565216,KOTAKBANK,Kotak Mahindra Bank Limited,Financial Services
158,0.006735865532176947,20,0.5,ANTELOPUS,Antelopus Selan Energy Limited,Energy
2375,0.006548028217269388,21,0.47619047619047616,UNICHEMLAB,Unichem Laboratories Limited,Healthcare & Pharmaceuticals
1028,0.006496018075815355,23,0.34782608695652173,INDIGO,InterGlobe Aviation Limited,Services & Others
744,0.0062509601044670226,10,0.4,FLAIR,Flair Writing Industries Limited,Industrials & Infrastructure
2392,0.006209593802116068,23,0.43478260869565216,UPL,UPL Limited,"Metals, Mining & Chemicals"
1376,0.00611526559408723,20,0.35,MANINDS,Man Industries (India) Limited,"Metals, Mining & Chemicals"
2181,0.006084822387928864,13,0.46153846153846156,SUNDROP,Sundrop Brands Limited,Consumer & FMCG
287,0.00585174628355368,13,0.3076923076923077,BALAJITELE,Balaji Telefilms Limited,Services & Others
85,0.005717176930132971,17,0.35294117647058826,AGARIND,Agarwal Industrial Corporation Limited,Energy
1346,0.005583381819091937,16,0.375,MADRASFERT,Madras Fertilizers Limited,"Metals, Mining & Chemicals"
542,0.005353658541217975,18,0.4444444444444444,DALBHARAT,Dalmia Bharat Limited,Real Estate & Construction
1540,0.005300345404158073,23,0.43478260869565216,NELCO,NELCO Limited,Technology
1812,0.005288825530770018,23,0.34782608695652173,RALLIS,Rallis India Limited,"Metals, Mining & Chemicals"
212,0.005242818264794251,23,0.4782608695652174,ASHOKA,Ashoka Buildcon Limited,Industrials & Infrastructure
2518,0.0051151461116918494,14,0.5,WINDLAS,Windlas Biotech Limited,Healthcare & Pharmaceuticals
1530,0.005106662945142559,20,0.55,NCLIND,NCL Industries Limited,Real Estate & Construction
516,0.004925825919869866,15,0.4666666666666667,CRAFTSMAN,Craftsman Automation Limited,Automobile & Mobility
845,0.0048779218540767255,9,0.5555555555555556,GOPAL,Gopal Snacks Limited,Consumer & FMCG
1589,0.004817422442018903,11,0.36363636363636365,NRL,Nupur Recyclers Limited,Industrials & Infrastructure
766,0.004778187675565979,10,0.6,GANDHAR,Gandhar Oil Refinery (India) Limited,Energy
1069,0.00465881249986571,23,0.5217391304347826,IOC,Indian Oil Corporation Limited,Energy
2115,0.004625897743205457,23,0.4782608695652174,SONATSOFTW,Sonata Software Limited,Technology
668,0.0046199556309899715,11,0.5454545454545454,ELIN,Elin Electronics Limited,Consumer & FMCG
835,0.004569446197567732,23,0.4782608695652174,GODREJIND,Godrej Industries Limited,"Metals, Mining & Chemicals"
1692,0.004496374788573617,23,0.4782608695652174,PETRONET,Petronet LNG Limited,Energy
346,0.00446242023776825,13,0.38461538461538464,BHARATWIRE,Bharat Wire Ropes Limited,"Metals, Mining & Chemicals"
1926,0.004431114633371618,23,0.4782608695652174,SAIL,Steel Authority of India Limited,"Metals, Mining & Chemicals"
1419,0.0043955258979001795,19,0.42105263157894735,MEDPLUS,Medplus Health Services Limited,Healthcare & Pharmaceuticals
1606,0.0042469898022119736,23,0.5217391304347826,OFSS,Oracle Financial Services Software Limited,Technology
2370,0.003991651264905193,23,0.4782608695652174,ULTRACEMCO,UltraTech Cement Limited,Real Estate & Construction
2367,0.003944098547844305,17,0.35294117647058826,UGARSUGAR,The Ugar Sugar Works Limited,Consumer & FMCG
2248,0.0038404592862722187,23,0.43478260869565216,TATAELXSI,Tata Elxsi Limited,Technology
1089,0.003793405475431692,18,0.5555555555555556,ITDC,India Tourism Development Corporation Limited,Services & Others
533,0.0035689146411751545,23,0.43478260869565216,CUMMINSIND,Cummins India Limited,Industrials & Infrastructure
1707,0.003283359002269078,15,0.4666666666666667,PILANIINVS,Pilani Investment and Industries Corporation Limited,Financial Services
1388,0.003233628833442182,23,0.4782608695652174,MARICO,Marico Limited,Consumer & FMCG
2545,0.0031834448255837165,23,0.4782608695652174,ZENSARTECH,Zensar Technologies Limited,Technology
1818,0.0031460585195827334,21,0.5238095238095238,RAMCOIND,Ramco Industries Limited,Real Estate & Construction
1664,0.002981786221300501,12,0.3333333333333333,PARACABLES,Paramount Communications Limited,Real Estate & Construction
2045,0.00280699548234289,23,0.4782608695652174,SHREECEM,SHREE CEMENT LIMITED,Real Estate & Construction
1283,0.002740357719919696,11,0.6363636363636364,LANDMARK,Landmark Cars Limited,Automobile & Mobility
241,0.002733468360477995,21,0.5238095238095238,AUBANK,AU Small Finance Bank Limited,Financial Services
2194,0.0026886312767648328,23,0.5217391304347826,SUPREMEIND,Supreme Industries Limited,Industrials & Infrastructure
507,0.0025210080614202187,10,0.5,CORDSCABLE,Cords Cable Industries Limited,Real Estate & Construction
802,0.002496187712258592,19,0.47368421052631576,GIPCL,Gujarat Industries Power Company Limited,Energy
747,0.0024333068097961226,15,0.5333333333333333,FLUOROCHEM,Gujarat Fluorochemicals Limited,"Metals, Mining & Chemicals"
2407,0.002362258900486936,12,0.25,VAISHALI,Vaishali Pharma Limited,Healthcare & Pharmaceuticals
1315,0.0023088093006647862,15,0.4,LLOYDSENGG,LLOYDS ENGINEERING WORKS LIMITED,Industrials & Infrastructure
1073,0.0022215063570556488,15,0.26666666666666666,IPL,India Pesticides Limited,"Metals, Mining & Chemicals"
1318,0.001944870697414476,23,0.5217391304347826,LMW,LMW Limited,Industrials & Infrastructure
2188,0.0019310809284721136,23,0.5652173913043478,SUNTV,Sun TV Network Limited,Services & Others
629,0.0018089915132087492,23,0.5652173913043478,DRREDDY,Dr. Reddy's Laboratories Limited,Healthcare & Pharmaceuticals
2521,0.0017948510530451365,23,0.5217391304347826,WIPRO,Wipro Limited,Technology
1053,0.0015595060032259575,21,0.5238095238095238,INGERRAND,Ingersoll Rand (India) Limited,Industrials & Infrastructure
215,0.0015231801929468287,12,0.4166666666666667,ASIANENE,Asian Energy Services Limited,Energy
123,0.0014106002659471503,17,0.35294117647058826,ALKYLAMINE,Alkyl Amines Chemicals Limited,"Metals, Mining & Chemicals"
621,0.0012495049759020161,10,0.5,DONEAR,Donear Industries Limited,Industrials & Infrastructure
1261,0.0010479660528707252,18,0.4444444444444444,KSB,Ksb Limited,Industrials & Infrastructure
2270,0.0007580620242919671,14,0.5714285714285714,TEGA,Tega Industries Limited,Industrials & Infrastructure
2309,0.0005812503151016886,23,0.5652173913043478,TITAGARH,TITAGARH RAIL SYSTEMS LIMITED,Industrials & Infrastructure
1978,0.0004892794113568757,22,0.5909090909090909,SCHNEIDER,Schneider Electric Infrastructure Limited,Industrials & Infrastructure
2278,0.00045298272022546775,23,0.4782608695652174,TEXRAIL,Texmaco Rail & Engineering Limited,Industrials & Infrastructure
465,0.0003597976805564334,9,0.5555555555555556,CHEMFAB,Chemfab Alkalis Limited,"Metals, Mining & Chemicals"
622,0.0003389043860102678,10,0.3,DPABHUSHAN,D. P. Abhushan Limited,Consumer & FMCG
1683,0.00021787096560909675,23,0.43478260869565216,PCBL,PCBL Chemical Limited,"Metals, Mining & Chemicals"
1033,0.00010679747905922392,12,0.4166666666666667,INDOBORAX,Indo Borax & Chemicals Limited,"Metals, Mining & Chemicals"
378,3.4908330549690435e-05,23,0.6086956521739131,BLUESTARCO,Blue Star Limited,Consumer & FMCG
1652,-3.136593892398263e-05,23,0.391304347826087,PAGEIND,Page Industries Limited,Industrials & Infrastructure
167,-0.0001559047514614146,21,0.5714285714285714,APEX,Apex Frozen Foods Limited,Consumer & FMCG
2298,-0.00029023563760219724,20,0.35,TIINDIA,Tube Investments of India Limited,Automobile & Mobility
504,-0.0002941687815880747,16,0.4375,CONTROLPR,Control Print Limited,Technology
148,-0.00030831582600101176,21,0.42857142857142855,ANDHRAPAP,ANDHRA PAPER LIMITED,Industrials & Infrastructure
1418,-0.000609058005642459,6,0.5,MEDICO,Medico Remedies Limited,Healthcare & Pharmaceuticals
459,-0.0007726165364625136,16,0.625,CHALET,Chalet Hotels Limited,Services & Others
1269,-0.0008462578230455834,23,0.34782608695652173,KTKBANK,The Karnataka Bank Limited,Financial Services
1953,-0.0009262771111865104,5,0.6,SANSTAR,Sanstar Limited,Consumer & FMCG
1578,-0.0009579659404738223,23,0.4782608695652174,NLCINDIA,NLC India Limited,Energy
141,-0.0011139633836832739,23,0.43478260869565216,AMBUJACEM,Ambuja Cements Limited,Real Estate & Construction
648,-0.0011189849472407864,5,0.4,ECOSMOBLTY,Ecos (India) Mobility & Hospitality Limited,Healthcare & Pharmaceuticals
173,-0.0011275224668539315,23,0.391304347826087,APOLLOTYRE,Apollo Tyres Limited,Automobile & Mobility
922,-0.0011529600926005815,20,0.3,HDFCLIFE,HDFC Life Insurance Company Limited,Financial Services
2251,-0.0011837122244557088,23,0.43478260869565216,TATASTEEL,Tata Steel Limited,"Metals, Mining & Chemicals"
1905,-0.0011882140899325787,16,0.375,RUCHIRA,Ruchira Papers Limited,Industrials & Infrastructure
886,-0.0014936309449303058,21,0.5714285714285714,GULFOILLUB,Gulf Oil Lubricants India Limited,Energy
568,-0.0015359520360236614,15,0.3333333333333333,DECCANCE,Deccan Cements Limited,Real Estate & Construction
2435,-0.0015893564738260878,23,0.391304347826087,VGUARD,V-Guard Industries Limited,Industrials & Infrastructure
166,-0.0017674176200712197,17,0.47058823529411764,APCOTEXIND,Apcotex Industries Limited,Industrials & Infrastructure
677,-0.0018439851991257537,11,0.45454545454545453,EMIL,Electronics Mart India Limited,Consumer & FMCG
302,-0.0018443255160143501,23,0.5652173913043478,BANKBARODA,Bank of Baroda,Financial Services
587,-0.0018947553170132047,23,0.34782608695652173,DHAMPURSUG,Dhampur Sugar Mills Limited,Consumer & FMCG
1072,-0.0019034854337755295,23,0.4782608695652174,IPCALAB,IPCA Laboratories Limited,Healthcare & Pharmaceuticals
242,-0.002006729024942056,16,0.4375,AURIONPRO,Aurionpro Solutions Limited,Technology
2425,-0.0021064064061573663,23,0.391304347826087,VENKEYS,Venky's (India) Limited,Consumer & FMCG
608,-0.002115643298784507,23,0.5652173913043478,DIVISLAB,Divi's Laboratories Limited,Healthcare & Pharmaceuticals
737,-0.002132390302733952,19,0.42105263157894735,FINEORG,Fine Organic Industries Limited,"Metals, Mining & Chemicals"
227,-0.002161264384153102,23,0.4782608695652174,ASTRAL,Astral Limited,Industrials & Infrastructure
1708,-0.0023904959793600994,5,0.4,PILITA,PIL ITALICA LIFESTYLE LIMITED,Industrials & Infrastructure
705,-0.002630992097085408,15,0.6,ETERNAL,ETERNAL LIMITED,Consumer & FMCG
2265,-0.0026595916590400072,23,0.5217391304347826,TECHM,Tech Mahindra Limited,Technology
2124,-0.0027822193191100832,9,0.3333333333333333,SPECTRUM,Spectrum Electrical Industries Limited,Industrials & Infrastructure
1968,-0.0029738468323772674,15,0.4666666666666667,SBCL,Shivalik Bimetal Controls Limited,"Metals, Mining & Chemicals"
855,-0.0030027240871104504,23,0.5217391304347826,GRASIM,Grasim Industries Limited,"Metals, Mining & Chemicals"
2165,-0.0030285650090299634,21,0.42857142857142855,SUBROS,Subros Limited,Automobile & Mobility
1591,-0.0031539853764085135,10,0.3,NSLNISP,NMDC Steel Limited,"Metals, Mining & Chemicals"
2208,-0.003174043479207259,23,0.43478260869565216,SUVEN,Suven Life Sciences Limited,Healthcare & Pharmaceuticals
2276,-0.0032938320083136592,11,0.5454545454545454,TEXINFRA,Texmaco Infrastructure & Holdings Limited,Industrials & Infrastructure
698,-0.003360522304199751,20,0.45,ERIS,Eris Lifesciences Limited,Healthcare & Pharmaceuticals
636,-0.0034314466374254556,22,0.4090909090909091,DWARKESH,Dwarikesh Sugar Industries Limited,Consumer & FMCG
2163,-0.003496960243480505,16,0.3125,STYRENIX,Styrenix Performance Materials Limited,"Metals, Mining & Chemicals"
149,-0.0035135845316477295,23,0.391304347826087,ANDHRSUGAR,The Andhra Sugars Limited,"Metals, Mining & Chemicals"
291,-0.003640810428429797,23,0.5652173913043478,BALKRISIND,Balkrishna Industries Limited,Automobile & Mobility
1065,-0.003799277376304313,14,0.5,INTLCONV,International Conveyors Limited,Industrials & Infrastructure
2157,-0.003842940527599008,23,0.391304347826087,STLTECH,Sterlite Technologies Limited,Technology
331,-0.0038685706256286526,23,0.30434782608695654,BERGEPAINT,Berger Paints (I) Limited,"Metals, Mining & Chemicals"
994,-0.0039083835152654905,23,0.43478260869565216,IDFCFIRSTB,IDFC First Bank Limited,Financial Services
1706,-0.004016506904796904,23,0.43478260869565216,PIIND,PI Industries Limited,"Metals, Mining & Chemicals"
1689,-0.004064701376266135,13,0.3076923076923077,PENINLAND,Peninsula Land Limited,Industrials & Infrastructure
1797,-0.004116868584242105,11,0.2727272727272727,RADHIKAJWE,Radhika Jeweltech Limited,Consumer & FMCG
233,-0.004240344249375636,19,0.47368421052631576,ATGL,Adani Total Gas Limited,Energy
848,-0.004268618934211321,23,0.43478260869565216,GPPL,Gujarat Pipavav Port Limited,Services & Others
240,-0.004384593970202572,20,0.15,ATULAUTO,Atul Auto Limited,Automobile & Mobility
1974,-0.004517484184688549,23,0.5652173913043478,SBIN,State Bank of India,Financial Services
961,-0.0047072235340712325,15,0.26666666666666666,HLEGLAS,HLE Glascoat Limited,Industrials & Infrastructure
244,-0.004817184216667356,23,0.5652173913043478,AURUM,Aurum PropTech Limited,Technology
2536,-0.004909008837132812,23,0.43478260869565216,YESBANK,Yes Bank Limited,Financial Services
294,-0.005068014905723567,23,0.5217391304347826,BALRAMCHIN,Balrampur Chini Mills Limited,Consumer & FMCG
953,-0.0052155734578158384,23,0.391304347826087,HINDUNILVR,Hindustan Unilever Limited,Consumer & FMCG
1485,-0.005293212338543486,17,0.47058823529411764,MSTCLTD,Mstc Limited,Services & Others
2494,-0.005816164061056496,23,0.391304347826087,WABAG,VA Tech Wabag Limited,Industrials & Infrastructure
460,-0.00597465420321874,23,0.4782608695652174,CHAMBLFERT,Chambal Fertilizers & Chemicals Limited,"Metals, Mining & Chemicals"
986,-0.006548231599792872,23,0.4782608695652174,ICICIBANK,ICICI Bank Limited,Financial Services
2297,-0.006615991226529599,18,0.4444444444444444,TIIL,Technocraft Industries (India) Limited,"Metals, Mining & Chemicals"
2035,-0.006640826114149879,13,0.23076923076923078,SHIVALIK,Shivalik Rasayan Limited,"Metals, Mining & Chemicals"
310,-0.006659822873430776,23,0.4782608695652174,BAYERCROP,Bayer Cropscience Limited,"Metals, Mining & Chemicals"
1167,-0.0066858352824130714,10,0.4,KALAMANDIR,Sai Silks (Kalamandir) Limited,Technology
2119,-0.006749965429319048,16,0.5,SPAL,S. P. Apparels Limited,Industrials & Infrastructure
81,-0.006988556769585721,17,0.47058823529411764,AFFLE,Affle 3i Limited,Technology
1694,-0.0070402577672041425,23,0.4782608695652174,PFIZER,Pfizer Limited,Healthcare & Pharmaceuticals
2205,-0.007069217668761338,23,0.34782608695652173,SURYAROSNI,Surya Roshni Limited,"Metals, Mining & Chemicals"
472,-0.0072824098450056255,23,0.4782608695652174,CIEINDIA,CIE Automotive India Limited,Automobile & Mobility
1555,-0.007305477374281439,23,0.4782608695652174,NHPC,NHPC Limited,Energy
1403,-0.0073423052981069796,19,0.47368421052631576,MAYURUNIQ,Mayur Uniquoters Ltd,Industrials & Infrastructure
1565,-0.00743517906437306,20,0.45,NILKAMAL,Nilkamal Limited,Industrials & Infrastructure
1469,-0.007576650572020022,12,0.4166666666666667,MONARCH,Monarch Networth Capital Limited,Services & Others
988,-0.007637079327270876,21,0.47619047619047616,ICICIPRULI,ICICI Prudential Life Insurance Company Limited,Financial Services
2187,-0.007725291103184545,23,0.5217391304347826,SUNTECK,Sunteck Realty Limited,Industrials & Infrastructure
1312,-0.007770511868183702,22,0.45454545454545453,LINCOLN,Lincoln Pharmaceuticals Limited,Healthcare & Pharmaceuticals
713,-0.007801374750850092,21,0.38095238095238093,EXCELINDUS,Excel Industries Limited,"Metals, Mining & Chemicals"
1499,-0.007832698239071142,18,0.3888888888888889,MUTHOOTCAP,Muthoot Capital Services Limited,Financial Services
2461,-0.0081420312362834,22,0.22727272727272727,VISAKAIND,Visaka Industries Limited,Real Estate & Construction
1803,-0.008152887762297216,12,0.4166666666666667,RAINBOW,Rainbow Childrens Medicare Limited,Healthcare & Pharmaceuticals
1132,-0.008248053336081635,23,0.391304347826087,JKPAPER,JK Paper Limited,Industrials & Infrastructure
1075,-0.008269848732646743,23,0.43478260869565216,IRB,IRB Infrastructure Developers Limited,Industrials & Infrastructure
342,-0.008499724166278633,23,0.391304347826087,BHARATFORG,Bharat Forge Limited,Automobile & Mobility
1340,-0.00863694000448909,23,0.43478260869565216,M&MFIN,Mahindra & Mahindra Financial Services Limited,Financial Services
834,-0.008639943599478107,23,0.43478260869565216,GODREJCP,Godrej Consumer Products Limited,Consumer & FMCG
1038,-0.00864247444884069,12,0.4166666666666667,INDORAMA,Indo Rama Synthetics (India) Limited,Industrials & Infrastructure
42,-0.008801187675302016,14,0.42857142857142855,ABSLAMC,Aditya Birla Sun Life AMC Limited,Financial Services
1526,-0.008897173061516044,15,0.4,NAZARA,Nazara Technologies Limited,Technology
2453,-0.008941641990242628,13,0.3076923076923077,VINYLINDIA,Vinyl Chemicals (India) Limited,"Metals, Mining & Chemicals"
2103,-0.009030882468633365,23,0.4782608695652174,SOBHA,Sobha Limited,Industrials & Infrastructure
1554,-0.009039071947229296,20,0.5,NH,Narayana Hrudayalaya Ltd.,Healthcare & Pharmaceuticals
1260,-0.009095938901999407,9,0.3333333333333333,KRYSTAL,Krystal Integrated Services Limited,Services & Others
2064,-0.009114592380450252,23,0.4782608695652174,SIEMENS,Siemens Limited,Industrials & Infrastructure
2450,-0.009125716704677397,21,0.38095238095238093,VINDHYATEL,Vindhya Telelinks Limited,Services & Others
1031,-0.009164797626081338,16,0.4375,INDNIPPON,India Nippon Electricals Limited,Automobile & Mobility
200,-0.009171117749839168,23,0.5217391304347826,ARVIND,Arvind Limited,Industrials & Infrastructure
550,-0.009284332605548075,23,0.391304347826087,DBCORP,D.B.Corp Limited,Services & Others
520,-0.009360101127459356,19,0.5263157894736842,CREDITACC,CREDITACCESS GRAMEEN LIMITED,Financial Services
10,-0.009541501145385633,23,0.43478260869565216,3MINDIA,3M India Limited,Industrials & Infrastructure
2401,-0.009577067019171784,20,0.35,UTTAMSUGAR,Uttam Sugar Mills Limited,Consumer & FMCG
1560,-0.00971792018288681,23,0.4782608695652174,NIITLTD,NIIT Limited,Services & Others
209,-0.009780214053261689,16,0.3125,ASHIANA,Ashiana Housing Limited,Industrials & Infrastructure
450,-0.009930953954743842,23,0.43478260869565216,CENTURYPLY,Century Plyboards (India) Limited,Industrials & Infrastructure
275,-0.010418554021644938,23,0.30434782608695654,BAJAJCON,Bajaj Consumer Care Limited,Consumer & FMCG
1595,-0.010456936809568898,19,0.3684210526315789,NUCLEUS,Nucleus Software Exports Limited,Technology
800,-0.010539466057948308,23,0.4782608695652174,GILLETTE,Gillette India Limited,Consumer & FMCG
2158,-0.010654629743292794,15,0.4666666666666667,STOVEKRAFT,Stove Kraft Limited,Consumer & FMCG
1693,-0.010832978348056207,23,0.4782608695652174,PFC,Power Finance Corporation Limited,Energy
340,-0.010871298289201511,5,0.4,BHANDARI,Bhandari Hosiery Exports Limited,Industrials & Infrastructure
2065,-0.010884217006658703,14,0.2857142857142857,SIGACHI,Sigachi Industries Limited,"Metals, Mining & Chemicals"
214,-0.010918025389715492,23,0.391304347826087,ASHOKLEY,Ashok Leyland Limited,Automobile & Mobility
984,-0.010924285635935291,12,0.5,ICEMAKE,Ice Make Refrigeration Limited,Technology
470,-0.011037692883558246,23,0.4782608695652174,CHOLAFIN,Cholamandalam Investment and Finance Company Limited,Financial Services
762,-0.01103797220827377,23,0.5217391304347826,GAIL,GAIL (India) Limited,Energy
2408,-0.011050054830668727,23,0.43478260869565216,VAKRANGEE,Vakrangee Limited,Technology
1049,-0.011063882019582916,23,0.43478260869565216,INDUSTOWER,Indus Towers Limited,Services & Others
423,-0.011094653816728679,21,0.42857142857142855,CAPACITE,Capacit'e Infraprojects Limited,Industrials & Infrastructure
1399,-0.011217589501514646,20,0.35,MAWANASUG,Mawana Sugars Limited,Consumer & FMCG
243,-0.011218624607476295,23,0.34782608695652173,AUROPHARMA,Aurobindo Pharma Limited,Healthcare & Pharmaceuticals
1889,-0.01140618921266806,9,0.5555555555555556,RPTECH,Rashi Peripherals Limited,Technology
21,-0.011636756897872502,5,0.4,AARTECH,Aartech Solonics Limited,Industrials & Infrastructure
883,-0.01166829644059728,23,0.43478260869565216,GUJENERGY,GUJARAT ENERGY LIMITED,Energy
263,-0.011700138277608093,23,0.43478260869565216,AXISBANK,Axis Bank Limited,Financial Services
1704,-0.011752343755075308,23,0.43478260869565216,PIDILITIND,Pidilite Industries Limited,"Metals, Mining & Chemicals"
932,-0.011875846559745672,23,0.34782608695652173,HEROMOTOCO,Hero MotoCorp Limited,Automobile & Mobility
1377,-0.011973149635866922,18,0.4444444444444444,MANINFRA,Man Infraconstruction Limited,Industrials & Infrastructure
967,-0.012398821409295265,15,0.4,HOMEFIRST,Home First Finance Company India Limited,Financial Services
398,-0.012471019983875823,20,0.45,BRIGADE,Brigade Enterprises Limited,Industrials & Infrastructure
1598,-0.01259384889367044,15,0.4666666666666667,NUVOCO,Nuvoco Vistas Corporation Limited,Real Estate & Construction
1941,-0.012803761207316904,23,0.34782608695652173,SAMMAANCAP,Sammaan Capital Limited,Financial Services
1898,-0.012842998564702094,15,0.3333333333333333,RTNINDIA,RattanIndia Enterprises Limited,Services & Others
440,-0.012903956161018254,5,0.4,CEIGALL,Ceigall India Limited,Industrials & Infrastructure
1050,-0.01292028536208483,14,0.35714285714285715,INFOBEAN,InfoBeans Technologies Limited,Technology
1492,-0.012969147250976604,15,0.4,MUKANDLTD,Mukand Limited,"Metals, Mining & Chemicals"
1933,-0.013067126355941545,17,0.5294117647058824,SALASAR,Salasar Techno Engineering Limited,Industrials & Infrastructure
1826,-0.013204359846870259,10,0.3,RATNAVEER,Ratnaveer Precision Engineering Limited,"Metals, Mining & Chemicals"
1379,-0.013273277176021841,10,0.3,MANKIND,Mankind Pharma Limited,Healthcare & Pharmaceuticals
1659,-0.013430236628616553,16,0.5,PANAMAPET,Panama Petrochem Limited,Energy
2255,-0.013529826182774266,20,0.25,TBZ,Tribhovandas Bhimji Zaveri Limited,Consumer & FMCG
1027,-0.013554533450671553,10,0.4,INDIASHLTR,India Shelter Finance Corporation Limited,Financial Services
2438,-0.013669667435292318,15,0.26666666666666666,VIDHIING,Vidhi Specialty Food Ingredients Limited,"Metals, Mining & Chemicals"
1394,-0.013766311907973732,19,0.42105263157894735,MASFIN,MAS Financial Services Limited,Financial Services
754,-0.013829615426559295,10,0.4,FOSECOIND,Foseco India Limited,"Metals, Mining & Chemicals"
907,-0.013918610950942226,23,0.5217391304347826,HAVELLS,Havells India Limited,Industrials & Infrastructure
1226,-0.014001195822160601,10,0.3,KMSUGAR,K.M.Sugar Mills Limited,Consumer & FMCG
880,-0.014102821068379914,17,0.4117647058823529,GUFICBIO,Gufic Biosciences Limited,Healthcare & Pharmaceuticals
1146,-0.01418203947968266,22,0.5909090909090909,JSWDULUX,JSW Dulux Limited,"Metals, Mining & Chemicals"
1976,-0.014253851064470257,23,0.391304347826087,SCHAEFFLER,Schaeffler India Limited,Automobile & Mobility
1474,-0.014450939687396316,23,0.5217391304347826,MOTHERSON,Samvardhana Motherson International Limited,Automobile & Mobility
925,-0.014479947128280107,10,0.4,HEALTHX,Health X Platform Limited,Financial Services
962,-0.014508040779727569,13,0.3076923076923077,HLVLTD,HLV LIMITED,Services & Others
824,-0.01462259557607847,21,0.3333333333333333,GNA,GNA Axles Limited,Automobile & Mobility
1827,-0.014666110275580133,21,0.42857142857142855,RAYMOND,Raymond Limited,Industrials & Infrastructure
2127,-0.01488139652952131,17,0.35294117647058826,SPIC,Southern Petrochemicals Industries Corporation  Limited,"Metals, Mining & Chemicals"
2040,-0.014926102397533444,21,0.3333333333333333,SHK,S H Kelkar and Company Limited,"Metals, Mining & Chemicals"
666,-0.014928459595329874,16,0.4375,ELGIEQUIP,Elgi Equipments Limited,Industrials & Infrastructure
825,-0.015007174274332496,23,0.43478260869565216,GNFC,Gujarat Narmada Valley Fertilizers and Chemicals Limited,"Metals, Mining & Chemicals"
451,-0.015088006230159804,23,0.5217391304347826,CERA,Cera Sanitaryware Limited,Real Estate & Construction
1899,-0.015180608634373441,19,0.2631578947368421,RTNPOWER,RattanIndia Power Limited,Energy
854,-0.015354343056525119,21,0.42857142857142855,GRAPHITE,Graphite India Limited,Industrials & Infrastructure
748,-0.0153699193338874,18,0.2777777777777778,FMGOETZE,Federal-Mogul Goetze (India) Limited.,Automobile & Mobility
565,-0.015405061763158288,18,0.2777777777777778,DCW,DCW Limited,"Metals, Mining & Chemicals"
389,-0.015446573578615126,15,0.4666666666666667,BOROLTD,Borosil Limited,Consumer & FMCG
2387,-0.015831097364126235,6,0.3333333333333333,UNIVASTU,Univastu India Limited,Industrials & Infrastructure
1556,-0.016079112343298403,20,0.3,NIACL,The New India Assurance Company Limited,Financial Services
1713,-0.016361873449146615,16,0.5625,PITTIENG,Pitti Engineering Limited,Industrials & Infrastructure
2320,-0.01642746619142691,23,0.4782608695652174,TORNTPOWER,Torrent Power Limited,Energy
1355,-0.01642919179656241,21,0.42857142857142855,MAHLIFE,Mahindra Lifespace Developers Limited,Industrials & Infrastructure
872,-0.01673649260090375,23,0.30434782608695654,GSFC,Gujarat State Fertilizers & Chemicals Limited,"Metals, Mining & Chemicals"
927,-0.01686684626200054,21,0.47619047619047616,HEG,HEG Limited,Industrials & Infrastructure
656,-0.0168790059237694,22,0.5454545454545454,EIHOTEL,EIH Limited,Services & Others
655,-0.01710293974066247,15,0.4666666666666667,EIHAHOTELS,EIH Associated Hotels Limited,Services & Others
288,-0.017194022357543894,23,0.391304347826087,BALAMINES,Balaji Amines Limited,"Metals, Mining & Chemicals"
2245,-0.017284482468654046,23,0.5217391304347826,TATACHEM,Tata Chemicals Limited,"Metals, Mining & Chemicals"
1503,-0.017320562801214627,10,0.3,MVGJL,Manoj Vaibhav Gems N Jewellers Limited,Consumer & FMCG
1675,-0.01736061563028975,15,0.4666666666666667,PATANJALI,Patanjali Foods Limited,Consumer & FMCG
1599,-0.01762684268955903,14,0.5,NYKAA,FSN E-Commerce Ventures Limited,Consumer & FMCG
2069,-0.017770351552792402,10,0.3,SIGNATURE,Signatureglobal (India) Limited,Industrials & Infrastructure
1865,-0.017865959008469663,19,0.42105263157894735,RITES,RITES Limited,Industrials & Infrastructure
552,-0.017995552573092825,21,0.2857142857142857,DBL,Dilip Buildcon Limited,Industrials & Infrastructure
2428,-0.01828848739087497,18,0.3333333333333333,VENUSREM,Venus Remedies Limited,Healthcare & Pharmaceuticals
500,-0.01832480889872188,23,0.30434782608695654,CONCOR,Container Corporation of India Limited,Services & Others
1230,-0.018451375534181785,6,0.6666666666666666,KOHINOOR,Kohinoor Foods Limited,Consumer & FMCG
832,-0.018647653906847913,6,0.5,GODIGIT,Go Digit General Insurance Limited,Financial Services
393,-0.01866298264940227,23,0.43478260869565216,BOSCHLTD,Bosch Limited,Automobile & Mobility
188,-0.018789395233915256,14,0.42857142857142855,ARIHANTCAP,Arihant Capital Markets Limited,Services & Others
1858,-0.018807147877666814,20,0.35,RHIM,RHI MAGNESITA INDIA LIMITED,Industrials & Infrastructure
1414,-0.018966315737642552,11,0.36363636363636365,MEDANTA,Global Health Limited,Healthcare & Pharmaceuticals
1802,-0.019048135973897696,23,0.391304347826087,RAIN,Rain Industries Limited,Energy
1445,-0.01918073858459428,21,0.38095238095238093,MIRZAINT,Mirza International Limited,Consumer & FMCG
1921,-0.01920099834594688,17,0.4117647058823529,SAGCEM,Sagar Cements Limited,Real Estate & Construction
2454,-0.019288392835993047,14,0.35714285714285715,VIPCLOTHNG,VIP Clothing Limited,Industrials & Infrastructure
239,-0.01939245145428393,23,0.34782608695652173,ATUL,Atul Limited,"Metals, Mining & Chemicals"
2116,-0.01958841891252979,16,0.1875,SOTL,Savita Oil Technologies Limited,Technology
2496,-0.01965127951260356,22,0.45454545454545453,WALCHANNAG,Walchandnagar Industries Limited,Industrials & Infrastructure
1886,-0.019686726377757677,16,0.375,RPPINFRA,R.P.P. Infra Projects Limited,Industrials & Infrastructure
1607,-0.01994760851811067,23,0.391304347826087,OIL,Oil India Limited,Energy
1955,-0.01999439658903804,14,0.35714285714285715,SAPPHIRE,Sapphire Foods India Limited,Consumer & FMCG
352,-0.020052130422183304,11,0.2727272727272727,BIKAJI,Bikaji Foods International Limited,Consumer & FMCG
486,-0.020077174290266293,13,0.46153846153846156,CNL,Creative Newtech Limited,Technology
1152,-0.02007876735573769,14,0.35714285714285715,JTLIND,JTL INDUSTRIES LIMITED,"Metals, Mining & Chemicals"
2384,-0.0203694803046475,14,0.35714285714285715,UNITECH,Unitech Limited,Industrials & Infrastructure
2501,-0.020449665420055656,7,0.42857142857142855,WEALTH,Wealth First Portfolio Managers Limited,Financial Services
761,-0.020744083231704943,22,0.4090909090909091,GAEL,Gujarat Ambuja Exports Limited,Industrials & Infrastructure
122,-0.020954094426681277,23,0.4782608695652174,ALKEM,Alkem Laboratories Limited,Healthcare & Pharmaceuticals
1539,-0.02098007107191342,14,0.42857142857142855,NELCAST,Nelcast Limited,Automobile & Mobility
1482,-0.021230871555263355,23,0.30434782608695654,MRPL,Mangalore Refinery and Petrochemicals Limited,Energy
1236,-0.021252196842177922,13,0.15384615384615385,KOTHARIPET,Kothari Petrochemicals Limited,Energy
2515,-0.021285453400081502,15,0.5333333333333333,WHEELS,Wheels India Limited,Automobile & Mobility
116,-0.02135747970348162,22,0.4090909090909091,ALEMBICLTD,Alembic Limited,Healthcare & Pharmaceuticals
1124,-0.021689883408513296,10,0.2,JIOFIN,Jio Financial Services Limited,Financial Services
1491,-0.021704222754187,10,0.3,MUFTI,Credo Brands Marketing Limited,Consumer & FMCG
1369,-0.021821613338307302,19,0.3684210526315789,MANALIPETC,Manali Petrochemicals Limited,"Metals, Mining & Chemicals"
2141,-0.021858755250951628,19,0.42105263157894735,SSWL,Steel Strips Wheels Limited,Automobile & Mobility
1971,-0.022075009639494093,15,0.3333333333333333,SBICARD,SBI Cards and Payment Services Limited,Financial Services
1529,-0.022296178798339325,23,0.30434782608695654,NCC,NCC Limited,Industrials & Infrastructure
1850,-0.02234791224367936,23,0.43478260869565216,REPCOHOME,Repco Home Finance Limited,Financial Services
456,-0.02243880709242078,20,0.25,CGCL,Capri Global Capital Limited,Financial Services
1081,-0.022530061763421583,11,0.45454545454545453,IRISDOREME,Iris Clothings Limited,Industrials & Infrastructure
2315,-0.022530683824504513,23,0.34782608695652173,TNPL,Tamil Nadu Newsprint & Papers Limited,Industrials & Infrastructure
75,-0.022759178848025696,11,0.36363636363636365,AEROENTER,Aeroflex Enterprises Limited,Industrials & Infrastructure
632,-0.023080233364662275,14,0.2857142857142857,DSSL,Dynacons Systems & Solutions Limited,Technology
613,-0.023121482973110896,21,0.2857142857142857,DMART,Avenue Supermarts Limited,Consumer & FMCG
573,-0.023356025299177244,23,0.2608695652173913,DEEPAKNTR,Deepak Nitrite Limited,"Metals, Mining & Chemicals"
1823,-0.02338658030979456,16,0.375,RANEHOLDIN,Rane Holdings Limited,Financial Services
418,-0.023472045124769598,15,0.26666666666666666,CAMS,Computer Age Management Services Limited,Financial Services
417,-0.02360437056186783,12,0.5833333333333334,CAMPUS,Campus Activewear Limited,Consumer & FMCG
1468,-0.023629774378603825,21,0.38095238095238093,MOLDTKPAC,Mold-Tek Packaging Limited,Industrials & Infrastructure
1158,-0.023716291924440313,23,0.30434782608695654,JUSTDIAL,Just Dial Limited,Consumer & FMCG
712,-0.02377272348695285,19,0.42105263157894735,EVERESTIND,Everest Industries Limited,Real Estate & Construction
1825,-0.023799888564776127,19,0.42105263157894735,RATNAMANI,Ratnamani Metals & Tubes Limited,"Metals, Mining & Chemicals"
2243,-0.023873735453999827,17,0.47058823529411764,TASTYBITE,Tasty Bite Eatables Limited,Consumer & FMCG
1207,-0.023892123954955446,12,0.4166666666666667,KICL,Kalyani Investment Company Limited,Financial Services
31,-0.024022978511154498,23,0.43478260869565216,ABB,ABB India Limited,Industrials & Infrastructure
1781,-0.02406806074261903,16,0.3125,PUNJABCHEM,Punjab Chemicals & Crop Protection Limited,"Metals, Mining & Chemicals"
928,-0.024141837172261815,23,0.391304347826087,HEIDELBERG,HeidelbergCement India Limited,Real Estate & Construction
889,-0.02428250719282759,13,0.15384615384615385,GVKPIL,GVK Power & Infrastructure Limited,Energy
2497,-0.024358633255028784,10,0.2,WANBURY,Wanbury Limited,Healthcare & Pharmaceuticals
1375,-0.024462151629965637,18,0.5555555555555556,MANGLMCEM,Mangalam Cement Limited,Real Estate & Construction
1630,-0.02449264947925429,11,0.5454545454545454,ORCHPHARMA,Orchid Pharma Limited,Healthcare & Pharmaceuticals
274,-0.024516989498870614,23,0.5217391304347826,BAJAJ-AUTO,Bajaj Auto Limited,Automobile & Mobility
2516,-0.024554478538693466,23,0.5217391304347826,WHIRLPOOL,Whirlpool of India Limited,Consumer & FMCG
2414,-0.024590432869034996,19,0.42105263157894735,VARROC,Varroc Engineering Limited,Automobile & Mobility
2090,-0.024680360289078978,23,0.2608695652173913,SJVN,SJVN Limited,Energy
127,-0.02473055058389247,6,0.5,ALMONDZ,Almondz Global Securities Limited,Services & Others
944,-0.02476356953389571,23,0.43478260869565216,HIMATSEIDE,Himatsingka Seide Limited,Industrials & Infrastructure
217,-0.024770817585317982,23,0.4782608695652174,ASIANPAINT,Asian Paints Limited,"Metals, Mining & Chemicals"
171,-0.024824565164116033,23,0.4782608695652174,APOLLOHOSP,Apollo Hospitals Enterprise Limited,Healthcare & Pharmaceuticals
795,-0.02510746019504314,10,0.4,GHCLTEXTIL,GHCL Textiles Limited,Industrials & Infrastructure
235,-0.025124246948433737,9,0.4444444444444444,ATL,Allcargo Terminals Limited,Services & Others
1738,-0.02544235373163603,23,0.391304347826087,POWERGRID,Power Grid Corporation of India Limited,Energy
584,-0.025466146453528283,15,0.4,DEVYANI,Devyani International Limited,Consumer & FMCG
579,-0.025502599027506262,19,0.42105263157894735,DEN,Den Networks Limited,Services & Others
344,-0.025763602167920945,20,0.3,BHARATRAS,Bharat Rasayan Limited,"Metals, Mining & Chemicals"
623,-0.025778579224012416,5,0.6,DPSCLTD,DPSC Limited,Energy
808,-0.025800734634549006,23,0.391304347826087,GLAXO,GlaxoSmithKline Pharmaceuticals Limited,Healthcare & Pharmaceuticals
1980,-0.025845018082508647,9,0.3333333333333333,SCILAL,Shipping Corporation of India Land and Assets Limited,Services & Others
2489,-0.025856225208689604,23,0.4782608695652174,VTL,Vardhman Textiles Limited,Industrials & Infrastructure
1868,-0.025910906542422875,22,0.5,RKFORGE,Ramkrishna Forgings Limited,Automobile & Mobility
443,-0.026236652370135366,10,0.4,CELLO,Cello World Limited,Consumer & FMCG
120,-0.02659216522924214,15,0.2,ALIVUS,Alivus Life Sciences Limited,Healthcare & Pharmaceuticals
1642,-0.026621405862105818,19,0.3684210526315789,ORISSAMINE,The Orissa Minerals Development Company Limited,"Metals, Mining & Chemicals"
311,-0.02698260496447575,21,0.38095238095238093,BBL,Bharat Bijlee Limited,Industrials & Infrastructure
2021,-0.026989948949507465,17,0.29411764705882354,SHARDAMOTR,Sharda Motor Industries Limited,Automobile & Mobility
2144,-0.027077620186311234,23,0.5217391304347826,STAR,Strides Pharma Science Limited,Healthcare & Pharmaceuticals
308,-0.02717071366841711,23,0.391304347826087,BATAINDIA,Bata India Limited,Consumer & FMCG
186,-0.02719569618212051,13,0.3076923076923077,ARIES,Aries Agro Limited,"Metals, Mining & Chemicals"
1621,-0.027228717779793424,23,0.34782608695652173,ONGC,Oil & Natural Gas Corporation Limited,Energy
292,-0.027406751135301926,21,0.38095238095238093,BALMLAWRIE,Balmer Lawrie & Company Limited,Services & Others
2258,-0.027462838510467907,21,0.3333333333333333,TCIEXP,TCI Express Limited,Services & Others
784,-0.02753421147804457,10,0.4,GEEKAYWIRE,Geekay Wires Limited,"Metals, Mining & Chemicals"
338,-0.027577944258681687,11,0.5454545454545454,BHAGERIA,Bhageria Industries Limited,"Metals, Mining & Chemicals"
751,-0.027643888555106945,11,0.2727272727272727,FOODSIN,Foods & Inns Limited,Consumer & FMCG
1434,-0.02775392382689273,21,0.2857142857142857,MGL,Mahanagar Gas Limited,Energy
359,-0.02793611810762078,23,0.34782608695652173,BIRLACORPN,Birla Corporation Limited,Real Estate & Construction
2123,-0.027936560347913992,14,0.2857142857142857,SPECIALITY,Speciality Restaurants Limited,Financial Services
339,-0.027936704214591483,5,0.6,BHAGYANGR,Bhagyanagar India Limited,"Metals, Mining & Chemicals"
906,-0.028071702755307164,18,0.2777777777777778,HATSUN,Hatsun Agro Product Limited,Consumer & FMCG
900,-0.028079628191158907,10,0.2,HAPPYFORGE,Happy Forgings Limited,Automobile & Mobility
2129,-0.028383354286161823,11,0.36363636363636365,SPLPETRO,Supreme Petrochem Limited,"Metals, Mining & Chemicals"
69,-0.028402855505583628,21,0.42857142857142855,ADVENZYMES,Advanced Enzyme Technologies Limited,Technology
1636,-0.028502963753796386,20,0.45,ORIENTELEC,Orient Electric Limited,Consumer & FMCG
1105,-0.02901336077283535,23,0.34782608695652173,JAMNAAUTO,Jamna Auto Industries Limited,Automobile & Mobility
1313,-0.02903038588959356,21,0.42857142857142855,LINDEINDIA,Linde India Limited,Energy
2149,-0.02926269211719427,14,0.5,STCINDIA,The State Trading Corporation of India Limited,Services & Others
1310,-0.02935248550622865,15,0.26666666666666666,LIKHITHA,Likhitha Infrastructure Limited,Industrials & Infrastructure
969,-0.029426562154559018,21,0.38095238095238093,HONAUT,Honeywell Automation India Limited,Consumer & FMCG
176,-0.02945918163321553,23,0.30434782608695654,APTECHT,Aptech Limited,Services & Others
1465,-0.02959168451548179,15,0.26666666666666666,MOL,Meghmani Organics Limited,"Metals, Mining & Chemicals"
1244,-0.02961485928543109,17,0.35294117647058826,KPITTECH,KPIT Technologies Limited,Technology
1588,-0.029619801173368883,18,0.3888888888888889,NRBBEARING,NRB Bearing Limited,Automobile & Mobility
989,-0.029624284510035757,22,0.36363636363636365,ICIL,Indo Count Industries Limited,Industrials & Infrastructure
2167,-0.02963976082674714,23,0.4782608695652174,SUDARSCHEM,Sudarshan Chemical Industries Limited,"Metals, Mining & Chemicals"
1157,-0.02978993766342042,9,0.2222222222222222,JUNIPER,Juniper Hotels Limited,Services & Others
1909,-0.029804693506677523,11,0.36363636363636365,RUSTOMJEE,Keystone Realtors Limited,Industrials & Infrastructure
43,-0.02982655405109145,23,0.43478260869565216,ACC,ACC Limited,Real Estate & Construction
764,-0.0299963915041923,19,0.3157894736842105,GALAXYSURF,Galaxy Surfactants Limited,Consumer & FMCG
1308,-0.03001059412959332,23,0.30434782608695654,LICHSGFIN,LIC Housing Finance Limited,Financial Services
864,-0.03015807663116856,20,0.5,GRINDWELL,Grindwell Norton Limited,Industrials & Infrastructure
1396,-0.030213977945729234,23,0.30434782608695654,MASTEK,Mastek Limited,Technology
697,-0.030469155432835363,15,0.4,EQUITASBNK,Equitas Small Finance Bank Limited,Financial Services
1962,-0.03048333854166395,15,0.3333333333333333,SATIA,Satia Industries Limited,Industrials & Infrastructure
973,-0.030578456625076935,15,0.4,HPL,HPL Electric & Power Limited,Energy
1782,-0.030654693579108973,20,0.35,PURVA,Puravankara Limited,Industrials & Infrastructure
540,-0.030681909099458646,23,0.34782608695652173,DABUR,Dabur India Limited,Consumer & FMCG
2480,-0.030682987502544203,20,0.35,VOLTAMP,Voltamp Transformers Limited,Industrials & Infrastructure
2030,-0.0308137539943387,21,0.38095238095238093,SHILPAMED,Shilpa Medicare Limited,Healthcare & Pharmaceuticals
2014,-0.030890029898467238,17,0.4117647058823529,SHALBY,Shalby Limited,Healthcare & Pharmaceuticals
1748,-0.03093915580979365,23,0.34782608695652173,PRAJIND,Praj Industries Limited,Industrials & Infrastructure
2398,-0.031157724407424252,15,0.4,UTIAMC,UTI Asset Management Company Limited,Financial Services
2250,-0.03120197333790142,23,0.391304347826087,TATAPOWER,Tata Power Company Limited,Energy
261,-0.031293400734661726,15,0.4,AWHCL,Antony Waste Handling Cell Limited,Industrials & Infrastructure
1776,-0.031390290255170185,14,0.2857142857142857,PSB,Punjab & Sind Bank,Financial Services
119,-0.03153011228668338,15,0.26666666666666666,ALICON,Alicon Castalloy Limited,Automobile & Mobility
191,-0.03164140144203944,5,0.4,ARKADE,Arkade Developers Limited,Real Estate & Construction
1541,-0.03174307061399855,17,0.23529411764705882,NEOGEN,Neogen Chemicals Limited,"Metals, Mining & Chemicals"
1120,-0.031795265226251514,23,0.30434782608695654,JINDALSAW,Jindal Saw Limited,"Metals, Mining & Chemicals"
976,-0.031798070292274036,13,0.38461538461538464,HTMEDIA,HT Media Limited,Services & Others
796,-0.03189510177942253,23,0.2608695652173913,GICHSGFIN,GIC Housing Finance Limited,Financial Services
44,-0.03206056087417082,17,0.29411764705882354,ACCELYA,Accelya Solutions India Limited,Technology
1112,-0.03216621143954896,15,0.4666666666666667,JAYSREETEA,Jayshree Tea & Industries Limited,Consumer & FMCG
570,-0.032176362359610536,6,0.5,DEEDEV,DEE Development Engineers Limited,Industrials & Infrastructure
1516,-0.03219356276050993,23,0.34782608695652173,NATCOPHARM,Natco Pharma Limited,Healthcare & Pharmaceuticals
433,-0.03242669495854606,23,0.391304347826087,CASTROLIND,Castrol India Limited,Energy
1947,-0.0324524468593308,17,0.29411764705882354,SANGAMIND,Sangam (India) Limited,Industrials & Infrastructure
995,-0.03247962911866649,20,0.35,IEX,Indian Energy Exchange Limited,Energy
1279,-0.03257096312984989,23,0.34782608695652173,LALPATHLAB,Dr. Lal Path Labs Ltd.,Healthcare & Pharmaceuticals
716,-0.03257586406209936,23,0.30434782608695654,EXIDEIND,Exide Industries Limited,Automobile & Mobility
725,-0.03295773583529309,22,0.3181818181818182,FDC,FDC Limited,Healthcare & Pharmaceuticals
1147,-0.033006257143562645,23,0.30434782608695654,JSWENERGY,JSW Energy Limited,Energy
488,-0.03308901579218734,8,0.5,COASTCORP,Coastal Corporation Limited,Consumer & FMCG
1078,-0.03315049507161494,10,0.4,IREDA,Indian Renewable Energy Development Agency Limited,Energy
2510,-0.03315661008171972,10,0.4,WENDT,Wendt (India) Limited,Industrials & Infrastructure
1497,-0.03325101214909519,14,0.2857142857142857,MUNJALSHOW,Munjal Showa Limited,Automobile & Mobility
1191,-0.033251732972685265,13,0.23076923076923078,KCPSUGIND,KCP Sugar and Industries Corporation Limited,Consumer & FMCG
1108,-0.03327775526224706,13,0.6153846153846154,JAYAGROGN,Jayant Agro Organics Limited,"Metals, Mining & Chemicals"
494,-0.03330095469579553,23,0.30434782608695654,COLPAL,Colgate Palmolive (India) Limited,Consumer & FMCG
2330,-0.03331803812636453,16,0.3125,TRANSWORLD,TRANSWORLD SHIPPING LINES LIMITED,Services & Others
248,-0.03344723188142137,21,0.2857142857142857,AUTOAXLES,Automotive Axles Limited,Automobile & Mobility
740,-0.03352380953160116,23,0.391304347826087,FINPIPE,Finolex Industries Limited,Industrials & Infrastructure
1619,-0.03373505774443327,12,0.4166666666666667,ONEPOINT,One Point One Solutions Limited,Technology
407,-0.03377297793739576,23,0.30434782608695654,BSOFT,BIRLASOFT LIMITED,Technology
1204,-0.033822703308960075,15,0.2,KHAICHEM,Khaitan Chemicals & Fertilizers Limited,"Metals, Mining & Chemicals"
2358,-0.033832471318220037,23,0.391304347826087,UBL,United Breweries Limited,Consumer & FMCG
250,-0.0340251564804663,21,0.2857142857142857,AVADHSUGAR,Avadh Sugar & Energy Limited,Consumer & FMCG
717,-0.03403901732618922,18,0.5,EXPLEOSOL,Expleo Solutions Limited,Technology
2180,-0.03404497617040797,23,0.391304347826087,SUNDRMFAST,Sundram Fasteners Limited,Automobile & Mobility
1546,-0.03426817869044463,21,0.23809523809523808,NETWORK18,Network18 Media & Investments Limited,Services & Others
1653,-0.03428593654514604,19,0.47368421052631576,PAISALO,Paisalo Digital Limited,Financial Services
938,-0.034439832702609884,19,0.2631578947368421,HGINFRA,H.G. Infra Engineering Limited,Industrials & Infrastructure
2026,-0.034472839388015014,10,0.3,SHEMAROO,Shemaroo Entertainment Limited,Services & Others
765,-0.034503325789088775,11,0.45454545454545453,GALLANTT,Gallantt Ispat Limited,"Metals, Mining & Chemicals"
1160,-0.03464048516290656,23,0.391304347826087,JYOTHYLAB,Jyothy Labs Limited,Consumer & FMCG
448,-0.03495929228281688,13,0.38461538461538464,CENTRUM,Centrum Capital Limited,Financial Services
1356,-0.0350071529231243,20,0.3,MAHLOG,Mahindra Logistics Limited,Services & Others
1165,-0.03518822468737794,23,0.391304347826087,KAJARIACER,Kajaria Ceramics Limited,Real Estate & Construction
2147,-0.035250598899311994,15,0.3333333333333333,STARPAPER,Star Paper Mills Limited,Industrials & Infrastructure
1229,-0.035374746652825834,23,0.21739130434782608,KNRCON,KNR Constructions Limited,Industrials & Infrastructure
391,-0.03547042650801628,6,0.3333333333333333,BOROSCI,Borosil Scientific Limited,Industrials & Infrastructure
1593,-0.03560255251653406,23,0.34782608695652173,NTPC,NTPC Limited,Energy
2233,-0.0356315247853997,17,0.23529411764705882,TALBROAUTO,Talbros Automotive Components Limited,Automobile & Mobility
1639,-0.03564161170905304,23,0.34782608695652173,ORIENTPPR,Orient Paper & Industries Limited,Industrials & Infrastructure
169,-0.03571087378462116,23,0.30434782608695654,APLLTD,Alembic Pharmaceuticals Limited,Healthcare & Pharmaceuticals
937,-0.03648846182096719,23,0.391304347826087,HFCL,HFCL Limited,Services & Others
1464,-0.03655340911405845,7,0.5714285714285714,MOKSH,Moksh Ornaments Limited,Consumer & FMCG
1698,-0.03658782241887451,23,0.391304347826087,PGHH,Procter & Gamble Hygiene and Health Care Limited,Consumer & FMCG
588,-0.03672499133101832,17,0.29411764705882354,DHANBANK,Dhanlaxmi Bank Limited,Financial Services
1338,-0.036855858575176106,14,0.2857142857142857,LYKALABS,Lyka Labs Limited,Healthcare & Pharmaceuticals
1521,-0.03712852327725537,23,0.43478260869565216,NAVA,NAVA LIMITED,Energy
1785,-0.03721837409539043,9,0.4444444444444444,PVSL,Popular Vehicles and Services Limited,Automobile & Mobility
96,-0.03733643348953959,16,0.4375,AHLUCONT,Ahluwalia Contracts (India) Limited,Industrials & Infrastructure
276,-0.037476721539033864,23,0.43478260869565216,BAJAJELEC,Bajaj Electricals Limited,Consumer & FMCG
1696,-0.03770231105182581,22,0.2727272727272727,PFS,PTC India Financial Services Limited,Financial Services
1622,-0.037873399167313665,16,0.375,ONIDA,Onida Electronics Limited,Consumer & FMCG
2166,-0.03802200028919117,19,0.42105263157894735,SUDARCOLOR,Sudarshan Colorants India Limited,"Metals, Mining & Chemicals"
1032,-0.03807999030301753,12,0.25,INDOAMIN,Indo Amines Limited,"Metals, Mining & Chemicals"
365,-0.03808362687979676,10,0.5,BLAL,BEML Land Assets Limited,Industrials & Infrastructure
395,-0.038100426839402596,15,0.26666666666666666,BPL,BPL Limited,Technology
1084,-0.038327529892147695,15,0.4,ISGEC,Isgec Heavy Engineering Limited,Industrials & Infrastructure
1332,-0.03857683321709872,21,0.2857142857142857,LTTS,L&T Technology Services Limited,Technology
1459,-0.03862964721956291,6,0.3333333333333333,MODISONLTD,MODISON LIMITED,Industrials & Infrastructure
79,-0.03881074794212034,11,0.36363636363636365,AETHER,Aether Industries Limited,"Metals, Mining & Chemicals"
23,-0.03881387166152571,23,0.43478260869565216,AARTIIND,Aarti Industries Limited,"Metals, Mining & Chemicals"
1443,-0.038871247680005105,23,0.34782608695652173,MINDACORP,Minda Corporation Limited,Automobile & Mobility
1743,-0.038932173325589105,15,0.3333333333333333,PPL,Prakash Pipes Limited,Industrials & Infrastructure
1424,-0.038992094496264694,9,0.2222222222222222,MENONBE,Menon Bearings Limited,Automobile & Mobility
1624,-0.03942278392325629,19,0.2631578947368421,ONMOBILE,OnMobile Global Limited,Technology
875,-0.03945797915908619,9,0.2222222222222222,GSS,GSS Infotech Limited,Technology
2059,-0.03947782302261889,15,0.3333333333333333,SHYAMMETL,Shyam Metalics and Energy Limited,"Metals, Mining & Chemicals"
501,-0.03953537816498261,10,0.2,CONCORDBIO,Concord Biotech Limited,Healthcare & Pharmaceuticals
694,-0.039536613918864136,15,0.4,EPIGRAL,Epigral Limited,"Metals, Mining & Chemicals"
691,-0.03965626873772767,9,0.3333333333333333,ENTERO,Entero Healthcare Solutions Limited,Healthcare & Pharmaceuticals
49,-0.03967409119456932,11,0.36363636363636365,ACI,Archean Chemical Industries Limited,"Metals, Mining & Chemicals"
1077,-0.03975867499635963,15,0.26666666666666666,IRCTC,Indian Railway Catering And Tourism Corporation Limited,Consumer & FMCG
1257,-0.04039775636997794,6,0.3333333333333333,KRONOX,Kronox Lab Sciences Limited,"Metals, Mining & Chemicals"
1048,-0.04045638792368616,23,0.4782608695652174,INDUSINDBK,IndusInd Bank Limited,Financial Services
1063,-0.04047973105704691,6,0.16666666666666666,INTENTECH,Intense Technologies Limited,Technology
1778,-0.04055132323484301,23,0.34782608695652173,PTC,PTC India Limited,Energy
1235,-0.04077952914524128,9,0.2222222222222222,KOTARISUG,Kothari Sugars And Chemicals Limited,Consumer & FMCG
524,-0.040847060148995126,23,0.2608695652173913,CROMPTON,Crompton Greaves Consumer Electricals Limited,Consumer & FMCG
2239,-0.04107442797072025,15,0.4666666666666667,TARC,TARC Limited,Industrials & Infrastructure
1348,-0.04112885048029202,14,0.2857142857142857,MAGADSUGAR,Magadh Sugar & Energy Limited,Consumer & FMCG
960,-0.0411716008613121,8,0.5,HITECHGEAR,The Hi-Tech Gears Limited,Automobile & Mobility
1580,-0.04127916724724636,23,0.17391304347826086,NOCIL,NOCIL Limited,"Metals, Mining & Chemicals"
2173,-0.04150250579933661,15,0.4,SUMICHEM,Sumitomo Chemical India Limited,"Metals, Mining & Chemicals"
2473,-0.04158885961989309,11,0.18181818181818182,VLSFINANCE,VLS Finance Limited,Financial Services
2105,-0.04172300134547275,19,0.3157894736842105,SOLARA,Solara Active Pharma Sciences Limited,Energy
2354,-0.04184553023404329,10,0.4,TVSSCS,TVS Supply Chain Solutions Limited,Services & Others
1634,-0.04190245565433993,22,0.4090909090909091,ORIENTCEM,Orient Cement Limited,Real Estate & Construction
2325,-0.042064522428156795,10,0.1,TPLPLASTEH,TPL Plastech Limited,Industrials & Infrastructure
1149,-0.042086013307041294,10,0.1,JSWINFRA,JSW Infrastructure Limited,Services & Others
2225,-0.04218268773048886,11,0.18181818181818182,SYNCOMF,Syncom Formulations (India) Limited,Healthcare & Pharmaceuticals
370,-0.04223995562888492,15,0.3333333333333333,BLKASHYAP,B. L. Kashyap and Sons Limited,Industrials & Infrastructure
471,-0.04249970149110383,21,0.38095238095238093,CHOLAHLDNG,Cholamandalam Financial Holdings Limited,Financial Services
1109,-0.04250923896048827,15,0.26666666666666666,JAYBARMARU,Jay Bharat Maruti Limited,Automobile & Mobility
1047,-0.04271477157207445,11,0.2727272727272727,INDTERRAIN,Indian Terrain Fashions Limited,Industrials & Infrastructure
1190,-0.042776523521506384,19,0.42105263157894735,KCP,KCP Limited,Real Estate & Construction
2226,-0.04281803929233913,23,0.391304347826087,SYNGENE,Syngene International Limited,Healthcare & Pharmaceuticals
1182,-0.04301117532142829,23,0.21739130434782608,KANSAINER,Kansai Nerolac Paints Limited,Technology
1194,-0.043122870531521695,16,0.125,KECL,Kirloskar Electric Company Limited,Industrials & Infrastructure
2336,-0.043210642283490155,14,0.21428571428571427,TRF,TRF Limited,Industrials & Infrastructure
1538,-0.043349758410843355,15,0.3333333333333333,NECLIFE,Nectar Lifesciences Limited,Healthcare & Pharmaceuticals
2018,-0.04362358000030135,17,0.29411764705882354,SHANTIGEAR,Shanthi Gears Limited,Automobile & Mobility
376,-0.04368368756893757,23,0.30434782608695654,BLUEDART,Blue Dart Express Limited,Services & Others
1029,-0.043700723374801485,15,0.4666666666666667,INDIGOPNTS,Indigo Paints Limited,"Metals, Mining & Chemicals"
125,-0.043722749274678015,13,0.23076923076923078,ALLDIGI,Alldigi Tech Limited,Technology
67,-0.043937600428510235,5,0.2,ADVANIHOTR,Advani Hotels & Resorts (India) Limited,Services & Others
2511,-0.043979308035505704,17,0.29411764705882354,WESTLIFE,WESTLIFE FOODWORLD LIMITED,Financial Services
1741,-0.04398694821483731,19,0.42105263157894735,POWERMECH,Power Mech Projects Limited,Energy
2101,-0.04485219360144388,15,0.3333333333333333,SMSPHARMA,SMS Pharmaceuticals Limited,Healthcare & Pharmaceuticals
768,-0.04487198540904722,17,0.35294117647058826,GANECOS,Ganesha Ecosphere Limited,Industrials & Infrastructure
2131,-0.044951391679926164,11,0.2727272727272727,SPORTKING,Sportking India Limited,Industrials & Infrastructure
940,-0.045144098786714944,18,0.3888888888888889,HGS,Hinduja Global Solutions Limited,Technology
1784,-0.0452112724509193,23,0.391304347826087,PVRINOX,PVR INOX Limited,Services & Others
881,-0.0452537723392333,23,0.34782608695652173,GUJALKALI,Gujarat Alkalies and Chemicals Limited,"Metals, Mining & Chemicals"
1773,-0.045548883905623457,23,0.2608695652173913,PRSMJOHNSN,Prism Johnson Limited,"Metals, Mining & Chemicals"
2102,-0.04574305776287102,22,0.3181818181818182,SNOWMAN,Snowman Logistics Limited,Services & Others
722,-0.04607538709003953,9,0.3333333333333333,FAZE3Q,Faze Three Limited,Industrials & Infrastructure
25,-0.04608306190247687,12,0.3333333333333333,AARTISURF,Aarti Surfactants Limited,Consumer & FMCG
929,-0.04610332175461433,15,0.26666666666666666,HEMIPROP,Hemisphere Properties India Limited,Industrials & Infrastructure
259,-0.04611051243993802,14,0.21428571428571427,AVTNPL,AVT Natural Products Limited,Consumer & FMCG
1958,-0.04611945731332557,18,0.3333333333333333,SAREGAMA,Saregama India Limited,Services & Others
704,-0.04624045605860963,17,0.35294117647058826,ESTER,Ester Industries Limited,Industrials & Infrastructure
736,-0.04631238055278672,23,0.391304347826087,FINCABLES,Finolex Cables Limited,Real Estate & Construction
487,-0.04640375974734407,23,0.30434782608695654,COALINDIA,Coal India Limited,"Metals, Mining & Chemicals"
2345,-0.04649461392129032,13,0.38461538461538464,TTKHLTCARE,TTK Healthcare Limited,Healthcare & Pharmaceuticals
2232,-0.04652604912250535,12,0.16666666666666666,TAKE,TAKE Limited,Technology
739,-0.04677636843253519,14,0.42857142857142855,FINOPB,Fino Payments Bank Limited,Financial Services
877,-0.04683390351757485,8,0.375,GTL,GTL Limited,Services & Others
1993,-0.047016668719943124,10,0.3,SENCO,Senco Gold Limited,Consumer & FMCG
537,-0.04720433298999044,14,0.35714285714285715,CYBERTECH,Cybertech Systems And Software Limited,Technology
1023,-0.04726095493736963,17,0.29411764705882354,INDIAMART,Indiamart Intermesh Limited,Consumer & FMCG
1734,-0.04732004379956024,23,0.5217391304347826,POLYPLEX,Polyplex Corporation Limited,Industrials & Infrastructure
1645,-0.047351666450134194,8,0.375,OSIAHYPER,Osia Hyper Retail Limited,Consumer & FMCG
445,-0.0479202097762794,22,0.2727272727272727,CENTENKA,Century Enka Limited,Industrials & Infrastructure
2348,-0.047977319826450295,18,0.16666666666666666,TTML,Tata Teleservices (Maharashtra) Limited,Services & Others
763,-0.04816804583214208,5,0.2,GALAPREC,Gala Precision Engineering Limited,Industrials & Infrastructure
201,-0.0483742297824389,17,0.35294117647058826,ARVINDFASN,Arvind Fashions Limited,Consumer & FMCG
904,-0.04845424415215339,11,0.18181818181818182,HARSHA,Harsha Engineers International Limited,Industrials & Infrastructure
951,-0.04846646037772392,23,0.34782608695652173,HINDOILEXP,Hindustan Oil Exploration Company Limited,Energy
2291,-0.04858031144451123,23,0.34782608695652173,THOMASCOOK,Thomas Cook  (India)  Limited,Consumer & FMCG
428,-0.04869062145090442,23,0.2608695652173913,CARBORUNIV,Carborundum Universal Limited,Industrials & Infrastructure
361,-0.04906082459965326,22,0.2727272727272727,BIRLANU,BirlaNu Limited,Real Estate & Construction
1724,-0.049214149526456065,23,0.30434782608695654,PNCINFRA,PNC Infratech Limited,Industrials & Infrastructure
1930,-0.04934932876162526,9,0.3333333333333333,SAKHTISUG,Sakthi Sugars Limited,Consumer & FMCG
2366,-0.04945104830728616,17,0.4117647058823529,UFO,UFO Moviez India Limited,Services & Others
943,-0.049465313919991004,12,0.5,HILTON,Hilton Metal Forging Limited,Automobile & Mobility
140,-0.04989352837096303,18,0.3888888888888889,AMBIKCO,Ambika Cotton Mills Limited,Industrials & Infrastructure
553,-0.04997843308380095,9,0.3333333333333333,DBOL,Dhampur Bio Organics Limited,Consumer & FMCG
1039,-0.050201289418193386,18,0.3888888888888889,INDOSTAR,IndoStar Capital Finance Limited,Financial Services
1452,-0.05028813779538816,11,0.2727272727272727,MMP,MMP Industries Limited,"Metals, Mining & Chemicals"
2423,-0.05029922698326128,18,0.2777777777777778,VEEDOL,Veedol Corporation Limited,Energy
1561,-0.05046201216451929,10,0.3,NIITMTS,NIIT Learning Systems Limited,Technology
1841,-0.051099985340169775,20,0.3,RELAXO,Relaxo Footwears Limited,Consumer & FMCG
5,-0.051110896495332986,18,0.2222222222222222,20MICRONS,20 Microns Limited,"Metals, Mining & Chemicals"
2474,-0.05114548748862891,21,0.2857142857142857,VMART,V-Mart Retail Limited,Consumer & FMCG
2290,-0.051345699660042154,23,0.2608695652173913,THERMAX,Thermax Limited,Industrials & Infrastructure
183,-0.05134580563681171,23,0.2608695652173913,ARE&M,Amara Raja Energy & Mobility Limited,Automobile & Mobility
295,-0.05142196841711282,7,0.42857142857142855,BALUFORGE,Balu Forge Industries Limited,Industrials & Infrastructure
811,-0.051471306010235966,7,0.2857142857142857,GLOBAL,Global Education Limited,Services & Others
863,-0.05157580424337364,16,0.3125,GREENPOWER,Orient Green Power Company Limited,Energy
1872,-0.05173791247256984,15,0.3333333333333333,RML,Rane (Madras) Limited,Automobile & Mobility
1484,-0.05208193184680751,12,0.3333333333333333,MSPL,MSP Steel & Power Limited,Energy
1163,-0.05222633677909282,11,0.45454545454545453,JYOTISTRUC,Jyoti Structures Limited,Industrials & Infrastructure
337,-0.05246340501808559,13,0.23076923076923078,BHAGCHEM,Bhagiradha Chemicals & Industries Limited,"Metals, Mining & Chemicals"
2484,-0.05246363184705526,23,0.391304347826087,VRLLOG,VRL Logistics Limited,Services & Others
2191,-0.052571943757543475,22,0.22727272727272727,SUPRAJIT,Suprajit Engineering Limited,Automobile & Mobility
1309,-0.05311488188050162,12,0.08333333333333333,LICI,Life Insurance Corporation Of India,Financial Services
478,-0.05318833215246213,15,0.4,CLEAN,Clean Science and Technology Limited,"Metals, Mining & Chemicals"
2126,-0.05357238519959299,16,0.1875,SPENCERS,Spencer's Retail Limited,Consumer & FMCG
862,-0.05382962888067144,21,0.19047619047619047,GREENPLY,Greenply Industries Limited,Industrials & Infrastructure
1951,-0.05392139605007625,5,0.2,SANOFICONR,Sanofi Consumer Healthcare India Limited,Healthcare & Pharmaceuticals
425,-0.05405980923648476,9,0.4444444444444444,CAPITALSFB,Capital Small Finance Bank Limited,Financial Services
2458,-0.054232224132271974,7,0.42857142857142855,VIRINCHI,Virinchi Limited,Technology
787,-0.05433127108692845,16,0.375,GENESYS,Genesys International Corporation Limited,Technology
2346,-0.05444247253568476,23,0.34782608695652173,TTKPRESTIG,TTK Prestige Limited,Consumer & FMCG
1960,-0.05457099559370025,10,0.5,SARVESHWAR,Sarveshwar Foods Limited,Consumer & FMCG
1647,-0.054824708080259715,12,0.4166666666666667,OSWALGREEN,Oswal Greentech Limited,Financial Services
1099,-0.05484101147719105,22,0.22727272727272727,JAGRAN,Jagran Prakashan Limited,Services & Others
2481,-0.05489422394945397,23,0.30434782608695654,VOLTAS,Voltas Limited,Consumer & FMCG
358,-0.05489932047603721,15,0.26666666666666666,BIRLACABLE,Birla Cable Limited,Real Estate & Construction
721,-0.0549589150625348,15,0.4,FAIRCHEMOR,Fairchem Organics Limited,"Metals, Mining & Chemicals"
1119,-0.05496694738096903,19,0.3157894736842105,JINDALPOLY,Jindal Poly Films Limited,Industrials & Infrastructure
521,-0.05507545232706642,6,0.3333333333333333,CREST,Crest Ventures Limited,Financial Services
915,-0.05523629399498366,23,0.34782608695652173,HCC,Hindustan Construction Company Limited,Industrials & Infrastructure
192,-0.05548880943432337,17,0.47058823529411764,ARMANFIN,Arman Financial Services Limited,Financial Services
902,-0.055989303187105745,12,0.3333333333333333,HARIOMPIPE,Hariom Pipe Industries Limited,"Metals, Mining & Chemicals"
2365,-0.05604188723144945,23,0.391304347826087,UFLEX,UFLEX Limited,Industrials & Infrastructure
2427,-0.05625926929080615,11,0.45454545454545453,VENUSPIPES,Venus Pipes & Tubes Limited,"Metals, Mining & Chemicals"
463,-0.05644930546752358,15,0.26666666666666666,CHEMCON,Chemcon Speciality Chemicals Limited,"Metals, Mining & Chemicals"
2264,-0.05649066912972418,21,0.23809523809523808,TEAMLEASE,Teamlease Services Limited,Services & Others
833,-0.05686421022708814,20,0.25,GODREJAGRO,Godrej Agrovet Limited,Consumer & FMCG
145,-0.0569414453559972,18,0.2777777777777778,AMRUTANJAN,Amrutanjan Health Care Limited,Healthcare & Pharmaceuticals
225,-0.057035407376148456,19,0.3157894736842105,ASTEC,Astec LifeSciences Limited,"Metals, Mining & Chemicals"
1415,-0.05705135511974481,10,0.2,MEDIASSIST,Medi Assist Healthcare Services Limited,Healthcare & Pharmaceuticals
2236,-0.05738357541863057,22,0.3181818181818182,TANLA,Tanla Platforms Limited,Technology
930,-0.057555448198448635,15,0.2,HERANBA,Heranba Industries Limited,"Metals, Mining & Chemicals"
539,-0.057660411430933735,10,0.4,CYIENTDLM,Cyient DLM Limited,Industrials & Infrastructure
1822,-0.057836720182808936,13,0.23076923076923078,RANASUG,Rana Sugars Limited,Consumer & FMCG
36,-0.05789241366142226,21,0.42857142857142855,ABFRL,Aditya Birla Fashion and Retail Limited,Consumer & FMCG
1501,-0.057951294789910526,10,0.3,MUTHOOTMF,Muthoot Microfin Limited,Financial Services
115,-0.058021294247697086,10,0.3,ALBERTDAVD,Albert David Limited,Healthcare & Pharmaceuticals
941,-0.05807908816636748,23,0.34782608695652173,HIKAL,Hikal Limited,Healthcare & Pharmaceuticals
979,-0.05818100824176728,18,0.2777777777777778,HUHTAMAKI,Huhtamaki India Limited,Industrials & Infrastructure
1371,-0.058273905680598446,5,0.2,MANBA,Manba Finance Limited,Financial Services
931,-0.05857488772388284,23,0.34782608695652173,HERITGFOOD,Heritage Foods Limited,Consumer & FMCG
2121,-0.05931292175999195,23,0.30434782608695654,SPARC,Sun Pharma Advanced Research Company Limited,Healthcare & Pharmaceuticals
741,-0.059834049452179225,5,0.2,FIRSTCRY,Brainbees Solutions Limited,Consumer & FMCG
41,-0.05999287058539015,23,0.30434782608695654,ABREL,Aditya Birla Real Estate Limited,Real Estate & Construction
102,-0.06039378890603466,23,0.2608695652173913,AJANTPHARM,Ajanta Pharma Limited,Healthcare & Pharmaceuticals
1678,-0.060821895863169904,6,0.16666666666666666,PATINTLOG,Patel Integrated Logistics Limited,Services & Others
1385,-0.06083436517490641,14,0.21428571428571427,MAPMYINDIA,C.E. Info Systems Limited,Technology
260,-0.06099710945519238,6,0.5,AWFIS,Awfis Space Solutions Limited,Real Estate & Construction
28,-0.06201866175908046,19,0.21052631578947367,AAVAS,Aavas Financiers Limited,Financial Services
2368,-0.06203053235866413,15,0.2,UGROCAP,Ugro Capital Limited,Financial Services
502,-0.06204064915385318,15,0.2,CONFIPET,Confidence Petroleum India Limited,Energy
306,-0.06205779231073932,23,0.21739130434782608,BASF,BASF India Limited,"Metals, Mining & Chemicals"
2362,-0.062081453837836365,10,0.3,UDS,Updater Services Limited,Services & Others
384,-0.06246531955746879,23,0.21739130434782608,BODALCHEM,Bodal Chemicals Limited,"Metals, Mining & Chemicals"
2130,-0.06248274749332814,12,0.3333333333333333,SPMLINFRA,SPML Infra Limited,Industrials & Infrastructure
1142,-0.0627447726060843,9,0.2222222222222222,JSFB,Jana Small Finance Bank Limited,Financial Services
1736,-0.06283433136162311,10,0.1,PONNIERODE,Ponni Sugars (Erode) Limited,Consumer & FMCG
14,-0.06292228977892171,8,0.375,A2ZINFRA,A2Z Infra Engineering Limited,Industrials & Infrastructure
861,-0.0629738668165378,15,0.3333333333333333,GREENPANEL,Greenpanel Industries Limited,Industrials & Infrastructure
1256,-0.06318275236391116,5,0.0,KRN,KRN Heat Exchanger and Refrigeration Limited,Industrials & Infrastructure
890,-0.06330168814141585,22,0.36363636363636365,GVPIL,GE Power India Limited,Energy
12,-0.0636071656111017,14,0.21428571428571427,5PAISA,5Paisa Capital Limited,Services & Others
1188,-0.06387246607529319,13,0.23076923076923078,KAYA,Kaya Limited,Healthcare & Pharmaceuticals
1950,-0.06450509641186743,23,0.2608695652173913,SANOFI,Sanofi India Limited,Healthcare & Pharmaceuticals
2224,-0.06467479524972697,23,0.21739130434782608,SYMPHONY,Symphony Limited,Consumer & FMCG
618,-0.06474138320622447,16,0.1875,DOLLAR,Dollar Industries Limited,Industrials & Infrastructure
316,-0.06488711677478493,15,0.2,BCLIND,Bcl Industries Limited,Consumer & FMCG
778,-0.06524652432639594,12,0.16666666666666666,GATEWAY,Gateway Distriparks Limited,Services & Others
1600,-0.06526745263726753,12,0.16666666666666666,OAL,Oriental Aromatics Limited,"Metals, Mining & Chemicals"
1496,-0.06583784743336348,15,0.2,MUNJALAU,Munjal Auto Industries Limited,Automobile & Mobility
606,-0.06584139534304,23,0.2608695652173913,DISHTV,Dish TV India Limited,Services & Others
330,-0.06590474769180575,22,0.045454545454545456,BEPL,Bhansali Engineering Polymers Limited,"Metals, Mining & Chemicals"
2164,-0.06600161667720086,19,0.3684210526315789,SUBEXLTD,Subex Limited,Technology
177,-0.0662785957552073,15,0.26666666666666666,APTUS,Aptus Value Housing Finance India Limited,Financial Services
1239,-0.06644073996485987,9,0.4444444444444444,KOTYARK,Kotyark Industries Limited,Energy
1026,-0.06655015419894078,18,0.3333333333333333,INDIANHUME,Indian Hume Pipe Company Limited,Industrials & Infrastructure
675,-0.0666000937752015,23,0.21739130434782608,EMBDL,Embassy Developments Limited,Industrials & Infrastructure
968,-0.06702491614252079,10,0.6,HONASA,Honasa Consumer Limited,Consumer & FMCG
1285,-0.06702620871564358,21,0.14285714285714285,LAOPALA,La Opala RG Limited,Real Estate & Construction
64,-0.06730281472169794,15,0.3333333333333333,ADSL,Allied Digital Services Limited,Technology
1737,-0.06791995083231557,23,0.34782608695652173,POONAWALLA,Poonawalla Fincorp Limited,Financial Services
769,-0.0681744308274402,15,0.2,GANESHBE,Ganesh Benzoplast Limited,"Metals, Mining & Chemicals"
1258,-0.06826444233746018,5,0.0,KROSS,Kross Limited,Automobile & Mobility
1217,-0.0685827537252917,12,0.3333333333333333,KIRLOSIND,Kirloskar Industries Limited,Industrials & Infrastructure
1848,-0.06860356300095019,8,0.25,REMSONSIND,Remsons Industries Limited,Automobile & Mobility
1963,-0.06862186976687089,23,0.30434782608695654,SATIN,Satin Creditcare Network Limited,Financial Services
485,-0.06872824512217014,13,0.15384615384615385,CMSINFO,CMS Info Systems Limited,Technology
711,-0.06892773914239463,23,0.2608695652173913,EVEREADY,Eveready Industries India Limited,Automobile & Mobility
2002,-0.068983211730659,18,0.2222222222222222,SFL,Sheela Foam Limited,Consumer & FMCG
1907,-0.06908922025301356,19,0.21052631578947367,RUPA,Rupa & Company Limited,Industrials & Infrastructure
1888,-0.0691114683874818,16,0.125,RPSGVENT,RPSG VENTURES LIMITED,Technology
305,-0.06919880432370834,9,0.3333333333333333,BANSWRAS,Banswara Syntex Limited,Industrials & Infrastructure
1267,-0.06947574756207572,13,0.23076923076923078,KSOLVES,Ksolves India Limited,Technology
1535,-0.06968729523552628,14,0.21428571428571427,NDTV,New Delhi Television Limited,Services & Others
538,-0.06970770061119691,23,0.21739130434782608,CYIENT,Cyient Limited,Technology
1995,-0.06997471879973562,14,0.21428571428571427,SEPC,SEPC Limited,Industrials & Infrastructure
641,-0.07000574527353735,15,0.2,EASEMYTRIP,Easy Trip Planners Limited,Consumer & FMCG
1337,-0.07007432186130133,15,0.13333333333333333,LXCHEM,Laxmi Organic Industries Limited,"Metals, Mining & Chemicals"
683,-0.07007530008891079,10,0.4,EMSLIMITED,EMS Limited,Industrials & Infrastructure
1019,-0.07010650820690814,7,0.2857142857142857,INDGN,Indegene Limited,Healthcare & Pharmaceuticals
577,-0.07030216576078355,23,0.21739130434782608,DELTACORP,Delta Corp Limited,Consumer & FMCG
2409,-0.07049367703353927,6,0.16666666666666666,VALIANTLAB,Valiant Laboratories Limited,Healthcare & Pharmaceuticals
549,-0.07062263484964763,10,0.3,DAVANGERE,Davangere Sugar Company Limited,Consumer & FMCG
124,-0.07074340351017266,22,0.3181818181818182,ALLCARGO,Allcargo Logistics Limited,Services & Others
1034,-0.07076027640489133,21,0.23809523809523808,INDOCO,Indoco Remedies Limited,Healthcare & Pharmaceuticals
1197,-0.070858901100157,17,0.29411764705882354,KELLTONTEC,Kellton Tech Solutions Limited,Technology
1082,-0.07099699173612198,10,0.2,IRMENERGY,IRM Energy Limited,Energy
493,-0.0711323108552327,15,0.3333333333333333,COHANCE,Cohance Lifesciences Limited,Healthcare & Pharmaceuticals
1046,-0.07138697399555458,10,0.4,INDSWFTLAB,Ind-Swift Laboratories Limited,Healthcare & Pharmaceuticals
879,-0.07138903596733011,12,0.08333333333333333,GTPL,GTPL Hathway Limited,Services & Others
1646,-0.07192929324846718,6,0.3333333333333333,OSWALAGRO,Oswal Agro Mills Limited,"Metals, Mining & Chemicals"
491,-0.07209942195048162,17,0.47058823529411764,COFFEEDAY,Coffee Day Enterprises Limited,Services & Others
827,-0.07226007233611499,22,0.13636363636363635,GOACARBON,Goa Carbon Limited,"Metals, Mining & Chemicals"
1451,-0.07235264690086073,17,0.17647058823529413,MMFL,MM Forgings Limited,Automobile & Mobility
564,-0.07237243170000518,12,0.25,DCMSRIND,DCM Shriram Industries Limited,Consumer & FMCG
1510,-0.07266931080623974,12,0.08333333333333333,NAHARINDUS,Nahar Industrial Enterprises Limited,Industrials & Infrastructure
1402,-0.0727980964797786,13,0.3076923076923077,MAXIND,Max India Limited,Financial Services
2356,-0.07298758527819757,21,0.2857142857142857,TVTODAY,TV Today Network Limited,Services & Others
16,-0.0730659912885574,7,0.14285714285714285,AADHARHFC,Aadhar Housing Finance Limited,Financial Services
128,-0.07318335439257498,15,0.2,ALOKINDS,Alok Industries Limited,Industrials & Infrastructure
2015,-0.0733244746770963,20,0.3,SHALPAINTS,Shalimar Paints Limited,"Metals, Mining & Chemicals"
2432,-0.0736414519295943,15,0.06666666666666667,VETO,Veto Switchgears And Cables Limited,Industrials & Infrastructure
807,-0.07391921663463298,15,0.26666666666666666,GLAND,Gland Pharma Limited,Healthcare & Pharmaceuticals
392,-0.0741251498529875,21,0.2857142857142857,BOSCH-HCIL,BOSCH HOME COMFORT INDIA LIMITED,Consumer & FMCG
1512,-0.07415712000950077,15,0.13333333333333333,NAHARSPING,Nahar Spinning Mills Limited,Industrials & Infrastructure
617,-0.0744297013877537,14,0.07142857142857142,DOLATALGO,Dolat Algotech Limited,Services & Others
2277,-0.07443538653853077,9,0.1111111111111111,TEXMOPIPES,Texmo Pipes and Products Limited,Industrials & Infrastructure
2091,-0.07445462973545088,23,0.30434782608695654,SKFINDIA,SKF India Limited,Automobile & Mobility
1113,-0.07473375439390344,20,0.2,JBMA,JBM Auto Limited,Automobile & Mobility
963,-0.07473660672412825,10,0.1,HMAAGRO,HMA Agro Industries Limited,Consumer & FMCG
1467,-0.07523954523688926,12,0.16666666666666666,MOLDTECH,Mold-Tek Technologies Limited,Technology
2338,-0.07591407800317601,16,0.125,TRIGYN,Trigyn Technologies Limited,Technology
1717,-0.07594994336283117,9,0.3333333333333333,PLATIND,Platinum Industries Limited,"Metals, Mining & Chemicals"
580,-0.07603870996471655,14,0.2857142857142857,DENORA,De Nora India Limited,Industrials & Infrastructure
816,-0.07606137100675307,22,0.2727272727272727,GLOBUSSPR,Globus Spirits Limited,Consumer & FMCG
1768,-0.0761351221331102,6,0.16666666666666666,PRITIKAUTO,Pritika Auto Industries Limited,Industrials & Infrastructure
849,-0.07636381601513695,9,0.1111111111111111,GPTHEALTH,GPT Healthcare Limited,Healthcare & Pharmaceuticals
688,-0.07639389291706775,8,0.125,ENIL,Entertainment Network (India) Limited,Services & Others
1908,-0.07642313791592543,21,0.3333333333333333,RUSHIL,Rushil Decor Limited,Real Estate & Construction
2412,-0.07647420859137731,6,0.16666666666666666,VARDHACRLC,Vardhman Acrylics Limited,Industrials & Infrastructure
343,-0.07682112367943156,6,0.0,BHARATGEAR,Bharat Gears Limited,Automobile & Mobility
2464,-0.07702622845337065,12,0.16666666666666666,VISHWARAJ,Vishwaraj Sugar Industries Limited,Consumer & FMCG
2444,-0.07715605307881995,15,0.26666666666666666,VIKASLIFE,Vikas Lifecare Limited,Energy
1800,-0.07747064740404162,6,0.16666666666666666,RADIOCITY,Music Broadcast Limited,Services & Others
1367,-0.07761875073579147,8,0.125,MANAKSIA,Manaksia Limited,Industrials & Infrastructure
1374,-0.07789765241672257,7,0.42857142857142855,MANGALAM,Mangalam Drugs And Organics Limited,Healthcare & Pharmaceuticals
466,-0.07815850626544191,15,0.4,CHEMPLASTS,Chemplast Sanmar Limited,"Metals, Mining & Chemicals"
2429,-0.0781645545997574,12,0.25,VERANDA,Veranda Learning Solutions Limited,Services & Others
2109,-0.07834904977558917,23,0.21739130434782608,SOMANYCERA,Somany Ceramics Limited,Real Estate & Construction
673,-0.07880858737474886,8,0.25,EMAMIPAP,Emami Paper Mills Limited,Industrials & Infrastructure
2220,-0.07887617439277385,12,0.3333333333333333,SWELECTES,Swelect Energy Systems Limited,Technology
1875,-0.07922480548210949,15,0.13333333333333333,ROLEXRINGS,Rolex Rings Limited,Automobile & Mobility
262,-0.07952374488238333,11,0.36363636363636365,AWL,AWL Agri Business Limited,Consumer & FMCG
2486,-0.07973144739904857,18,0.2777777777777778,VSTIND,VST Industries Limited,Consumer & FMCG
1101,-0.07990769634787201,11,0.2727272727272727,JAIBALAJI,Jai Balaji Industries Limited,Technology
1270,-0.08009406761649276,13,0.23076923076923078,KUANTUM,Kuantum Papers Limited,Industrials & Infrastructure
1384,-0.08010432281014544,13,0.15384615384615385,MANYAVAR,Vedant Fashions Limited,Industrials & Infrastructure
461,-0.08028070394768483,8,0.25,CHEMBOND,Chembond Material Technologies Limited,Technology
1004,-0.08035608487349724,20,0.05,IGPL,IG Petrochemicals Limited,"Metals, Mining & Chemicals"
1584,-0.0804129893969855,10,0.1,NOVAAGRI,Nova Agritech Limited,"Metals, Mining & Chemicals"
829,-0.08067323509953149,14,0.2857142857142857,GOCOLORS,Go Fashion (India) Limited,Consumer & FMCG
672,-0.08080300197998715,23,0.08695652173913043,EMAMILTD,Emami Limited,Consumer & FMCG
1517,-0.08082530441551054,11,0.18181818181818182,NATHBIOGEN,Nath Bio-Genes (India) Limited,Services & Others
2176,-0.08148046895633425,10,0.5,SUNCLAY,Sundaram Clayton Limited,Automobile & Mobility
317,-0.0815881330172092,8,0.125,BCONCEPTS,Brand Concepts Limited,Consumer & FMCG
1765,-0.08193360569540525,15,0.3333333333333333,PRINCEPIPE,Prince Pipes And Fittings Limited,Industrials & Infrastructure
664,-0.08218717883157917,18,0.3888888888888889,ELECTCAST,Electrosteel Castings Limited,Automobile & Mobility
2252,-0.08283367078265234,10,0.0,TATATECH,Tata Technologies Limited,Technology
1984,-0.08286938310055965,16,0.375,SEAMECLTD,Seamec Limited,Services & Others
2146,-0.08303142092123543,15,0.3333333333333333,STARHEALTH,Star Health and Allied Insurance Company Limited,Financial Services
639,-0.08313189879628258,15,0.26666666666666666,DYNPRO,Dynemic Products Limited,"Metals, Mining & Chemicals"
2206,-0.08323086549578676,15,0.2,SURYODAY,Suryoday Small Finance Bank Limited,Financial Services
2081,-0.08329893934300503,5,0.0,SINCLAIR,Sinclairs Hotels Limited,Services & Others
1494,-0.08348399191190456,9,0.2222222222222222,MUKKA,Mukka Proteins Limited,Consumer & FMCG
205,-0.08353108154428344,7,0.42857142857142855,ASAHISONG,Asahi Songwon Colors Limited,"Metals, Mining & Chemicals"
299,-0.08370619858236165,20,0.25,BANDHANBNK,Bandhan Bank Limited,Financial Services
566,-0.08399412954594258,11,0.18181818181818182,DCXINDIA,DCX Systems Limited,Technology
759,-0.08454435337884081,11,0.36363636363636365,FUSION,Fusion Finance Limited,Financial Services
624,-0.0848806488743917,9,0.1111111111111111,DPWIRES,D P Wires Limited,"Metals, Mining & Chemicals"
1982,-0.0856066137427584,5,0.0,SCPL,Sheetal Cool Products Limited,Consumer & FMCG
635,-0.08591188082743909,14,0.21428571428571427,DVL,Dhunseri Ventures Limited,"Metals, Mining & Chemicals"
2207,-0.08603187315583284,9,0.0,SUTLEJTEX,Sutlej Textiles and Industries Limited,Industrials & Infrastructure
865,-0.08608475372445946,15,0.06666666666666667,GRINFRA,G R Infraprojects Limited,Industrials & Infrastructure
1878,-0.08665292343146895,15,0.13333333333333333,ROSSARI,Rossari Biotech Limited,"Metals, Mining & Chemicals"
1398,-0.08702483283502113,14,0.21428571428571427,MATRIMONY,Matrimony.Com Limited,Technology
1433,-0.08747857875345807,10,0.1,MGEL,Mangalam Global Enterprise Limited,Consumer & FMCG
724,-0.08754209881120342,14,0.14285714285714285,FCSSOFT,FCS Software Solutions Limited,Technology
882,-0.08766079526142811,5,0.2,GUJAPOLLO,Gujarat Apollo Industries Limited,Industrials & Infrastructure
2120,-0.08779389778578367,17,0.23529411764705882,SPANDANA,Spandana Sphoorty Financial Limited,Financial Services
888,-0.0878400435484392,16,0.25,GULPOLY,Gulshan Polyols Limited,Consumer & FMCG
658,-0.08800545345328446,18,0.2222222222222222,EKC,Everest Kanto Cylinder Limited,Industrials & Infrastructure
791,-0.08819496051697093,17,0.11764705882352941,GEOJITFSL,Geojit Financial Services Limited,Financial Services
1233,-0.08825218695316596,18,0.3888888888888889,KOPRAN,Kopran Limited,Healthcare & Pharmaceuticals
1614,-0.08827234442801955,12,0.0,OMINFRAL,OM INFRA LIMITED,Industrials & Infrastructure
1869,-0.08827804133916585,9,0.4444444444444444,RKSWAMY,R K Swamy Limited,Services & Others
2289,-0.08837658154663698,10,0.3,THEMISMED,Themis Medicare Limited,Healthcare & Pharmaceuticals
561,-0.08844346269227281,7,0.0,DCMNVL,DCM Nouvelle Limited,Industrials & Infrastructure
2307,-0.08903547418034492,23,0.17391304347826086,TIRUMALCHM,Thirumalai Chemicals Limited,Technology
1633,-0.08954170422227348,8,0.25,ORIENTBELL,Orient Bell Limited,Real Estate & Construction
684,-0.08958170934553515,11,0.36363636363636365,EMUDHRA,eMudhra Limited,Technology
2112,-0.08984873527133393,15,0.26666666666666666,SONACOMS,Sona BLW Precision Forgings Limited,Automobile & Mobility
1437,-0.09013608647665297,10,0.3,MICEL,MIC Electronics Limited,Industrials & Infrastructure
869,-0.0902916073238372,10,0.2,GRPLTD,GRP Limited,Industrials & Infrastructure
873,-0.09033512551432246,10,0.3,GSLSU,Global Surfaces Limited,Real Estate & Construction
1625,-0.09042669368935398,14,0.2857142857142857,ONWARDTEC,Onward Technologies Limited,Technology
1123,-0.09072982629663073,20,0.3,JINDWORLD,Jindal Worldwide Limited,Industrials & Infrastructure
412,-0.09105477945349201,21,0.2857142857142857,BUTTERFLY,Butterfly Gandhimathi Appliances Limited,Consumer & FMCG
351,-0.0912255164044047,14,0.14285714285714285,BIGBLOC,Bigbloc Construction Limited,Real Estate & Construction
1066,-0.09131318330321611,9,0.1111111111111111,INVENTURE,Inventure Growth & Securities Limited,Services & Others
265,-0.09139827624678822,11,0.18181818181818182,AXITA,Axita Cotton Limited,Industrials & Infrastructure
878,-0.09206440773763104,17,0.11764705882352941,GTLINFRA,GTL Infrastructure Limited,Services & Others
2482,-0.09208437534600793,10,0.3,VPRPL,Vishnu Prakash R Punglia Limited,Industrials & Infrastructure
1610,-0.09213656012612804,20,0.15,OLECTRA,Olectra Greentech Limited,Technology
2086,-0.09215274109223334,18,0.2222222222222222,SIS,SIS LIMITED,Services & Others
1231,-0.09216495692704785,17,0.23529411764705882,KOKUYOCMLN,Kokuyo Camlin Limited,Industrials & Infrastructure
2041,-0.09255374843358741,21,0.23809523809523808,SHOPERSTOP,Shoppers Stop Limited,Consumer & FMCG
899,-0.09326494679720522,15,0.13333333333333333,HAPPSTMNDS,Happiest Minds Technologies Limited,Technology
2162,-0.09427073691646423,5,0.2,STYLEBAAZA,Baazar Style Retail Limited,Consumer & FMCG
2271,-0.09458577494226605,21,0.2857142857142857,TEJASNET,Tejas Networks Limited,Technology
130,-0.09525795467477934,7,0.14285714285714285,ALPHAGEO,Alphageo (India) Limited,Industrials & Infrastructure
703,-0.09554722234355527,7,0.0,ESSENTIA,Integra Essentia Limited,Services & Others
917,-0.09566012244916659,13,0.07692307692307693,HCL-INSYS,HCL Infosystems Limited,Technology
2170,-0.09595967784184087,11,0.0,SULA,Sula Vineyards Limited,Consumer & FMCG
1430,-0.0959894690212742,17,0.29411764705882354,METROPOLIS,Metropolis Healthcare Limited,Healthcare & Pharmaceuticals
2223,-0.09722630934265278,17,0.29411764705882354,SWSOLAR,Sterling and Wilson Renewable Energy Limited,Energy
2377,-0.0973449507397676,5,0.4,UNIECOM,Unicommerce Esolutions Limited,Technology
1175,-0.09749829469758461,15,0.2,KAMDHENU,Kamdhenu Limited,"Metals, Mining & Chemicals"
999,-0.09818497188294327,11,0.2727272727272727,IFGLEXPOR,IFGL Refractories Limited,Industrials & Infrastructure
512,-0.09920991261365081,8,0.25,CPCAP,CP Capital Limited,Services & Others
700,-0.09921907291985146,10,0.2,ESAFSFB,ESAF Small Finance Bank Limited,Financial Services
887,-0.09924640898905797,12,0.08333333333333333,GULFPETRO,GP Petroleums Limited,Energy
84,-0.09929552485075112,11,0.2727272727272727,AFSL,Abans Financial Services Limited,Financial Services
194,-0.09949793576669912,12,0.16666666666666666,ARROWGREEN,Arrow Greentech Limited,Industrials & Infrastructure
1721,-0.0997961110492723,19,0.15789473684210525,PNBGILTS,PNB Gilts Limited,Financial Services
155,-0.099902963626816,11,0.09090909090909091,ANNAPURNA,Annapurna Swadisht Limited,Consumer & FMCG
1354,-0.10000908712637782,5,0.2,MAHESHWARI,Maheshwari Logistics Limited,Services & Others
1676,-0.10006830372063572,18,0.2222222222222222,PATELENG,Patel Engineering Limited,Industrials & Infrastructure
789,-0.1001911401166277,7,0.2857142857142857,GENUSPAPER,Genus Paper & Boards Limited,Industrials & Infrastructure
2334,-0.10067048059536701,8,0.125,TREL,Transindia Real Estate Limited,Services & Others
2152,-0.1009151259255817,16,0.3125,STEELXIND,STEEL EXCHANGE INDIA LIMITED,"Metals, Mining & Chemicals"
1798,-0.10108029917942618,11,0.18181818181818182,RADIANTCMS,Radiant Cash Management Services Limited,Financial Services
2410,-0.10185712111275293,14,0.2857142857142857,VALIANTORG,Valiant Organics Limited,"Metals, Mining & Chemicals"
1336,-0.10358136678974879,23,0.08695652173913043,LUXIND,Lux Industries Limited,Industrials & Infrastructure
2313,-0.10431193204724915,23,0.21739130434782608,TMPV,Tata Motors Passenger Vehicles Limited,Automobile & Mobility
1012,-0.10447821099978113,15,0.2,IMAGICAA,Imagicaaworld Entertainment Limited,Consumer & FMCG
933,-0.10472819743173344,14,0.14285714285714285,HESTERBIO,Hester Biosciences Limited,Healthcare & Pharmaceuticals
2376,-0.10476072574446647,8,0.375,UNIDT,United Drilling Tools Limited,Industrials & Infrastructure
1008,-0.10508299904145688,10,0.2,IKIO,IKIO Technologies Limited,Technology
1654,-0.10512071692720315,10,0.2,PAKKA,PAKKA LIMITED,Industrials & Infrastructure
206,-0.10536233014186683,14,0.07142857142857142,ASAL,Automotive Stampings and Assemblies Limited,Automobile & Mobility
1794,-0.10754092829971452,6,0.16666666666666666,RACE,Race Eco Chain Limited,Industrials & Infrastructure
1896,-0.109654374084886,18,0.16666666666666666,RSWM,RSWM Limited,Industrials & Infrastructure
9,-0.11145197306726262,14,0.14285714285714285,3IINFOLTD,3i Infotech Limited,Technology
1180,-0.11236716824190982,7,0.14285714285714285,KANORICHEM,Kanoria Chemicals & Industries Limited,"Metals, Mining & Chemicals"
307,-0.11249225045923193,11,0.09090909090909091,BASML,Bannari Amman Spinning Mills Limited,Industrials & Infrastructure
304,-0.11323997425428614,5,0.0,BANSALWIRE,Bansal Wire Industries Limited,"Metals, Mining & Chemicals"
105,-0.11369301224147395,6,0.0,AJOONI,Ajooni Biotech Limited,Healthcare & Pharmaceuticals
2198,-0.114943501342336,10,0.3,SURAJEST,Suraj Estate Developers Limited,Industrials & Infrastructure
114,-0.11497432603346949,16,0.125,ALANKIT,Alankit Limited,Services & Others
971,-0.11604575539345989,12,0.16666666666666666,HPAL,HP Adhesives Limited,"Metals, Mining & Chemicals"
249,-0.11740148849438432,10,0.1,AUTOIND,Autoline Industries Limited,Automobile & Mobility
2287,-0.11783470904746544,10,0.3,THEJO,Thejo Engineering Limited,Industrials & Infrastructure
2395,-0.1182540522334347,13,0.0,URJA,Urja Global Limited,Energy
172,-0.11850112175378257,15,0.13333333333333333,APOLLOPIPE,Apollo Pipes Limited,Industrials & Infrastructure
2036,-0.11969175952744929,8,0.375,SHIVAMAUTO,Shivam Autotech Limited,Automobile & Mobility
2242,-0.1198487747652917,14,0.2857142857142857,TARSONS,Tarsons Products Limited,Industrials & Infrastructure
1964,-0.120289903502219,9,0.1111111111111111,SAURASHCEM,Saurashtra Cement Limited,Real Estate & Construction
1882,-0.12064364107377935,15,0.06666666666666667,ROUTE,ROUTE MOBILE LIMITED,Technology
1791,-0.12125917522049916,21,0.3333333333333333,QUESS,Quess Corp Limited,Services & Others
781,-0.12136850193146254,10,0.5,GAYAPROJ,Gayatri Projects Limited,Industrials & Infrastructure
1509,-0.12224423265822253,5,0.4,NAHARCAP,Nahar Capital and Financial Services Limited,Financial Services
1511,-0.12311092900829282,7,0.2857142857142857,NAHARPOLY,Nahar Poly Films Limited,Industrials & Infrastructure
1916,-0.12419265472480699,18,0.16666666666666666,SADBHAV,Sadbhav Engineering Limited,Industrials & Infrastructure
850,-0.12486471796532612,12,0.0,GPTINFRA,GPT Infraprojects Limited,Industrials & Infrastructure
255,-0.12521875574040175,6,0.16666666666666666,AVG,AVG Logistics Limited,Services & Others
528,-0.1261091491162158,8,0.25,CSLFINANCE,CSL Finance Limited,Financial Services
2512,-0.12785404298176226,6,0.16666666666666666,WEWIN,WE WIN LIMITED,Technology
2122,-0.12846606669875674,8,0.125,SPCENET,Spacenet Enterprises India Limited,Technology
1867,-0.12859818986149016,5,0.2,RKEC,RKEC Projects Limited,Industrials & Infrastructure
715,-0.1314132459626282,9,0.0,EXICOM,Exicom Tele-Systems Limited,Industrials & Infrastructure
1783,-0.13238570664017837,5,0.2,PVP,PVP Ventures Limited,Industrials & Infrastructure
2114,-0.13242902127233516,6,0.3333333333333333,SONAMLTD,SONAM LIMITED,Consumer & FMCG
1325,-0.13296865851596593,7,0.0,LOVABLE,Lovable Lingerie Limited,Industrials & Infrastructure
29,-0.13324170339011057,12,0.08333333333333333,ABAN,Aban Offshore Limited,Energy
1532,-0.13406595461146179,15,0.06666666666666667,NDL,Nandan Denim Limited,Industrials & Infrastructure
1830,-0.13799309014668637,15,0.06666666666666667,RBA,Restaurant Brands Asia Limited,Financial Services
1586,-0.13809078956301532,10,0.3,NPST,Network People Services Technologies Limited,Technology
2010,-0.13916865858223762,5,0.2,SHAH,Shah Metacorp Limited,"Metals, Mining & Chemicals"
286,-0.14080611604970344,5,0.0,BALAJEE,Shree Tirupati Balajee Agro Trading Company Limited,Industrials & Infrastructure
1127,-0.1408607032540654,11,0.09090909090909091,JITFINFRA,JITF Infralogistics Limited,Services & Others
1083,-0.14162683446897859,7,0.14285714285714285,ISFT,Intrasoft Technologies Limited,Technology
2443,-0.143608480035124,21,0.09523809523809523,VIKASECO,Vikas EcoTech Limited,"Metals, Mining & Chemicals"
221,-0.14872298391968408,6,0.16666666666666666,ASMS,Avio Smart Market Stack Limited,Technology
2326,-0.14874913357596703,11,0.0,TRACXN,Tracxn Technologies Limited,Technology
627,-0.1491960638794621,11,0.2727272727272727,DREAMFOLKS,Dreamfolks Services Limited,Industrials & Infrastructure
1137,-0.1502944857048443,7,0.0,JNKINDIA,JNK India Limited,Industrials & Infrastructure
2143,-0.1504418034746898,6,0.0,STANLEY,Stanley Lifestyles Limited,Consumer & FMCG
1553,-0.15173444711971573,5,0.0,NGLFINE,NGL Fine-Chem Limited,Healthcare & Pharmaceuticals
279,-0.15404018022992133,5,0.0,BAJAJHFL,Bajaj Housing Finance Limited,Financial Services
2364,-0.1540779747294156,15,0.06666666666666667,UFBL,United Foodbrands Limited,Services & Others
1408,-0.15766089618997087,11,0.09090909090909091,MBLINFRA,MBL Infrastructure Limited,Industrials & Infrastructure
83,-0.1602887832479435,6,0.16666666666666666,AFIL,Akme Fintrade (India) Limited,Financial Services
112,-0.165636582930089,7,0.14285714285714285,AKSHOPTFBR,Aksh Optifibre Limited,Real Estate & Construction
1805,-0.16869155222446164,10,0.0,RAJMET,Rajnandini Metal Limited,"Metals, Mining & Chemicals"
1895,-0.17069073620488018,8,0.125,RSSOFTWARE,R. S. Software (India) Limited,Technology
2210,-0.1737395512095957,5,0.0,SUYOG,Suyog Telematics Limited,Services & Others
1596,-0.17456074113199369,8,0.25,NURECA,Nureca Limited,Healthcare & Pharmaceuticals
1932,-0.17571799156522142,12,0.16666666666666666,SAKUMA,Sakuma Exports Limited,Consumer & FMCG
474,-0.18637162121381784,5,0.0,CINELINE,Cineline India Limited,Services & Others
1609,-0.18643368072555527,5,0.2,OLAELEC,Ola Electric Mobility Limited,Automobile & Mobility
814,-0.19718866565496324,10,0.0,GLOBE,GLOBE ENTERPRISES (INDIA) LIMITED,Industrials & Infrastructure
2399,-0.20023682003020388,10,0.0,UTKARSHBNK,Utkarsh Small Finance Bank Limited,Financial Services
634,-0.21059969448209523,5,0.0,DUCON,Ducon Infratechnologies Limited,Technology
1986,-0.2130135285132171,8,0.0,SECURKLOUD,SECUREKLOUD TECHNOLOGIES LIMITED,Technology
2456,-0.21329389176313615,7,0.0,VIPULLTD,Vipul Limited,Industrials & Infrastructure
1918,-0.21329399611998082,10,0.2,SADHNANIQ,Sadhana Nitrochem Limited,"Metals, Mining & Chemicals"
1834,-0.21403246634805623,9,0.0,RCOM,Reliance Communications Limited,Services & Others
1253,-0.22437398998702984,6,0.0,KRITI,Kriti Industries (India) Limited,Industrials & Infrastructure
1488,-0.22975974364982923,5,0.0,MTEDUCARE,MT Educare Limited,Services & Others
982,-0.23501219828619144,9,0.2222222222222222,IBULLSLTD,Indiabulls Limited,Consumer & FMCG
315,-0.23899942252286968,8,0.0,BCG,Brightcom Group Limited,Technology
1254,-0.24952583840815615,6,0.0,KRITIKA,Kritika Wires Limited,"Metals, Mining & Chemicals"
2342,-0.2701040252059265,6,0.0,TRU,TruCap Finance Limited,Financial Services
1176,-0.2781500016177465,6,0.0,KAMOPAINTS,Kamdhenu Ventures Limited,"Metals, Mining & Chemicals"
